ISO-10303-21;
HEADER;
FILE_DESCRIPTION(('STEP AP203'),'1');
FILE_NAME('1729128.stp','2026-08-11T16:12:33',('TraceParts'),('TraceParts S.A.S.'),'Spatial InterOp 3D',' ',' ');
FILE_SCHEMA(('CONFIG_CONTROL_DESIGN'));
ENDSEC;
DATA;
#1=DESIGN_CONTEXT('',#33,'design');
#2=APPLICATION_PROTOCOL_DEFINITION('INTERNATIONAL STANDARD','config_control_design',1994,#33);
#3=PRODUCT_CATEGORY_RELATIONSHIP('NONE','NONE',#34,#35);
#4=DATE_AND_TIME(#36,#37);
#5=DATE_TIME_ROLE('creation_date');
#6=DATE_TIME_ROLE('classification_date');
#7=PERSON_AND_ORGANIZATION_ROLE('creator');
#8=PERSON_AND_ORGANIZATION_ROLE('design_supplier');
#9=PERSON_AND_ORGANIZATION_ROLE('classification_officer');
#10=PERSON_AND_ORGANIZATION_ROLE('design_owner');
#11=APPROVAL_PERSON_ORGANIZATION(#38,#39,#40);
#12=APPROVAL_DATE_TIME(#4,#39);
#13=CC_DESIGN_APPROVAL(#39,(#41,#42,#43));
#14=CC_DESIGN_DATE_AND_TIME_ASSIGNMENT(#4,#5,(#43));
#15=CC_DESIGN_DATE_AND_TIME_ASSIGNMENT(#4,#6,(#41));
#16=CC_DESIGN_PERSON_AND_ORGANIZATION_ASSIGNMENT(#38,#10,(#44));
#17=CC_DESIGN_PERSON_AND_ORGANIZATION_ASSIGNMENT(#38,#7,(#43));
#18=CC_DESIGN_PERSON_AND_ORGANIZATION_ASSIGNMENT(#38,#7,(#42));
#19=CC_DESIGN_PERSON_AND_ORGANIZATION_ASSIGNMENT(#38,#8,(#42));
#20=CC_DESIGN_SECURITY_CLASSIFICATION(#41,(#42));
#21=CC_DESIGN_PERSON_AND_ORGANIZATION_ASSIGNMENT(#38,#9,(#41));
#22=SHAPE_DEFINITION_REPRESENTATION(#45,#46);
#23=SHAPE_DEFINITION_REPRESENTATION(#45,#47);
#24=SHAPE_DEFINITION_REPRESENTATION(#45,#48);
#25=SHAPE_DEFINITION_REPRESENTATION(#45,#49);
#26=SHAPE_DEFINITION_REPRESENTATION(#45,#50);
#27=SHAPE_DEFINITION_REPRESENTATION(#45,#51);
#28=SHAPE_DEFINITION_REPRESENTATION(#45,#52);
#29= (GEOMETRIC_REPRESENTATION_CONTEXT(3)GLOBAL_UNCERTAINTY_ASSIGNED_CONTEXT((#55))GLOBAL_UNIT_ASSIGNED_CONTEXT((#57,#58,#59))REPRESENTATION_CONTEXT('NONE','WORKSPACE'));
#33=APPLICATION_CONTEXT('CONFIGURATION CONTROLLED 3D DESIGNS OF MECHANICAL PARTS AND ASSEMBLIES');
#34=PRODUCT_CATEGORY('part','NONE');
#35=PRODUCT_RELATED_PRODUCT_CATEGORY('detail',' ',(#44));
#36=CALENDAR_DATE(2026,11,7);
#37=LOCAL_TIME(18,12,33.0,#61);
#38=PERSON_AND_ORGANIZATION(#62,#63);
#39=APPROVAL(#64,'SOLID MODEL');
#40=APPROVAL_ROLE('APPROVED');
#41=SECURITY_CLASSIFICATION('','',#65);
#42=PRODUCT_DEFINITION_FORMATION_WITH_SPECIFIED_SOURCE(' ','NONE',#44,.NOT_KNOWN.);
#43=PRODUCT_DEFINITION('','NONE',#42,#1);
#44=PRODUCT('1','','PART--DESC',(#66));
#45=PRODUCT_DEFINITION_SHAPE('NONE','NONE',#43);
#46=ADVANCED_BREP_SHAPE_REPRESENTATION('1',(#67,#68),#29);
#47=ADVANCED_BREP_SHAPE_REPRESENTATION('2',(#69,#70),#29);
#48=ADVANCED_BREP_SHAPE_REPRESENTATION('3',(#71,#72),#29);
#49=ADVANCED_BREP_SHAPE_REPRESENTATION('4',(#73,#74),#29);
#50=ADVANCED_BREP_SHAPE_REPRESENTATION('5',(#75,#76),#29);
#51=ADVANCED_BREP_SHAPE_REPRESENTATION('6',(#77,#78),#29);
#52=ADVANCED_BREP_SHAPE_REPRESENTATION('7',(#79,#80),#29);
#55=UNCERTAINTY_MEASURE_WITH_UNIT(LENGTH_MEASURE(1.0E-06),#57,'','');
#57= (CONVERSION_BASED_UNIT('MILLIMETRE',#83)LENGTH_UNIT()NAMED_UNIT(#86));
#58= (NAMED_UNIT(#88)PLANE_ANGLE_UNIT()SI_UNIT($,.RADIAN.));
#59= (NAMED_UNIT(#88)SOLID_ANGLE_UNIT()SI_UNIT($,.STERADIAN.));
#61=COORDINATED_UNIVERSAL_TIME_OFFSET(1,0,.AHEAD.);
#62=PERSON('','UNSPECIFIED',$,$,$,$);
#63=ORGANIZATION('UNSPECIFIED','UNSPECIFIED','UNSPECIFIED');
#64=APPROVAL_STATUS('approved');
#65=SECURITY_CLASSIFICATION_LEVEL('unclassified');
#66=MECHANICAL_CONTEXT('',#33,'mechanical');
#67=MANIFOLD_SOLID_BREP('1',#94);
#68=AXIS2_PLACEMENT_3D('',#95,#96,#97);
#69=MANIFOLD_SOLID_BREP('2',#98);
#70=AXIS2_PLACEMENT_3D('',#99,#100,#101);
#71=MANIFOLD_SOLID_BREP('3',#102);
#72=AXIS2_PLACEMENT_3D('',#103,#104,#105);
#73=MANIFOLD_SOLID_BREP('4',#106);
#74=AXIS2_PLACEMENT_3D('',#107,#108,#109);
#75=MANIFOLD_SOLID_BREP('5',#110);
#76=AXIS2_PLACEMENT_3D('',#111,#112,#113);
#77=MANIFOLD_SOLID_BREP('6',#114);
#78=AXIS2_PLACEMENT_3D('',#115,#116,#117);
#79=MANIFOLD_SOLID_BREP('7',#118);
#80=AXIS2_PLACEMENT_3D('',#119,#120,#121);
#83=LENGTH_MEASURE_WITH_UNIT(LENGTH_MEASURE(1.0),#122);
#86=DIMENSIONAL_EXPONENTS(1.0,0.0,0.0,0.0,0.0,0.0,0.0);
#88=DIMENSIONAL_EXPONENTS(0.0,0.0,0.0,0.0,0.0,0.0,0.0);
#94=CLOSED_SHELL('',(#123,#124,#125,#126,#127,#128,#129,#130,#131,#132,#133,#134,#135,#136,#137,#138,#139,#140,#141,#142,#143,#144,#145,#146,#147,#148,#149,#150,#151,#152,#153,#154,#155,#156,#157,#158,#159,#160,#161,#162,#163));
#95=CARTESIAN_POINT('',(0.0,0.0,0.0));
#96=DIRECTION('',(0.0,0.0,1.0));
#97=DIRECTION('',(1.0,0.0,0.0));
#98=CLOSED_SHELL('',(#164,#165,#166,#167,#168,#169,#170,#171,#172,#173,#174,#175,#176,#177,#178,#179,#180,#181,#182,#183));
#99=CARTESIAN_POINT('',(0.0,0.0,0.0));
#100=DIRECTION('',(0.0,0.0,1.0));
#101=DIRECTION('',(1.0,0.0,0.0));
#102=CLOSED_SHELL('',(#184,#185,#186,#187,#188,#189,#190,#191,#192,#193,#194));
#103=CARTESIAN_POINT('',(0.0,0.0,0.0));
#104=DIRECTION('',(0.0,0.0,1.0));
#105=DIRECTION('',(1.0,0.0,0.0));
#106=CLOSED_SHELL('',(#195,#196,#197,#198,#199,#200,#201,#202,#203,#204,#205,#206,#207,#208,#209,#210,#211,#212,#213,#214,#215,#216,#217,#218,#219,#220,#221,#222,#223,#224,#225,#226,#227,#228,#229,#230,#231,#232,#233,#234,#235));
#107=CARTESIAN_POINT('',(0.0,0.0,0.0));
#108=DIRECTION('',(0.0,0.0,1.0));
#109=DIRECTION('',(1.0,0.0,0.0));
#110=CLOSED_SHELL('',(#236,#237,#238,#239,#240,#241,#242,#243,#244,#245,#246,#247,#248,#249,#250,#251,#252,#253,#254,#255));
#111=CARTESIAN_POINT('',(0.0,0.0,0.0));
#112=DIRECTION('',(0.0,0.0,1.0));
#113=DIRECTION('',(1.0,0.0,0.0));
#114=CLOSED_SHELL('',(#256,#257,#258,#259,#260,#261,#262,#263,#264,#265,#266));
#115=CARTESIAN_POINT('',(0.0,0.0,0.0));
#116=DIRECTION('',(0.0,0.0,1.0));
#117=DIRECTION('',(1.0,0.0,0.0));
#118=CLOSED_SHELL('',(#267,#268,#269,#270,#271,#272,#273,#274,#275,#276,#277,#278,#279,#280,#281,#282,#283,#284,#285,#286,#287,#288,#289,#290,#291,#292,#293,#294,#295,#296,#297,#298,#299,#300,#301,#302,#303,#304,#305,#306,#307,#308,#309,#310,#311,#312,#313,#314,#315,#316,#317,#318,#319,#320,#321,#322,#323,#324,#325,#326,#327,#328,#329,#330,#331,#332,#333,#334,#335,#336,#337,#338,#339,#340,#341,#342,#343,#344,#345,#346,#347,#348,#349,#350,#351,#352,#353,#354,#355,#356,#357,#358,#359,#360,#361,#362,#363,#364,#365,#366,#367,#368,#369,#370,#371,#372,#373,#374,#375,#376,#377,#378,#379,#380,#381,#382,#383,#384,#385,#386,#387,#388,#389,#390,#391,#392,#393,#394,#395,#396,#397,#398,#399,#400,#401,#402,#403,#404,#405,#406,#407,#408,#409,#410,#411,#412,#413,#414,#415,#416,#417,#418,#419,#420,#421,#422,#423,#424,#425,#426,#427,#428,#429,#430,#431,#432,#433,#434,#435,#436,#437,#438,#439,#440,#441,#442,#443,#444,#445,#446,#447,#448,#449,#450,#451,#452,#453,#454,#455,#456,#457,#458,#459,#460,#461,#462,#463,#464,#465,#466,#467,#468,#469,#470,#471,#472,#473,#474,#475,#476,#477,#478,#479,#480,#481,#482,#483,#484,#485,#486,#487,#488,#489,#490,#491,#492,#493,#494,#495,#496,#497,#498,#499,#500,#501,#502,#503,#504,#505,#506,#507,#508,#509,#510,#511,#512,#513,#514,#515,#516,#517,#518,#519,#520,#521,#522,#523,#524,#525,#526,#527,#528,#529,#530,#531,#532,#533,#534,#535,#536,#537,#538,#539,#540,#541,#542,#543,#544,#545,#546,#547,#548,#549,#550,#551,#552,#553,#554,#555,#556,#557,#558,#559,#560,#561,#562,#563,#564,#565,#566,#567,#568,#569,#570,#571,#572,#573,#574,#575,#576,#577,#578,#579,#580,#581,#582,#583,#584,#585,#586,#587,#588,#589,#590,#591,#592,#593,#594,#595,#596,#597,#598,#599,#600,#601,#602,#603,#604,#605,#606,#607,#608,#609,#610,#611,#612,#613,#614,#615,#616,#617,#618,#619,#620,#621,#622,#623,#624,#625,#626,#627,#628,#629,#630,#631,#632,#633,#634,#635,#636,#637,#638,#639,#640,#641,#642,#643,#644));
#119=CARTESIAN_POINT('',(0.0,0.0,0.0));
#120=DIRECTION('',(0.0,0.0,1.0));
#121=DIRECTION('',(1.0,0.0,0.0));
#122= (NAMED_UNIT(#86)LENGTH_UNIT()SI_UNIT(.MILLI.,.METRE.));
#123=ADVANCED_FACE('',(#646),#647,.F.);
#124=ADVANCED_FACE('',(#648),#649,.T.);
#125=ADVANCED_FACE('',(#650),#651,.T.);
#126=ADVANCED_FACE('',(#652),#653,.T.);
#127=ADVANCED_FACE('',(#654),#655,.F.);
#128=ADVANCED_FACE('',(#656),#657,.F.);
#129=ADVANCED_FACE('',(#658),#659,.T.);
#130=ADVANCED_FACE('',(#660),#661,.F.);
#131=ADVANCED_FACE('',(#662),#663,.T.);
#132=ADVANCED_FACE('',(#664),#665,.T.);
#133=ADVANCED_FACE('',(#666),#667,.T.);
#134=ADVANCED_FACE('',(#668),#669,.T.);
#135=ADVANCED_FACE('',(#670),#671,.F.);
#136=ADVANCED_FACE('',(#672,#673),#674,.T.);
#137=ADVANCED_FACE('',(#675),#676,.F.);
#138=ADVANCED_FACE('',(#677),#678,.F.);
#139=ADVANCED_FACE('',(#679),#680,.T.);
#140=ADVANCED_FACE('',(#681),#682,.F.);
#141=ADVANCED_FACE('',(#683),#684,.F.);
#142=ADVANCED_FACE('',(#685),#686,.T.);
#143=ADVANCED_FACE('',(#687),#688,.T.);
#144=ADVANCED_FACE('',(#689),#690,.F.);
#145=ADVANCED_FACE('',(#691),#692,.T.);
#146=ADVANCED_FACE('',(#693),#694,.F.);
#147=ADVANCED_FACE('',(#695),#696,.T.);
#148=ADVANCED_FACE('',(#697),#698,.T.);
#149=ADVANCED_FACE('',(#699),#700,.T.);
#150=ADVANCED_FACE('',(#701),#702,.T.);
#151=ADVANCED_FACE('',(#703),#704,.F.);
#152=ADVANCED_FACE('',(#705),#706,.F.);
#153=ADVANCED_FACE('',(#707),#708,.F.);
#154=ADVANCED_FACE('',(#709),#710,.F.);
#155=ADVANCED_FACE('',(#711),#712,.T.);
#156=ADVANCED_FACE('',(#713),#714,.F.);
#157=ADVANCED_FACE('',(#715),#716,.T.);
#158=ADVANCED_FACE('',(#717),#718,.F.);
#159=ADVANCED_FACE('',(#719),#720,.F.);
#160=ADVANCED_FACE('',(#721),#722,.T.);
#161=ADVANCED_FACE('',(#723),#724,.F.);
#162=ADVANCED_FACE('',(#725),#726,.T.);
#163=ADVANCED_FACE('',(#727),#728,.F.);
#164=ADVANCED_FACE('',(#729),#730,.T.);
#165=ADVANCED_FACE('',(#731),#732,.T.);
#166=ADVANCED_FACE('',(#733),#734,.T.);
#167=ADVANCED_FACE('',(#735),#736,.T.);
#168=ADVANCED_FACE('',(#737),#738,.T.);
#169=ADVANCED_FACE('',(#739),#740,.T.);
#170=ADVANCED_FACE('',(#741),#742,.T.);
#171=ADVANCED_FACE('',(#743),#744,.F.);
#172=ADVANCED_FACE('',(#745),#746,.F.);
#173=ADVANCED_FACE('',(#747),#748,.T.);
#174=ADVANCED_FACE('',(#749),#750,.T.);
#175=ADVANCED_FACE('',(#751),#752,.T.);
#176=ADVANCED_FACE('',(#753),#754,.T.);
#177=ADVANCED_FACE('',(#755),#756,.T.);
#178=ADVANCED_FACE('',(#757),#758,.T.);
#179=ADVANCED_FACE('',(#759),#760,.T.);
#180=ADVANCED_FACE('',(#761),#762,.T.);
#181=ADVANCED_FACE('',(#763),#764,.T.);
#182=ADVANCED_FACE('',(#765,#766),#767,.T.);
#183=ADVANCED_FACE('',(#768,#769),#770,.F.);
#184=ADVANCED_FACE('',(#771),#772,.T.);
#185=ADVANCED_FACE('',(#773),#774,.F.);
#186=ADVANCED_FACE('',(#775),#776,.F.);
#187=ADVANCED_FACE('',(#777),#778,.T.);
#188=ADVANCED_FACE('',(#779),#780,.F.);
#189=ADVANCED_FACE('',(#781),#782,.F.);
#190=ADVANCED_FACE('',(#783,#784),#785,.T.);
#191=ADVANCED_FACE('',(#786),#787,.T.);
#192=ADVANCED_FACE('',(#788),#789,.F.);
#193=ADVANCED_FACE('',(#790),#791,.T.);
#194=ADVANCED_FACE('',(#792),#793,.T.);
#195=ADVANCED_FACE('',(#794),#795,.F.);
#196=ADVANCED_FACE('',(#796),#797,.T.);
#197=ADVANCED_FACE('',(#798),#799,.T.);
#198=ADVANCED_FACE('',(#800),#801,.T.);
#199=ADVANCED_FACE('',(#802),#803,.F.);
#200=ADVANCED_FACE('',(#804),#805,.F.);
#201=ADVANCED_FACE('',(#806),#807,.T.);
#202=ADVANCED_FACE('',(#808),#809,.F.);
#203=ADVANCED_FACE('',(#810),#811,.T.);
#204=ADVANCED_FACE('',(#812),#813,.T.);
#205=ADVANCED_FACE('',(#814),#815,.T.);
#206=ADVANCED_FACE('',(#816),#817,.T.);
#207=ADVANCED_FACE('',(#818),#819,.F.);
#208=ADVANCED_FACE('',(#820,#821),#822,.T.);
#209=ADVANCED_FACE('',(#823),#824,.F.);
#210=ADVANCED_FACE('',(#825),#826,.F.);
#211=ADVANCED_FACE('',(#827),#828,.T.);
#212=ADVANCED_FACE('',(#829),#830,.F.);
#213=ADVANCED_FACE('',(#831),#832,.F.);
#214=ADVANCED_FACE('',(#833),#834,.T.);
#215=ADVANCED_FACE('',(#835),#836,.T.);
#216=ADVANCED_FACE('',(#837),#838,.F.);
#217=ADVANCED_FACE('',(#839),#840,.T.);
#218=ADVANCED_FACE('',(#841),#842,.F.);
#219=ADVANCED_FACE('',(#843),#844,.T.);
#220=ADVANCED_FACE('',(#845),#846,.T.);
#221=ADVANCED_FACE('',(#847),#848,.T.);
#222=ADVANCED_FACE('',(#849),#850,.T.);
#223=ADVANCED_FACE('',(#851),#852,.F.);
#224=ADVANCED_FACE('',(#853),#854,.F.);
#225=ADVANCED_FACE('',(#855),#856,.F.);
#226=ADVANCED_FACE('',(#857),#858,.F.);
#227=ADVANCED_FACE('',(#859),#860,.T.);
#228=ADVANCED_FACE('',(#861),#862,.F.);
#229=ADVANCED_FACE('',(#863),#864,.T.);
#230=ADVANCED_FACE('',(#865),#866,.F.);
#231=ADVANCED_FACE('',(#867),#868,.F.);
#232=ADVANCED_FACE('',(#869),#870,.T.);
#233=ADVANCED_FACE('',(#871),#872,.F.);
#234=ADVANCED_FACE('',(#873),#874,.T.);
#235=ADVANCED_FACE('',(#875),#876,.F.);
#236=ADVANCED_FACE('',(#877),#878,.T.);
#237=ADVANCED_FACE('',(#879),#880,.T.);
#238=ADVANCED_FACE('',(#881),#882,.T.);
#239=ADVANCED_FACE('',(#883),#884,.T.);
#240=ADVANCED_FACE('',(#885),#886,.T.);
#241=ADVANCED_FACE('',(#887),#888,.T.);
#242=ADVANCED_FACE('',(#889),#890,.T.);
#243=ADVANCED_FACE('',(#891),#892,.F.);
#244=ADVANCED_FACE('',(#893),#894,.F.);
#245=ADVANCED_FACE('',(#895),#896,.T.);
#246=ADVANCED_FACE('',(#897),#898,.T.);
#247=ADVANCED_FACE('',(#899),#900,.T.);
#248=ADVANCED_FACE('',(#901),#902,.T.);
#249=ADVANCED_FACE('',(#903),#904,.T.);
#250=ADVANCED_FACE('',(#905),#906,.T.);
#251=ADVANCED_FACE('',(#907),#908,.T.);
#252=ADVANCED_FACE('',(#909),#910,.T.);
#253=ADVANCED_FACE('',(#911),#912,.T.);
#254=ADVANCED_FACE('',(#913,#914),#915,.T.);
#255=ADVANCED_FACE('',(#916,#917),#918,.F.);
#256=ADVANCED_FACE('',(#919),#920,.T.);
#257=ADVANCED_FACE('',(#921),#922,.F.);
#258=ADVANCED_FACE('',(#923),#924,.F.);
#259=ADVANCED_FACE('',(#925),#926,.T.);
#260=ADVANCED_FACE('',(#927),#928,.F.);
#261=ADVANCED_FACE('',(#929),#930,.F.);
#262=ADVANCED_FACE('',(#931,#932),#933,.T.);
#263=ADVANCED_FACE('',(#934),#935,.T.);
#264=ADVANCED_FACE('',(#936),#937,.F.);
#265=ADVANCED_FACE('',(#938),#939,.T.);
#266=ADVANCED_FACE('',(#940),#941,.T.);
#267=ADVANCED_FACE('',(#942),#943,.F.);
#268=ADVANCED_FACE('',(#944),#945,.T.);
#269=ADVANCED_FACE('',(#946),#947,.F.);
#270=ADVANCED_FACE('',(#948),#949,.T.);
#271=ADVANCED_FACE('',(#950),#951,.F.);
#272=ADVANCED_FACE('',(#952),#953,.T.);
#273=ADVANCED_FACE('',(#954),#955,.T.);
#274=ADVANCED_FACE('',(#956),#957,.T.);
#275=ADVANCED_FACE('',(#958),#959,.F.);
#276=ADVANCED_FACE('',(#960),#961,.T.);
#277=ADVANCED_FACE('',(#962),#963,.F.);
#278=ADVANCED_FACE('',(#964),#965,.F.);
#279=ADVANCED_FACE('',(#966),#967,.F.);
#280=ADVANCED_FACE('',(#968),#969,.F.);
#281=ADVANCED_FACE('',(#970),#971,.T.);
#282=ADVANCED_FACE('',(#972),#973,.F.);
#283=ADVANCED_FACE('',(#974),#975,.T.);
#284=ADVANCED_FACE('',(#976),#977,.F.);
#285=ADVANCED_FACE('',(#978),#979,.F.);
#286=ADVANCED_FACE('',(#980),#981,.F.);
#287=ADVANCED_FACE('',(#982),#983,.F.);
#288=ADVANCED_FACE('',(#984),#985,.F.);
#289=ADVANCED_FACE('',(#986),#987,.F.);
#290=ADVANCED_FACE('',(#988),#989,.T.);
#291=ADVANCED_FACE('',(#990),#991,.F.);
#292=ADVANCED_FACE('',(#992),#993,.T.);
#293=ADVANCED_FACE('',(#994),#995,.T.);
#294=ADVANCED_FACE('',(#996),#997,.T.);
#295=ADVANCED_FACE('',(#998,#999,#1000,#1001,#1002,#1003,#1004,#1005,#1006,#1007),#1008,.T.);
#296=ADVANCED_FACE('',(#1009),#1010,.F.);
#297=ADVANCED_FACE('',(#1011),#1012,.T.);
#298=ADVANCED_FACE('',(#1013),#1014,.T.);
#299=ADVANCED_FACE('',(#1015),#1016,.T.);
#300=ADVANCED_FACE('',(#1017),#1018,.T.);
#301=ADVANCED_FACE('',(#1019),#1020,.T.);
#302=ADVANCED_FACE('',(#1021),#1022,.T.);
#303=ADVANCED_FACE('',(#1023),#1024,.T.);
#304=ADVANCED_FACE('',(#1025),#1026,.T.);
#305=ADVANCED_FACE('',(#1027),#1028,.T.);
#306=ADVANCED_FACE('',(#1029),#1030,.T.);
#307=ADVANCED_FACE('',(#1031),#1032,.T.);
#308=ADVANCED_FACE('',(#1033),#1034,.T.);
#309=ADVANCED_FACE('',(#1035),#1036,.T.);
#310=ADVANCED_FACE('',(#1037),#1038,.T.);
#311=ADVANCED_FACE('',(#1039),#1040,.T.);
#312=ADVANCED_FACE('',(#1041),#1042,.T.);
#313=ADVANCED_FACE('',(#1043),#1044,.T.);
#314=ADVANCED_FACE('',(#1045),#1046,.T.);
#315=ADVANCED_FACE('',(#1047),#1048,.T.);
#316=ADVANCED_FACE('',(#1049),#1050,.T.);
#317=ADVANCED_FACE('',(#1051),#1052,.T.);
#318=ADVANCED_FACE('',(#1053),#1054,.T.);
#319=ADVANCED_FACE('',(#1055),#1056,.T.);
#320=ADVANCED_FACE('',(#1057),#1058,.T.);
#321=ADVANCED_FACE('',(#1059),#1060,.T.);
#322=ADVANCED_FACE('',(#1061),#1062,.T.);
#323=ADVANCED_FACE('',(#1063),#1064,.T.);
#324=ADVANCED_FACE('',(#1065),#1066,.T.);
#325=ADVANCED_FACE('',(#1067),#1068,.T.);
#326=ADVANCED_FACE('',(#1069),#1070,.T.);
#327=ADVANCED_FACE('',(#1071),#1072,.T.);
#328=ADVANCED_FACE('',(#1073),#1074,.T.);
#329=ADVANCED_FACE('',(#1075),#1076,.T.);
#330=ADVANCED_FACE('',(#1077),#1078,.T.);
#331=ADVANCED_FACE('',(#1079),#1080,.T.);
#332=ADVANCED_FACE('',(#1081),#1082,.T.);
#333=ADVANCED_FACE('',(#1083),#1084,.T.);
#334=ADVANCED_FACE('',(#1085),#1086,.T.);
#335=ADVANCED_FACE('',(#1087),#1088,.T.);
#336=ADVANCED_FACE('',(#1089),#1090,.T.);
#337=ADVANCED_FACE('',(#1091),#1092,.T.);
#338=ADVANCED_FACE('',(#1093),#1094,.T.);
#339=ADVANCED_FACE('',(#1095),#1096,.T.);
#340=ADVANCED_FACE('',(#1097),#1098,.T.);
#341=ADVANCED_FACE('',(#1099),#1100,.T.);
#342=ADVANCED_FACE('',(#1101),#1102,.T.);
#343=ADVANCED_FACE('',(#1103),#1104,.T.);
#344=ADVANCED_FACE('',(#1105),#1106,.T.);
#345=ADVANCED_FACE('',(#1107),#1108,.T.);
#346=ADVANCED_FACE('',(#1109),#1110,.T.);
#347=ADVANCED_FACE('',(#1111),#1112,.T.);
#348=ADVANCED_FACE('',(#1113),#1114,.T.);
#349=ADVANCED_FACE('',(#1115),#1116,.T.);
#350=ADVANCED_FACE('',(#1117),#1118,.T.);
#351=ADVANCED_FACE('',(#1119),#1120,.T.);
#352=ADVANCED_FACE('',(#1121),#1122,.T.);
#353=ADVANCED_FACE('',(#1123),#1124,.T.);
#354=ADVANCED_FACE('',(#1125),#1126,.T.);
#355=ADVANCED_FACE('',(#1127),#1128,.T.);
#356=ADVANCED_FACE('',(#1129),#1130,.T.);
#357=ADVANCED_FACE('',(#1131),#1132,.T.);
#358=ADVANCED_FACE('',(#1133),#1134,.T.);
#359=ADVANCED_FACE('',(#1135),#1136,.T.);
#360=ADVANCED_FACE('',(#1137),#1138,.T.);
#361=ADVANCED_FACE('',(#1139),#1140,.T.);
#362=ADVANCED_FACE('',(#1141),#1142,.T.);
#363=ADVANCED_FACE('',(#1143),#1144,.T.);
#364=ADVANCED_FACE('',(#1145),#1146,.T.);
#365=ADVANCED_FACE('',(#1147),#1148,.T.);
#366=ADVANCED_FACE('',(#1149),#1150,.T.);
#367=ADVANCED_FACE('',(#1151),#1152,.T.);
#368=ADVANCED_FACE('',(#1153),#1154,.F.);
#369=ADVANCED_FACE('',(#1155),#1156,.T.);
#370=ADVANCED_FACE('',(#1157),#1158,.T.);
#371=ADVANCED_FACE('',(#1159),#1160,.T.);
#372=ADVANCED_FACE('',(#1161),#1162,.T.);
#373=ADVANCED_FACE('',(#1163),#1164,.T.);
#374=ADVANCED_FACE('',(#1165),#1166,.T.);
#375=ADVANCED_FACE('',(#1167),#1168,.T.);
#376=ADVANCED_FACE('',(#1169),#1170,.T.);
#377=ADVANCED_FACE('',(#1171),#1172,.T.);
#378=ADVANCED_FACE('',(#1173),#1174,.T.);
#379=ADVANCED_FACE('',(#1175),#1176,.T.);
#380=ADVANCED_FACE('',(#1177),#1178,.T.);
#381=ADVANCED_FACE('',(#1179),#1180,.T.);
#382=ADVANCED_FACE('',(#1181),#1182,.T.);
#383=ADVANCED_FACE('',(#1183),#1184,.T.);
#384=ADVANCED_FACE('',(#1185),#1186,.T.);
#385=ADVANCED_FACE('',(#1187),#1188,.T.);
#386=ADVANCED_FACE('',(#1189),#1190,.T.);
#387=ADVANCED_FACE('',(#1191),#1192,.T.);
#388=ADVANCED_FACE('',(#1193),#1194,.T.);
#389=ADVANCED_FACE('',(#1195),#1196,.T.);
#390=ADVANCED_FACE('',(#1197),#1198,.T.);
#391=ADVANCED_FACE('',(#1199),#1200,.T.);
#392=ADVANCED_FACE('',(#1201),#1202,.T.);
#393=ADVANCED_FACE('',(#1203),#1204,.F.);
#394=ADVANCED_FACE('',(#1205),#1206,.T.);
#395=ADVANCED_FACE('',(#1207),#1208,.T.);
#396=ADVANCED_FACE('',(#1209),#1210,.T.);
#397=ADVANCED_FACE('',(#1211),#1212,.T.);
#398=ADVANCED_FACE('',(#1213),#1214,.T.);
#399=ADVANCED_FACE('',(#1215),#1216,.T.);
#400=ADVANCED_FACE('',(#1217),#1218,.T.);
#401=ADVANCED_FACE('',(#1219),#1220,.T.);
#402=ADVANCED_FACE('',(#1221),#1222,.T.);
#403=ADVANCED_FACE('',(#1223),#1224,.T.);
#404=ADVANCED_FACE('',(#1225),#1226,.T.);
#405=ADVANCED_FACE('',(#1227),#1228,.T.);
#406=ADVANCED_FACE('',(#1229),#1230,.T.);
#407=ADVANCED_FACE('',(#1231),#1232,.T.);
#408=ADVANCED_FACE('',(#1233),#1234,.T.);
#409=ADVANCED_FACE('',(#1235),#1236,.F.);
#410=ADVANCED_FACE('',(#1237),#1238,.T.);
#411=ADVANCED_FACE('',(#1239),#1240,.T.);
#412=ADVANCED_FACE('',(#1241),#1242,.T.);
#413=ADVANCED_FACE('',(#1243),#1244,.T.);
#414=ADVANCED_FACE('',(#1245),#1246,.T.);
#415=ADVANCED_FACE('',(#1247),#1248,.T.);
#416=ADVANCED_FACE('',(#1249),#1250,.T.);
#417=ADVANCED_FACE('',(#1251),#1252,.T.);
#418=ADVANCED_FACE('',(#1253),#1254,.T.);
#419=ADVANCED_FACE('',(#1255),#1256,.T.);
#420=ADVANCED_FACE('',(#1257),#1258,.T.);
#421=ADVANCED_FACE('',(#1259),#1260,.T.);
#422=ADVANCED_FACE('',(#1261),#1262,.T.);
#423=ADVANCED_FACE('',(#1263),#1264,.T.);
#424=ADVANCED_FACE('',(#1265),#1266,.T.);
#425=ADVANCED_FACE('',(#1267),#1268,.T.);
#426=ADVANCED_FACE('',(#1269),#1270,.T.);
#427=ADVANCED_FACE('',(#1271),#1272,.T.);
#428=ADVANCED_FACE('',(#1273),#1274,.T.);
#429=ADVANCED_FACE('',(#1275),#1276,.T.);
#430=ADVANCED_FACE('',(#1277),#1278,.T.);
#431=ADVANCED_FACE('',(#1279),#1280,.T.);
#432=ADVANCED_FACE('',(#1281),#1282,.T.);
#433=ADVANCED_FACE('',(#1283),#1284,.T.);
#434=ADVANCED_FACE('',(#1285),#1286,.T.);
#435=ADVANCED_FACE('',(#1287),#1288,.T.);
#436=ADVANCED_FACE('',(#1289),#1290,.T.);
#437=ADVANCED_FACE('',(#1291),#1292,.T.);
#438=ADVANCED_FACE('',(#1293),#1294,.T.);
#439=ADVANCED_FACE('',(#1295),#1296,.T.);
#440=ADVANCED_FACE('',(#1297),#1298,.T.);
#441=ADVANCED_FACE('',(#1299),#1300,.T.);
#442=ADVANCED_FACE('',(#1301),#1302,.T.);
#443=ADVANCED_FACE('',(#1303),#1304,.T.);
#444=ADVANCED_FACE('',(#1305),#1306,.T.);
#445=ADVANCED_FACE('',(#1307),#1308,.T.);
#446=ADVANCED_FACE('',(#1309),#1310,.T.);
#447=ADVANCED_FACE('',(#1311),#1312,.T.);
#448=ADVANCED_FACE('',(#1313),#1314,.T.);
#449=ADVANCED_FACE('',(#1315),#1316,.T.);
#450=ADVANCED_FACE('',(#1317),#1318,.T.);
#451=ADVANCED_FACE('',(#1319),#1320,.T.);
#452=ADVANCED_FACE('',(#1321),#1322,.T.);
#453=ADVANCED_FACE('',(#1323),#1324,.T.);
#454=ADVANCED_FACE('',(#1325),#1326,.T.);
#455=ADVANCED_FACE('',(#1327),#1328,.T.);
#456=ADVANCED_FACE('',(#1329),#1330,.T.);
#457=ADVANCED_FACE('',(#1331),#1332,.T.);
#458=ADVANCED_FACE('',(#1333),#1334,.T.);
#459=ADVANCED_FACE('',(#1335),#1336,.T.);
#460=ADVANCED_FACE('',(#1337),#1338,.F.);
#461=ADVANCED_FACE('',(#1339),#1340,.T.);
#462=ADVANCED_FACE('',(#1341),#1342,.F.);
#463=ADVANCED_FACE('',(#1343),#1344,.T.);
#464=ADVANCED_FACE('',(#1345),#1346,.F.);
#465=ADVANCED_FACE('',(#1347),#1348,.T.);
#466=ADVANCED_FACE('',(#1349),#1350,.F.);
#467=ADVANCED_FACE('',(#1351,#1352,#1353,#1354),#1355,.F.);
#468=ADVANCED_FACE('',(#1356),#1357,.T.);
#469=ADVANCED_FACE('',(#1358),#1359,.T.);
#470=ADVANCED_FACE('',(#1360),#1361,.T.);
#471=ADVANCED_FACE('',(#1362),#1363,.T.);
#472=ADVANCED_FACE('',(#1364),#1365,.T.);
#473=ADVANCED_FACE('',(#1366),#1367,.T.);
#474=ADVANCED_FACE('',(#1368),#1369,.T.);
#475=ADVANCED_FACE('',(#1370),#1371,.T.);
#476=ADVANCED_FACE('',(#1372),#1373,.T.);
#477=ADVANCED_FACE('',(#1374),#1375,.T.);
#478=ADVANCED_FACE('',(#1376),#1377,.T.);
#479=ADVANCED_FACE('',(#1378),#1379,.T.);
#480=ADVANCED_FACE('',(#1380),#1381,.T.);
#481=ADVANCED_FACE('',(#1382),#1383,.F.);
#482=ADVANCED_FACE('',(#1384),#1385,.T.);
#483=ADVANCED_FACE('',(#1386),#1387,.T.);
#484=ADVANCED_FACE('',(#1388),#1389,.T.);
#485=ADVANCED_FACE('',(#1390),#1391,.T.);
#486=ADVANCED_FACE('',(#1392),#1393,.T.);
#487=ADVANCED_FACE('',(#1394),#1395,.T.);
#488=ADVANCED_FACE('',(#1396),#1397,.T.);
#489=ADVANCED_FACE('',(#1398),#1399,.F.);
#490=ADVANCED_FACE('',(#1400),#1401,.T.);
#491=ADVANCED_FACE('',(#1402),#1403,.T.);
#492=ADVANCED_FACE('',(#1404),#1405,.T.);
#493=ADVANCED_FACE('',(#1406),#1407,.T.);
#494=ADVANCED_FACE('',(#1408),#1409,.T.);
#495=ADVANCED_FACE('',(#1410),#1411,.F.);
#496=ADVANCED_FACE('',(#1412),#1413,.T.);
#497=ADVANCED_FACE('',(#1414),#1415,.T.);
#498=ADVANCED_FACE('',(#1416),#1417,.T.);
#499=ADVANCED_FACE('',(#1418),#1419,.T.);
#500=ADVANCED_FACE('',(#1420),#1421,.T.);
#501=ADVANCED_FACE('',(#1422),#1423,.T.);
#502=ADVANCED_FACE('',(#1424),#1425,.T.);
#503=ADVANCED_FACE('',(#1426),#1427,.T.);
#504=ADVANCED_FACE('',(#1428),#1429,.T.);
#505=ADVANCED_FACE('',(#1430),#1431,.T.);
#506=ADVANCED_FACE('',(#1432),#1433,.T.);
#507=ADVANCED_FACE('',(#1434),#1435,.T.);
#508=ADVANCED_FACE('',(#1436),#1437,.T.);
#509=ADVANCED_FACE('',(#1438,#1439),#1440,.F.);
#510=ADVANCED_FACE('',(#1441),#1442,.T.);
#511=ADVANCED_FACE('',(#1443),#1444,.T.);
#512=ADVANCED_FACE('',(#1445),#1446,.T.);
#513=ADVANCED_FACE('',(#1447),#1448,.T.);
#514=ADVANCED_FACE('',(#1449),#1450,.T.);
#515=ADVANCED_FACE('',(#1451),#1452,.T.);
#516=ADVANCED_FACE('',(#1453),#1454,.T.);
#517=ADVANCED_FACE('',(#1455),#1456,.T.);
#518=ADVANCED_FACE('',(#1457),#1458,.T.);
#519=ADVANCED_FACE('',(#1459),#1460,.T.);
#520=ADVANCED_FACE('',(#1461),#1462,.T.);
#521=ADVANCED_FACE('',(#1463),#1464,.T.);
#522=ADVANCED_FACE('',(#1465),#1466,.T.);
#523=ADVANCED_FACE('',(#1467),#1468,.T.);
#524=ADVANCED_FACE('',(#1469),#1470,.T.);
#525=ADVANCED_FACE('',(#1471),#1472,.T.);
#526=ADVANCED_FACE('',(#1473),#1474,.T.);
#527=ADVANCED_FACE('',(#1475),#1476,.T.);
#528=ADVANCED_FACE('',(#1477),#1478,.T.);
#529=ADVANCED_FACE('',(#1479),#1480,.T.);
#530=ADVANCED_FACE('',(#1481),#1482,.T.);
#531=ADVANCED_FACE('',(#1483),#1484,.T.);
#532=ADVANCED_FACE('',(#1485),#1486,.T.);
#533=ADVANCED_FACE('',(#1487),#1488,.T.);
#534=ADVANCED_FACE('',(#1489),#1490,.T.);
#535=ADVANCED_FACE('',(#1491),#1492,.T.);
#536=ADVANCED_FACE('',(#1493),#1494,.T.);
#537=ADVANCED_FACE('',(#1495),#1496,.T.);
#538=ADVANCED_FACE('',(#1497),#1498,.T.);
#539=ADVANCED_FACE('',(#1499),#1500,.T.);
#540=ADVANCED_FACE('',(#1501),#1502,.T.);
#541=ADVANCED_FACE('',(#1503),#1504,.T.);
#542=ADVANCED_FACE('',(#1505),#1506,.T.);
#543=ADVANCED_FACE('',(#1507),#1508,.T.);
#544=ADVANCED_FACE('',(#1509),#1510,.T.);
#545=ADVANCED_FACE('',(#1511),#1512,.T.);
#546=ADVANCED_FACE('',(#1513),#1514,.T.);
#547=ADVANCED_FACE('',(#1515),#1516,.T.);
#548=ADVANCED_FACE('',(#1517),#1518,.T.);
#549=ADVANCED_FACE('',(#1519),#1520,.F.);
#550=ADVANCED_FACE('',(#1521),#1522,.T.);
#551=ADVANCED_FACE('',(#1523),#1524,.T.);
#552=ADVANCED_FACE('',(#1525),#1526,.T.);
#553=ADVANCED_FACE('',(#1527),#1528,.T.);
#554=ADVANCED_FACE('',(#1529),#1530,.T.);
#555=ADVANCED_FACE('',(#1531),#1532,.T.);
#556=ADVANCED_FACE('',(#1533),#1534,.T.);
#557=ADVANCED_FACE('',(#1535),#1536,.T.);
#558=ADVANCED_FACE('',(#1537),#1538,.T.);
#559=ADVANCED_FACE('',(#1539),#1540,.T.);
#560=ADVANCED_FACE('',(#1541),#1542,.T.);
#561=ADVANCED_FACE('',(#1543),#1544,.T.);
#562=ADVANCED_FACE('',(#1545),#1546,.T.);
#563=ADVANCED_FACE('',(#1547),#1548,.T.);
#564=ADVANCED_FACE('',(#1549),#1550,.T.);
#565=ADVANCED_FACE('',(#1551),#1552,.T.);
#566=ADVANCED_FACE('',(#1553),#1554,.T.);
#567=ADVANCED_FACE('',(#1555),#1556,.T.);
#568=ADVANCED_FACE('',(#1557),#1558,.T.);
#569=ADVANCED_FACE('',(#1559),#1560,.T.);
#570=ADVANCED_FACE('',(#1561),#1562,.F.);
#571=ADVANCED_FACE('',(#1563),#1564,.F.);
#572=ADVANCED_FACE('',(#1565),#1566,.F.);
#573=ADVANCED_FACE('',(#1567),#1568,.T.);
#574=ADVANCED_FACE('',(#1569,#1570,#1571),#1572,.T.);
#575=ADVANCED_FACE('',(#1573),#1574,.T.);
#576=ADVANCED_FACE('',(#1575),#1576,.T.);
#577=ADVANCED_FACE('',(#1577),#1578,.T.);
#578=ADVANCED_FACE('',(#1579,#1580,#1581),#1582,.T.);
#579=ADVANCED_FACE('',(#1583),#1584,.T.);
#580=ADVANCED_FACE('',(#1585),#1586,.F.);
#581=ADVANCED_FACE('',(#1587,#1588),#1589,.F.);
#582=ADVANCED_FACE('',(#1590),#1591,.T.);
#583=ADVANCED_FACE('',(#1592),#1593,.T.);
#584=ADVANCED_FACE('',(#1594,#1595,#1596,#1597),#1598,.T.);
#585=ADVANCED_FACE('',(#1599),#1600,.F.);
#586=ADVANCED_FACE('',(#1601),#1602,.F.);
#587=ADVANCED_FACE('',(#1603),#1604,.T.);
#588=ADVANCED_FACE('',(#1605),#1606,.T.);
#589=ADVANCED_FACE('',(#1607),#1608,.F.);
#590=ADVANCED_FACE('',(#1609),#1610,.T.);
#591=ADVANCED_FACE('',(#1611),#1612,.T.);
#592=ADVANCED_FACE('',(#1613),#1614,.F.);
#593=ADVANCED_FACE('',(#1615),#1616,.F.);
#594=ADVANCED_FACE('',(#1617),#1618,.F.);
#595=ADVANCED_FACE('',(#1619,#1620),#1621,.T.);
#596=ADVANCED_FACE('',(#1622),#1623,.F.);
#597=ADVANCED_FACE('',(#1624),#1625,.F.);
#598=ADVANCED_FACE('',(#1626),#1627,.F.);
#599=ADVANCED_FACE('',(#1628),#1629,.F.);
#600=ADVANCED_FACE('',(#1630),#1631,.T.);
#601=ADVANCED_FACE('',(#1632),#1633,.F.);
#602=ADVANCED_FACE('',(#1634),#1635,.F.);
#603=ADVANCED_FACE('',(#1636),#1637,.F.);
#604=ADVANCED_FACE('',(#1638,#1639),#1640,.F.);
#605=ADVANCED_FACE('',(#1641),#1642,.F.);
#606=ADVANCED_FACE('',(#1643),#1644,.T.);
#607=ADVANCED_FACE('',(#1645),#1646,.T.);
#608=ADVANCED_FACE('',(#1647),#1648,.F.);
#609=ADVANCED_FACE('',(#1649),#1650,.F.);
#610=ADVANCED_FACE('',(#1651),#1652,.T.);
#611=ADVANCED_FACE('',(#1653),#1654,.F.);
#612=ADVANCED_FACE('',(#1655,#1656),#1657,.F.);
#613=ADVANCED_FACE('',(#1658),#1659,.F.);
#614=ADVANCED_FACE('',(#1660),#1661,.F.);
#615=ADVANCED_FACE('',(#1662),#1663,.F.);
#616=ADVANCED_FACE('',(#1664),#1665,.T.);
#617=ADVANCED_FACE('',(#1666),#1667,.T.);
#618=ADVANCED_FACE('',(#1668),#1669,.F.);
#619=ADVANCED_FACE('',(#1670),#1671,.F.);
#620=ADVANCED_FACE('',(#1672),#1673,.F.);
#621=ADVANCED_FACE('',(#1674),#1675,.T.);
#622=ADVANCED_FACE('',(#1676),#1677,.T.);
#623=ADVANCED_FACE('',(#1678),#1679,.F.);
#624=ADVANCED_FACE('',(#1680),#1681,.F.);
#625=ADVANCED_FACE('',(#1682),#1683,.T.);
#626=ADVANCED_FACE('',(#1684),#1685,.F.);
#627=ADVANCED_FACE('',(#1686),#1687,.F.);
#628=ADVANCED_FACE('',(#1688),#1689,.F.);
#629=ADVANCED_FACE('',(#1690),#1691,.T.);
#630=ADVANCED_FACE('',(#1692),#1693,.T.);
#631=ADVANCED_FACE('',(#1694),#1695,.T.);
#632=ADVANCED_FACE('',(#1696,#1697),#1698,.F.);
#633=ADVANCED_FACE('',(#1699),#1700,.F.);
#634=ADVANCED_FACE('',(#1701),#1702,.T.);
#635=ADVANCED_FACE('',(#1703),#1704,.T.);
#636=ADVANCED_FACE('',(#1705),#1706,.F.);
#637=ADVANCED_FACE('',(#1707,#1708),#1709,.T.);
#638=ADVANCED_FACE('',(#1710,#1711,#1712),#1713,.T.);
#639=ADVANCED_FACE('',(#1714),#1715,.F.);
#640=ADVANCED_FACE('',(#1716),#1717,.F.);
#641=ADVANCED_FACE('',(#1718),#1719,.F.);
#642=ADVANCED_FACE('',(#1720),#1721,.F.);
#643=ADVANCED_FACE('',(#1722),#1723,.F.);
#644=ADVANCED_FACE('',(#1724),#1725,.F.);
#646=FACE_OUTER_BOUND('',#1726,.T.);
#647=CYLINDRICAL_SURFACE('',#1727,0.2);
#648=FACE_OUTER_BOUND('',#1728,.T.);
#649=CYLINDRICAL_SURFACE('',#1729,0.700000000000004);
#650=FACE_OUTER_BOUND('',#1730,.T.);
#651=CYLINDRICAL_SURFACE('',#1731,0.500000000000002);
#652=FACE_OUTER_BOUND('',#1732,.T.);
#653=CYLINDRICAL_SURFACE('',#1733,0.700000000000002);
#654=FACE_OUTER_BOUND('',#1734,.T.);
#655=CYLINDRICAL_SURFACE('',#1735,0.199999999999999);
#656=FACE_OUTER_BOUND('',#1736,.T.);
#657=PLANE('',#1737);
#658=FACE_OUTER_BOUND('',#1738,.T.);
#659=PLANE('',#1739);
#660=FACE_OUTER_BOUND('',#1740,.T.);
#661=PLANE('',#1741);
#662=FACE_OUTER_BOUND('',#1742,.T.);
#663=PLANE('',#1743);
#664=FACE_OUTER_BOUND('',#1744,.T.);
#665=PLANE('',#1745);
#666=FACE_OUTER_BOUND('',#1746,.T.);
#667=PLANE('',#1747);
#668=FACE_OUTER_BOUND('',#1748,.T.);
#669=PLANE('',#1749);
#670=FACE_OUTER_BOUND('',#1750,.T.);
#671=PLANE('',#1751);
#672=FACE_OUTER_BOUND('',#1752,.T.);
#673=FACE_BOUND('',#1753,.T.);
#674=PLANE('',#1754);
#675=FACE_OUTER_BOUND('',#1755,.T.);
#676=PLANE('',#1756);
#677=FACE_OUTER_BOUND('',#1757,.T.);
#678=PLANE('',#1758);
#679=FACE_OUTER_BOUND('',#1759,.T.);
#680=PLANE('',#1760);
#681=FACE_OUTER_BOUND('',#1761,.T.);
#682=PLANE('',#1762);
#683=FACE_OUTER_BOUND('',#1763,.T.);
#684=CYLINDRICAL_SURFACE('',#1764,0.199999999999999);
#685=FACE_OUTER_BOUND('',#1765,.T.);
#686=PLANE('',#1766);
#687=FACE_OUTER_BOUND('',#1767,.T.);
#688=PLANE('',#1768);
#689=FACE_OUTER_BOUND('',#1769,.T.);
#690=PLANE('',#1770);
#691=FACE_OUTER_BOUND('',#1771,.T.);
#692=CYLINDRICAL_SURFACE('',#1772,0.700000000000002);
#693=FACE_OUTER_BOUND('',#1773,.T.);
#694=PLANE('',#1774);
#695=FACE_OUTER_BOUND('',#1775,.T.);
#696=PLANE('',#1776);
#697=FACE_OUTER_BOUND('',#1777,.T.);
#698=PLANE('',#1778);
#699=FACE_OUTER_BOUND('',#1779,.T.);
#700=CYLINDRICAL_SURFACE('',#1780,0.500000000000002);
#701=FACE_OUTER_BOUND('',#1781,.T.);
#702=CYLINDRICAL_SURFACE('',#1782,0.700000000000004);
#703=FACE_OUTER_BOUND('',#1783,.T.);
#704=PLANE('',#1784);
#705=FACE_OUTER_BOUND('',#1785,.T.);
#706=CYLINDRICAL_SURFACE('',#1786,0.2);
#707=FACE_OUTER_BOUND('',#1787,.T.);
#708=PLANE('',#1788);
#709=FACE_OUTER_BOUND('',#1789,.T.);
#710=PLANE('',#1790);
#711=FACE_OUTER_BOUND('',#1791,.T.);
#712=PLANE('',#1792);
#713=FACE_OUTER_BOUND('',#1793,.T.);
#714=PLANE('',#1794);
#715=FACE_OUTER_BOUND('',#1795,.T.);
#716=PLANE('',#1796);
#717=FACE_OUTER_BOUND('',#1797,.T.);
#718=PLANE('',#1798);
#719=FACE_OUTER_BOUND('',#1799,.T.);
#720=PLANE('',#1800);
#721=FACE_OUTER_BOUND('',#1801,.T.);
#722=PLANE('',#1802);
#723=FACE_OUTER_BOUND('',#1803,.T.);
#724=PLANE('',#1804);
#725=FACE_OUTER_BOUND('',#1805,.T.);
#726=PLANE('',#1806);
#727=FACE_OUTER_BOUND('',#1807,.T.);
#728=PLANE('',#1808);
#729=FACE_OUTER_BOUND('',#1809,.T.);
#730=PLANE('',#1810);
#731=FACE_OUTER_BOUND('',#1811,.T.);
#732=PLANE('',#1812);
#733=FACE_OUTER_BOUND('',#1813,.T.);
#734=PLANE('',#1814);
#735=FACE_OUTER_BOUND('',#1815,.T.);
#736=PLANE('',#1816);
#737=FACE_OUTER_BOUND('',#1817,.T.);
#738=PLANE('',#1818);
#739=FACE_OUTER_BOUND('',#1819,.T.);
#740=PLANE('',#1820);
#741=FACE_OUTER_BOUND('',#1821,.T.);
#742=PLANE('',#1822);
#743=FACE_OUTER_BOUND('',#1823,.T.);
#744=CYLINDRICAL_SURFACE('',#1824,1.5);
#745=FACE_OUTER_BOUND('',#1825,.T.);
#746=CYLINDRICAL_SURFACE('',#1826,1.5);
#747=FACE_OUTER_BOUND('',#1827,.T.);
#748=PLANE('',#1828);
#749=FACE_OUTER_BOUND('',#1829,.T.);
#750=PLANE('',#1830);
#751=FACE_OUTER_BOUND('',#1831,.T.);
#752=PLANE('',#1832);
#753=FACE_OUTER_BOUND('',#1833,.T.);
#754=PLANE('',#1834);
#755=FACE_OUTER_BOUND('',#1835,.T.);
#756=PLANE('',#1836);
#757=FACE_OUTER_BOUND('',#1837,.T.);
#758=PLANE('',#1838);
#759=FACE_OUTER_BOUND('',#1839,.T.);
#760=PLANE('',#1840);
#761=FACE_OUTER_BOUND('',#1841,.T.);
#762=PLANE('',#1842);
#763=FACE_OUTER_BOUND('',#1843,.T.);
#764=PLANE('',#1844);
#765=FACE_OUTER_BOUND('',#1845,.T.);
#766=FACE_BOUND('',#1846,.T.);
#767=PLANE('',#1847);
#768=FACE_OUTER_BOUND('',#1848,.T.);
#769=FACE_BOUND('',#1849,.T.);
#770=PLANE('',#1850);
#771=FACE_OUTER_BOUND('',#1851,.T.);
#772=CYLINDRICAL_SURFACE('',#1852,1.5);
#773=FACE_OUTER_BOUND('',#1853,.T.);
#774=PLANE('',#1854);
#775=FACE_OUTER_BOUND('',#1855,.T.);
#776=PLANE('',#1856);
#777=FACE_OUTER_BOUND('',#1857,.T.);
#778=PLANE('',#1858);
#779=FACE_OUTER_BOUND('',#1859,.T.);
#780=PLANE('',#1860);
#781=FACE_OUTER_BOUND('',#1861,.T.);
#782=PLANE('',#1862);
#783=FACE_OUTER_BOUND('',#1863,.T.);
#784=FACE_BOUND('',#1864,.T.);
#785=PLANE('',#1865);
#786=FACE_OUTER_BOUND('',#1866,.T.);
#787=CYLINDRICAL_SURFACE('',#1867,1.85);
#788=FACE_OUTER_BOUND('',#1868,.T.);
#789=PLANE('',#1869);
#790=FACE_OUTER_BOUND('',#1870,.T.);
#791=CYLINDRICAL_SURFACE('',#1871,1.5);
#792=FACE_OUTER_BOUND('',#1872,.T.);
#793=CYLINDRICAL_SURFACE('',#1873,1.85);
#794=FACE_OUTER_BOUND('',#1874,.T.);
#795=CYLINDRICAL_SURFACE('',#1875,0.2);
#796=FACE_OUTER_BOUND('',#1876,.T.);
#797=CYLINDRICAL_SURFACE('',#1877,0.700000000000004);
#798=FACE_OUTER_BOUND('',#1878,.T.);
#799=CYLINDRICAL_SURFACE('',#1879,0.500000000000002);
#800=FACE_OUTER_BOUND('',#1880,.T.);
#801=CYLINDRICAL_SURFACE('',#1881,0.700000000000002);
#802=FACE_OUTER_BOUND('',#1882,.T.);
#803=CYLINDRICAL_SURFACE('',#1883,0.199999999999999);
#804=FACE_OUTER_BOUND('',#1884,.T.);
#805=PLANE('',#1885);
#806=FACE_OUTER_BOUND('',#1886,.T.);
#807=PLANE('',#1887);
#808=FACE_OUTER_BOUND('',#1888,.T.);
#809=PLANE('',#1889);
#810=FACE_OUTER_BOUND('',#1890,.T.);
#811=PLANE('',#1891);
#812=FACE_OUTER_BOUND('',#1892,.T.);
#813=PLANE('',#1893);
#814=FACE_OUTER_BOUND('',#1894,.T.);
#815=PLANE('',#1895);
#816=FACE_OUTER_BOUND('',#1896,.T.);
#817=PLANE('',#1897);
#818=FACE_OUTER_BOUND('',#1898,.T.);
#819=PLANE('',#1899);
#820=FACE_OUTER_BOUND('',#1900,.T.);
#821=FACE_BOUND('',#1901,.T.);
#822=PLANE('',#1902);
#823=FACE_OUTER_BOUND('',#1903,.T.);
#824=PLANE('',#1904);
#825=FACE_OUTER_BOUND('',#1905,.T.);
#826=PLANE('',#1906);
#827=FACE_OUTER_BOUND('',#1907,.T.);
#828=PLANE('',#1908);
#829=FACE_OUTER_BOUND('',#1909,.T.);
#830=PLANE('',#1910);
#831=FACE_OUTER_BOUND('',#1911,.T.);
#832=CYLINDRICAL_SURFACE('',#1912,0.199999999999999);
#833=FACE_OUTER_BOUND('',#1913,.T.);
#834=PLANE('',#1914);
#835=FACE_OUTER_BOUND('',#1915,.T.);
#836=PLANE('',#1916);
#837=FACE_OUTER_BOUND('',#1917,.T.);
#838=PLANE('',#1918);
#839=FACE_OUTER_BOUND('',#1919,.T.);
#840=CYLINDRICAL_SURFACE('',#1920,0.700000000000002);
#841=FACE_OUTER_BOUND('',#1921,.T.);
#842=PLANE('',#1922);
#843=FACE_OUTER_BOUND('',#1923,.T.);
#844=PLANE('',#1924);
#845=FACE_OUTER_BOUND('',#1925,.T.);
#846=PLANE('',#1926);
#847=FACE_OUTER_BOUND('',#1927,.T.);
#848=CYLINDRICAL_SURFACE('',#1928,0.500000000000002);
#849=FACE_OUTER_BOUND('',#1929,.T.);
#850=CYLINDRICAL_SURFACE('',#1930,0.700000000000004);
#851=FACE_OUTER_BOUND('',#1931,.T.);
#852=PLANE('',#1932);
#853=FACE_OUTER_BOUND('',#1933,.T.);
#854=CYLINDRICAL_SURFACE('',#1934,0.2);
#855=FACE_OUTER_BOUND('',#1935,.T.);
#856=PLANE('',#1936);
#857=FACE_OUTER_BOUND('',#1937,.T.);
#858=PLANE('',#1938);
#859=FACE_OUTER_BOUND('',#1939,.T.);
#860=PLANE('',#1940);
#861=FACE_OUTER_BOUND('',#1941,.T.);
#862=PLANE('',#1942);
#863=FACE_OUTER_BOUND('',#1943,.T.);
#864=PLANE('',#1944);
#865=FACE_OUTER_BOUND('',#1945,.T.);
#866=PLANE('',#1946);
#867=FACE_OUTER_BOUND('',#1947,.T.);
#868=PLANE('',#1948);
#869=FACE_OUTER_BOUND('',#1949,.T.);
#870=PLANE('',#1950);
#871=FACE_OUTER_BOUND('',#1951,.T.);
#872=PLANE('',#1952);
#873=FACE_OUTER_BOUND('',#1953,.T.);
#874=PLANE('',#1954);
#875=FACE_OUTER_BOUND('',#1955,.T.);
#876=PLANE('',#1956);
#877=FACE_OUTER_BOUND('',#1957,.T.);
#878=PLANE('',#1958);
#879=FACE_OUTER_BOUND('',#1959,.T.);
#880=PLANE('',#1960);
#881=FACE_OUTER_BOUND('',#1961,.T.);
#882=PLANE('',#1962);
#883=FACE_OUTER_BOUND('',#1963,.T.);
#884=PLANE('',#1964);
#885=FACE_OUTER_BOUND('',#1965,.T.);
#886=PLANE('',#1966);
#887=FACE_OUTER_BOUND('',#1967,.T.);
#888=PLANE('',#1968);
#889=FACE_OUTER_BOUND('',#1969,.T.);
#890=PLANE('',#1970);
#891=FACE_OUTER_BOUND('',#1971,.T.);
#892=CYLINDRICAL_SURFACE('',#1972,1.5);
#893=FACE_OUTER_BOUND('',#1973,.T.);
#894=CYLINDRICAL_SURFACE('',#1974,1.5);
#895=FACE_OUTER_BOUND('',#1975,.T.);
#896=PLANE('',#1976);
#897=FACE_OUTER_BOUND('',#1977,.T.);
#898=PLANE('',#1978);
#899=FACE_OUTER_BOUND('',#1979,.T.);
#900=PLANE('',#1980);
#901=FACE_OUTER_BOUND('',#1981,.T.);
#902=PLANE('',#1982);
#903=FACE_OUTER_BOUND('',#1983,.T.);
#904=PLANE('',#1984);
#905=FACE_OUTER_BOUND('',#1985,.T.);
#906=PLANE('',#1986);
#907=FACE_OUTER_BOUND('',#1987,.T.);
#908=PLANE('',#1988);
#909=FACE_OUTER_BOUND('',#1989,.T.);
#910=PLANE('',#1990);
#911=FACE_OUTER_BOUND('',#1991,.T.);
#912=PLANE('',#1992);
#913=FACE_OUTER_BOUND('',#1993,.T.);
#914=FACE_BOUND('',#1994,.T.);
#915=PLANE('',#1995);
#916=FACE_OUTER_BOUND('',#1996,.T.);
#917=FACE_BOUND('',#1997,.T.);
#918=PLANE('',#1998);
#919=FACE_OUTER_BOUND('',#1999,.T.);
#920=CYLINDRICAL_SURFACE('',#2000,1.5);
#921=FACE_OUTER_BOUND('',#2001,.T.);
#922=PLANE('',#2002);
#923=FACE_OUTER_BOUND('',#2003,.T.);
#924=PLANE('',#2004);
#925=FACE_OUTER_BOUND('',#2005,.T.);
#926=PLANE('',#2006);
#927=FACE_OUTER_BOUND('',#2007,.T.);
#928=PLANE('',#2008);
#929=FACE_OUTER_BOUND('',#2009,.T.);
#930=PLANE('',#2010);
#931=FACE_OUTER_BOUND('',#2011,.T.);
#932=FACE_BOUND('',#2012,.T.);
#933=PLANE('',#2013);
#934=FACE_OUTER_BOUND('',#2014,.T.);
#935=CYLINDRICAL_SURFACE('',#2015,1.85);
#936=FACE_OUTER_BOUND('',#2016,.T.);
#937=PLANE('',#2017);
#938=FACE_OUTER_BOUND('',#2018,.T.);
#939=CYLINDRICAL_SURFACE('',#2019,1.5);
#940=FACE_OUTER_BOUND('',#2020,.T.);
#941=CYLINDRICAL_SURFACE('',#2021,1.85);
#942=FACE_OUTER_BOUND('',#2022,.T.);
#943=CYLINDRICAL_SURFACE('',#2023,1.5);
#944=FACE_OUTER_BOUND('',#2024,.T.);
#945=SPHERICAL_SURFACE('',#2025,0.49);
#946=FACE_OUTER_BOUND('',#2026,.T.);
#947=CYLINDRICAL_SURFACE('',#2027,1.915);
#948=FACE_OUTER_BOUND('',#2028,.T.);
#949=SPHERICAL_SURFACE('',#2029,0.49);
#950=FACE_OUTER_BOUND('',#2030,.T.);
#951=CYLINDRICAL_SURFACE('',#2031,1.5);
#952=FACE_OUTER_BOUND('',#2032,.T.);
#953=PLANE('',#2033);
#954=FACE_OUTER_BOUND('',#2034,.T.);
#955=CYLINDRICAL_SURFACE('',#2035,0.5);
#956=FACE_OUTER_BOUND('',#2036,.T.);
#957=PLANE('',#2037);
#958=FACE_OUTER_BOUND('',#2038,.T.);
#959=PLANE('',#2039);
#960=FACE_OUTER_BOUND('',#2040,.T.);
#961=PLANE('',#2041);
#962=FACE_OUTER_BOUND('',#2042,.T.);
#963=PLANE('',#2043);
#964=FACE_OUTER_BOUND('',#2044,.T.);
#965=PLANE('',#2045);
#966=FACE_OUTER_BOUND('',#2046,.T.);
#967=CYLINDRICAL_SURFACE('',#2047,1.915);
#968=FACE_OUTER_BOUND('',#2048,.T.);
#969=PLANE('',#2049);
#970=FACE_OUTER_BOUND('',#2050,.T.);
#971=CYLINDRICAL_SURFACE('',#2051,0.5);
#972=FACE_OUTER_BOUND('',#2052,.T.);
#973=PLANE('',#2053);
#974=FACE_OUTER_BOUND('',#2054,.T.);
#975=SPHERICAL_SURFACE('',#2055,0.49);
#976=FACE_OUTER_BOUND('',#2056,.T.);
#977=PLANE('',#2057);
#978=FACE_OUTER_BOUND('',#2058,.T.);
#979=PLANE('',#2059);
#980=FACE_OUTER_BOUND('',#2060,.T.);
#981=PLANE('',#2061);
#982=FACE_OUTER_BOUND('',#2062,.T.);
#983=PLANE('',#2063);
#984=FACE_OUTER_BOUND('',#2064,.T.);
#985=PLANE('',#2065);
#986=FACE_OUTER_BOUND('',#2066,.T.);
#987=PLANE('',#2067);
#988=FACE_OUTER_BOUND('',#2068,.T.);
#989=PLANE('',#2069);
#990=FACE_OUTER_BOUND('',#2070,.T.);
#991=PLANE('',#2071);
#992=FACE_OUTER_BOUND('',#2072,.T.);
#993=PLANE('',#2073);
#994=FACE_OUTER_BOUND('',#2074,.T.);
#995=CYLINDRICAL_SURFACE('',#2075,0.5);
#996=FACE_OUTER_BOUND('',#2076,.T.);
#997=CYLINDRICAL_SURFACE('',#2077,0.5);
#998=FACE_OUTER_BOUND('',#2078,.T.);
#999=FACE_BOUND('',#2079,.T.);
#1000=FACE_BOUND('',#2080,.T.);
#1001=FACE_BOUND('',#2081,.T.);
#1002=FACE_BOUND('',#2082,.T.);
#1003=FACE_BOUND('',#2083,.T.);
#1004=FACE_BOUND('',#2084,.T.);
#1005=FACE_BOUND('',#2085,.T.);
#1006=FACE_BOUND('',#2086,.T.);
#1007=FACE_BOUND('',#2087,.T.);
#1008=PLANE('',#2088);
#1009=FACE_OUTER_BOUND('',#2089,.T.);
#1010=PLANE('',#2090);
#1011=FACE_OUTER_BOUND('',#2091,.T.);
#1012=PLANE('',#2092);
#1013=FACE_OUTER_BOUND('',#2093,.T.);
#1014=PLANE('',#2094);
#1015=FACE_OUTER_BOUND('',#2095,.T.);
#1016=PLANE('',#2096);
#1017=FACE_OUTER_BOUND('',#2097,.T.);
#1018=PLANE('',#2098);
#1019=FACE_OUTER_BOUND('',#2099,.T.);
#1020=PLANE('',#2100);
#1021=FACE_OUTER_BOUND('',#2101,.T.);
#1022=PLANE('',#2102);
#1023=FACE_OUTER_BOUND('',#2103,.T.);
#1024=PLANE('',#2104);
#1025=FACE_OUTER_BOUND('',#2105,.T.);
#1026=PLANE('',#2106);
#1027=FACE_OUTER_BOUND('',#2107,.T.);
#1028=PLANE('',#2108);
#1029=FACE_OUTER_BOUND('',#2109,.T.);
#1030=PLANE('',#2110);
#1031=FACE_OUTER_BOUND('',#2111,.T.);
#1032=PLANE('',#2112);
#1033=FACE_OUTER_BOUND('',#2113,.T.);
#1034=PLANE('',#2114);
#1035=FACE_OUTER_BOUND('',#2115,.T.);
#1036=PLANE('',#2116);
#1037=FACE_OUTER_BOUND('',#2117,.T.);
#1038=PLANE('',#2118);
#1039=FACE_OUTER_BOUND('',#2119,.T.);
#1040=PLANE('',#2120);
#1041=FACE_OUTER_BOUND('',#2121,.T.);
#1042=PLANE('',#2122);
#1043=FACE_OUTER_BOUND('',#2123,.T.);
#1044=PLANE('',#2124);
#1045=FACE_OUTER_BOUND('',#2125,.T.);
#1046=PLANE('',#2126);
#1047=FACE_OUTER_BOUND('',#2127,.T.);
#1048=PLANE('',#2128);
#1049=FACE_OUTER_BOUND('',#2129,.T.);
#1050=PLANE('',#2130);
#1051=FACE_OUTER_BOUND('',#2131,.T.);
#1052=PLANE('',#2132);
#1053=FACE_OUTER_BOUND('',#2133,.T.);
#1054=PLANE('',#2134);
#1055=FACE_OUTER_BOUND('',#2135,.T.);
#1056=PLANE('',#2136);
#1057=FACE_OUTER_BOUND('',#2137,.T.);
#1058=PLANE('',#2138);
#1059=FACE_OUTER_BOUND('',#2139,.T.);
#1060=PLANE('',#2140);
#1061=FACE_OUTER_BOUND('',#2141,.T.);
#1062=PLANE('',#2142);
#1063=FACE_OUTER_BOUND('',#2143,.T.);
#1064=PLANE('',#2144);
#1065=FACE_OUTER_BOUND('',#2145,.T.);
#1066=PLANE('',#2146);
#1067=FACE_OUTER_BOUND('',#2147,.T.);
#1068=PLANE('',#2148);
#1069=FACE_OUTER_BOUND('',#2149,.T.);
#1070=PLANE('',#2150);
#1071=FACE_OUTER_BOUND('',#2151,.T.);
#1072=PLANE('',#2152);
#1073=FACE_OUTER_BOUND('',#2153,.T.);
#1074=PLANE('',#2154);
#1075=FACE_OUTER_BOUND('',#2155,.T.);
#1076=PLANE('',#2156);
#1077=FACE_OUTER_BOUND('',#2157,.T.);
#1078=PLANE('',#2158);
#1079=FACE_OUTER_BOUND('',#2159,.T.);
#1080=PLANE('',#2160);
#1081=FACE_OUTER_BOUND('',#2161,.T.);
#1082=PLANE('',#2162);
#1083=FACE_OUTER_BOUND('',#2163,.T.);
#1084=PLANE('',#2164);
#1085=FACE_OUTER_BOUND('',#2165,.T.);
#1086=PLANE('',#2166);
#1087=FACE_OUTER_BOUND('',#2167,.T.);
#1088=PLANE('',#2168);
#1089=FACE_OUTER_BOUND('',#2169,.T.);
#1090=PLANE('',#2170);
#1091=FACE_OUTER_BOUND('',#2171,.T.);
#1092=PLANE('',#2172);
#1093=FACE_OUTER_BOUND('',#2173,.T.);
#1094=PLANE('',#2174);
#1095=FACE_OUTER_BOUND('',#2175,.T.);
#1096=PLANE('',#2176);
#1097=FACE_OUTER_BOUND('',#2177,.T.);
#1098=PLANE('',#2178);
#1099=FACE_OUTER_BOUND('',#2179,.T.);
#1100=PLANE('',#2180);
#1101=FACE_OUTER_BOUND('',#2181,.T.);
#1102=PLANE('',#2182);
#1103=FACE_OUTER_BOUND('',#2183,.T.);
#1104=PLANE('',#2184);
#1105=FACE_OUTER_BOUND('',#2185,.T.);
#1106=PLANE('',#2186);
#1107=FACE_OUTER_BOUND('',#2187,.T.);
#1108=PLANE('',#2188);
#1109=FACE_OUTER_BOUND('',#2189,.T.);
#1110=PLANE('',#2190);
#1111=FACE_OUTER_BOUND('',#2191,.T.);
#1112=PLANE('',#2192);
#1113=FACE_OUTER_BOUND('',#2193,.T.);
#1114=PLANE('',#2194);
#1115=FACE_OUTER_BOUND('',#2195,.T.);
#1116=PLANE('',#2196);
#1117=FACE_OUTER_BOUND('',#2197,.T.);
#1118=PLANE('',#2198);
#1119=FACE_OUTER_BOUND('',#2199,.T.);
#1120=PLANE('',#2200);
#1121=FACE_OUTER_BOUND('',#2201,.T.);
#1122=PLANE('',#2202);
#1123=FACE_OUTER_BOUND('',#2203,.T.);
#1124=PLANE('',#2204);
#1125=FACE_OUTER_BOUND('',#2205,.T.);
#1126=PLANE('',#2206);
#1127=FACE_OUTER_BOUND('',#2207,.T.);
#1128=PLANE('',#2208);
#1129=FACE_OUTER_BOUND('',#2209,.T.);
#1130=PLANE('',#2210);
#1131=FACE_OUTER_BOUND('',#2211,.T.);
#1132=PLANE('',#2212);
#1133=FACE_OUTER_BOUND('',#2213,.T.);
#1134=PLANE('',#2214);
#1135=FACE_OUTER_BOUND('',#2215,.T.);
#1136=PLANE('',#2216);
#1137=FACE_OUTER_BOUND('',#2217,.T.);
#1138=PLANE('',#2218);
#1139=FACE_OUTER_BOUND('',#2219,.T.);
#1140=PLANE('',#2220);
#1141=FACE_OUTER_BOUND('',#2221,.T.);
#1142=PLANE('',#2222);
#1143=FACE_OUTER_BOUND('',#2223,.T.);
#1144=PLANE('',#2224);
#1145=FACE_OUTER_BOUND('',#2225,.T.);
#1146=PLANE('',#2226);
#1147=FACE_OUTER_BOUND('',#2227,.T.);
#1148=PLANE('',#2228);
#1149=FACE_OUTER_BOUND('',#2229,.T.);
#1150=PLANE('',#2230);
#1151=FACE_OUTER_BOUND('',#2231,.T.);
#1152=PLANE('',#2232);
#1153=FACE_OUTER_BOUND('',#2233,.T.);
#1154=PLANE('',#2234);
#1155=FACE_OUTER_BOUND('',#2235,.T.);
#1156=PLANE('',#2236);
#1157=FACE_OUTER_BOUND('',#2237,.T.);
#1158=PLANE('',#2238);
#1159=FACE_OUTER_BOUND('',#2239,.T.);
#1160=PLANE('',#2240);
#1161=FACE_OUTER_BOUND('',#2241,.T.);
#1162=PLANE('',#2242);
#1163=FACE_OUTER_BOUND('',#2243,.T.);
#1164=PLANE('',#2244);
#1165=FACE_OUTER_BOUND('',#2245,.T.);
#1166=PLANE('',#2246);
#1167=FACE_OUTER_BOUND('',#2247,.T.);
#1168=PLANE('',#2248);
#1169=FACE_OUTER_BOUND('',#2249,.T.);
#1170=PLANE('',#2250);
#1171=FACE_OUTER_BOUND('',#2251,.T.);
#1172=PLANE('',#2252);
#1173=FACE_OUTER_BOUND('',#2253,.T.);
#1174=PLANE('',#2254);
#1175=FACE_OUTER_BOUND('',#2255,.T.);
#1176=PLANE('',#2256);
#1177=FACE_OUTER_BOUND('',#2257,.T.);
#1178=PLANE('',#2258);
#1179=FACE_OUTER_BOUND('',#2259,.T.);
#1180=PLANE('',#2260);
#1181=FACE_OUTER_BOUND('',#2261,.T.);
#1182=PLANE('',#2262);
#1183=FACE_OUTER_BOUND('',#2263,.T.);
#1184=PLANE('',#2264);
#1185=FACE_OUTER_BOUND('',#2265,.T.);
#1186=PLANE('',#2266);
#1187=FACE_OUTER_BOUND('',#2267,.T.);
#1188=PLANE('',#2268);
#1189=FACE_OUTER_BOUND('',#2269,.T.);
#1190=PLANE('',#2270);
#1191=FACE_OUTER_BOUND('',#2271,.T.);
#1192=PLANE('',#2272);
#1193=FACE_OUTER_BOUND('',#2273,.T.);
#1194=PLANE('',#2274);
#1195=FACE_OUTER_BOUND('',#2275,.T.);
#1196=PLANE('',#2276);
#1197=FACE_OUTER_BOUND('',#2277,.T.);
#1198=PLANE('',#2278);
#1199=FACE_OUTER_BOUND('',#2279,.T.);
#1200=PLANE('',#2280);
#1201=FACE_OUTER_BOUND('',#2281,.T.);
#1202=PLANE('',#2282);
#1203=FACE_OUTER_BOUND('',#2283,.T.);
#1204=PLANE('',#2284);
#1205=FACE_OUTER_BOUND('',#2285,.T.);
#1206=PLANE('',#2286);
#1207=FACE_OUTER_BOUND('',#2287,.T.);
#1208=PLANE('',#2288);
#1209=FACE_OUTER_BOUND('',#2289,.T.);
#1210=PLANE('',#2290);
#1211=FACE_OUTER_BOUND('',#2291,.T.);
#1212=PLANE('',#2292);
#1213=FACE_OUTER_BOUND('',#2293,.T.);
#1214=PLANE('',#2294);
#1215=FACE_OUTER_BOUND('',#2295,.T.);
#1216=PLANE('',#2296);
#1217=FACE_OUTER_BOUND('',#2297,.T.);
#1218=PLANE('',#2298);
#1219=FACE_OUTER_BOUND('',#2299,.T.);
#1220=PLANE('',#2300);
#1221=FACE_OUTER_BOUND('',#2301,.T.);
#1222=PLANE('',#2302);
#1223=FACE_OUTER_BOUND('',#2303,.T.);
#1224=PLANE('',#2304);
#1225=FACE_OUTER_BOUND('',#2305,.T.);
#1226=PLANE('',#2306);
#1227=FACE_OUTER_BOUND('',#2307,.T.);
#1228=PLANE('',#2308);
#1229=FACE_OUTER_BOUND('',#2309,.T.);
#1230=PLANE('',#2310);
#1231=FACE_OUTER_BOUND('',#2311,.T.);
#1232=PLANE('',#2312);
#1233=FACE_OUTER_BOUND('',#2313,.T.);
#1234=PLANE('',#2314);
#1235=FACE_OUTER_BOUND('',#2315,.T.);
#1236=PLANE('',#2316);
#1237=FACE_OUTER_BOUND('',#2317,.T.);
#1238=PLANE('',#2318);
#1239=FACE_OUTER_BOUND('',#2319,.T.);
#1240=PLANE('',#2320);
#1241=FACE_OUTER_BOUND('',#2321,.T.);
#1242=PLANE('',#2322);
#1243=FACE_OUTER_BOUND('',#2323,.T.);
#1244=PLANE('',#2324);
#1245=FACE_OUTER_BOUND('',#2325,.T.);
#1246=PLANE('',#2326);
#1247=FACE_OUTER_BOUND('',#2327,.T.);
#1248=PLANE('',#2328);
#1249=FACE_OUTER_BOUND('',#2329,.T.);
#1250=PLANE('',#2330);
#1251=FACE_OUTER_BOUND('',#2331,.T.);
#1252=PLANE('',#2332);
#1253=FACE_OUTER_BOUND('',#2333,.T.);
#1254=PLANE('',#2334);
#1255=FACE_OUTER_BOUND('',#2335,.T.);
#1256=PLANE('',#2336);
#1257=FACE_OUTER_BOUND('',#2337,.T.);
#1258=PLANE('',#2338);
#1259=FACE_OUTER_BOUND('',#2339,.T.);
#1260=PLANE('',#2340);
#1261=FACE_OUTER_BOUND('',#2341,.T.);
#1262=PLANE('',#2342);
#1263=FACE_OUTER_BOUND('',#2343,.T.);
#1264=PLANE('',#2344);
#1265=FACE_OUTER_BOUND('',#2345,.T.);
#1266=PLANE('',#2346);
#1267=FACE_OUTER_BOUND('',#2347,.T.);
#1268=PLANE('',#2348);
#1269=FACE_OUTER_BOUND('',#2349,.T.);
#1270=PLANE('',#2350);
#1271=FACE_OUTER_BOUND('',#2351,.T.);
#1272=PLANE('',#2352);
#1273=FACE_OUTER_BOUND('',#2353,.T.);
#1274=PLANE('',#2354);
#1275=FACE_OUTER_BOUND('',#2355,.T.);
#1276=PLANE('',#2356);
#1277=FACE_OUTER_BOUND('',#2357,.T.);
#1278=PLANE('',#2358);
#1279=FACE_OUTER_BOUND('',#2359,.T.);
#1280=PLANE('',#2360);
#1281=FACE_OUTER_BOUND('',#2361,.T.);
#1282=PLANE('',#2362);
#1283=FACE_OUTER_BOUND('',#2363,.T.);
#1284=PLANE('',#2364);
#1285=FACE_OUTER_BOUND('',#2365,.T.);
#1286=PLANE('',#2366);
#1287=FACE_OUTER_BOUND('',#2367,.T.);
#1288=PLANE('',#2368);
#1289=FACE_OUTER_BOUND('',#2369,.T.);
#1290=PLANE('',#2370);
#1291=FACE_OUTER_BOUND('',#2371,.T.);
#1292=PLANE('',#2372);
#1293=FACE_OUTER_BOUND('',#2373,.T.);
#1294=PLANE('',#2374);
#1295=FACE_OUTER_BOUND('',#2375,.T.);
#1296=PLANE('',#2376);
#1297=FACE_OUTER_BOUND('',#2377,.T.);
#1298=PLANE('',#2378);
#1299=FACE_OUTER_BOUND('',#2379,.T.);
#1300=PLANE('',#2380);
#1301=FACE_OUTER_BOUND('',#2381,.T.);
#1302=PLANE('',#2382);
#1303=FACE_OUTER_BOUND('',#2383,.T.);
#1304=PLANE('',#2384);
#1305=FACE_OUTER_BOUND('',#2385,.T.);
#1306=PLANE('',#2386);
#1307=FACE_OUTER_BOUND('',#2387,.T.);
#1308=PLANE('',#2388);
#1309=FACE_OUTER_BOUND('',#2389,.T.);
#1310=PLANE('',#2390);
#1311=FACE_OUTER_BOUND('',#2391,.T.);
#1312=PLANE('',#2392);
#1313=FACE_OUTER_BOUND('',#2393,.T.);
#1314=PLANE('',#2394);
#1315=FACE_OUTER_BOUND('',#2395,.T.);
#1316=PLANE('',#2396);
#1317=FACE_OUTER_BOUND('',#2397,.T.);
#1318=PLANE('',#2398);
#1319=FACE_OUTER_BOUND('',#2399,.T.);
#1320=PLANE('',#2400);
#1321=FACE_OUTER_BOUND('',#2401,.T.);
#1322=PLANE('',#2402);
#1323=FACE_OUTER_BOUND('',#2403,.T.);
#1324=PLANE('',#2404);
#1325=FACE_OUTER_BOUND('',#2405,.T.);
#1326=PLANE('',#2406);
#1327=FACE_OUTER_BOUND('',#2407,.T.);
#1328=PLANE('',#2408);
#1329=FACE_OUTER_BOUND('',#2409,.T.);
#1330=PLANE('',#2410);
#1331=FACE_OUTER_BOUND('',#2411,.T.);
#1332=PLANE('',#2412);
#1333=FACE_OUTER_BOUND('',#2413,.T.);
#1334=PLANE('',#2414);
#1335=FACE_OUTER_BOUND('',#2415,.T.);
#1336=PLANE('',#2416);
#1337=FACE_OUTER_BOUND('',#2417,.T.);
#1338=CYLINDRICAL_SURFACE('',#2418,0.1112);
#1339=FACE_OUTER_BOUND('',#2419,.T.);
#1340=PLANE('',#2420);
#1341=FACE_OUTER_BOUND('',#2421,.T.);
#1342=CYLINDRICAL_SURFACE('',#2422,0.1112);
#1343=FACE_OUTER_BOUND('',#2423,.T.);
#1344=PLANE('',#2424);
#1345=FACE_OUTER_BOUND('',#2425,.T.);
#1346=CYLINDRICAL_SURFACE('',#2426,0.1112);
#1347=FACE_OUTER_BOUND('',#2427,.T.);
#1348=PLANE('',#2428);
#1349=FACE_OUTER_BOUND('',#2429,.T.);
#1350=CYLINDRICAL_SURFACE('',#2430,0.1112);
#1351=FACE_OUTER_BOUND('',#2431,.T.);
#1352=FACE_BOUND('',#2432,.T.);
#1353=FACE_BOUND('',#2433,.T.);
#1354=FACE_BOUND('',#2434,.T.);
#1355=PLANE('',#2435);
#1356=FACE_OUTER_BOUND('',#2436,.T.);
#1357=SURFACE_OF_LINEAR_EXTRUSION('',#2437,#2438);
#1358=FACE_OUTER_BOUND('',#2439,.T.);
#1359=PLANE('',#2440);
#1360=FACE_OUTER_BOUND('',#2441,.T.);
#1361=PLANE('',#2442);
#1362=FACE_OUTER_BOUND('',#2443,.T.);
#1363=PLANE('',#2444);
#1364=FACE_OUTER_BOUND('',#2445,.T.);
#1365=PLANE('',#2446);
#1366=FACE_OUTER_BOUND('',#2447,.T.);
#1367=CYLINDRICAL_SURFACE('',#2448,0.0834);
#1368=FACE_OUTER_BOUND('',#2449,.T.);
#1369=CYLINDRICAL_SURFACE('',#2450,0.0834);
#1370=FACE_OUTER_BOUND('',#2451,.T.);
#1371=PLANE('',#2452);
#1372=FACE_OUTER_BOUND('',#2453,.T.);
#1373=CYLINDRICAL_SURFACE('',#2454,0.0834);
#1374=FACE_OUTER_BOUND('',#2455,.T.);
#1375=PLANE('',#2456);
#1376=FACE_OUTER_BOUND('',#2457,.T.);
#1377=CYLINDRICAL_SURFACE('',#2458,0.0834);
#1378=FACE_OUTER_BOUND('',#2459,.T.);
#1379=PLANE('',#2460);
#1380=FACE_OUTER_BOUND('',#2461,.T.);
#1381=CYLINDRICAL_SURFACE('',#2462,0.08374);
#1382=FACE_OUTER_BOUND('',#2463,.T.);
#1383=SURFACE_OF_LINEAR_EXTRUSION('',#2464,#2465);
#1384=FACE_OUTER_BOUND('',#2466,.T.);
#1385=CYLINDRICAL_SURFACE('',#2467,0.08374);
#1386=FACE_OUTER_BOUND('',#2468,.T.);
#1387=PLANE('',#2469);
#1388=FACE_OUTER_BOUND('',#2470,.T.);
#1389=CYLINDRICAL_SURFACE('',#2471,0.08374);
#1390=FACE_OUTER_BOUND('',#2472,.T.);
#1391=PLANE('',#2473);
#1392=FACE_OUTER_BOUND('',#2474,.T.);
#1393=CYLINDRICAL_SURFACE('',#2475,0.0834);
#1394=FACE_OUTER_BOUND('',#2476,.T.);
#1395=PLANE('',#2477);
#1396=FACE_OUTER_BOUND('',#2478,.T.);
#1397=CYLINDRICAL_SURFACE('',#2479,0.08374);
#1398=FACE_OUTER_BOUND('',#2480,.T.);
#1399=SURFACE_OF_LINEAR_EXTRUSION('',#2481,#2482);
#1400=FACE_OUTER_BOUND('',#2483,.T.);
#1401=PLANE('',#2484);
#1402=FACE_OUTER_BOUND('',#2485,.T.);
#1403=SURFACE_OF_LINEAR_EXTRUSION('',#2486,#2487);
#1404=FACE_OUTER_BOUND('',#2488,.T.);
#1405=CYLINDRICAL_SURFACE('',#2489,0.0834);
#1406=FACE_OUTER_BOUND('',#2490,.T.);
#1407=PLANE('',#2491);
#1408=FACE_OUTER_BOUND('',#2492,.T.);
#1409=PLANE('',#2493);
#1410=FACE_OUTER_BOUND('',#2494,.T.);
#1411=PLANE('',#2495);
#1412=FACE_OUTER_BOUND('',#2496,.T.);
#1413=PLANE('',#2497);
#1414=FACE_OUTER_BOUND('',#2498,.T.);
#1415=PLANE('',#2499);
#1416=FACE_OUTER_BOUND('',#2500,.T.);
#1417=PLANE('',#2501);
#1418=FACE_OUTER_BOUND('',#2502,.T.);
#1419=PLANE('',#2503);
#1420=FACE_OUTER_BOUND('',#2504,.T.);
#1421=PLANE('',#2505);
#1422=FACE_OUTER_BOUND('',#2506,.T.);
#1423=PLANE('',#2507);
#1424=FACE_OUTER_BOUND('',#2508,.T.);
#1425=PLANE('',#2509);
#1426=FACE_OUTER_BOUND('',#2510,.T.);
#1427=PLANE('',#2511);
#1428=FACE_OUTER_BOUND('',#2512,.T.);
#1429=PLANE('',#2513);
#1430=FACE_OUTER_BOUND('',#2514,.T.);
#1431=PLANE('',#2515);
#1432=FACE_OUTER_BOUND('',#2516,.T.);
#1433=PLANE('',#2517);
#1434=FACE_OUTER_BOUND('',#2518,.T.);
#1435=PLANE('',#2519);
#1436=FACE_OUTER_BOUND('',#2520,.T.);
#1437=PLANE('',#2521);
#1438=FACE_OUTER_BOUND('',#2522,.T.);
#1439=FACE_BOUND('',#2523,.T.);
#1440=PLANE('',#2524);
#1441=FACE_OUTER_BOUND('',#2525,.T.);
#1442=PLANE('',#2526);
#1443=FACE_OUTER_BOUND('',#2527,.T.);
#1444=PLANE('',#2528);
#1445=FACE_OUTER_BOUND('',#2529,.T.);
#1446=PLANE('',#2530);
#1447=FACE_OUTER_BOUND('',#2531,.T.);
#1448=PLANE('',#2532);
#1449=FACE_OUTER_BOUND('',#2533,.T.);
#1450=PLANE('',#2534);
#1451=FACE_OUTER_BOUND('',#2535,.T.);
#1452=PLANE('',#2536);
#1453=FACE_OUTER_BOUND('',#2537,.T.);
#1454=PLANE('',#2538);
#1455=FACE_OUTER_BOUND('',#2539,.T.);
#1456=PLANE('',#2540);
#1457=FACE_OUTER_BOUND('',#2541,.T.);
#1458=PLANE('',#2542);
#1459=FACE_OUTER_BOUND('',#2543,.T.);
#1460=PLANE('',#2544);
#1461=FACE_OUTER_BOUND('',#2545,.T.);
#1462=PLANE('',#2546);
#1463=FACE_OUTER_BOUND('',#2547,.T.);
#1464=PLANE('',#2548);
#1465=FACE_OUTER_BOUND('',#2549,.T.);
#1466=PLANE('',#2550);
#1467=FACE_OUTER_BOUND('',#2551,.T.);
#1468=PLANE('',#2552);
#1469=FACE_OUTER_BOUND('',#2553,.T.);
#1470=PLANE('',#2554);
#1471=FACE_OUTER_BOUND('',#2555,.T.);
#1472=PLANE('',#2556);
#1473=FACE_OUTER_BOUND('',#2557,.T.);
#1474=PLANE('',#2558);
#1475=FACE_OUTER_BOUND('',#2559,.T.);
#1476=PLANE('',#2560);
#1477=FACE_OUTER_BOUND('',#2561,.T.);
#1478=PLANE('',#2562);
#1479=FACE_OUTER_BOUND('',#2563,.T.);
#1480=PLANE('',#2564);
#1481=FACE_OUTER_BOUND('',#2565,.T.);
#1482=PLANE('',#2566);
#1483=FACE_OUTER_BOUND('',#2567,.T.);
#1484=PLANE('',#2568);
#1485=FACE_OUTER_BOUND('',#2569,.T.);
#1486=PLANE('',#2570);
#1487=FACE_OUTER_BOUND('',#2571,.T.);
#1488=PLANE('',#2572);
#1489=FACE_OUTER_BOUND('',#2573,.T.);
#1490=PLANE('',#2574);
#1491=FACE_OUTER_BOUND('',#2575,.T.);
#1492=PLANE('',#2576);
#1493=FACE_OUTER_BOUND('',#2577,.T.);
#1494=PLANE('',#2578);
#1495=FACE_OUTER_BOUND('',#2579,.T.);
#1496=PLANE('',#2580);
#1497=FACE_OUTER_BOUND('',#2581,.T.);
#1498=PLANE('',#2582);
#1499=FACE_OUTER_BOUND('',#2583,.T.);
#1500=PLANE('',#2584);
#1501=FACE_OUTER_BOUND('',#2585,.T.);
#1502=PLANE('',#2586);
#1503=FACE_OUTER_BOUND('',#2587,.T.);
#1504=PLANE('',#2588);
#1505=FACE_OUTER_BOUND('',#2589,.T.);
#1506=PLANE('',#2590);
#1507=FACE_OUTER_BOUND('',#2591,.T.);
#1508=PLANE('',#2592);
#1509=FACE_OUTER_BOUND('',#2593,.T.);
#1510=PLANE('',#2594);
#1511=FACE_OUTER_BOUND('',#2595,.T.);
#1512=PLANE('',#2596);
#1513=FACE_OUTER_BOUND('',#2597,.T.);
#1514=PLANE('',#2598);
#1515=FACE_OUTER_BOUND('',#2599,.T.);
#1516=PLANE('',#2600);
#1517=FACE_OUTER_BOUND('',#2601,.T.);
#1518=PLANE('',#2602);
#1519=FACE_OUTER_BOUND('',#2603,.T.);
#1520=PLANE('',#2604);
#1521=FACE_OUTER_BOUND('',#2605,.T.);
#1522=PLANE('',#2606);
#1523=FACE_OUTER_BOUND('',#2607,.T.);
#1524=PLANE('',#2608);
#1525=FACE_OUTER_BOUND('',#2609,.T.);
#1526=PLANE('',#2610);
#1527=FACE_OUTER_BOUND('',#2611,.T.);
#1528=PLANE('',#2612);
#1529=FACE_OUTER_BOUND('',#2613,.T.);
#1530=PLANE('',#2614);
#1531=FACE_OUTER_BOUND('',#2615,.T.);
#1532=PLANE('',#2616);
#1533=FACE_OUTER_BOUND('',#2617,.T.);
#1534=PLANE('',#2618);
#1535=FACE_OUTER_BOUND('',#2619,.T.);
#1536=PLANE('',#2620);
#1537=FACE_OUTER_BOUND('',#2621,.T.);
#1538=PLANE('',#2622);
#1539=FACE_OUTER_BOUND('',#2623,.T.);
#1540=PLANE('',#2624);
#1541=FACE_OUTER_BOUND('',#2625,.T.);
#1542=PLANE('',#2626);
#1543=FACE_OUTER_BOUND('',#2627,.T.);
#1544=PLANE('',#2628);
#1545=FACE_OUTER_BOUND('',#2629,.T.);
#1546=PLANE('',#2630);
#1547=FACE_OUTER_BOUND('',#2631,.T.);
#1548=CYLINDRICAL_SURFACE('',#2632,0.5);
#1549=FACE_OUTER_BOUND('',#2633,.T.);
#1550=CYLINDRICAL_SURFACE('',#2634,0.5);
#1551=FACE_OUTER_BOUND('',#2635,.T.);
#1552=PLANE('',#2636);
#1553=FACE_OUTER_BOUND('',#2637,.T.);
#1554=PLANE('',#2638);
#1555=FACE_OUTER_BOUND('',#2639,.T.);
#1556=PLANE('',#2640);
#1557=FACE_OUTER_BOUND('',#2641,.T.);
#1558=SURFACE_OF_LINEAR_EXTRUSION('',#2642,#2643);
#1559=FACE_OUTER_BOUND('',#2644,.T.);
#1560=PLANE('',#2645);
#1561=FACE_OUTER_BOUND('',#2646,.T.);
#1562=PLANE('',#2647);
#1563=FACE_OUTER_BOUND('',#2648,.T.);
#1564=PLANE('',#2649);
#1565=FACE_OUTER_BOUND('',#2650,.T.);
#1566=PLANE('',#2651);
#1567=FACE_OUTER_BOUND('',#2652,.T.);
#1568=CYLINDRICAL_SURFACE('',#2653,0.3);
#1569=FACE_OUTER_BOUND('',#2654,.T.);
#1570=FACE_BOUND('',#2655,.T.);
#1571=FACE_BOUND('',#2656,.T.);
#1572=PLANE('',#2657);
#1573=FACE_OUTER_BOUND('',#2658,.T.);
#1574=PLANE('',#2659);
#1575=FACE_OUTER_BOUND('',#2660,.T.);
#1576=PLANE('',#2661);
#1577=FACE_OUTER_BOUND('',#2662,.T.);
#1578=CYLINDRICAL_SURFACE('',#2663,0.5);
#1579=FACE_OUTER_BOUND('',#2664,.T.);
#1580=FACE_BOUND('',#2665,.T.);
#1581=FACE_BOUND('',#2666,.T.);
#1582=PLANE('',#2667);
#1583=FACE_OUTER_BOUND('',#2668,.T.);
#1584=CYLINDRICAL_SURFACE('',#2669,0.5);
#1585=FACE_OUTER_BOUND('',#2670,.T.);
#1586=CYLINDRICAL_SURFACE('',#2671,1.915);
#1587=FACE_OUTER_BOUND('',#2672,.T.);
#1588=FACE_BOUND('',#2673,.T.);
#1589=PLANE('',#2674);
#1590=FACE_OUTER_BOUND('',#2675,.T.);
#1591=SPHERICAL_SURFACE('',#2676,0.49);
#1592=FACE_OUTER_BOUND('',#2677,.T.);
#1593=SPHERICAL_SURFACE('',#2678,0.49);
#1594=FACE_OUTER_BOUND('',#2679,.T.);
#1595=FACE_BOUND('',#2680,.T.);
#1596=FACE_BOUND('',#2681,.T.);
#1597=FACE_BOUND('',#2682,.T.);
#1598=PLANE('',#2683);
#1599=FACE_OUTER_BOUND('',#2684,.T.);
#1600=PLANE('',#2685);
#1601=FACE_OUTER_BOUND('',#2686,.T.);
#1602=PLANE('',#2687);
#1603=FACE_OUTER_BOUND('',#2688,.T.);
#1604=PLANE('',#2689);
#1605=FACE_OUTER_BOUND('',#2690,.T.);
#1606=PLANE('',#2691);
#1607=FACE_OUTER_BOUND('',#2692,.T.);
#1608=PLANE('',#2693);
#1609=FACE_OUTER_BOUND('',#2694,.T.);
#1610=PLANE('',#2695);
#1611=FACE_OUTER_BOUND('',#2696,.T.);
#1612=PLANE('',#2697);
#1613=FACE_OUTER_BOUND('',#2698,.T.);
#1614=PLANE('',#2699);
#1615=FACE_OUTER_BOUND('',#2700,.T.);
#1616=CYLINDRICAL_SURFACE('',#2701,0.5);
#1617=FACE_OUTER_BOUND('',#2702,.T.);
#1618=PLANE('',#2703);
#1619=FACE_OUTER_BOUND('',#2704,.T.);
#1620=FACE_BOUND('',#2705,.T.);
#1621=PLANE('',#2706);
#1622=FACE_OUTER_BOUND('',#2707,.T.);
#1623=PLANE('',#2708);
#1624=FACE_OUTER_BOUND('',#2709,.T.);
#1625=CYLINDRICAL_SURFACE('',#2710,1.5);
#1626=FACE_OUTER_BOUND('',#2711,.T.);
#1627=PLANE('',#2712);
#1628=FACE_OUTER_BOUND('',#2713,.T.);
#1629=PLANE('',#2714);
#1630=FACE_OUTER_BOUND('',#2715,.T.);
#1631=PLANE('',#2716);
#1632=FACE_OUTER_BOUND('',#2717,.T.);
#1633=PLANE('',#2718);
#1634=FACE_OUTER_BOUND('',#2719,.T.);
#1635=PLANE('',#2720);
#1636=FACE_OUTER_BOUND('',#2721,.T.);
#1637=PLANE('',#2722);
#1638=FACE_OUTER_BOUND('',#2723,.T.);
#1639=FACE_BOUND('',#2724,.T.);
#1640=PLANE('',#2725);
#1641=FACE_OUTER_BOUND('',#2726,.T.);
#1642=PLANE('',#2727);
#1643=FACE_OUTER_BOUND('',#2728,.T.);
#1644=PLANE('',#2729);
#1645=FACE_OUTER_BOUND('',#2730,.T.);
#1646=PLANE('',#2731);
#1647=FACE_OUTER_BOUND('',#2732,.T.);
#1648=PLANE('',#2733);
#1649=FACE_OUTER_BOUND('',#2734,.T.);
#1650=PLANE('',#2735);
#1651=FACE_OUTER_BOUND('',#2736,.T.);
#1652=PLANE('',#2737);
#1653=FACE_OUTER_BOUND('',#2738,.T.);
#1654=PLANE('',#2739);
#1655=FACE_OUTER_BOUND('',#2740,.T.);
#1656=FACE_BOUND('',#2741,.T.);
#1657=PLANE('',#2742);
#1658=FACE_OUTER_BOUND('',#2743,.T.);
#1659=CYLINDRICAL_SURFACE('',#2744,1.915);
#1660=FACE_OUTER_BOUND('',#2745,.T.);
#1661=PLANE('',#2746);
#1662=FACE_OUTER_BOUND('',#2747,.T.);
#1663=PLANE('',#2748);
#1664=FACE_OUTER_BOUND('',#2749,.T.);
#1665=PLANE('',#2750);
#1666=FACE_OUTER_BOUND('',#2751,.T.);
#1667=PLANE('',#2752);
#1668=FACE_OUTER_BOUND('',#2753,.T.);
#1669=CYLINDRICAL_SURFACE('',#2754,0.5);
#1670=FACE_OUTER_BOUND('',#2755,.T.);
#1671=PLANE('',#2756);
#1672=FACE_OUTER_BOUND('',#2757,.T.);
#1673=PLANE('',#2758);
#1674=FACE_OUTER_BOUND('',#2759,.T.);
#1675=SPHERICAL_SURFACE('',#2760,0.49);
#1676=FACE_OUTER_BOUND('',#2761,.T.);
#1677=PLANE('',#2762);
#1678=FACE_OUTER_BOUND('',#2763,.T.);
#1679=PLANE('',#2764);
#1680=FACE_OUTER_BOUND('',#2765,.T.);
#1681=PLANE('',#2766);
#1682=FACE_OUTER_BOUND('',#2767,.T.);
#1683=PLANE('',#2768);
#1684=FACE_OUTER_BOUND('',#2769,.T.);
#1685=PLANE('',#2770);
#1686=FACE_OUTER_BOUND('',#2771,.T.);
#1687=CYLINDRICAL_SURFACE('',#2772,1.5);
#1688=FACE_OUTER_BOUND('',#2773,.T.);
#1689=PLANE('',#2774);
#1690=FACE_OUTER_BOUND('',#2775,.T.);
#1691=PLANE('',#2776);
#1692=FACE_OUTER_BOUND('',#2777,.T.);
#1693=PLANE('',#2778);
#1694=FACE_OUTER_BOUND('',#2779,.T.);
#1695=PLANE('',#2780);
#1696=FACE_OUTER_BOUND('',#2781,.T.);
#1697=FACE_BOUND('',#2782,.T.);
#1698=PLANE('',#2783);
#1699=FACE_OUTER_BOUND('',#2784,.T.);
#1700=PLANE('',#2785);
#1701=FACE_OUTER_BOUND('',#2786,.T.);
#1702=PLANE('',#2787);
#1703=FACE_OUTER_BOUND('',#2788,.T.);
#1704=PLANE('',#2789);
#1705=FACE_OUTER_BOUND('',#2790,.T.);
#1706=PLANE('',#2791);
#1707=FACE_OUTER_BOUND('',#2792,.T.);
#1708=FACE_BOUND('',#2793,.T.);
#1709=PLANE('',#2794);
#1710=FACE_OUTER_BOUND('',#2795,.T.);
#1711=FACE_BOUND('',#2796,.T.);
#1712=FACE_BOUND('',#2797,.T.);
#1713=PLANE('',#2798);
#1714=FACE_OUTER_BOUND('',#2799,.T.);
#1715=PLANE('',#2800);
#1716=FACE_OUTER_BOUND('',#2801,.T.);
#1717=PLANE('',#2802);
#1718=FACE_OUTER_BOUND('',#2803,.T.);
#1719=PLANE('',#2804);
#1720=FACE_OUTER_BOUND('',#2805,.T.);
#1721=PLANE('',#2806);
#1722=FACE_OUTER_BOUND('',#2807,.T.);
#1723=PLANE('',#2808);
#1724=FACE_OUTER_BOUND('',#2809,.T.);
#1725=PLANE('',#2810);
#1726=EDGE_LOOP('',(#2811,#2812,#2813,#2814));
#1727=AXIS2_PLACEMENT_3D('',#2815,#2816,#2817);
#1728=EDGE_LOOP('',(#2818,#2819,#2820,#2821));
#1729=AXIS2_PLACEMENT_3D('',#2822,#2823,#2824);
#1730=EDGE_LOOP('',(#2825,#2826,#2827,#2828));
#1731=AXIS2_PLACEMENT_3D('',#2829,#2830,#2831);
#1732=EDGE_LOOP('',(#2832,#2833,#2834,#2835));
#1733=AXIS2_PLACEMENT_3D('',#2836,#2837,#2838);
#1734=EDGE_LOOP('',(#2839,#2840,#2841,#2842));
#1735=AXIS2_PLACEMENT_3D('',#2843,#2844,#2845);
#1736=EDGE_LOOP('',(#2846,#2847,#2848,#2849,#2850,#2851,#2852,#2853));
#1737=AXIS2_PLACEMENT_3D('',#2854,#2855,#2856);
#1738=EDGE_LOOP('',(#2857,#2858,#2859,#2860));
#1739=AXIS2_PLACEMENT_3D('',#2861,#2862,#2863);
#1740=EDGE_LOOP('',(#2864,#2865,#2866,#2867,#2868,#2869,#2870,#2871));
#1741=AXIS2_PLACEMENT_3D('',#2872,#2873,#2874);
#1742=EDGE_LOOP('',(#2875,#2876,#2877,#2878));
#1743=AXIS2_PLACEMENT_3D('',#2879,#2880,#2881);
#1744=EDGE_LOOP('',(#2882,#2883,#2884,#2885));
#1745=AXIS2_PLACEMENT_3D('',#2886,#2887,#2888);
#1746=EDGE_LOOP('',(#2889,#2890,#2891,#2892));
#1747=AXIS2_PLACEMENT_3D('',#2893,#2894,#2895);
#1748=EDGE_LOOP('',(#2896,#2897,#2898,#2899,#2900,#2901));
#1749=AXIS2_PLACEMENT_3D('',#2902,#2903,#2904);
#1750=EDGE_LOOP('',(#2905,#2906,#2907,#2908,#2909,#2910,#2911,#2912));
#1751=AXIS2_PLACEMENT_3D('',#2913,#2914,#2915);
#1752=EDGE_LOOP('',(#2916,#2917,#2918,#2919,#2920,#2921,#2922,#2923,#2924,#2925));
#1753=EDGE_LOOP('',(#2926,#2927,#2928,#2929));
#1754=AXIS2_PLACEMENT_3D('',#2930,#2931,#2932);
#1755=EDGE_LOOP('',(#2933,#2934,#2935,#2936,#2937,#2938,#2939,#2940,#2941,#2942));
#1756=AXIS2_PLACEMENT_3D('',#2943,#2944,#2945);
#1757=EDGE_LOOP('',(#2946,#2947,#2948,#2949,#2950,#2951,#2952,#2953));
#1758=AXIS2_PLACEMENT_3D('',#2954,#2955,#2956);
#1759=EDGE_LOOP('',(#2957,#2958,#2959,#2960));
#1760=AXIS2_PLACEMENT_3D('',#2961,#2962,#2963);
#1761=EDGE_LOOP('',(#2964,#2965,#2966,#2967));
#1762=AXIS2_PLACEMENT_3D('',#2968,#2969,#2970);
#1763=EDGE_LOOP('',(#2971,#2972,#2973,#2974));
#1764=AXIS2_PLACEMENT_3D('',#2975,#2976,#2977);
#1765=EDGE_LOOP('',(#2978,#2979,#2980,#2981));
#1766=AXIS2_PLACEMENT_3D('',#2982,#2983,#2984);
#1767=EDGE_LOOP('',(#2985,#2986,#2987,#2988));
#1768=AXIS2_PLACEMENT_3D('',#2989,#2990,#2991);
#1769=EDGE_LOOP('',(#2992,#2993,#2994,#2995));
#1770=AXIS2_PLACEMENT_3D('',#2996,#2997,#2998);
#1771=EDGE_LOOP('',(#2999,#3000,#3001,#3002));
#1772=AXIS2_PLACEMENT_3D('',#3003,#3004,#3005);
#1773=EDGE_LOOP('',(#3006,#3007,#3008,#3009));
#1774=AXIS2_PLACEMENT_3D('',#3010,#3011,#3012);
#1775=EDGE_LOOP('',(#3013,#3014,#3015,#3016));
#1776=AXIS2_PLACEMENT_3D('',#3017,#3018,#3019);
#1777=EDGE_LOOP('',(#3020,#3021,#3022,#3023));
#1778=AXIS2_PLACEMENT_3D('',#3024,#3025,#3026);
#1779=EDGE_LOOP('',(#3027,#3028,#3029,#3030));
#1780=AXIS2_PLACEMENT_3D('',#3031,#3032,#3033);
#1781=EDGE_LOOP('',(#3034,#3035,#3036,#3037));
#1782=AXIS2_PLACEMENT_3D('',#3038,#3039,#3040);
#1783=EDGE_LOOP('',(#3041,#3042,#3043,#3044));
#1784=AXIS2_PLACEMENT_3D('',#3045,#3046,#3047);
#1785=EDGE_LOOP('',(#3048,#3049,#3050,#3051));
#1786=AXIS2_PLACEMENT_3D('',#3052,#3053,#3054);
#1787=EDGE_LOOP('',(#3055,#3056,#3057,#3058));
#1788=AXIS2_PLACEMENT_3D('',#3059,#3060,#3061);
#1789=EDGE_LOOP('',(#3062,#3063,#3064,#3065));
#1790=AXIS2_PLACEMENT_3D('',#3066,#3067,#3068);
#1791=EDGE_LOOP('',(#3069,#3070,#3071,#3072));
#1792=AXIS2_PLACEMENT_3D('',#3073,#3074,#3075);
#1793=EDGE_LOOP('',(#3076,#3077,#3078,#3079));
#1794=AXIS2_PLACEMENT_3D('',#3080,#3081,#3082);
#1795=EDGE_LOOP('',(#3083,#3084,#3085,#3086,#3087,#3088,#3089,#3090));
#1796=AXIS2_PLACEMENT_3D('',#3091,#3092,#3093);
#1797=EDGE_LOOP('',(#3094,#3095,#3096,#3097));
#1798=AXIS2_PLACEMENT_3D('',#3098,#3099,#3100);
#1799=EDGE_LOOP('',(#3101,#3102,#3103,#3104,#3105,#3106,#3107,#3108,#3109,#3110));
#1800=AXIS2_PLACEMENT_3D('',#3111,#3112,#3113);
#1801=EDGE_LOOP('',(#3114,#3115,#3116,#3117,#3118,#3119));
#1802=AXIS2_PLACEMENT_3D('',#3120,#3121,#3122);
#1803=EDGE_LOOP('',(#3123,#3124,#3125,#3126,#3127,#3128,#3129,#3130));
#1804=AXIS2_PLACEMENT_3D('',#3131,#3132,#3133);
#1805=EDGE_LOOP('',(#3134,#3135,#3136,#3137));
#1806=AXIS2_PLACEMENT_3D('',#3138,#3139,#3140);
#1807=EDGE_LOOP('',(#3141,#3142,#3143,#3144,#3145,#3146,#3147,#3148,#3149,#3150));
#1808=AXIS2_PLACEMENT_3D('',#3151,#3152,#3153);
#1809=EDGE_LOOP('',(#3154,#3155,#3156,#3157,#3158,#3159));
#1810=AXIS2_PLACEMENT_3D('',#3160,#3161,#3162);
#1811=EDGE_LOOP('',(#3163,#3164,#3165,#3166));
#1812=AXIS2_PLACEMENT_3D('',#3167,#3168,#3169);
#1813=EDGE_LOOP('',(#3170,#3171,#3172,#3173));
#1814=AXIS2_PLACEMENT_3D('',#3174,#3175,#3176);
#1815=EDGE_LOOP('',(#3177,#3178,#3179,#3180,#3181,#3182));
#1816=AXIS2_PLACEMENT_3D('',#3183,#3184,#3185);
#1817=EDGE_LOOP('',(#3186,#3187,#3188,#3189));
#1818=AXIS2_PLACEMENT_3D('',#3190,#3191,#3192);
#1819=EDGE_LOOP('',(#3193,#3194,#3195));
#1820=AXIS2_PLACEMENT_3D('',#3196,#3197,#3198);
#1821=EDGE_LOOP('',(#3199,#3200,#3201));
#1822=AXIS2_PLACEMENT_3D('',#3202,#3203,#3204);
#1823=EDGE_LOOP('',(#3205,#3206,#3207,#3208,#3209,#3210,#3211,#3212));
#1824=AXIS2_PLACEMENT_3D('',#3213,#3214,#3215);
#1825=EDGE_LOOP('',(#3216,#3217,#3218,#3219,#3220,#3221,#3222,#3223));
#1826=AXIS2_PLACEMENT_3D('',#3224,#3225,#3226);
#1827=EDGE_LOOP('',(#3227,#3228,#3229,#3230));
#1828=AXIS2_PLACEMENT_3D('',#3231,#3232,#3233);
#1829=EDGE_LOOP('',(#3234,#3235,#3236,#3237));
#1830=AXIS2_PLACEMENT_3D('',#3238,#3239,#3240);
#1831=EDGE_LOOP('',(#3241,#3242,#3243,#3244));
#1832=AXIS2_PLACEMENT_3D('',#3245,#3246,#3247);
#1833=EDGE_LOOP('',(#3248,#3249,#3250,#3251));
#1834=AXIS2_PLACEMENT_3D('',#3252,#3253,#3254);
#1835=EDGE_LOOP('',(#3255,#3256,#3257,#3258,#3259,#3260,#3261));
#1836=AXIS2_PLACEMENT_3D('',#3262,#3263,#3264);
#1837=EDGE_LOOP('',(#3265,#3266,#3267,#3268));
#1838=AXIS2_PLACEMENT_3D('',#3269,#3270,#3271);
#1839=EDGE_LOOP('',(#3272,#3273,#3274,#3275));
#1840=AXIS2_PLACEMENT_3D('',#3276,#3277,#3278);
#1841=EDGE_LOOP('',(#3279,#3280,#3281,#3282,#3283,#3284,#3285));
#1842=AXIS2_PLACEMENT_3D('',#3286,#3287,#3288);
#1843=EDGE_LOOP('',(#3289,#3290,#3291,#3292));
#1844=AXIS2_PLACEMENT_3D('',#3293,#3294,#3295);
#1845=EDGE_LOOP('',(#3296,#3297,#3298,#3299,#3300,#3301,#3302,#3303));
#1846=EDGE_LOOP('',(#3304,#3305,#3306,#3307));
#1847=AXIS2_PLACEMENT_3D('',#3308,#3309,#3310);
#1848=EDGE_LOOP('',(#3311,#3312,#3313,#3314,#3315,#3316,#3317,#3318));
#1849=EDGE_LOOP('',(#3319,#3320,#3321,#3322));
#1850=AXIS2_PLACEMENT_3D('',#3323,#3324,#3325);
#1851=EDGE_LOOP('',(#3326,#3327,#3328,#3329));
#1852=AXIS2_PLACEMENT_3D('',#3330,#3331,#3332);
#1853=EDGE_LOOP('',(#3333,#3334,#3335,#3336));
#1854=AXIS2_PLACEMENT_3D('',#3337,#3338,#3339);
#1855=EDGE_LOOP('',(#3340,#3341,#3342,#3343));
#1856=AXIS2_PLACEMENT_3D('',#3344,#3345,#3346);
#1857=EDGE_LOOP('',(#3347,#3348));
#1858=AXIS2_PLACEMENT_3D('',#3349,#3350,#3351);
#1859=EDGE_LOOP('',(#3352,#3353,#3354));
#1860=AXIS2_PLACEMENT_3D('',#3355,#3356,#3357);
#1861=EDGE_LOOP('',(#3358,#3359,#3360));
#1862=AXIS2_PLACEMENT_3D('',#3361,#3362,#3363);
#1863=EDGE_LOOP('',(#3364,#3365));
#1864=EDGE_LOOP('',(#3366,#3367));
#1865=AXIS2_PLACEMENT_3D('',#3368,#3369,#3370);
#1866=EDGE_LOOP('',(#3371,#3372,#3373,#3374,#3375,#3376,#3377,#3378));
#1867=AXIS2_PLACEMENT_3D('',#3379,#3380,#3381);
#1868=EDGE_LOOP('',(#3382,#3383,#3384,#3385));
#1869=AXIS2_PLACEMENT_3D('',#3386,#3387,#3388);
#1870=EDGE_LOOP('',(#3389,#3390,#3391,#3392));
#1871=AXIS2_PLACEMENT_3D('',#3393,#3394,#3395);
#1872=EDGE_LOOP('',(#3396,#3397,#3398,#3399,#3400,#3401,#3402,#3403));
#1873=AXIS2_PLACEMENT_3D('',#3404,#3405,#3406);
#1874=EDGE_LOOP('',(#3407,#3408,#3409,#3410));
#1875=AXIS2_PLACEMENT_3D('',#3411,#3412,#3413);
#1876=EDGE_LOOP('',(#3414,#3415,#3416,#3417));
#1877=AXIS2_PLACEMENT_3D('',#3418,#3419,#3420);
#1878=EDGE_LOOP('',(#3421,#3422,#3423,#3424));
#1879=AXIS2_PLACEMENT_3D('',#3425,#3426,#3427);
#1880=EDGE_LOOP('',(#3428,#3429,#3430,#3431));
#1881=AXIS2_PLACEMENT_3D('',#3432,#3433,#3434);
#1882=EDGE_LOOP('',(#3435,#3436,#3437,#3438));
#1883=AXIS2_PLACEMENT_3D('',#3439,#3440,#3441);
#1884=EDGE_LOOP('',(#3442,#3443,#3444,#3445,#3446,#3447,#3448,#3449));
#1885=AXIS2_PLACEMENT_3D('',#3450,#3451,#3452);
#1886=EDGE_LOOP('',(#3453,#3454,#3455,#3456));
#1887=AXIS2_PLACEMENT_3D('',#3457,#3458,#3459);
#1888=EDGE_LOOP('',(#3460,#3461,#3462,#3463,#3464,#3465,#3466,#3467));
#1889=AXIS2_PLACEMENT_3D('',#3468,#3469,#3470);
#1890=EDGE_LOOP('',(#3471,#3472,#3473,#3474));
#1891=AXIS2_PLACEMENT_3D('',#3475,#3476,#3477);
#1892=EDGE_LOOP('',(#3478,#3479,#3480,#3481));
#1893=AXIS2_PLACEMENT_3D('',#3482,#3483,#3484);
#1894=EDGE_LOOP('',(#3485,#3486,#3487,#3488));
#1895=AXIS2_PLACEMENT_3D('',#3489,#3490,#3491);
#1896=EDGE_LOOP('',(#3492,#3493,#3494,#3495,#3496,#3497));
#1897=AXIS2_PLACEMENT_3D('',#3498,#3499,#3500);
#1898=EDGE_LOOP('',(#3501,#3502,#3503,#3504,#3505,#3506,#3507,#3508));
#1899=AXIS2_PLACEMENT_3D('',#3509,#3510,#3511);
#1900=EDGE_LOOP('',(#3512,#3513,#3514,#3515,#3516,#3517,#3518,#3519,#3520,#3521));
#1901=EDGE_LOOP('',(#3522,#3523,#3524,#3525));
#1902=AXIS2_PLACEMENT_3D('',#3526,#3527,#3528);
#1903=EDGE_LOOP('',(#3529,#3530,#3531,#3532,#3533,#3534,#3535,#3536,#3537,#3538));
#1904=AXIS2_PLACEMENT_3D('',#3539,#3540,#3541);
#1905=EDGE_LOOP('',(#3542,#3543,#3544,#3545,#3546,#3547,#3548,#3549));
#1906=AXIS2_PLACEMENT_3D('',#3550,#3551,#3552);
#1907=EDGE_LOOP('',(#3553,#3554,#3555,#3556));
#1908=AXIS2_PLACEMENT_3D('',#3557,#3558,#3559);
#1909=EDGE_LOOP('',(#3560,#3561,#3562,#3563));
#1910=AXIS2_PLACEMENT_3D('',#3564,#3565,#3566);
#1911=EDGE_LOOP('',(#3567,#3568,#3569,#3570));
#1912=AXIS2_PLACEMENT_3D('',#3571,#3572,#3573);
#1913=EDGE_LOOP('',(#3574,#3575,#3576,#3577));
#1914=AXIS2_PLACEMENT_3D('',#3578,#3579,#3580);
#1915=EDGE_LOOP('',(#3581,#3582,#3583,#3584));
#1916=AXIS2_PLACEMENT_3D('',#3585,#3586,#3587);
#1917=EDGE_LOOP('',(#3588,#3589,#3590,#3591));
#1918=AXIS2_PLACEMENT_3D('',#3592,#3593,#3594);
#1919=EDGE_LOOP('',(#3595,#3596,#3597,#3598));
#1920=AXIS2_PLACEMENT_3D('',#3599,#3600,#3601);
#1921=EDGE_LOOP('',(#3602,#3603,#3604,#3605));
#1922=AXIS2_PLACEMENT_3D('',#3606,#3607,#3608);
#1923=EDGE_LOOP('',(#3609,#3610,#3611,#3612));
#1924=AXIS2_PLACEMENT_3D('',#3613,#3614,#3615);
#1925=EDGE_LOOP('',(#3616,#3617,#3618,#3619));
#1926=AXIS2_PLACEMENT_3D('',#3620,#3621,#3622);
#1927=EDGE_LOOP('',(#3623,#3624,#3625,#3626));
#1928=AXIS2_PLACEMENT_3D('',#3627,#3628,#3629);
#1929=EDGE_LOOP('',(#3630,#3631,#3632,#3633));
#1930=AXIS2_PLACEMENT_3D('',#3634,#3635,#3636);
#1931=EDGE_LOOP('',(#3637,#3638,#3639,#3640));
#1932=AXIS2_PLACEMENT_3D('',#3641,#3642,#3643);
#1933=EDGE_LOOP('',(#3644,#3645,#3646,#3647));
#1934=AXIS2_PLACEMENT_3D('',#3648,#3649,#3650);
#1935=EDGE_LOOP('',(#3651,#3652,#3653,#3654));
#1936=AXIS2_PLACEMENT_3D('',#3655,#3656,#3657);
#1937=EDGE_LOOP('',(#3658,#3659,#3660,#3661));
#1938=AXIS2_PLACEMENT_3D('',#3662,#3663,#3664);
#1939=EDGE_LOOP('',(#3665,#3666,#3667,#3668));
#1940=AXIS2_PLACEMENT_3D('',#3669,#3670,#3671);
#1941=EDGE_LOOP('',(#3672,#3673,#3674,#3675));
#1942=AXIS2_PLACEMENT_3D('',#3676,#3677,#3678);
#1943=EDGE_LOOP('',(#3679,#3680,#3681,#3682,#3683,#3684,#3685,#3686));
#1944=AXIS2_PLACEMENT_3D('',#3687,#3688,#3689);
#1945=EDGE_LOOP('',(#3690,#3691,#3692,#3693));
#1946=AXIS2_PLACEMENT_3D('',#3694,#3695,#3696);
#1947=EDGE_LOOP('',(#3697,#3698,#3699,#3700,#3701,#3702,#3703,#3704,#3705,#3706));
#1948=AXIS2_PLACEMENT_3D('',#3707,#3708,#3709);
#1949=EDGE_LOOP('',(#3710,#3711,#3712,#3713,#3714,#3715));
#1950=AXIS2_PLACEMENT_3D('',#3716,#3717,#3718);
#1951=EDGE_LOOP('',(#3719,#3720,#3721,#3722,#3723,#3724,#3725,#3726));
#1952=AXIS2_PLACEMENT_3D('',#3727,#3728,#3729);
#1953=EDGE_LOOP('',(#3730,#3731,#3732,#3733));
#1954=AXIS2_PLACEMENT_3D('',#3734,#3735,#3736);
#1955=EDGE_LOOP('',(#3737,#3738,#3739,#3740,#3741,#3742,#3743,#3744,#3745,#3746));
#1956=AXIS2_PLACEMENT_3D('',#3747,#3748,#3749);
#1957=EDGE_LOOP('',(#3750,#3751,#3752,#3753,#3754,#3755));
#1958=AXIS2_PLACEMENT_3D('',#3756,#3757,#3758);
#1959=EDGE_LOOP('',(#3759,#3760,#3761,#3762));
#1960=AXIS2_PLACEMENT_3D('',#3763,#3764,#3765);
#1961=EDGE_LOOP('',(#3766,#3767,#3768,#3769));
#1962=AXIS2_PLACEMENT_3D('',#3770,#3771,#3772);
#1963=EDGE_LOOP('',(#3773,#3774,#3775,#3776,#3777,#3778));
#1964=AXIS2_PLACEMENT_3D('',#3779,#3780,#3781);
#1965=EDGE_LOOP('',(#3782,#3783,#3784,#3785));
#1966=AXIS2_PLACEMENT_3D('',#3786,#3787,#3788);
#1967=EDGE_LOOP('',(#3789,#3790,#3791));
#1968=AXIS2_PLACEMENT_3D('',#3792,#3793,#3794);
#1969=EDGE_LOOP('',(#3795,#3796,#3797));
#1970=AXIS2_PLACEMENT_3D('',#3798,#3799,#3800);
#1971=EDGE_LOOP('',(#3801,#3802,#3803,#3804,#3805,#3806,#3807,#3808));
#1972=AXIS2_PLACEMENT_3D('',#3809,#3810,#3811);
#1973=EDGE_LOOP('',(#3812,#3813,#3814,#3815,#3816,#3817,#3818,#3819));
#1974=AXIS2_PLACEMENT_3D('',#3820,#3821,#3822);
#1975=EDGE_LOOP('',(#3823,#3824,#3825,#3826));
#1976=AXIS2_PLACEMENT_3D('',#3827,#3828,#3829);
#1977=EDGE_LOOP('',(#3830,#3831,#3832,#3833));
#1978=AXIS2_PLACEMENT_3D('',#3834,#3835,#3836);
#1979=EDGE_LOOP('',(#3837,#3838,#3839,#3840));
#1980=AXIS2_PLACEMENT_3D('',#3841,#3842,#3843);
#1981=EDGE_LOOP('',(#3844,#3845,#3846,#3847));
#1982=AXIS2_PLACEMENT_3D('',#3848,#3849,#3850);
#1983=EDGE_LOOP('',(#3851,#3852,#3853,#3854,#3855,#3856,#3857));
#1984=AXIS2_PLACEMENT_3D('',#3858,#3859,#3860);
#1985=EDGE_LOOP('',(#3861,#3862,#3863,#3864));
#1986=AXIS2_PLACEMENT_3D('',#3865,#3866,#3867);
#1987=EDGE_LOOP('',(#3868,#3869,#3870,#3871));
#1988=AXIS2_PLACEMENT_3D('',#3872,#3873,#3874);
#1989=EDGE_LOOP('',(#3875,#3876,#3877,#3878,#3879,#3880,#3881));
#1990=AXIS2_PLACEMENT_3D('',#3882,#3883,#3884);
#1991=EDGE_LOOP('',(#3885,#3886,#3887,#3888));
#1992=AXIS2_PLACEMENT_3D('',#3889,#3890,#3891);
#1993=EDGE_LOOP('',(#3892,#3893,#3894,#3895,#3896,#3897,#3898,#3899));
#1994=EDGE_LOOP('',(#3900,#3901,#3902,#3903));
#1995=AXIS2_PLACEMENT_3D('',#3904,#3905,#3906);
#1996=EDGE_LOOP('',(#3907,#3908,#3909,#3910,#3911,#3912,#3913,#3914));
#1997=EDGE_LOOP('',(#3915,#3916,#3917,#3918));
#1998=AXIS2_PLACEMENT_3D('',#3919,#3920,#3921);
#1999=EDGE_LOOP('',(#3922,#3923,#3924,#3925));
#2000=AXIS2_PLACEMENT_3D('',#3926,#3927,#3928);
#2001=EDGE_LOOP('',(#3929,#3930,#3931,#3932));
#2002=AXIS2_PLACEMENT_3D('',#3933,#3934,#3935);
#2003=EDGE_LOOP('',(#3936,#3937,#3938,#3939));
#2004=AXIS2_PLACEMENT_3D('',#3940,#3941,#3942);
#2005=EDGE_LOOP('',(#3943,#3944));
#2006=AXIS2_PLACEMENT_3D('',#3945,#3946,#3947);
#2007=EDGE_LOOP('',(#3948,#3949,#3950));
#2008=AXIS2_PLACEMENT_3D('',#3951,#3952,#3953);
#2009=EDGE_LOOP('',(#3954,#3955,#3956));
#2010=AXIS2_PLACEMENT_3D('',#3957,#3958,#3959);
#2011=EDGE_LOOP('',(#3960,#3961));
#2012=EDGE_LOOP('',(#3962,#3963));
#2013=AXIS2_PLACEMENT_3D('',#3964,#3965,#3966);
#2014=EDGE_LOOP('',(#3967,#3968,#3969,#3970,#3971,#3972,#3973,#3974));
#2015=AXIS2_PLACEMENT_3D('',#3975,#3976,#3977);
#2016=EDGE_LOOP('',(#3978,#3979,#3980,#3981));
#2017=AXIS2_PLACEMENT_3D('',#3982,#3983,#3984);
#2018=EDGE_LOOP('',(#3985,#3986,#3987,#3988));
#2019=AXIS2_PLACEMENT_3D('',#3989,#3990,#3991);
#2020=EDGE_LOOP('',(#3992,#3993,#3994,#3995,#3996,#3997,#3998,#3999));
#2021=AXIS2_PLACEMENT_3D('',#4000,#4001,#4002);
#2022=EDGE_LOOP('',(#4003,#4004,#4005,#4006));
#2023=AXIS2_PLACEMENT_3D('',#4007,#4008,#4009);
#2024=EDGE_LOOP('',(#4010,#4011));
#2025=AXIS2_PLACEMENT_3D('',#4012,#4013,#4014);
#2026=EDGE_LOOP('',(#4015,#4016,#4017,#4018));
#2027=AXIS2_PLACEMENT_3D('',#4019,#4020,#4021);
#2028=EDGE_LOOP('',(#4022,#4023,#4024,#4025));
#2029=AXIS2_PLACEMENT_3D('',#4026,#4027,#4028);
#2030=EDGE_LOOP('',(#4029,#4030,#4031,#4032));
#2031=AXIS2_PLACEMENT_3D('',#4033,#4034,#4035);
#2032=EDGE_LOOP('',(#4036,#4037,#4038,#4039));
#2033=AXIS2_PLACEMENT_3D('',#4040,#4041,#4042);
#2034=EDGE_LOOP('',(#4043,#4044,#4045,#4046));
#2035=AXIS2_PLACEMENT_3D('',#4047,#4048,#4049);
#2036=EDGE_LOOP('',(#4050,#4051,#4052,#4053));
#2037=AXIS2_PLACEMENT_3D('',#4054,#4055,#4056);
#2038=EDGE_LOOP('',(#4057,#4058,#4059,#4060));
#2039=AXIS2_PLACEMENT_3D('',#4061,#4062,#4063);
#2040=EDGE_LOOP('',(#4064,#4065,#4066,#4067));
#2041=AXIS2_PLACEMENT_3D('',#4068,#4069,#4070);
#2042=EDGE_LOOP('',(#4071,#4072,#4073,#4074,#4075,#4076));
#2043=AXIS2_PLACEMENT_3D('',#4077,#4078,#4079);
#2044=EDGE_LOOP('',(#4080,#4081,#4082,#4083));
#2045=AXIS2_PLACEMENT_3D('',#4084,#4085,#4086);
#2046=EDGE_LOOP('',(#4087,#4088,#4089,#4090));
#2047=AXIS2_PLACEMENT_3D('',#4091,#4092,#4093);
#2048=EDGE_LOOP('',(#4094,#4095,#4096,#4097));
#2049=AXIS2_PLACEMENT_3D('',#4098,#4099,#4100);
#2050=EDGE_LOOP('',(#4101,#4102,#4103,#4104));
#2051=AXIS2_PLACEMENT_3D('',#4105,#4106,#4107);
#2052=EDGE_LOOP('',(#4108,#4109,#4110,#4111));
#2053=AXIS2_PLACEMENT_3D('',#4112,#4113,#4114);
#2054=EDGE_LOOP('',(#4115,#4116));
#2055=AXIS2_PLACEMENT_3D('',#4117,#4118,#4119);
#2056=EDGE_LOOP('',(#4120,#4121,#4122,#4123));
#2057=AXIS2_PLACEMENT_3D('',#4124,#4125,#4126);
#2058=EDGE_LOOP('',(#4127,#4128,#4129,#4130));
#2059=AXIS2_PLACEMENT_3D('',#4131,#4132,#4133);
#2060=EDGE_LOOP('',(#4134,#4135,#4136,#4137));
#2061=AXIS2_PLACEMENT_3D('',#4138,#4139,#4140);
#2062=EDGE_LOOP('',(#4141,#4142,#4143,#4144));
#2063=AXIS2_PLACEMENT_3D('',#4145,#4146,#4147);
#2064=EDGE_LOOP('',(#4148,#4149,#4150,#4151,#4152,#4153));
#2065=AXIS2_PLACEMENT_3D('',#4154,#4155,#4156);
#2066=EDGE_LOOP('',(#4157,#4158,#4159,#4160));
#2067=AXIS2_PLACEMENT_3D('',#4161,#4162,#4163);
#2068=EDGE_LOOP('',(#4164,#4165,#4166,#4167,#4168,#4169,#4170,#4171));
#2069=AXIS2_PLACEMENT_3D('',#4172,#4173,#4174);
#2070=EDGE_LOOP('',(#4175,#4176,#4177,#4178));
#2071=AXIS2_PLACEMENT_3D('',#4179,#4180,#4181);
#2072=EDGE_LOOP('',(#4182,#4183,#4184,#4185));
#2073=AXIS2_PLACEMENT_3D('',#4186,#4187,#4188);
#2074=EDGE_LOOP('',(#4189,#4190,#4191,#4192));
#2075=AXIS2_PLACEMENT_3D('',#4193,#4194,#4195);
#2076=EDGE_LOOP('',(#4196,#4197,#4198,#4199));
#2077=AXIS2_PLACEMENT_3D('',#4200,#4201,#4202);
#2078=EDGE_LOOP('',(#4203,#4204,#4205,#4206,#4207,#4208,#4209,#4210,#4211,#4212,#4213,#4214,#4215,#4216));
#2079=EDGE_LOOP('',(#4217,#4218,#4219,#4220,#4221,#4222,#4223,#4224,#4225,#4226,#4227,#4228,#4229));
#2080=EDGE_LOOP('',(#4230,#4231,#4232,#4233,#4234,#4235,#4236,#4237,#4238,#4239,#4240,#4241,#4242));
#2081=EDGE_LOOP('',(#4243,#4244,#4245,#4246,#4247,#4248,#4249,#4250,#4251,#4252,#4253,#4254,#4255,#4256,#4257,#4258,#4259,#4260,#4261,#4262));
#2082=EDGE_LOOP('',(#4263,#4264,#4265,#4266,#4267,#4268,#4269,#4270,#4271,#4272,#4273,#4274,#4275,#4276,#4277,#4278,#4279,#4280,#4281,#4282,#4283,#4284,#4285,#4286,#4287,#4288,#4289,#4290,#4291,#4292,#4293,#4294,#4295,#4296,#4297,#4298,#4299,#4300,#4301,#4302,#4303,#4304,#4305,#4306,#4307,#4308,#4309,#4310,#4311,#4312,#4313,#4314,#4315,#4316,#4317,#4318,#4319,#4320,#4321,#4322,#4323,#4324,#4325,#4326,#4327,#4328,#4329,#4330,#4331,#4332,#4333));
#2083=EDGE_LOOP('',(#4334,#4335,#4336,#4337,#4338,#4339,#4340,#4341,#4342,#4343,#4344,#4345));
#2084=EDGE_LOOP('',(#4346,#4347,#4348,#4349,#4350,#4351,#4352,#4353,#4354,#4355,#4356,#4357,#4358,#4359,#4360));
#2085=EDGE_LOOP('',(#4361,#4362,#4363,#4364,#4365,#4366,#4367,#4368,#4369,#4370));
#2086=EDGE_LOOP('',(#4371,#4372,#4373,#4374,#4375,#4376,#4377,#4378));
#2087=EDGE_LOOP('',(#4379,#4380,#4381,#4382,#4383,#4384,#4385,#4386,#4387,#4388,#4389,#4390,#4391,#4392,#4393,#4394,#4395,#4396,#4397,#4398,#4399,#4400,#4401,#4402,#4403,#4404,#4405,#4406,#4407,#4408,#4409,#4410,#4411,#4412,#4413,#4414,#4415,#4416,#4417,#4418,#4419,#4420,#4421,#4422,#4423,#4424,#4425,#4426,#4427,#4428));
#2088=AXIS2_PLACEMENT_3D('',#4429,#4430,#4431);
#2089=EDGE_LOOP('',(#4432,#4433,#4434,#4435,#4436,#4437,#4438,#4439,#4440,#4441,#4442,#4443,#4444,#4445,#4446,#4447,#4448,#4449,#4450,#4451,#4452,#4453,#4454,#4455,#4456,#4457,#4458,#4459,#4460,#4461,#4462,#4463,#4464,#4465,#4466,#4467,#4468,#4469,#4470,#4471,#4472,#4473,#4474,#4475,#4476,#4477,#4478,#4479,#4480,#4481,#4482,#4483,#4484,#4485,#4486,#4487,#4488,#4489,#4490,#4491,#4492,#4493,#4494,#4495,#4496,#4497,#4498,#4499,#4500,#4501,#4502));
#2090=AXIS2_PLACEMENT_3D('',#4503,#4504,#4505);
#2091=EDGE_LOOP('',(#4506,#4507,#4508,#4509));
#2092=AXIS2_PLACEMENT_3D('',#4510,#4511,#4512);
#2093=EDGE_LOOP('',(#4513,#4514,#4515,#4516));
#2094=AXIS2_PLACEMENT_3D('',#4517,#4518,#4519);
#2095=EDGE_LOOP('',(#4520,#4521,#4522,#4523));
#2096=AXIS2_PLACEMENT_3D('',#4524,#4525,#4526);
#2097=EDGE_LOOP('',(#4527,#4528,#4529,#4530));
#2098=AXIS2_PLACEMENT_3D('',#4531,#4532,#4533);
#2099=EDGE_LOOP('',(#4534,#4535,#4536,#4537));
#2100=AXIS2_PLACEMENT_3D('',#4538,#4539,#4540);
#2101=EDGE_LOOP('',(#4541,#4542,#4543,#4544));
#2102=AXIS2_PLACEMENT_3D('',#4545,#4546,#4547);
#2103=EDGE_LOOP('',(#4548,#4549,#4550,#4551));
#2104=AXIS2_PLACEMENT_3D('',#4552,#4553,#4554);
#2105=EDGE_LOOP('',(#4555,#4556,#4557,#4558));
#2106=AXIS2_PLACEMENT_3D('',#4559,#4560,#4561);
#2107=EDGE_LOOP('',(#4562,#4563,#4564,#4565));
#2108=AXIS2_PLACEMENT_3D('',#4566,#4567,#4568);
#2109=EDGE_LOOP('',(#4569,#4570,#4571,#4572));
#2110=AXIS2_PLACEMENT_3D('',#4573,#4574,#4575);
#2111=EDGE_LOOP('',(#4576,#4577,#4578,#4579));
#2112=AXIS2_PLACEMENT_3D('',#4580,#4581,#4582);
#2113=EDGE_LOOP('',(#4583,#4584,#4585,#4586));
#2114=AXIS2_PLACEMENT_3D('',#4587,#4588,#4589);
#2115=EDGE_LOOP('',(#4590,#4591,#4592,#4593));
#2116=AXIS2_PLACEMENT_3D('',#4594,#4595,#4596);
#2117=EDGE_LOOP('',(#4597,#4598,#4599,#4600));
#2118=AXIS2_PLACEMENT_3D('',#4601,#4602,#4603);
#2119=EDGE_LOOP('',(#4604,#4605,#4606,#4607));
#2120=AXIS2_PLACEMENT_3D('',#4608,#4609,#4610);
#2121=EDGE_LOOP('',(#4611,#4612,#4613,#4614));
#2122=AXIS2_PLACEMENT_3D('',#4615,#4616,#4617);
#2123=EDGE_LOOP('',(#4618,#4619,#4620,#4621));
#2124=AXIS2_PLACEMENT_3D('',#4622,#4623,#4624);
#2125=EDGE_LOOP('',(#4625,#4626,#4627,#4628));
#2126=AXIS2_PLACEMENT_3D('',#4629,#4630,#4631);
#2127=EDGE_LOOP('',(#4632,#4633,#4634,#4635));
#2128=AXIS2_PLACEMENT_3D('',#4636,#4637,#4638);
#2129=EDGE_LOOP('',(#4639,#4640,#4641,#4642));
#2130=AXIS2_PLACEMENT_3D('',#4643,#4644,#4645);
#2131=EDGE_LOOP('',(#4646,#4647,#4648,#4649));
#2132=AXIS2_PLACEMENT_3D('',#4650,#4651,#4652);
#2133=EDGE_LOOP('',(#4653,#4654,#4655,#4656));
#2134=AXIS2_PLACEMENT_3D('',#4657,#4658,#4659);
#2135=EDGE_LOOP('',(#4660,#4661,#4662,#4663));
#2136=AXIS2_PLACEMENT_3D('',#4664,#4665,#4666);
#2137=EDGE_LOOP('',(#4667,#4668,#4669,#4670));
#2138=AXIS2_PLACEMENT_3D('',#4671,#4672,#4673);
#2139=EDGE_LOOP('',(#4674,#4675,#4676,#4677));
#2140=AXIS2_PLACEMENT_3D('',#4678,#4679,#4680);
#2141=EDGE_LOOP('',(#4681,#4682,#4683,#4684));
#2142=AXIS2_PLACEMENT_3D('',#4685,#4686,#4687);
#2143=EDGE_LOOP('',(#4688,#4689,#4690,#4691));
#2144=AXIS2_PLACEMENT_3D('',#4692,#4693,#4694);
#2145=EDGE_LOOP('',(#4695,#4696,#4697,#4698));
#2146=AXIS2_PLACEMENT_3D('',#4699,#4700,#4701);
#2147=EDGE_LOOP('',(#4702,#4703,#4704,#4705));
#2148=AXIS2_PLACEMENT_3D('',#4706,#4707,#4708);
#2149=EDGE_LOOP('',(#4709,#4710,#4711,#4712));
#2150=AXIS2_PLACEMENT_3D('',#4713,#4714,#4715);
#2151=EDGE_LOOP('',(#4716,#4717,#4718,#4719));
#2152=AXIS2_PLACEMENT_3D('',#4720,#4721,#4722);
#2153=EDGE_LOOP('',(#4723,#4724,#4725,#4726));
#2154=AXIS2_PLACEMENT_3D('',#4727,#4728,#4729);
#2155=EDGE_LOOP('',(#4730,#4731,#4732,#4733));
#2156=AXIS2_PLACEMENT_3D('',#4734,#4735,#4736);
#2157=EDGE_LOOP('',(#4737,#4738,#4739,#4740));
#2158=AXIS2_PLACEMENT_3D('',#4741,#4742,#4743);
#2159=EDGE_LOOP('',(#4744,#4745,#4746,#4747));
#2160=AXIS2_PLACEMENT_3D('',#4748,#4749,#4750);
#2161=EDGE_LOOP('',(#4751,#4752,#4753,#4754));
#2162=AXIS2_PLACEMENT_3D('',#4755,#4756,#4757);
#2163=EDGE_LOOP('',(#4758,#4759,#4760,#4761));
#2164=AXIS2_PLACEMENT_3D('',#4762,#4763,#4764);
#2165=EDGE_LOOP('',(#4765,#4766,#4767,#4768));
#2166=AXIS2_PLACEMENT_3D('',#4769,#4770,#4771);
#2167=EDGE_LOOP('',(#4772,#4773,#4774,#4775));
#2168=AXIS2_PLACEMENT_3D('',#4776,#4777,#4778);
#2169=EDGE_LOOP('',(#4779,#4780,#4781,#4782));
#2170=AXIS2_PLACEMENT_3D('',#4783,#4784,#4785);
#2171=EDGE_LOOP('',(#4786,#4787,#4788,#4789));
#2172=AXIS2_PLACEMENT_3D('',#4790,#4791,#4792);
#2173=EDGE_LOOP('',(#4793,#4794,#4795,#4796));
#2174=AXIS2_PLACEMENT_3D('',#4797,#4798,#4799);
#2175=EDGE_LOOP('',(#4800,#4801,#4802,#4803));
#2176=AXIS2_PLACEMENT_3D('',#4804,#4805,#4806);
#2177=EDGE_LOOP('',(#4807,#4808,#4809,#4810));
#2178=AXIS2_PLACEMENT_3D('',#4811,#4812,#4813);
#2179=EDGE_LOOP('',(#4814,#4815,#4816,#4817));
#2180=AXIS2_PLACEMENT_3D('',#4818,#4819,#4820);
#2181=EDGE_LOOP('',(#4821,#4822,#4823,#4824));
#2182=AXIS2_PLACEMENT_3D('',#4825,#4826,#4827);
#2183=EDGE_LOOP('',(#4828,#4829,#4830,#4831));
#2184=AXIS2_PLACEMENT_3D('',#4832,#4833,#4834);
#2185=EDGE_LOOP('',(#4835,#4836,#4837,#4838));
#2186=AXIS2_PLACEMENT_3D('',#4839,#4840,#4841);
#2187=EDGE_LOOP('',(#4842,#4843,#4844,#4845));
#2188=AXIS2_PLACEMENT_3D('',#4846,#4847,#4848);
#2189=EDGE_LOOP('',(#4849,#4850,#4851,#4852));
#2190=AXIS2_PLACEMENT_3D('',#4853,#4854,#4855);
#2191=EDGE_LOOP('',(#4856,#4857,#4858,#4859));
#2192=AXIS2_PLACEMENT_3D('',#4860,#4861,#4862);
#2193=EDGE_LOOP('',(#4863,#4864,#4865,#4866));
#2194=AXIS2_PLACEMENT_3D('',#4867,#4868,#4869);
#2195=EDGE_LOOP('',(#4870,#4871,#4872,#4873));
#2196=AXIS2_PLACEMENT_3D('',#4874,#4875,#4876);
#2197=EDGE_LOOP('',(#4877,#4878,#4879,#4880));
#2198=AXIS2_PLACEMENT_3D('',#4881,#4882,#4883);
#2199=EDGE_LOOP('',(#4884,#4885,#4886,#4887));
#2200=AXIS2_PLACEMENT_3D('',#4888,#4889,#4890);
#2201=EDGE_LOOP('',(#4891,#4892,#4893,#4894));
#2202=AXIS2_PLACEMENT_3D('',#4895,#4896,#4897);
#2203=EDGE_LOOP('',(#4898,#4899,#4900,#4901));
#2204=AXIS2_PLACEMENT_3D('',#4902,#4903,#4904);
#2205=EDGE_LOOP('',(#4905,#4906,#4907,#4908));
#2206=AXIS2_PLACEMENT_3D('',#4909,#4910,#4911);
#2207=EDGE_LOOP('',(#4912,#4913,#4914,#4915));
#2208=AXIS2_PLACEMENT_3D('',#4916,#4917,#4918);
#2209=EDGE_LOOP('',(#4919,#4920,#4921,#4922));
#2210=AXIS2_PLACEMENT_3D('',#4923,#4924,#4925);
#2211=EDGE_LOOP('',(#4926,#4927,#4928,#4929));
#2212=AXIS2_PLACEMENT_3D('',#4930,#4931,#4932);
#2213=EDGE_LOOP('',(#4933,#4934,#4935,#4936));
#2214=AXIS2_PLACEMENT_3D('',#4937,#4938,#4939);
#2215=EDGE_LOOP('',(#4940,#4941,#4942,#4943));
#2216=AXIS2_PLACEMENT_3D('',#4944,#4945,#4946);
#2217=EDGE_LOOP('',(#4947,#4948,#4949,#4950));
#2218=AXIS2_PLACEMENT_3D('',#4951,#4952,#4953);
#2219=EDGE_LOOP('',(#4954,#4955,#4956,#4957));
#2220=AXIS2_PLACEMENT_3D('',#4958,#4959,#4960);
#2221=EDGE_LOOP('',(#4961,#4962,#4963,#4964));
#2222=AXIS2_PLACEMENT_3D('',#4965,#4966,#4967);
#2223=EDGE_LOOP('',(#4968,#4969,#4970,#4971));
#2224=AXIS2_PLACEMENT_3D('',#4972,#4973,#4974);
#2225=EDGE_LOOP('',(#4975,#4976,#4977,#4978));
#2226=AXIS2_PLACEMENT_3D('',#4979,#4980,#4981);
#2227=EDGE_LOOP('',(#4982,#4983,#4984,#4985));
#2228=AXIS2_PLACEMENT_3D('',#4986,#4987,#4988);
#2229=EDGE_LOOP('',(#4989,#4990,#4991,#4992));
#2230=AXIS2_PLACEMENT_3D('',#4993,#4994,#4995);
#2231=EDGE_LOOP('',(#4996,#4997,#4998,#4999));
#2232=AXIS2_PLACEMENT_3D('',#5000,#5001,#5002);
#2233=EDGE_LOOP('',(#5003,#5004,#5005,#5006,#5007,#5008,#5009,#5010,#5011,#5012,#5013,#5014));
#2234=AXIS2_PLACEMENT_3D('',#5015,#5016,#5017);
#2235=EDGE_LOOP('',(#5018,#5019,#5020,#5021));
#2236=AXIS2_PLACEMENT_3D('',#5022,#5023,#5024);
#2237=EDGE_LOOP('',(#5025,#5026,#5027,#5028));
#2238=AXIS2_PLACEMENT_3D('',#5029,#5030,#5031);
#2239=EDGE_LOOP('',(#5032,#5033,#5034,#5035));
#2240=AXIS2_PLACEMENT_3D('',#5036,#5037,#5038);
#2241=EDGE_LOOP('',(#5039,#5040,#5041,#5042));
#2242=AXIS2_PLACEMENT_3D('',#5043,#5044,#5045);
#2243=EDGE_LOOP('',(#5046,#5047,#5048,#5049));
#2244=AXIS2_PLACEMENT_3D('',#5050,#5051,#5052);
#2245=EDGE_LOOP('',(#5053,#5054,#5055,#5056));
#2246=AXIS2_PLACEMENT_3D('',#5057,#5058,#5059);
#2247=EDGE_LOOP('',(#5060,#5061,#5062,#5063));
#2248=AXIS2_PLACEMENT_3D('',#5064,#5065,#5066);
#2249=EDGE_LOOP('',(#5067,#5068,#5069,#5070));
#2250=AXIS2_PLACEMENT_3D('',#5071,#5072,#5073);
#2251=EDGE_LOOP('',(#5074,#5075,#5076,#5077));
#2252=AXIS2_PLACEMENT_3D('',#5078,#5079,#5080);
#2253=EDGE_LOOP('',(#5081,#5082,#5083,#5084));
#2254=AXIS2_PLACEMENT_3D('',#5085,#5086,#5087);
#2255=EDGE_LOOP('',(#5088,#5089,#5090,#5091));
#2256=AXIS2_PLACEMENT_3D('',#5092,#5093,#5094);
#2257=EDGE_LOOP('',(#5095,#5096,#5097,#5098));
#2258=AXIS2_PLACEMENT_3D('',#5099,#5100,#5101);
#2259=EDGE_LOOP('',(#5102,#5103,#5104,#5105,#5106,#5107,#5108,#5109,#5110,#5111));
#2260=AXIS2_PLACEMENT_3D('',#5112,#5113,#5114);
#2261=EDGE_LOOP('',(#5115,#5116,#5117,#5118));
#2262=AXIS2_PLACEMENT_3D('',#5119,#5120,#5121);
#2263=EDGE_LOOP('',(#5122,#5123,#5124,#5125));
#2264=AXIS2_PLACEMENT_3D('',#5126,#5127,#5128);
#2265=EDGE_LOOP('',(#5129,#5130,#5131,#5132));
#2266=AXIS2_PLACEMENT_3D('',#5133,#5134,#5135);
#2267=EDGE_LOOP('',(#5136,#5137,#5138,#5139));
#2268=AXIS2_PLACEMENT_3D('',#5140,#5141,#5142);
#2269=EDGE_LOOP('',(#5143,#5144,#5145,#5146));
#2270=AXIS2_PLACEMENT_3D('',#5147,#5148,#5149);
#2271=EDGE_LOOP('',(#5150,#5151,#5152,#5153));
#2272=AXIS2_PLACEMENT_3D('',#5154,#5155,#5156);
#2273=EDGE_LOOP('',(#5157,#5158,#5159,#5160));
#2274=AXIS2_PLACEMENT_3D('',#5161,#5162,#5163);
#2275=EDGE_LOOP('',(#5164,#5165,#5166,#5167));
#2276=AXIS2_PLACEMENT_3D('',#5168,#5169,#5170);
#2277=EDGE_LOOP('',(#5171,#5172,#5173,#5174));
#2278=AXIS2_PLACEMENT_3D('',#5175,#5176,#5177);
#2279=EDGE_LOOP('',(#5178,#5179,#5180,#5181));
#2280=AXIS2_PLACEMENT_3D('',#5182,#5183,#5184);
#2281=EDGE_LOOP('',(#5185,#5186,#5187,#5188));
#2282=AXIS2_PLACEMENT_3D('',#5189,#5190,#5191);
#2283=EDGE_LOOP('',(#5192,#5193,#5194,#5195,#5196,#5197,#5198,#5199,#5200,#5201,#5202,#5203,#5204,#5205,#5206));
#2284=AXIS2_PLACEMENT_3D('',#5207,#5208,#5209);
#2285=EDGE_LOOP('',(#5210,#5211,#5212,#5213));
#2286=AXIS2_PLACEMENT_3D('',#5214,#5215,#5216);
#2287=EDGE_LOOP('',(#5217,#5218,#5219,#5220));
#2288=AXIS2_PLACEMENT_3D('',#5221,#5222,#5223);
#2289=EDGE_LOOP('',(#5224,#5225,#5226,#5227));
#2290=AXIS2_PLACEMENT_3D('',#5228,#5229,#5230);
#2291=EDGE_LOOP('',(#5231,#5232,#5233,#5234));
#2292=AXIS2_PLACEMENT_3D('',#5235,#5236,#5237);
#2293=EDGE_LOOP('',(#5238,#5239,#5240,#5241));
#2294=AXIS2_PLACEMENT_3D('',#5242,#5243,#5244);
#2295=EDGE_LOOP('',(#5245,#5246,#5247,#5248));
#2296=AXIS2_PLACEMENT_3D('',#5249,#5250,#5251);
#2297=EDGE_LOOP('',(#5252,#5253,#5254,#5255));
#2298=AXIS2_PLACEMENT_3D('',#5256,#5257,#5258);
#2299=EDGE_LOOP('',(#5259,#5260,#5261,#5262));
#2300=AXIS2_PLACEMENT_3D('',#5263,#5264,#5265);
#2301=EDGE_LOOP('',(#5266,#5267,#5268,#5269));
#2302=AXIS2_PLACEMENT_3D('',#5270,#5271,#5272);
#2303=EDGE_LOOP('',(#5273,#5274,#5275,#5276));
#2304=AXIS2_PLACEMENT_3D('',#5277,#5278,#5279);
#2305=EDGE_LOOP('',(#5280,#5281,#5282,#5283));
#2306=AXIS2_PLACEMENT_3D('',#5284,#5285,#5286);
#2307=EDGE_LOOP('',(#5287,#5288,#5289,#5290));
#2308=AXIS2_PLACEMENT_3D('',#5291,#5292,#5293);
#2309=EDGE_LOOP('',(#5294,#5295,#5296,#5297));
#2310=AXIS2_PLACEMENT_3D('',#5298,#5299,#5300);
#2311=EDGE_LOOP('',(#5301,#5302,#5303,#5304));
#2312=AXIS2_PLACEMENT_3D('',#5305,#5306,#5307);
#2313=EDGE_LOOP('',(#5308,#5309,#5310,#5311));
#2314=AXIS2_PLACEMENT_3D('',#5312,#5313,#5314);
#2315=EDGE_LOOP('',(#5315,#5316,#5317,#5318,#5319,#5320,#5321,#5322,#5323,#5324,#5325,#5326,#5327,#5328,#5329,#5330,#5331,#5332,#5333,#5334,#5335,#5336,#5337,#5338,#5339,#5340,#5341,#5342,#5343,#5344,#5345,#5346,#5347,#5348,#5349,#5350,#5351,#5352,#5353,#5354,#5355,#5356,#5357,#5358,#5359,#5360,#5361,#5362,#5363,#5364));
#2316=AXIS2_PLACEMENT_3D('',#5365,#5366,#5367);
#2317=EDGE_LOOP('',(#5368,#5369,#5370,#5371));
#2318=AXIS2_PLACEMENT_3D('',#5372,#5373,#5374);
#2319=EDGE_LOOP('',(#5375,#5376,#5377,#5378));
#2320=AXIS2_PLACEMENT_3D('',#5379,#5380,#5381);
#2321=EDGE_LOOP('',(#5382,#5383,#5384,#5385));
#2322=AXIS2_PLACEMENT_3D('',#5386,#5387,#5388);
#2323=EDGE_LOOP('',(#5389,#5390,#5391,#5392));
#2324=AXIS2_PLACEMENT_3D('',#5393,#5394,#5395);
#2325=EDGE_LOOP('',(#5396,#5397,#5398,#5399));
#2326=AXIS2_PLACEMENT_3D('',#5400,#5401,#5402);
#2327=EDGE_LOOP('',(#5403,#5404,#5405,#5406));
#2328=AXIS2_PLACEMENT_3D('',#5407,#5408,#5409);
#2329=EDGE_LOOP('',(#5410,#5411,#5412,#5413));
#2330=AXIS2_PLACEMENT_3D('',#5414,#5415,#5416);
#2331=EDGE_LOOP('',(#5417,#5418,#5419,#5420));
#2332=AXIS2_PLACEMENT_3D('',#5421,#5422,#5423);
#2333=EDGE_LOOP('',(#5424,#5425,#5426,#5427));
#2334=AXIS2_PLACEMENT_3D('',#5428,#5429,#5430);
#2335=EDGE_LOOP('',(#5431,#5432,#5433,#5434));
#2336=AXIS2_PLACEMENT_3D('',#5435,#5436,#5437);
#2337=EDGE_LOOP('',(#5438,#5439,#5440,#5441));
#2338=AXIS2_PLACEMENT_3D('',#5442,#5443,#5444);
#2339=EDGE_LOOP('',(#5445,#5446,#5447,#5448));
#2340=AXIS2_PLACEMENT_3D('',#5449,#5450,#5451);
#2341=EDGE_LOOP('',(#5452,#5453,#5454,#5455));
#2342=AXIS2_PLACEMENT_3D('',#5456,#5457,#5458);
#2343=EDGE_LOOP('',(#5459,#5460,#5461,#5462));
#2344=AXIS2_PLACEMENT_3D('',#5463,#5464,#5465);
#2345=EDGE_LOOP('',(#5466,#5467,#5468,#5469));
#2346=AXIS2_PLACEMENT_3D('',#5470,#5471,#5472);
#2347=EDGE_LOOP('',(#5473,#5474,#5475,#5476));
#2348=AXIS2_PLACEMENT_3D('',#5477,#5478,#5479);
#2349=EDGE_LOOP('',(#5480,#5481,#5482,#5483));
#2350=AXIS2_PLACEMENT_3D('',#5484,#5485,#5486);
#2351=EDGE_LOOP('',(#5487,#5488,#5489,#5490));
#2352=AXIS2_PLACEMENT_3D('',#5491,#5492,#5493);
#2353=EDGE_LOOP('',(#5494,#5495,#5496,#5497));
#2354=AXIS2_PLACEMENT_3D('',#5498,#5499,#5500);
#2355=EDGE_LOOP('',(#5501,#5502,#5503,#5504));
#2356=AXIS2_PLACEMENT_3D('',#5505,#5506,#5507);
#2357=EDGE_LOOP('',(#5508,#5509,#5510,#5511));
#2358=AXIS2_PLACEMENT_3D('',#5512,#5513,#5514);
#2359=EDGE_LOOP('',(#5515,#5516,#5517,#5518));
#2360=AXIS2_PLACEMENT_3D('',#5519,#5520,#5521);
#2361=EDGE_LOOP('',(#5522,#5523,#5524,#5525));
#2362=AXIS2_PLACEMENT_3D('',#5526,#5527,#5528);
#2363=EDGE_LOOP('',(#5529,#5530,#5531,#5532));
#2364=AXIS2_PLACEMENT_3D('',#5533,#5534,#5535);
#2365=EDGE_LOOP('',(#5536,#5537,#5538,#5539));
#2366=AXIS2_PLACEMENT_3D('',#5540,#5541,#5542);
#2367=EDGE_LOOP('',(#5543,#5544,#5545,#5546));
#2368=AXIS2_PLACEMENT_3D('',#5547,#5548,#5549);
#2369=EDGE_LOOP('',(#5550,#5551,#5552,#5553));
#2370=AXIS2_PLACEMENT_3D('',#5554,#5555,#5556);
#2371=EDGE_LOOP('',(#5557,#5558,#5559,#5560));
#2372=AXIS2_PLACEMENT_3D('',#5561,#5562,#5563);
#2373=EDGE_LOOP('',(#5564,#5565,#5566,#5567));
#2374=AXIS2_PLACEMENT_3D('',#5568,#5569,#5570);
#2375=EDGE_LOOP('',(#5571,#5572,#5573,#5574));
#2376=AXIS2_PLACEMENT_3D('',#5575,#5576,#5577);
#2377=EDGE_LOOP('',(#5578,#5579,#5580,#5581));
#2378=AXIS2_PLACEMENT_3D('',#5582,#5583,#5584);
#2379=EDGE_LOOP('',(#5585,#5586,#5587,#5588));
#2380=AXIS2_PLACEMENT_3D('',#5589,#5590,#5591);
#2381=EDGE_LOOP('',(#5592,#5593,#5594,#5595));
#2382=AXIS2_PLACEMENT_3D('',#5596,#5597,#5598);
#2383=EDGE_LOOP('',(#5599,#5600,#5601,#5602));
#2384=AXIS2_PLACEMENT_3D('',#5603,#5604,#5605);
#2385=EDGE_LOOP('',(#5606,#5607,#5608,#5609));
#2386=AXIS2_PLACEMENT_3D('',#5610,#5611,#5612);
#2387=EDGE_LOOP('',(#5613,#5614,#5615,#5616));
#2388=AXIS2_PLACEMENT_3D('',#5617,#5618,#5619);
#2389=EDGE_LOOP('',(#5620,#5621,#5622,#5623));
#2390=AXIS2_PLACEMENT_3D('',#5624,#5625,#5626);
#2391=EDGE_LOOP('',(#5627,#5628,#5629,#5630));
#2392=AXIS2_PLACEMENT_3D('',#5631,#5632,#5633);
#2393=EDGE_LOOP('',(#5634,#5635,#5636,#5637));
#2394=AXIS2_PLACEMENT_3D('',#5638,#5639,#5640);
#2395=EDGE_LOOP('',(#5641,#5642,#5643,#5644));
#2396=AXIS2_PLACEMENT_3D('',#5645,#5646,#5647);
#2397=EDGE_LOOP('',(#5648,#5649,#5650,#5651));
#2398=AXIS2_PLACEMENT_3D('',#5652,#5653,#5654);
#2399=EDGE_LOOP('',(#5655,#5656,#5657,#5658));
#2400=AXIS2_PLACEMENT_3D('',#5659,#5660,#5661);
#2401=EDGE_LOOP('',(#5662,#5663,#5664,#5665));
#2402=AXIS2_PLACEMENT_3D('',#5666,#5667,#5668);
#2403=EDGE_LOOP('',(#5669,#5670,#5671,#5672));
#2404=AXIS2_PLACEMENT_3D('',#5673,#5674,#5675);
#2405=EDGE_LOOP('',(#5676,#5677,#5678,#5679));
#2406=AXIS2_PLACEMENT_3D('',#5680,#5681,#5682);
#2407=EDGE_LOOP('',(#5683,#5684,#5685,#5686));
#2408=AXIS2_PLACEMENT_3D('',#5687,#5688,#5689);
#2409=EDGE_LOOP('',(#5690,#5691,#5692,#5693));
#2410=AXIS2_PLACEMENT_3D('',#5694,#5695,#5696);
#2411=EDGE_LOOP('',(#5697,#5698,#5699,#5700));
#2412=AXIS2_PLACEMENT_3D('',#5701,#5702,#5703);
#2413=EDGE_LOOP('',(#5704,#5705,#5706,#5707));
#2414=AXIS2_PLACEMENT_3D('',#5708,#5709,#5710);
#2415=EDGE_LOOP('',(#5711,#5712,#5713,#5714));
#2416=AXIS2_PLACEMENT_3D('',#5715,#5716,#5717);
#2417=EDGE_LOOP('',(#5718,#5719,#5720,#5721));
#2418=AXIS2_PLACEMENT_3D('',#5722,#5723,#5724);
#2419=EDGE_LOOP('',(#5725,#5726,#5727,#5728));
#2420=AXIS2_PLACEMENT_3D('',#5729,#5730,#5731);
#2421=EDGE_LOOP('',(#5732,#5733,#5734,#5735));
#2422=AXIS2_PLACEMENT_3D('',#5736,#5737,#5738);
#2423=EDGE_LOOP('',(#5739,#5740,#5741,#5742));
#2424=AXIS2_PLACEMENT_3D('',#5743,#5744,#5745);
#2425=EDGE_LOOP('',(#5746,#5747,#5748,#5749));
#2426=AXIS2_PLACEMENT_3D('',#5750,#5751,#5752);
#2427=EDGE_LOOP('',(#5753,#5754,#5755,#5756));
#2428=AXIS2_PLACEMENT_3D('',#5757,#5758,#5759);
#2429=EDGE_LOOP('',(#5760,#5761,#5762,#5763));
#2430=AXIS2_PLACEMENT_3D('',#5764,#5765,#5766);
#2431=EDGE_LOOP('',(#5767,#5768,#5769,#5770,#5771,#5772,#5773,#5774));
#2432=EDGE_LOOP('',(#5775,#5776));
#2433=EDGE_LOOP('',(#5777,#5778,#5779,#5780,#5781,#5782,#5783,#5784,#5785,#5786,#5787,#5788));
#2434=EDGE_LOOP('',(#5789,#5790,#5791,#5792,#5793,#5794,#5795,#5796));
#2435=AXIS2_PLACEMENT_3D('',#5797,#5798,#5799);
#2436=EDGE_LOOP('',(#5800,#5801,#5802,#5803));
#2437=B_SPLINE_CURVE_WITH_KNOTS('',3,(#5804,#5805,#5806,#5807,#5808,#5809,#5810,#5811,#5812,#5813,#5814,#5815,#5816,#5817,#5818,#5819,#5820,#5821),.UNSPECIFIED.,.F.,.F.,(4,2,2,2,2,2,2,2,4),(7.5,8.0,9.0,10.0,11.0,12.0,13.0,14.0,15.0),.UNSPECIFIED.);
#2438=VECTOR('',#5822,1.0);
#2439=EDGE_LOOP('',(#5823,#5824));
#2440=AXIS2_PLACEMENT_3D('',#5825,#5826,#5827);
#2441=EDGE_LOOP('',(#5828,#5829,#5830,#5831,#5832,#5833,#5834,#5835,#5836,#5837,#5838,#5839));
#2442=AXIS2_PLACEMENT_3D('',#5840,#5841,#5842);
#2443=EDGE_LOOP('',(#5843,#5844,#5845,#5846));
#2444=AXIS2_PLACEMENT_3D('',#5847,#5848,#5849);
#2445=EDGE_LOOP('',(#5850,#5851,#5852,#5853));
#2446=AXIS2_PLACEMENT_3D('',#5854,#5855,#5856);
#2447=EDGE_LOOP('',(#5857,#5858,#5859,#5860));
#2448=AXIS2_PLACEMENT_3D('',#5861,#5862,#5863);
#2449=EDGE_LOOP('',(#5864,#5865,#5866,#5867));
#2450=AXIS2_PLACEMENT_3D('',#5868,#5869,#5870);
#2451=EDGE_LOOP('',(#5871,#5872,#5873,#5874));
#2452=AXIS2_PLACEMENT_3D('',#5875,#5876,#5877);
#2453=EDGE_LOOP('',(#5878,#5879,#5880,#5881));
#2454=AXIS2_PLACEMENT_3D('',#5882,#5883,#5884);
#2455=EDGE_LOOP('',(#5885,#5886,#5887,#5888));
#2456=AXIS2_PLACEMENT_3D('',#5889,#5890,#5891);
#2457=EDGE_LOOP('',(#5892,#5893,#5894,#5895));
#2458=AXIS2_PLACEMENT_3D('',#5896,#5897,#5898);
#2459=EDGE_LOOP('',(#5899,#5900,#5901,#5902));
#2460=AXIS2_PLACEMENT_3D('',#5903,#5904,#5905);
#2461=EDGE_LOOP('',(#5906,#5907,#5908,#5909));
#2462=AXIS2_PLACEMENT_3D('',#5910,#5911,#5912);
#2463=EDGE_LOOP('',(#5913,#5914,#5915,#5916));
#2464=B_SPLINE_CURVE_WITH_KNOTS('',3,(#5917,#5918,#5919,#5920,#5921,#5922,#5923,#5924,#5925,#5926,#5927,#5928,#5929,#5930,#5931,#5932,#5933,#5934),.UNSPECIFIED.,.F.,.F.,(4,2,2,2,2,2,2,2,4),(-2.79401892080286,0.0,1.0,2.0,3.0,4.0,5.0,6.0,8.79401892081109),.UNSPECIFIED.);
#2465=VECTOR('',#5935,1.0);
#2466=EDGE_LOOP('',(#5936,#5937,#5938,#5939));
#2467=AXIS2_PLACEMENT_3D('',#5940,#5941,#5942);
#2468=EDGE_LOOP('',(#5943,#5944,#5945,#5946,#5947,#5948,#5949,#5950));
#2469=AXIS2_PLACEMENT_3D('',#5951,#5952,#5953);
#2470=EDGE_LOOP('',(#5954,#5955,#5956,#5957));
#2471=AXIS2_PLACEMENT_3D('',#5958,#5959,#5960);
#2472=EDGE_LOOP('',(#5961,#5962,#5963,#5964));
#2473=AXIS2_PLACEMENT_3D('',#5965,#5966,#5967);
#2474=EDGE_LOOP('',(#5968,#5969,#5970,#5971));
#2475=AXIS2_PLACEMENT_3D('',#5972,#5973,#5974);
#2476=EDGE_LOOP('',(#5975,#5976,#5977,#5978));
#2477=AXIS2_PLACEMENT_3D('',#5979,#5980,#5981);
#2478=EDGE_LOOP('',(#5982,#5983,#5984,#5985));
#2479=AXIS2_PLACEMENT_3D('',#5986,#5987,#5988);
#2480=EDGE_LOOP('',(#5989,#5990,#5991,#5992));
#2481=B_SPLINE_CURVE_WITH_KNOTS('',3,(#5993,#5994,#5995,#5996,#5997,#5998,#5999,#6000,#6001,#6002,#6003,#6004,#6005,#6006,#6007,#6008,#6009,#6010),.UNSPECIFIED.,.F.,.F.,(4,2,2,2,2,2,2,2,4),(-2.79401892080277,0.0,1.0,2.0,3.0,4.0,5.0,6.0,8.7940189208112),.UNSPECIFIED.);
#2482=VECTOR('',#6011,1.0);
#2483=EDGE_LOOP('',(#6012,#6013,#6014,#6015));
#2484=AXIS2_PLACEMENT_3D('',#6016,#6017,#6018);
#2485=EDGE_LOOP('',(#6019,#6020,#6021,#6022));
#2486=B_SPLINE_CURVE_WITH_KNOTS('',3,(#6023,#6024,#6025,#6026,#6027,#6028,#6029,#6030,#6031,#6032,#6033,#6034,#6035,#6036,#6037,#6038,#6039,#6040,#6041,#6042,#6043,#6044,#6045,#6046,#6047,#6048,#6049,#6050,#6051,#6052),.UNSPECIFIED.,.F.,.F.,(4,2,2,2,2,2,2,2,2,2,2,2,2,2,4),(-11.5431772870668,-5.77158864353341,0.0,1.0,2.0,3.0,4.0,5.0,6.0,7.0,8.0,13.7573584213815,19.5147168427629,25.2863054862963,31.0578941298297),.UNSPECIFIED.);
#2487=VECTOR('',#6053,1.0);
#2488=EDGE_LOOP('',(#6054,#6055,#6056,#6057));
#2489=AXIS2_PLACEMENT_3D('',#6058,#6059,#6060);
#2490=EDGE_LOOP('',(#6061,#6062,#6063,#6064));
#2491=AXIS2_PLACEMENT_3D('',#6065,#6066,#6067);
#2492=EDGE_LOOP('',(#6068,#6069,#6070,#6071));
#2493=AXIS2_PLACEMENT_3D('',#6072,#6073,#6074);
#2494=EDGE_LOOP('',(#6075,#6076,#6077,#6078,#6079,#6080,#6081,#6082,#6083,#6084,#6085,#6086,#6087));
#2495=AXIS2_PLACEMENT_3D('',#6088,#6089,#6090);
#2496=EDGE_LOOP('',(#6091,#6092,#6093,#6094));
#2497=AXIS2_PLACEMENT_3D('',#6095,#6096,#6097);
#2498=EDGE_LOOP('',(#6098,#6099,#6100,#6101));
#2499=AXIS2_PLACEMENT_3D('',#6102,#6103,#6104);
#2500=EDGE_LOOP('',(#6105,#6106,#6107,#6108));
#2501=AXIS2_PLACEMENT_3D('',#6109,#6110,#6111);
#2502=EDGE_LOOP('',(#6112,#6113,#6114,#6115));
#2503=AXIS2_PLACEMENT_3D('',#6116,#6117,#6118);
#2504=EDGE_LOOP('',(#6119,#6120,#6121,#6122));
#2505=AXIS2_PLACEMENT_3D('',#6123,#6124,#6125);
#2506=EDGE_LOOP('',(#6126,#6127,#6128,#6129));
#2507=AXIS2_PLACEMENT_3D('',#6130,#6131,#6132);
#2508=EDGE_LOOP('',(#6133,#6134,#6135,#6136));
#2509=AXIS2_PLACEMENT_3D('',#6137,#6138,#6139);
#2510=EDGE_LOOP('',(#6140,#6141,#6142,#6143));
#2511=AXIS2_PLACEMENT_3D('',#6144,#6145,#6146);
#2512=EDGE_LOOP('',(#6147,#6148,#6149,#6150));
#2513=AXIS2_PLACEMENT_3D('',#6151,#6152,#6153);
#2514=EDGE_LOOP('',(#6154,#6155,#6156,#6157));
#2515=AXIS2_PLACEMENT_3D('',#6158,#6159,#6160);
#2516=EDGE_LOOP('',(#6161,#6162,#6163,#6164));
#2517=AXIS2_PLACEMENT_3D('',#6165,#6166,#6167);
#2518=EDGE_LOOP('',(#6168,#6169,#6170,#6171));
#2519=AXIS2_PLACEMENT_3D('',#6172,#6173,#6174);
#2520=EDGE_LOOP('',(#6175,#6176,#6177,#6178));
#2521=AXIS2_PLACEMENT_3D('',#6179,#6180,#6181);
#2522=EDGE_LOOP('',(#6182,#6183,#6184,#6185,#6186,#6187,#6188,#6189,#6190,#6191,#6192,#6193,#6194,#6195,#6196,#6197,#6198,#6199,#6200,#6201));
#2523=EDGE_LOOP('',(#6202,#6203,#6204,#6205,#6206,#6207,#6208,#6209,#6210,#6211,#6212,#6213,#6214,#6215,#6216,#6217,#6218,#6219));
#2524=AXIS2_PLACEMENT_3D('',#6220,#6221,#6222);
#2525=EDGE_LOOP('',(#6223,#6224,#6225,#6226));
#2526=AXIS2_PLACEMENT_3D('',#6227,#6228,#6229);
#2527=EDGE_LOOP('',(#6230,#6231,#6232,#6233));
#2528=AXIS2_PLACEMENT_3D('',#6234,#6235,#6236);
#2529=EDGE_LOOP('',(#6237,#6238,#6239,#6240));
#2530=AXIS2_PLACEMENT_3D('',#6241,#6242,#6243);
#2531=EDGE_LOOP('',(#6244,#6245,#6246,#6247));
#2532=AXIS2_PLACEMENT_3D('',#6248,#6249,#6250);
#2533=EDGE_LOOP('',(#6251,#6252,#6253,#6254));
#2534=AXIS2_PLACEMENT_3D('',#6255,#6256,#6257);
#2535=EDGE_LOOP('',(#6258,#6259,#6260,#6261));
#2536=AXIS2_PLACEMENT_3D('',#6262,#6263,#6264);
#2537=EDGE_LOOP('',(#6265,#6266,#6267,#6268));
#2538=AXIS2_PLACEMENT_3D('',#6269,#6270,#6271);
#2539=EDGE_LOOP('',(#6272,#6273,#6274,#6275));
#2540=AXIS2_PLACEMENT_3D('',#6276,#6277,#6278);
#2541=EDGE_LOOP('',(#6279,#6280,#6281,#6282));
#2542=AXIS2_PLACEMENT_3D('',#6283,#6284,#6285);
#2543=EDGE_LOOP('',(#6286,#6287,#6288,#6289));
#2544=AXIS2_PLACEMENT_3D('',#6290,#6291,#6292);
#2545=EDGE_LOOP('',(#6293,#6294,#6295,#6296));
#2546=AXIS2_PLACEMENT_3D('',#6297,#6298,#6299);
#2547=EDGE_LOOP('',(#6300,#6301,#6302,#6303));
#2548=AXIS2_PLACEMENT_3D('',#6304,#6305,#6306);
#2549=EDGE_LOOP('',(#6307,#6308,#6309,#6310));
#2550=AXIS2_PLACEMENT_3D('',#6311,#6312,#6313);
#2551=EDGE_LOOP('',(#6314,#6315,#6316,#6317));
#2552=AXIS2_PLACEMENT_3D('',#6318,#6319,#6320);
#2553=EDGE_LOOP('',(#6321,#6322,#6323,#6324));
#2554=AXIS2_PLACEMENT_3D('',#6325,#6326,#6327);
#2555=EDGE_LOOP('',(#6328,#6329,#6330,#6331));
#2556=AXIS2_PLACEMENT_3D('',#6332,#6333,#6334);
#2557=EDGE_LOOP('',(#6335,#6336,#6337,#6338));
#2558=AXIS2_PLACEMENT_3D('',#6339,#6340,#6341);
#2559=EDGE_LOOP('',(#6342,#6343,#6344,#6345));
#2560=AXIS2_PLACEMENT_3D('',#6346,#6347,#6348);
#2561=EDGE_LOOP('',(#6349,#6350,#6351,#6352,#6353,#6354,#6355,#6356,#6357,#6358,#6359,#6360,#6361,#6362,#6363,#6364,#6365,#6366));
#2562=AXIS2_PLACEMENT_3D('',#6367,#6368,#6369);
#2563=EDGE_LOOP('',(#6370,#6371,#6372,#6373));
#2564=AXIS2_PLACEMENT_3D('',#6374,#6375,#6376);
#2565=EDGE_LOOP('',(#6377,#6378,#6379,#6380));
#2566=AXIS2_PLACEMENT_3D('',#6381,#6382,#6383);
#2567=EDGE_LOOP('',(#6384,#6385,#6386,#6387));
#2568=AXIS2_PLACEMENT_3D('',#6388,#6389,#6390);
#2569=EDGE_LOOP('',(#6391,#6392,#6393,#6394));
#2570=AXIS2_PLACEMENT_3D('',#6395,#6396,#6397);
#2571=EDGE_LOOP('',(#6398,#6399,#6400,#6401));
#2572=AXIS2_PLACEMENT_3D('',#6402,#6403,#6404);
#2573=EDGE_LOOP('',(#6405,#6406,#6407,#6408));
#2574=AXIS2_PLACEMENT_3D('',#6409,#6410,#6411);
#2575=EDGE_LOOP('',(#6412,#6413,#6414,#6415));
#2576=AXIS2_PLACEMENT_3D('',#6416,#6417,#6418);
#2577=EDGE_LOOP('',(#6419,#6420,#6421,#6422));
#2578=AXIS2_PLACEMENT_3D('',#6423,#6424,#6425);
#2579=EDGE_LOOP('',(#6426,#6427,#6428,#6429));
#2580=AXIS2_PLACEMENT_3D('',#6430,#6431,#6432);
#2581=EDGE_LOOP('',(#6433,#6434,#6435,#6436));
#2582=AXIS2_PLACEMENT_3D('',#6437,#6438,#6439);
#2583=EDGE_LOOP('',(#6440,#6441,#6442,#6443));
#2584=AXIS2_PLACEMENT_3D('',#6444,#6445,#6446);
#2585=EDGE_LOOP('',(#6447,#6448,#6449,#6450));
#2586=AXIS2_PLACEMENT_3D('',#6451,#6452,#6453);
#2587=EDGE_LOOP('',(#6454,#6455,#6456,#6457));
#2588=AXIS2_PLACEMENT_3D('',#6458,#6459,#6460);
#2589=EDGE_LOOP('',(#6461,#6462,#6463,#6464));
#2590=AXIS2_PLACEMENT_3D('',#6465,#6466,#6467);
#2591=EDGE_LOOP('',(#6468,#6469,#6470,#6471));
#2592=AXIS2_PLACEMENT_3D('',#6472,#6473,#6474);
#2593=EDGE_LOOP('',(#6475,#6476,#6477,#6478));
#2594=AXIS2_PLACEMENT_3D('',#6479,#6480,#6481);
#2595=EDGE_LOOP('',(#6482,#6483,#6484,#6485));
#2596=AXIS2_PLACEMENT_3D('',#6486,#6487,#6488);
#2597=EDGE_LOOP('',(#6489,#6490,#6491,#6492));
#2598=AXIS2_PLACEMENT_3D('',#6493,#6494,#6495);
#2599=EDGE_LOOP('',(#6496,#6497,#6498,#6499));
#2600=AXIS2_PLACEMENT_3D('',#6500,#6501,#6502);
#2601=EDGE_LOOP('',(#6503,#6504,#6505,#6506));
#2602=AXIS2_PLACEMENT_3D('',#6507,#6508,#6509);
#2603=EDGE_LOOP('',(#6510,#6511,#6512,#6513,#6514,#6515,#6516,#6517,#6518,#6519,#6520,#6521,#6522));
#2604=AXIS2_PLACEMENT_3D('',#6523,#6524,#6525);
#2605=EDGE_LOOP('',(#6526,#6527,#6528,#6529));
#2606=AXIS2_PLACEMENT_3D('',#6530,#6531,#6532);
#2607=EDGE_LOOP('',(#6533,#6534,#6535,#6536));
#2608=AXIS2_PLACEMENT_3D('',#6537,#6538,#6539);
#2609=EDGE_LOOP('',(#6540,#6541,#6542,#6543));
#2610=AXIS2_PLACEMENT_3D('',#6544,#6545,#6546);
#2611=EDGE_LOOP('',(#6547,#6548,#6549,#6550));
#2612=AXIS2_PLACEMENT_3D('',#6551,#6552,#6553);
#2613=EDGE_LOOP('',(#6554,#6555,#6556,#6557));
#2614=AXIS2_PLACEMENT_3D('',#6558,#6559,#6560);
#2615=EDGE_LOOP('',(#6561,#6562,#6563,#6564));
#2616=AXIS2_PLACEMENT_3D('',#6565,#6566,#6567);
#2617=EDGE_LOOP('',(#6568,#6569,#6570,#6571));
#2618=AXIS2_PLACEMENT_3D('',#6572,#6573,#6574);
#2619=EDGE_LOOP('',(#6575,#6576,#6577,#6578));
#2620=AXIS2_PLACEMENT_3D('',#6579,#6580,#6581);
#2621=EDGE_LOOP('',(#6582,#6583,#6584,#6585));
#2622=AXIS2_PLACEMENT_3D('',#6586,#6587,#6588);
#2623=EDGE_LOOP('',(#6589,#6590,#6591,#6592));
#2624=AXIS2_PLACEMENT_3D('',#6593,#6594,#6595);
#2625=EDGE_LOOP('',(#6596,#6597,#6598,#6599));
#2626=AXIS2_PLACEMENT_3D('',#6600,#6601,#6602);
#2627=EDGE_LOOP('',(#6603,#6604,#6605,#6606));
#2628=AXIS2_PLACEMENT_3D('',#6607,#6608,#6609);
#2629=EDGE_LOOP('',(#6610,#6611,#6612,#6613));
#2630=AXIS2_PLACEMENT_3D('',#6614,#6615,#6616);
#2631=EDGE_LOOP('',(#6617,#6618,#6619,#6620));
#2632=AXIS2_PLACEMENT_3D('',#6621,#6622,#6623);
#2633=EDGE_LOOP('',(#6624,#6625,#6626,#6627));
#2634=AXIS2_PLACEMENT_3D('',#6628,#6629,#6630);
#2635=EDGE_LOOP('',(#6631,#6632,#6633,#6634));
#2636=AXIS2_PLACEMENT_3D('',#6635,#6636,#6637);
#2637=EDGE_LOOP('',(#6638,#6639,#6640,#6641));
#2638=AXIS2_PLACEMENT_3D('',#6642,#6643,#6644);
#2639=EDGE_LOOP('',(#6645,#6646,#6647,#6648));
#2640=AXIS2_PLACEMENT_3D('',#6649,#6650,#6651);
#2641=EDGE_LOOP('',(#6652,#6653,#6654,#6655));
#2642=B_SPLINE_CURVE_WITH_KNOTS('',3,(#6656,#6657,#6658,#6659,#6660,#6661,#6662,#6663,#6664,#6665,#6666,#6667,#6668,#6669,#6670,#6671,#6672,#6673),.UNSPECIFIED.,.F.,.F.,(4,2,2,2,2,2,2,2,4),(0.0,1.0,2.0,3.0,4.0,5.0,6.0,7.0,7.5),.UNSPECIFIED.);
#2643=VECTOR('',#6674,1.0);
#2644=EDGE_LOOP('',(#6675,#6676,#6677,#6678,#6679,#6680,#6681,#6682,#6683,#6684,#6685,#6686,#6687,#6688));
#2645=AXIS2_PLACEMENT_3D('',#6689,#6690,#6691);
#2646=EDGE_LOOP('',(#6692,#6693,#6694,#6695,#6696,#6697,#6698,#6699));
#2647=AXIS2_PLACEMENT_3D('',#6700,#6701,#6702);
#2648=EDGE_LOOP('',(#6703,#6704,#6705,#6706));
#2649=AXIS2_PLACEMENT_3D('',#6707,#6708,#6709);
#2650=EDGE_LOOP('',(#6710,#6711,#6712,#6713));
#2651=AXIS2_PLACEMENT_3D('',#6714,#6715,#6716);
#2652=EDGE_LOOP('',(#6717,#6718,#6719,#6720));
#2653=AXIS2_PLACEMENT_3D('',#6721,#6722,#6723);
#2654=EDGE_LOOP('',(#6724,#6725,#6726,#6727));
#2655=EDGE_LOOP('',(#6728,#6729,#6730,#6731));
#2656=EDGE_LOOP('',(#6732,#6733,#6734,#6735));
#2657=AXIS2_PLACEMENT_3D('',#6736,#6737,#6738);
#2658=EDGE_LOOP('',(#6739,#6740,#6741,#6742));
#2659=AXIS2_PLACEMENT_3D('',#6743,#6744,#6745);
#2660=EDGE_LOOP('',(#6746,#6747,#6748,#6749));
#2661=AXIS2_PLACEMENT_3D('',#6750,#6751,#6752);
#2662=EDGE_LOOP('',(#6753,#6754,#6755,#6756));
#2663=AXIS2_PLACEMENT_3D('',#6757,#6758,#6759);
#2664=EDGE_LOOP('',(#6760,#6761,#6762,#6763));
#2665=EDGE_LOOP('',(#6764,#6765));
#2666=EDGE_LOOP('',(#6766,#6767));
#2667=AXIS2_PLACEMENT_3D('',#6768,#6769,#6770);
#2668=EDGE_LOOP('',(#6771,#6772,#6773,#6774));
#2669=AXIS2_PLACEMENT_3D('',#6775,#6776,#6777);
#2670=EDGE_LOOP('',(#6778,#6779,#6780,#6781));
#2671=AXIS2_PLACEMENT_3D('',#6782,#6783,#6784);
#2672=EDGE_LOOP('',(#6785,#6786));
#2673=EDGE_LOOP('',(#6787,#6788));
#2674=AXIS2_PLACEMENT_3D('',#6789,#6790,#6791);
#2675=EDGE_LOOP('',(#6792,#6793,#6794,#6795));
#2676=AXIS2_PLACEMENT_3D('',#6796,#6797,#6798);
#2677=EDGE_LOOP('',(#6799,#6800));
#2678=AXIS2_PLACEMENT_3D('',#6801,#6802,#6803);
#2679=EDGE_LOOP('',(#6804,#6805,#6806,#6807,#6808,#6809,#6810,#6811,#6812,#6813,#6814,#6815));
#2680=EDGE_LOOP('',(#6816,#6817,#6818,#6819,#6820,#6821));
#2681=EDGE_LOOP('',(#6822,#6823,#6824,#6825,#6826,#6827,#6828,#6829,#6830,#6831,#6832,#6833,#6834,#6835));
#2682=EDGE_LOOP('',(#6836,#6837));
#2683=AXIS2_PLACEMENT_3D('',#6838,#6839,#6840);
#2684=EDGE_LOOP('',(#6841,#6842,#6843,#6844));
#2685=AXIS2_PLACEMENT_3D('',#6845,#6846,#6847);
#2686=EDGE_LOOP('',(#6848,#6849,#6850,#6851,#6852,#6853));
#2687=AXIS2_PLACEMENT_3D('',#6854,#6855,#6856);
#2688=EDGE_LOOP('',(#6857,#6858,#6859,#6860));
#2689=AXIS2_PLACEMENT_3D('',#6861,#6862,#6863);
#2690=EDGE_LOOP('',(#6864,#6865,#6866,#6867,#6868,#6869));
#2691=AXIS2_PLACEMENT_3D('',#6870,#6871,#6872);
#2692=EDGE_LOOP('',(#6873,#6874,#6875,#6876));
#2693=AXIS2_PLACEMENT_3D('',#6877,#6878,#6879);
#2694=EDGE_LOOP('',(#6880,#6881,#6882,#6883));
#2695=AXIS2_PLACEMENT_3D('',#6884,#6885,#6886);
#2696=EDGE_LOOP('',(#6887,#6888,#6889,#6890,#6891,#6892));
#2697=AXIS2_PLACEMENT_3D('',#6893,#6894,#6895);
#2698=EDGE_LOOP('',(#6896,#6897,#6898,#6899));
#2699=AXIS2_PLACEMENT_3D('',#6900,#6901,#6902);
#2700=EDGE_LOOP('',(#6903,#6904,#6905,#6906));
#2701=AXIS2_PLACEMENT_3D('',#6907,#6908,#6909);
#2702=EDGE_LOOP('',(#6910,#6911,#6912,#6913));
#2703=AXIS2_PLACEMENT_3D('',#6914,#6915,#6916);
#2704=EDGE_LOOP('',(#6917,#6918,#6919,#6920));
#2705=EDGE_LOOP('',(#6921,#6922,#6923,#6924));
#2706=AXIS2_PLACEMENT_3D('',#6925,#6926,#6927);
#2707=EDGE_LOOP('',(#6928,#6929,#6930,#6931));
#2708=AXIS2_PLACEMENT_3D('',#6932,#6933,#6934);
#2709=EDGE_LOOP('',(#6935,#6936,#6937,#6938));
#2710=AXIS2_PLACEMENT_3D('',#6939,#6940,#6941);
#2711=EDGE_LOOP('',(#6942,#6943,#6944,#6945,#6946,#6947,#6948,#6949,#6950,#6951,#6952,#6953));
#2712=AXIS2_PLACEMENT_3D('',#6954,#6955,#6956);
#2713=EDGE_LOOP('',(#6957,#6958,#6959,#6960));
#2714=AXIS2_PLACEMENT_3D('',#6961,#6962,#6963);
#2715=EDGE_LOOP('',(#6964,#6965,#6966,#6967));
#2716=AXIS2_PLACEMENT_3D('',#6968,#6969,#6970);
#2717=EDGE_LOOP('',(#6971,#6972,#6973,#6974));
#2718=AXIS2_PLACEMENT_3D('',#6975,#6976,#6977);
#2719=EDGE_LOOP('',(#6978,#6979,#6980,#6981));
#2720=AXIS2_PLACEMENT_3D('',#6982,#6983,#6984);
#2721=EDGE_LOOP('',(#6985,#6986,#6987,#6988));
#2722=AXIS2_PLACEMENT_3D('',#6989,#6990,#6991);
#2723=EDGE_LOOP('',(#6992,#6993,#6994,#6995));
#2724=EDGE_LOOP('',(#6996,#6997));
#2725=AXIS2_PLACEMENT_3D('',#6998,#6999,#7000);
#2726=EDGE_LOOP('',(#7001,#7002,#7003,#7004,#7005,#7006));
#2727=AXIS2_PLACEMENT_3D('',#7007,#7008,#7009);
#2728=EDGE_LOOP('',(#7010,#7011,#7012,#7013));
#2729=AXIS2_PLACEMENT_3D('',#7014,#7015,#7016);
#2730=EDGE_LOOP('',(#7017,#7018,#7019,#7020));
#2731=AXIS2_PLACEMENT_3D('',#7021,#7022,#7023);
#2732=EDGE_LOOP('',(#7024,#7025,#7026,#7027,#7028,#7029,#7030,#7031));
#2733=AXIS2_PLACEMENT_3D('',#7032,#7033,#7034);
#2734=EDGE_LOOP('',(#7035,#7036,#7037,#7038));
#2735=AXIS2_PLACEMENT_3D('',#7039,#7040,#7041);
#2736=EDGE_LOOP('',(#7042,#7043,#7044,#7045));
#2737=AXIS2_PLACEMENT_3D('',#7046,#7047,#7048);
#2738=EDGE_LOOP('',(#7049,#7050,#7051,#7052,#7053,#7054,#7055,#7056));
#2739=AXIS2_PLACEMENT_3D('',#7057,#7058,#7059);
#2740=EDGE_LOOP('',(#7060,#7061,#7062,#7063));
#2741=EDGE_LOOP('',(#7064,#7065));
#2742=AXIS2_PLACEMENT_3D('',#7066,#7067,#7068);
#2743=EDGE_LOOP('',(#7069,#7070,#7071,#7072));
#2744=AXIS2_PLACEMENT_3D('',#7073,#7074,#7075);
#2745=EDGE_LOOP('',(#7076,#7077,#7078,#7079,#7080,#7081,#7082,#7083,#7084,#7085,#7086,#7087,#7088,#7089));
#2746=AXIS2_PLACEMENT_3D('',#7090,#7091,#7092);
#2747=EDGE_LOOP('',(#7093,#7094,#7095,#7096));
#2748=AXIS2_PLACEMENT_3D('',#7097,#7098,#7099);
#2749=EDGE_LOOP('',(#7100,#7101,#7102,#7103));
#2750=AXIS2_PLACEMENT_3D('',#7104,#7105,#7106);
#2751=EDGE_LOOP('',(#7107,#7108,#7109,#7110));
#2752=AXIS2_PLACEMENT_3D('',#7111,#7112,#7113);
#2753=EDGE_LOOP('',(#7114,#7115,#7116,#7117));
#2754=AXIS2_PLACEMENT_3D('',#7118,#7119,#7120);
#2755=EDGE_LOOP('',(#7121,#7122,#7123,#7124));
#2756=AXIS2_PLACEMENT_3D('',#7125,#7126,#7127);
#2757=EDGE_LOOP('',(#7128,#7129,#7130,#7131,#7132,#7133,#7134,#7135,#7136,#7137,#7138,#7139));
#2758=AXIS2_PLACEMENT_3D('',#7140,#7141,#7142);
#2759=EDGE_LOOP('',(#7143,#7144));
#2760=AXIS2_PLACEMENT_3D('',#7145,#7146,#7147);
#2761=EDGE_LOOP('',(#7148,#7149,#7150,#7151,#7152,#7153));
#2762=AXIS2_PLACEMENT_3D('',#7154,#7155,#7156);
#2763=EDGE_LOOP('',(#7157,#7158,#7159,#7160));
#2764=AXIS2_PLACEMENT_3D('',#7161,#7162,#7163);
#2765=EDGE_LOOP('',(#7164,#7165,#7166,#7167));
#2766=AXIS2_PLACEMENT_3D('',#7168,#7169,#7170);
#2767=EDGE_LOOP('',(#7171,#7172,#7173,#7174));
#2768=AXIS2_PLACEMENT_3D('',#7175,#7176,#7177);
#2769=EDGE_LOOP('',(#7178,#7179,#7180,#7181));
#2770=AXIS2_PLACEMENT_3D('',#7182,#7183,#7184);
#2771=EDGE_LOOP('',(#7185,#7186,#7187,#7188));
#2772=AXIS2_PLACEMENT_3D('',#7189,#7190,#7191);
#2773=EDGE_LOOP('',(#7192,#7193,#7194,#7195));
#2774=AXIS2_PLACEMENT_3D('',#7196,#7197,#7198);
#2775=EDGE_LOOP('',(#7199,#7200,#7201,#7202,#7203,#7204));
#2776=AXIS2_PLACEMENT_3D('',#7205,#7206,#7207);
#2777=EDGE_LOOP('',(#7208,#7209,#7210,#7211));
#2778=AXIS2_PLACEMENT_3D('',#7212,#7213,#7214);
#2779=EDGE_LOOP('',(#7215,#7216,#7217,#7218));
#2780=AXIS2_PLACEMENT_3D('',#7219,#7220,#7221);
#2781=EDGE_LOOP('',(#7222,#7223));
#2782=EDGE_LOOP('',(#7224,#7225));
#2783=AXIS2_PLACEMENT_3D('',#7226,#7227,#7228);
#2784=EDGE_LOOP('',(#7229,#7230,#7231,#7232));
#2785=AXIS2_PLACEMENT_3D('',#7233,#7234,#7235);
#2786=EDGE_LOOP('',(#7236,#7237,#7238,#7239,#7240,#7241,#7242,#7243,#7244,#7245,#7246,#7247));
#2787=AXIS2_PLACEMENT_3D('',#7248,#7249,#7250);
#2788=EDGE_LOOP('',(#7251,#7252,#7253,#7254));
#2789=AXIS2_PLACEMENT_3D('',#7255,#7256,#7257);
#2790=EDGE_LOOP('',(#7258,#7259,#7260,#7261));
#2791=AXIS2_PLACEMENT_3D('',#7262,#7263,#7264);
#2792=EDGE_LOOP('',(#7265,#7266,#7267,#7268));
#2793=EDGE_LOOP('',(#7269,#7270,#7271,#7272));
#2794=AXIS2_PLACEMENT_3D('',#7273,#7274,#7275);
#2795=EDGE_LOOP('',(#7276,#7277,#7278,#7279,#7280,#7281,#7282,#7283,#7284,#7285,#7286,#7287,#7288,#7289,#7290,#7291,#7292,#7293,#7294,#7295));
#2796=EDGE_LOOP('',(#7296,#7297,#7298,#7299,#7300,#7301,#7302,#7303,#7304,#7305,#7306,#7307));
#2797=EDGE_LOOP('',(#7308,#7309,#7310,#7311,#7312,#7313,#7314,#7315,#7316,#7317,#7318,#7319));
#2798=AXIS2_PLACEMENT_3D('',#7320,#7321,#7322);
#2799=EDGE_LOOP('',(#7323,#7324,#7325,#7326,#7327,#7328,#7329,#7330));
#2800=AXIS2_PLACEMENT_3D('',#7331,#7332,#7333);
#2801=EDGE_LOOP('',(#7334,#7335,#7336,#7337));
#2802=AXIS2_PLACEMENT_3D('',#7338,#7339,#7340);
#2803=EDGE_LOOP('',(#7341,#7342,#7343,#7344,#7345,#7346,#7347,#7348));
#2804=AXIS2_PLACEMENT_3D('',#7349,#7350,#7351);
#2805=EDGE_LOOP('',(#7352,#7353,#7354,#7355));
#2806=AXIS2_PLACEMENT_3D('',#7356,#7357,#7358);
#2807=EDGE_LOOP('',(#7359,#7360,#7361,#7362));
#2808=AXIS2_PLACEMENT_3D('',#7363,#7364,#7365);
#2809=EDGE_LOOP('',(#7366,#7367,#7368,#7369));
#2810=AXIS2_PLACEMENT_3D('',#7370,#7371,#7372);
#2811=ORIENTED_EDGE('',*,*,#7373,.F.);
#2812=ORIENTED_EDGE('',*,*,#7374,.T.);
#2813=ORIENTED_EDGE('',*,*,#7375,.F.);
#2814=ORIENTED_EDGE('',*,*,#7376,.F.);
#2815=CARTESIAN_POINT('',(8.80126575,6.79999999999999,3.3));
#2816=DIRECTION('',(1.0,-0.0,0.0));
#2817=DIRECTION('',(0.0,0.00634377123143939,0.999979878080836));
#2818=ORIENTED_EDGE('',*,*,#7377,.F.);
#2819=ORIENTED_EDGE('',*,*,#7378,.T.);
#2820=ORIENTED_EDGE('',*,*,#7379,.T.);
#2821=ORIENTED_EDGE('',*,*,#7380,.F.);
#2822=CARTESIAN_POINT('',(8.8012545,6.79999999999999,3.3));
#2823=DIRECTION('',(1.0,-0.0,0.0));
#2824=DIRECTION('',(0.0,0.00634377123144569,0.999979878080836));
#2825=ORIENTED_EDGE('',*,*,#7381,.F.);
#2826=ORIENTED_EDGE('',*,*,#7382,.T.);
#2827=ORIENTED_EDGE('',*,*,#7383,.T.);
#2828=ORIENTED_EDGE('',*,*,#7384,.F.);
#2829=CARTESIAN_POINT('',(8.1450063,4.3,0.100000000000032));
#2830=DIRECTION('',(1.0,0.0,0.0));
#2831=DIRECTION('',(0.0,-0.999979878080836,0.0063437712314393));
#2832=ORIENTED_EDGE('',*,*,#7385,.F.);
#2833=ORIENTED_EDGE('',*,*,#7386,.T.);
#2834=ORIENTED_EDGE('',*,*,#7387,.T.);
#2835=ORIENTED_EDGE('',*,*,#7388,.F.);
#2836=CARTESIAN_POINT('',(6.7799955,6.79999999999999,0.800000000000034));
#2837=DIRECTION('',(-1.0,0.0,-0.0));
#2838=DIRECTION('',(0.0,0.0063437712314379,-0.999979878080836));
#2839=ORIENTED_EDGE('',*,*,#7389,.F.);
#2840=ORIENTED_EDGE('',*,*,#7390,.T.);
#2841=ORIENTED_EDGE('',*,*,#7391,.F.);
#2842=ORIENTED_EDGE('',*,*,#7392,.F.);
#2843=CARTESIAN_POINT('',(8.46001575000001,6.79999999999999,0.800000000000033));
#2844=DIRECTION('',(1.0,-0.0,0.0));
#2845=DIRECTION('',(0.0,0.999979878080836,-0.00634377123143472));
#2846=ORIENTED_EDGE('',*,*,#7393,.T.);
#2847=ORIENTED_EDGE('',*,*,#7394,.T.);
#2848=ORIENTED_EDGE('',*,*,#7395,.F.);
#2849=ORIENTED_EDGE('',*,*,#7396,.T.);
#2850=ORIENTED_EDGE('',*,*,#7397,.T.);
#2851=ORIENTED_EDGE('',*,*,#7398,.F.);
#2852=ORIENTED_EDGE('',*,*,#7399,.T.);
#2853=ORIENTED_EDGE('',*,*,#7400,.T.);
#2854=CARTESIAN_POINT('',(8.46000315000001,6.86250314999999,0.100000000000022));
#2855=DIRECTION('',(0.0,0.0,1.0));
#2856=DIRECTION('',(1.0,0.0,0.0));
#2857=ORIENTED_EDGE('',*,*,#7401,.T.);
#2858=ORIENTED_EDGE('',*,*,#7402,.T.);
#2859=ORIENTED_EDGE('',*,*,#7403,.T.);
#2860=ORIENTED_EDGE('',*,*,#7404,.T.);
#2861=CARTESIAN_POINT('',(8.80125315,2.0,3.48749685));
#2862=DIRECTION('',(0.0,-1.0,0.0));
#2863=DIRECTION('',(0.0,0.0,-1.0));
#2864=ORIENTED_EDGE('',*,*,#7405,.T.);
#2865=ORIENTED_EDGE('',*,*,#7406,.T.);
#2866=ORIENTED_EDGE('',*,*,#7376,.T.);
#2867=ORIENTED_EDGE('',*,*,#7407,.T.);
#2868=ORIENTED_EDGE('',*,*,#7378,.F.);
#2869=ORIENTED_EDGE('',*,*,#7408,.F.);
#2870=ORIENTED_EDGE('',*,*,#7409,.T.);
#2871=ORIENTED_EDGE('',*,*,#7401,.F.);
#2872=CARTESIAN_POINT('',(8.745,7.63750314999999,4.01750315));
#2873=DIRECTION('',(-1.0,0.0,0.0));
#2874=DIRECTION('',(0.0,0.0,1.0));
#2875=ORIENTED_EDGE('',*,*,#7410,.T.);
#2876=ORIENTED_EDGE('',*,*,#7411,.T.);
#2877=ORIENTED_EDGE('',*,*,#7412,.T.);
#2878=ORIENTED_EDGE('',*,*,#7413,.F.);
#2879=CARTESIAN_POINT('',(8.40750315,7.75625314999999,2.9));
#2880=DIRECTION('',(0.0,0.0,1.0));
#2881=DIRECTION('',(1.0,0.0,0.0));
#2882=ORIENTED_EDGE('',*,*,#7414,.F.);
#2883=ORIENTED_EDGE('',*,*,#7415,.T.);
#2884=ORIENTED_EDGE('',*,*,#7416,.F.);
#2885=ORIENTED_EDGE('',*,*,#7417,.T.);
#2886=CARTESIAN_POINT('',(5.71999999999999,7.51250314999999,3.35000314999978));
#2887=DIRECTION('',(-1.0,0.0,-5.32907051820132E-15));
#2888=DIRECTION('',(-5.32907051820132E-15,0.0,1.0));
#2889=ORIENTED_EDGE('',*,*,#7418,.T.);
#2890=ORIENTED_EDGE('',*,*,#7419,.F.);
#2891=ORIENTED_EDGE('',*,*,#7412,.F.);
#2892=ORIENTED_EDGE('',*,*,#7420,.F.);
#2893=CARTESIAN_POINT('',(8.40750315,7.74999999999999,2.07999685));
#2894=DIRECTION('',(-0.0,1.0,0.0));
#2895=DIRECTION('',(1.0,0.0,0.0));
#2896=ORIENTED_EDGE('',*,*,#7421,.F.);
#2897=ORIENTED_EDGE('',*,*,#7422,.T.);
#2898=ORIENTED_EDGE('',*,*,#7423,.F.);
#2899=ORIENTED_EDGE('',*,*,#7424,.F.);
#2900=ORIENTED_EDGE('',*,*,#7425,.T.);
#2901=ORIENTED_EDGE('',*,*,#7426,.F.);
#2902=CARTESIAN_POINT('',(8.14500315,3.79999999999999,-3.59000315));
#2903=DIRECTION('',(0.0,-1.0,0.0));
#2904=DIRECTION('',(0.0,0.0,-1.0));
#2905=ORIENTED_EDGE('',*,*,#7426,.T.);
#2906=ORIENTED_EDGE('',*,*,#7427,.T.);
#2907=ORIENTED_EDGE('',*,*,#7384,.T.);
#2908=ORIENTED_EDGE('',*,*,#7428,.T.);
#2909=ORIENTED_EDGE('',*,*,#7429,.F.);
#2910=ORIENTED_EDGE('',*,*,#7399,.F.);
#2911=ORIENTED_EDGE('',*,*,#7430,.T.);
#2912=ORIENTED_EDGE('',*,*,#7431,.F.);
#2913=CARTESIAN_POINT('',(7.12,4.72250314999999,-2.57750315));
#2914=DIRECTION('',(1.0,0.0,-6.82163364553331E-17));
#2915=DIRECTION('',(-6.82163364553331E-17,0.0,-1.0));
#2916=ORIENTED_EDGE('',*,*,#7432,.T.);
#2917=ORIENTED_EDGE('',*,*,#7433,.F.);
#2918=ORIENTED_EDGE('',*,*,#7434,.F.);
#2919=ORIENTED_EDGE('',*,*,#7387,.F.);
#2920=ORIENTED_EDGE('',*,*,#7435,.F.);
#2921=ORIENTED_EDGE('',*,*,#7436,.F.);
#2922=ORIENTED_EDGE('',*,*,#7416,.T.);
#2923=ORIENTED_EDGE('',*,*,#7437,.T.);
#2924=ORIENTED_EDGE('',*,*,#7379,.F.);
#2925=ORIENTED_EDGE('',*,*,#7438,.F.);
#2926=ORIENTED_EDGE('',*,*,#7439,.F.);
#2927=ORIENTED_EDGE('',*,*,#7440,.T.);
#2928=ORIENTED_EDGE('',*,*,#7441,.F.);
#2929=ORIENTED_EDGE('',*,*,#7410,.F.);
#2930=CARTESIAN_POINT('',(5.62499684999999,7.49999999999999,0.737496850000031));
#2931=DIRECTION('',(-0.0,1.0,0.0));
#2932=DIRECTION('',(1.0,0.0,0.0));
#2933=ORIENTED_EDGE('',*,*,#7442,.T.);
#2934=ORIENTED_EDGE('',*,*,#7443,.T.);
#2935=ORIENTED_EDGE('',*,*,#7392,.T.);
#2936=ORIENTED_EDGE('',*,*,#7444,.T.);
#2937=ORIENTED_EDGE('',*,*,#7445,.T.);
#2938=ORIENTED_EDGE('',*,*,#7395,.T.);
#2939=ORIENTED_EDGE('',*,*,#7446,.T.);
#2940=ORIENTED_EDGE('',*,*,#7388,.T.);
#2941=ORIENTED_EDGE('',*,*,#7434,.T.);
#2942=ORIENTED_EDGE('',*,*,#7447,.F.);
#2943=CARTESIAN_POINT('',(8.42,7.57000314999999,1.33000315));
#2944=DIRECTION('',(-1.0,0.0,-8.81124978998264E-15));
#2945=DIRECTION('',(-8.81124978998264E-15,0.0,1.0));
#2946=ORIENTED_EDGE('',*,*,#7424,.T.);
#2947=ORIENTED_EDGE('',*,*,#7448,.T.);
#2948=ORIENTED_EDGE('',*,*,#7449,.T.);
#2949=ORIENTED_EDGE('',*,*,#7397,.F.);
#2950=ORIENTED_EDGE('',*,*,#7450,.T.);
#2951=ORIENTED_EDGE('',*,*,#7451,.T.);
#2952=ORIENTED_EDGE('',*,*,#7382,.F.);
#2953=ORIENTED_EDGE('',*,*,#7452,.F.);
#2954=CARTESIAN_POINT('',(8.12,4.72250314999999,0.677503150000033));
#2955=DIRECTION('',(-1.0,0.0,0.0));
#2956=DIRECTION('',(0.0,0.0,1.0));
#2957=ORIENTED_EDGE('',*,*,#7439,.T.);
#2958=ORIENTED_EDGE('',*,*,#7413,.T.);
#2959=ORIENTED_EDGE('',*,*,#7419,.T.);
#2960=ORIENTED_EDGE('',*,*,#7453,.F.);
#2961=CARTESIAN_POINT('',(6.87,7.75625314999999,2.92000315));
#2962=DIRECTION('',(-1.0,0.0,0.0));
#2963=DIRECTION('',(0.0,0.0,1.0));
#2964=ORIENTED_EDGE('',*,*,#7454,.T.);
#2965=ORIENTED_EDGE('',*,*,#7455,.F.);
#2966=ORIENTED_EDGE('',*,*,#7400,.F.);
#2967=ORIENTED_EDGE('',*,*,#7429,.T.);
#2968=CARTESIAN_POINT('',(7.12750315,4.69999999999999,0.0874968500000217));
#2969=DIRECTION('',(-0.0,1.0,0.0));
#2970=DIRECTION('',(1.0,0.0,0.0));
#2971=ORIENTED_EDGE('',*,*,#7389,.T.);
#2972=ORIENTED_EDGE('',*,*,#7443,.F.);
#2973=ORIENTED_EDGE('',*,*,#7456,.T.);
#2974=ORIENTED_EDGE('',*,*,#7457,.T.);
#2975=CARTESIAN_POINT('',(8.46001575000001,6.79999999999999,0.800000000000033));
#2976=DIRECTION('',(1.0,-0.0,0.0));
#2977=DIRECTION('',(0.0,0.999979878080836,-0.00634377123143472));
#2978=ORIENTED_EDGE('',*,*,#7458,.F.);
#2979=ORIENTED_EDGE('',*,*,#7459,.F.);
#2980=ORIENTED_EDGE('',*,*,#7460,.F.);
#2981=ORIENTED_EDGE('',*,*,#7422,.F.);
#2982=CARTESIAN_POINT('',(7.91222375422491,4.31250314999999,-3.5));
#2983=DIRECTION('',(-0.0,-0.0,-1.0));
#2984=DIRECTION('',(0.0,-1.0,0.0));
#2985=ORIENTED_EDGE('',*,*,#7461,.F.);
#2986=ORIENTED_EDGE('',*,*,#7462,.F.);
#2987=ORIENTED_EDGE('',*,*,#7463,.F.);
#2988=ORIENTED_EDGE('',*,*,#7432,.F.);
#2989=CARTESIAN_POINT('',(9.52,7.51250314999999,1.24999684999999));
#2990=DIRECTION('',(1.0,0.0,0.0));
#2991=DIRECTION('',(0.0,1.0,0.0));
#2992=ORIENTED_EDGE('',*,*,#7436,.T.);
#2993=ORIENTED_EDGE('',*,*,#7464,.F.);
#2994=ORIENTED_EDGE('',*,*,#7465,.T.);
#2995=ORIENTED_EDGE('',*,*,#7417,.F.);
#2996=CARTESIAN_POINT('',(6.84750315,7.51250314999999,1.3));
#2997=DIRECTION('',(0.0,0.0,1.0));
#2998=DIRECTION('',(1.0,0.0,0.0));
#2999=ORIENTED_EDGE('',*,*,#7385,.T.);
#3000=ORIENTED_EDGE('',*,*,#7446,.F.);
#3001=ORIENTED_EDGE('',*,*,#7394,.F.);
#3002=ORIENTED_EDGE('',*,*,#7466,.T.);
#3003=CARTESIAN_POINT('',(6.7799955,6.79999999999999,0.800000000000034));
#3004=DIRECTION('',(-1.0,0.0,-0.0));
#3005=DIRECTION('',(0.0,0.0063437712314379,-0.999979878080836));
#3006=ORIENTED_EDGE('',*,*,#7467,.T.);
#3007=ORIENTED_EDGE('',*,*,#7450,.F.);
#3008=ORIENTED_EDGE('',*,*,#7396,.F.);
#3009=ORIENTED_EDGE('',*,*,#7445,.F.);
#3010=CARTESIAN_POINT('',(8.42750315000001,4.69999999999999,0.0874968500000217));
#3011=DIRECTION('',(-0.0,1.0,0.0));
#3012=DIRECTION('',(1.0,0.0,0.0));
#3013=ORIENTED_EDGE('',*,*,#7441,.T.);
#3014=ORIENTED_EDGE('',*,*,#7468,.F.);
#3015=ORIENTED_EDGE('',*,*,#7420,.T.);
#3016=ORIENTED_EDGE('',*,*,#7411,.F.);
#3017=CARTESIAN_POINT('',(8.37,7.75625314999999,2.07999685));
#3018=DIRECTION('',(1.0,0.0,0.0));
#3019=DIRECTION('',(0.0,1.0,0.0));
#3020=ORIENTED_EDGE('',*,*,#7453,.T.);
#3021=ORIENTED_EDGE('',*,*,#7418,.F.);
#3022=ORIENTED_EDGE('',*,*,#7468,.T.);
#3023=ORIENTED_EDGE('',*,*,#7440,.F.);
#3024=CARTESIAN_POINT('',(8.40750315,7.75625314999999,2.1));
#3025=DIRECTION('',(-0.0,-0.0,-1.0));
#3026=DIRECTION('',(0.0,-1.0,0.0));
#3027=ORIENTED_EDGE('',*,*,#7381,.T.);
#3028=ORIENTED_EDGE('',*,*,#7427,.F.);
#3029=ORIENTED_EDGE('',*,*,#7425,.F.);
#3030=ORIENTED_EDGE('',*,*,#7452,.T.);
#3031=CARTESIAN_POINT('',(8.1450063,4.3,0.100000000000032));
#3032=DIRECTION('',(1.0,0.0,0.0));
#3033=DIRECTION('',(0.0,-0.999979878080836,0.0063437712314393));
#3034=ORIENTED_EDGE('',*,*,#7377,.T.);
#3035=ORIENTED_EDGE('',*,*,#7469,.F.);
#3036=ORIENTED_EDGE('',*,*,#7470,.F.);
#3037=ORIENTED_EDGE('',*,*,#7408,.T.);
#3038=CARTESIAN_POINT('',(8.8012545,6.79999999999999,3.3));
#3039=DIRECTION('',(1.0,-0.0,0.0));
#3040=DIRECTION('',(0.0,0.00634377123144569,0.999979878080836));
#3041=ORIENTED_EDGE('',*,*,#7423,.T.);
#3042=ORIENTED_EDGE('',*,*,#7460,.T.);
#3043=ORIENTED_EDGE('',*,*,#7471,.T.);
#3044=ORIENTED_EDGE('',*,*,#7448,.F.);
#3045=CARTESIAN_POINT('',(8.12554304835086,4.31250314999999,-2.47499692466758));
#3046=DIRECTION('',(-0.976296007119934,0.0,0.216439613938102));
#3047=DIRECTION('',(0.0,1.0,0.0));
#3048=ORIENTED_EDGE('',*,*,#7373,.T.);
#3049=ORIENTED_EDGE('',*,*,#7406,.F.);
#3050=ORIENTED_EDGE('',*,*,#7472,.T.);
#3051=ORIENTED_EDGE('',*,*,#7473,.T.);
#3052=CARTESIAN_POINT('',(8.80126575,6.79999999999999,3.3));
#3053=DIRECTION('',(1.0,-0.0,0.0));
#3054=DIRECTION('',(0.0,0.00634377123143939,0.999979878080836));
#3055=ORIENTED_EDGE('',*,*,#7433,.T.);
#3056=ORIENTED_EDGE('',*,*,#7463,.T.);
#3057=ORIENTED_EDGE('',*,*,#7474,.T.);
#3058=ORIENTED_EDGE('',*,*,#7447,.T.);
#3059=CARTESIAN_POINT('',(9.54750315,7.51250314999999,1.3));
#3060=DIRECTION('',(0.0,0.0,1.0));
#3061=DIRECTION('',(1.0,0.0,0.0));
#3062=ORIENTED_EDGE('',*,*,#7415,.F.);
#3063=ORIENTED_EDGE('',*,*,#7475,.F.);
#3064=ORIENTED_EDGE('',*,*,#7476,.F.);
#3065=ORIENTED_EDGE('',*,*,#7437,.F.);
#3066=CARTESIAN_POINT('',(5.70062184999999,7.51250314999999,3.29999999999978));
#3067=DIRECTION('',(4.12570007318706E-13,0.0,-1.0));
#3068=DIRECTION('',(0.0,-1.0,0.0));
#3069=ORIENTED_EDGE('',*,*,#7409,.F.);
#3070=ORIENTED_EDGE('',*,*,#7470,.T.);
#3071=ORIENTED_EDGE('',*,*,#7477,.F.);
#3072=ORIENTED_EDGE('',*,*,#7402,.F.);
#3073=CARTESIAN_POINT('',(8.80125315,1.87999685,4.0));
#3074=DIRECTION('',(0.0,0.0,1.0));
#3075=DIRECTION('',(1.0,0.0,0.0));
#3076=ORIENTED_EDGE('',*,*,#7421,.T.);
#3077=ORIENTED_EDGE('',*,*,#7431,.T.);
#3078=ORIENTED_EDGE('',*,*,#7478,.T.);
#3079=ORIENTED_EDGE('',*,*,#7458,.T.);
#3080=CARTESIAN_POINT('',(7.3472377109938,4.31250314999999,-3.52500307533242));
#3081=DIRECTION('',(0.976296007119933,0.0,0.216439613938105));
#3082=DIRECTION('',(0.0,-1.0,0.0));
#3083=ORIENTED_EDGE('',*,*,#7428,.F.);
#3084=ORIENTED_EDGE('',*,*,#7383,.F.);
#3085=ORIENTED_EDGE('',*,*,#7451,.F.);
#3086=ORIENTED_EDGE('',*,*,#7467,.F.);
#3087=ORIENTED_EDGE('',*,*,#7444,.F.);
#3088=ORIENTED_EDGE('',*,*,#7391,.T.);
#3089=ORIENTED_EDGE('',*,*,#7479,.F.);
#3090=ORIENTED_EDGE('',*,*,#7454,.F.);
#3091=CARTESIAN_POINT('',(8.46000315000001,4.23749684999999,0.600000000000033));
#3092=DIRECTION('',(0.0,0.0,1.0));
#3093=DIRECTION('',(1.0,0.0,0.0));
#3094=ORIENTED_EDGE('',*,*,#7480,.T.);
#3095=ORIENTED_EDGE('',*,*,#7461,.T.);
#3096=ORIENTED_EDGE('',*,*,#7438,.T.);
#3097=ORIENTED_EDGE('',*,*,#7407,.F.);
#3098=CARTESIAN_POINT('',(8.72562185,7.51250314999999,3.3000000000001));
#3099=DIRECTION('',(0.0,0.0,-1.0));
#3100=DIRECTION('',(0.0,-1.0,0.0));
#3101=ORIENTED_EDGE('',*,*,#7466,.F.);
#3102=ORIENTED_EDGE('',*,*,#7393,.F.);
#3103=ORIENTED_EDGE('',*,*,#7455,.T.);
#3104=ORIENTED_EDGE('',*,*,#7479,.T.);
#3105=ORIENTED_EDGE('',*,*,#7390,.F.);
#3106=ORIENTED_EDGE('',*,*,#7457,.F.);
#3107=ORIENTED_EDGE('',*,*,#7481,.T.);
#3108=ORIENTED_EDGE('',*,*,#7464,.T.);
#3109=ORIENTED_EDGE('',*,*,#7435,.T.);
#3110=ORIENTED_EDGE('',*,*,#7386,.F.);
#3111=CARTESIAN_POINT('',(6.82,7.57000314999999,0.0699968500000225));
#3112=DIRECTION('',(1.0,0.0,0.0));
#3113=DIRECTION('',(0.0,1.0,0.0));
#3114=ORIENTED_EDGE('',*,*,#7471,.F.);
#3115=ORIENTED_EDGE('',*,*,#7459,.T.);
#3116=ORIENTED_EDGE('',*,*,#7478,.F.);
#3117=ORIENTED_EDGE('',*,*,#7430,.F.);
#3118=ORIENTED_EDGE('',*,*,#7398,.T.);
#3119=ORIENTED_EDGE('',*,*,#7449,.F.);
#3120=CARTESIAN_POINT('',(8.14500315,4.29999999999999,0.190003150000034));
#3121=DIRECTION('',(0.0,1.0,4.69934888574189E-16));
#3122=DIRECTION('',(0.0,4.69934888574189E-16,-1.0));
#3123=ORIENTED_EDGE('',*,*,#7403,.F.);
#3124=ORIENTED_EDGE('',*,*,#7477,.T.);
#3125=ORIENTED_EDGE('',*,*,#7469,.T.);
#3126=ORIENTED_EDGE('',*,*,#7380,.T.);
#3127=ORIENTED_EDGE('',*,*,#7476,.T.);
#3128=ORIENTED_EDGE('',*,*,#7374,.F.);
#3129=ORIENTED_EDGE('',*,*,#7473,.F.);
#3130=ORIENTED_EDGE('',*,*,#7482,.F.);
#3131=CARTESIAN_POINT('',(6.495,7.63750314999999,3.28249685));
#3132=DIRECTION('',(1.0,0.0,0.0));
#3133=DIRECTION('',(0.0,1.0,0.0));
#3134=ORIENTED_EDGE('',*,*,#7405,.F.);
#3135=ORIENTED_EDGE('',*,*,#7404,.F.);
#3136=ORIENTED_EDGE('',*,*,#7482,.T.);
#3137=ORIENTED_EDGE('',*,*,#7472,.F.);
#3138=CARTESIAN_POINT('',(8.80125315,6.92000314999999,3.5));
#3139=DIRECTION('',(-0.0,-0.0,-1.0));
#3140=DIRECTION('',(0.0,-1.0,0.0));
#3141=ORIENTED_EDGE('',*,*,#7462,.T.);
#3142=ORIENTED_EDGE('',*,*,#7480,.F.);
#3143=ORIENTED_EDGE('',*,*,#7375,.T.);
#3144=ORIENTED_EDGE('',*,*,#7475,.T.);
#3145=ORIENTED_EDGE('',*,*,#7414,.T.);
#3146=ORIENTED_EDGE('',*,*,#7465,.F.);
#3147=ORIENTED_EDGE('',*,*,#7481,.F.);
#3148=ORIENTED_EDGE('',*,*,#7456,.F.);
#3149=ORIENTED_EDGE('',*,*,#7442,.F.);
#3150=ORIENTED_EDGE('',*,*,#7474,.F.);
#3151=CARTESIAN_POINT('',(5.62499684999999,6.99999999999999,0.737496850000031));
#3152=DIRECTION('',(-0.0,1.0,0.0));
#3153=DIRECTION('',(1.0,0.0,0.0));
#3154=ORIENTED_EDGE('',*,*,#7483,.T.);
#3155=ORIENTED_EDGE('',*,*,#7484,.T.);
#3156=ORIENTED_EDGE('',*,*,#7485,.T.);
#3157=ORIENTED_EDGE('',*,*,#7486,.T.);
#3158=ORIENTED_EDGE('',*,*,#7487,.F.);
#3159=ORIENTED_EDGE('',*,*,#7488,.F.);
#3160=CARTESIAN_POINT('',(8.87,1.82999999999999,4.0508509304298));
#3161=DIRECTION('',(-1.0,2.27765793651141E-16,1.66533453693773E-16));
#3162=DIRECTION('',(1.66533453693773E-16,0.0,1.0));
#3163=ORIENTED_EDGE('',*,*,#7489,.T.);
#3164=ORIENTED_EDGE('',*,*,#7490,.F.);
#3165=ORIENTED_EDGE('',*,*,#7491,.T.);
#3166=ORIENTED_EDGE('',*,*,#7484,.F.);
#3167=CARTESIAN_POINT('',(6.52,1.82999999999999,4.1508509304298));
#3168=DIRECTION('',(-1.66533453693773E-16,-1.53267019535527E-46,-1.0));
#3169=DIRECTION('',(-1.0,0.0,1.66533453693773E-16));
#3170=ORIENTED_EDGE('',*,*,#7492,.T.);
#3171=ORIENTED_EDGE('',*,*,#7493,.F.);
#3172=ORIENTED_EDGE('',*,*,#7494,.F.);
#3173=ORIENTED_EDGE('',*,*,#7486,.F.);
#3174=CARTESIAN_POINT('',(6.52,1.82999999999999,4.1508509304298));
#3175=DIRECTION('',(-1.66533453693773E-16,-1.53267019535527E-46,-1.0));
#3176=DIRECTION('',(-1.0,0.0,1.66533453693773E-16));
#3177=ORIENTED_EDGE('',*,*,#7495,.T.);
#3178=ORIENTED_EDGE('',*,*,#7496,.F.);
#3179=ORIENTED_EDGE('',*,*,#7497,.F.);
#3180=ORIENTED_EDGE('',*,*,#7493,.T.);
#3181=ORIENTED_EDGE('',*,*,#7498,.T.);
#3182=ORIENTED_EDGE('',*,*,#7490,.T.);
#3183=CARTESIAN_POINT('',(6.37000000000001,1.82999999999999,2.15));
#3184=DIRECTION('',(1.0,-2.27765793651141E-16,-1.66533453693773E-16));
#3185=DIRECTION('',(-2.27765793651141E-16,-1.0,0.0));
#3186=ORIENTED_EDGE('',*,*,#7499,.T.);
#3187=ORIENTED_EDGE('',*,*,#7488,.T.);
#3188=ORIENTED_EDGE('',*,*,#7500,.F.);
#3189=ORIENTED_EDGE('',*,*,#7496,.T.);
#3190=CARTESIAN_POINT('',(8.72,1.82999999999999,2.0));
#3191=DIRECTION('',(1.66533453693773E-16,1.53267019535527E-46,1.0));
#3192=DIRECTION('',(1.0,0.0,-1.66533453693773E-16));
#3193=ORIENTED_EDGE('',*,*,#7498,.F.);
#3194=ORIENTED_EDGE('',*,*,#7501,.T.);
#3195=ORIENTED_EDGE('',*,*,#7502,.T.);
#3196=CARTESIAN_POINT('',(7.94296012655633,4.35379133764467,4.1508509304298));
#3197=DIRECTION('',(1.66533453693773E-16,1.53267019535527E-46,1.0));
#3198=DIRECTION('',(1.0,0.0,-1.66533453693773E-16));
#3199=ORIENTED_EDGE('',*,*,#7485,.F.);
#3200=ORIENTED_EDGE('',*,*,#7503,.T.);
#3201=ORIENTED_EDGE('',*,*,#7504,.T.);
#3202=CARTESIAN_POINT('',(7.94296012655633,4.35379133764467,4.1508509304298));
#3203=DIRECTION('',(1.66533453693773E-16,1.53267019535527E-46,1.0));
#3204=DIRECTION('',(1.0,0.0,-1.66533453693773E-16));
#3205=ORIENTED_EDGE('',*,*,#7504,.F.);
#3206=ORIENTED_EDGE('',*,*,#7505,.T.);
#3207=ORIENTED_EDGE('',*,*,#7506,.T.);
#3208=ORIENTED_EDGE('',*,*,#7507,.T.);
#3209=ORIENTED_EDGE('',*,*,#7508,.T.);
#3210=ORIENTED_EDGE('',*,*,#7509,.F.);
#3211=ORIENTED_EDGE('',*,*,#7501,.F.);
#3212=ORIENTED_EDGE('',*,*,#7492,.F.);
#3213=CARTESIAN_POINT('',(7.62000000000001,4.07999999999999,5.7508509304298));
#3214=DIRECTION('',(1.66533453693773E-16,1.5083420970163E-46,1.0));
#3215=DIRECTION('',(1.0,-2.27765793651141E-16,-1.66533453693773E-16));
#3216=ORIENTED_EDGE('',*,*,#7510,.T.);
#3217=ORIENTED_EDGE('',*,*,#7511,.T.);
#3218=ORIENTED_EDGE('',*,*,#7512,.T.);
#3219=ORIENTED_EDGE('',*,*,#7505,.F.);
#3220=ORIENTED_EDGE('',*,*,#7503,.F.);
#3221=ORIENTED_EDGE('',*,*,#7491,.F.);
#3222=ORIENTED_EDGE('',*,*,#7502,.F.);
#3223=ORIENTED_EDGE('',*,*,#7509,.T.);
#3224=CARTESIAN_POINT('',(7.62000000000001,4.07999999999999,5.7508509304298));
#3225=DIRECTION('',(1.66533453693773E-16,1.5083420970163E-46,1.0));
#3226=DIRECTION('',(1.0,-2.27765793651141E-16,-1.66533453693773E-16));
#3227=ORIENTED_EDGE('',*,*,#7513,.T.);
#3228=ORIENTED_EDGE('',*,*,#7514,.T.);
#3229=ORIENTED_EDGE('',*,*,#7515,.T.);
#3230=ORIENTED_EDGE('',*,*,#7507,.F.);
#3231=CARTESIAN_POINT('',(9.02,1.82999999999999,5.7508509304298));
#3232=DIRECTION('',(1.66533453693773E-16,1.53267019535527E-46,1.0));
#3233=DIRECTION('',(1.0,0.0,-1.66533453693773E-16));
#3234=ORIENTED_EDGE('',*,*,#7516,.T.);
#3235=ORIENTED_EDGE('',*,*,#7517,.F.);
#3236=ORIENTED_EDGE('',*,*,#7518,.F.);
#3237=ORIENTED_EDGE('',*,*,#7519,.T.);
#3238=CARTESIAN_POINT('',(5.72000000000001,1.83,5.2508509304298));
#3239=DIRECTION('',(-1.0,2.27765793651141E-16,1.66533453693773E-16));
#3240=DIRECTION('',(1.66533453693773E-16,0.0,1.0));
#3241=ORIENTED_EDGE('',*,*,#7520,.T.);
#3242=ORIENTED_EDGE('',*,*,#7521,.F.);
#3243=ORIENTED_EDGE('',*,*,#7522,.F.);
#3244=ORIENTED_EDGE('',*,*,#7523,.T.);
#3245=CARTESIAN_POINT('',(6.22,1.82999999999999,1.15));
#3246=DIRECTION('',(-1.66533453693773E-16,-1.53267019535527E-46,-1.0));
#3247=DIRECTION('',(-1.0,0.0,1.66533453693773E-16));
#3248=ORIENTED_EDGE('',*,*,#7524,.F.);
#3249=ORIENTED_EDGE('',*,*,#7525,.T.);
#3250=ORIENTED_EDGE('',*,*,#7526,.F.);
#3251=ORIENTED_EDGE('',*,*,#7527,.F.);
#3252=CARTESIAN_POINT('',(9.52,1.82999999999999,1.65));
#3253=DIRECTION('',(1.0,-2.27765793651141E-16,-1.66533453693773E-16));
#3254=DIRECTION('',(-2.27765793651141E-16,-1.0,0.0));
#3255=ORIENTED_EDGE('',*,*,#7528,.F.);
#3256=ORIENTED_EDGE('',*,*,#7510,.F.);
#3257=ORIENTED_EDGE('',*,*,#7508,.F.);
#3258=ORIENTED_EDGE('',*,*,#7515,.F.);
#3259=ORIENTED_EDGE('',*,*,#7529,.T.);
#3260=ORIENTED_EDGE('',*,*,#7518,.T.);
#3261=ORIENTED_EDGE('',*,*,#7530,.F.);
#3262=CARTESIAN_POINT('',(5.97000000000001,4.07999999999999,5.5008509304298));
#3263=DIRECTION('',(-0.707106781186547,1.61054737213058E-16,0.707106781186548));
#3264=DIRECTION('',(2.27765793651142E-16,1.0,0.0));
#3265=ORIENTED_EDGE('',*,*,#7516,.F.);
#3266=ORIENTED_EDGE('',*,*,#7531,.T.);
#3267=ORIENTED_EDGE('',*,*,#7522,.T.);
#3268=ORIENTED_EDGE('',*,*,#7532,.F.);
#3269=CARTESIAN_POINT('',(5.97,4.07999999999999,1.4));
#3270=DIRECTION('',(-0.707106781186548,1.61054737213058E-16,-0.707106781186547));
#3271=DIRECTION('',(-0.707106781186547,0.0,0.707106781186548));
#3272=ORIENTED_EDGE('',*,*,#7520,.F.);
#3273=ORIENTED_EDGE('',*,*,#7533,.T.);
#3274=ORIENTED_EDGE('',*,*,#7524,.T.);
#3275=ORIENTED_EDGE('',*,*,#7534,.F.);
#3276=CARTESIAN_POINT('',(9.27,4.07999999999999,1.4));
#3277=DIRECTION('',(0.707106781186547,-1.61054737213058E-16,-0.707106781186548));
#3278=DIRECTION('',(0.0,-1.0,2.27765793651141E-16));
#3279=ORIENTED_EDGE('',*,*,#7513,.F.);
#3280=ORIENTED_EDGE('',*,*,#7506,.F.);
#3281=ORIENTED_EDGE('',*,*,#7512,.F.);
#3282=ORIENTED_EDGE('',*,*,#7535,.F.);
#3283=ORIENTED_EDGE('',*,*,#7536,.F.);
#3284=ORIENTED_EDGE('',*,*,#7526,.T.);
#3285=ORIENTED_EDGE('',*,*,#7537,.T.);
#3286=CARTESIAN_POINT('',(9.27000000000001,4.07999999999999,5.5008509304298));
#3287=DIRECTION('',(0.707106781186548,-1.61054737213058E-16,0.707106781186547));
#3288=DIRECTION('',(0.0,-1.0,-2.27765793651142E-16));
#3289=ORIENTED_EDGE('',*,*,#7511,.F.);
#3290=ORIENTED_EDGE('',*,*,#7528,.T.);
#3291=ORIENTED_EDGE('',*,*,#7538,.F.);
#3292=ORIENTED_EDGE('',*,*,#7535,.T.);
#3293=CARTESIAN_POINT('',(9.02,1.82999999999999,5.7508509304298));
#3294=DIRECTION('',(1.66533453693773E-16,1.53267019535527E-46,1.0));
#3295=DIRECTION('',(1.0,0.0,-1.66533453693773E-16));
#3296=ORIENTED_EDGE('',*,*,#7519,.F.);
#3297=ORIENTED_EDGE('',*,*,#7529,.F.);
#3298=ORIENTED_EDGE('',*,*,#7514,.F.);
#3299=ORIENTED_EDGE('',*,*,#7537,.F.);
#3300=ORIENTED_EDGE('',*,*,#7525,.F.);
#3301=ORIENTED_EDGE('',*,*,#7533,.F.);
#3302=ORIENTED_EDGE('',*,*,#7523,.F.);
#3303=ORIENTED_EDGE('',*,*,#7531,.F.);
#3304=ORIENTED_EDGE('',*,*,#7497,.T.);
#3305=ORIENTED_EDGE('',*,*,#7500,.T.);
#3306=ORIENTED_EDGE('',*,*,#7487,.T.);
#3307=ORIENTED_EDGE('',*,*,#7494,.T.);
#3308=CARTESIAN_POINT('',(15.0928038783777,6.32999999999999,-25.039574132492));
#3309=DIRECTION('',(2.27765793651141E-16,1.0,-3.79306242500279E-32));
#3310=DIRECTION('',(1.0,-2.27765793651141E-16,0.0));
#3311=ORIENTED_EDGE('',*,*,#7521,.T.);
#3312=ORIENTED_EDGE('',*,*,#7534,.T.);
#3313=ORIENTED_EDGE('',*,*,#7527,.T.);
#3314=ORIENTED_EDGE('',*,*,#7536,.T.);
#3315=ORIENTED_EDGE('',*,*,#7538,.T.);
#3316=ORIENTED_EDGE('',*,*,#7530,.T.);
#3317=ORIENTED_EDGE('',*,*,#7517,.T.);
#3318=ORIENTED_EDGE('',*,*,#7532,.T.);
#3319=ORIENTED_EDGE('',*,*,#7495,.F.);
#3320=ORIENTED_EDGE('',*,*,#7489,.F.);
#3321=ORIENTED_EDGE('',*,*,#7483,.F.);
#3322=ORIENTED_EDGE('',*,*,#7499,.F.);
#3323=CARTESIAN_POINT('',(15.0928038783777,1.82999999999999,-25.039574132492));
#3324=DIRECTION('',(2.27765793651141E-16,1.0,-3.79306242500279E-32));
#3325=DIRECTION('',(1.0,-2.27765793651141E-16,0.0));
#3326=ORIENTED_EDGE('',*,*,#7539,.F.);
#3327=ORIENTED_EDGE('',*,*,#7540,.T.);
#3328=ORIENTED_EDGE('',*,*,#7541,.F.);
#3329=ORIENTED_EDGE('',*,*,#7542,.F.);
#3330=CARTESIAN_POINT('',(7.61999999999992,4.08000000000002,6.0394337567298));
#3331=DIRECTION('',(-1.11022302462516E-16,-9.91531033958089E-17,-1.0));
#3332=DIRECTION('',(0.707106781186547,-0.707106781186548,-8.39279114732148E-18));
#3333=ORIENTED_EDGE('',*,*,#7543,.F.);
#3334=ORIENTED_EDGE('',*,*,#7544,.T.);
#3335=ORIENTED_EDGE('',*,*,#7545,.F.);
#3336=ORIENTED_EDGE('',*,*,#7546,.F.);
#3337=CARTESIAN_POINT('',(6.05022124870951,2.51022124870961,8.1));
#3338=DIRECTION('',(-1.11022302462516E-16,-9.91531033958087E-17,-1.0));
#3339=DIRECTION('',(-1.0,0.0,1.11022302462516E-16));
#3340=ORIENTED_EDGE('',*,*,#7547,.T.);
#3341=ORIENTED_EDGE('',*,*,#7546,.T.);
#3342=ORIENTED_EDGE('',*,*,#7548,.F.);
#3343=ORIENTED_EDGE('',*,*,#7549,.F.);
#3344=CARTESIAN_POINT('',(5.80273387529421,2.7577086221249,9.9501830538379));
#3345=DIRECTION('',(-0.707106781186547,0.707106781186548,8.39279114732147E-18));
#3346=DIRECTION('',(1.18691990667069E-17,0.0,1.0));
#3347=ORIENTED_EDGE('',*,*,#7541,.T.);
#3348=ORIENTED_EDGE('',*,*,#7550,.T.);
#3349=CARTESIAN_POINT('',(7.22225243558248,4.47774756441745,4.15));
#3350=DIRECTION('',(-1.11022302462516E-16,-9.91531033958087E-17,-1.0));
#3351=DIRECTION('',(-1.0,0.0,1.11022302462516E-16));
#3352=ORIENTED_EDGE('',*,*,#7551,.F.);
#3353=ORIENTED_EDGE('',*,*,#7552,.F.);
#3354=ORIENTED_EDGE('',*,*,#7549,.T.);
#3355=CARTESIAN_POINT('',(7.03663690552102,4.66336309447892,9.0));
#3356=DIRECTION('',(-1.11022302462516E-16,-9.91531033958087E-17,-1.0));
#3357=DIRECTION('',(-1.0,0.0,1.11022302462516E-16));
#3358=ORIENTED_EDGE('',*,*,#7553,.T.);
#3359=ORIENTED_EDGE('',*,*,#7554,.F.);
#3360=ORIENTED_EDGE('',*,*,#7555,.F.);
#3361=CARTESIAN_POINT('',(7.03663690552102,4.66336309447892,9.0));
#3362=DIRECTION('',(-1.11022302462516E-16,-9.91531033958087E-17,-1.0));
#3363=DIRECTION('',(-1.0,0.0,1.11022302462516E-16));
#3364=ORIENTED_EDGE('',*,*,#7556,.T.);
#3365=ORIENTED_EDGE('',*,*,#7557,.T.);
#3366=ORIENTED_EDGE('',*,*,#7539,.T.);
#3367=ORIENTED_EDGE('',*,*,#7558,.T.);
#3368=CARTESIAN_POINT('',(6.5063068196311,5.19369318036883,7.7));
#3369=DIRECTION('',(-1.11022302462516E-16,-9.91531033958087E-17,-1.0));
#3370=DIRECTION('',(-1.0,0.0,1.11022302462516E-16));
#3371=ORIENTED_EDGE('',*,*,#7556,.F.);
#3372=ORIENTED_EDGE('',*,*,#7559,.F.);
#3373=ORIENTED_EDGE('',*,*,#7551,.T.);
#3374=ORIENTED_EDGE('',*,*,#7548,.T.);
#3375=ORIENTED_EDGE('',*,*,#7545,.T.);
#3376=ORIENTED_EDGE('',*,*,#7560,.F.);
#3377=ORIENTED_EDGE('',*,*,#7555,.T.);
#3378=ORIENTED_EDGE('',*,*,#7561,.T.);
#3379=CARTESIAN_POINT('',(7.61999999999992,4.08000000000002,8.35));
#3380=DIRECTION('',(-1.11022302462516E-16,-9.91531033958088E-17,-1.0));
#3381=DIRECTION('',(0.707106781186547,-0.707106781186548,-8.39279114732147E-18));
#3382=ORIENTED_EDGE('',*,*,#7562,.F.);
#3383=ORIENTED_EDGE('',*,*,#7553,.F.);
#3384=ORIENTED_EDGE('',*,*,#7560,.T.);
#3385=ORIENTED_EDGE('',*,*,#7544,.F.);
#3386=CARTESIAN_POINT('',(6.2977086221248,2.26273387529432,8.1));
#3387=DIRECTION('',(0.707106781186547,-0.707106781186548,-8.39279114732147E-18));
#3388=DIRECTION('',(0.0,1.18691990667069E-17,-1.0));
#3389=ORIENTED_EDGE('',*,*,#7540,.F.);
#3390=ORIENTED_EDGE('',*,*,#7558,.F.);
#3391=ORIENTED_EDGE('',*,*,#7542,.T.);
#3392=ORIENTED_EDGE('',*,*,#7550,.F.);
#3393=CARTESIAN_POINT('',(7.61999999999992,4.08000000000002,6.0394337567298));
#3394=DIRECTION('',(-1.11022302462516E-16,-9.91531033958089E-17,-1.0));
#3395=DIRECTION('',(0.707106781186547,-0.707106781186548,-8.39279114732148E-18));
#3396=ORIENTED_EDGE('',*,*,#7561,.F.);
#3397=ORIENTED_EDGE('',*,*,#7554,.T.);
#3398=ORIENTED_EDGE('',*,*,#7562,.T.);
#3399=ORIENTED_EDGE('',*,*,#7543,.T.);
#3400=ORIENTED_EDGE('',*,*,#7547,.F.);
#3401=ORIENTED_EDGE('',*,*,#7552,.T.);
#3402=ORIENTED_EDGE('',*,*,#7559,.T.);
#3403=ORIENTED_EDGE('',*,*,#7557,.F.);
#3404=CARTESIAN_POINT('',(7.61999999999992,4.08000000000002,8.35));
#3405=DIRECTION('',(-1.11022302462516E-16,-9.91531033958088E-17,-1.0));
#3406=DIRECTION('',(0.707106781186547,-0.707106781186548,-8.39279114732147E-18));
#3407=ORIENTED_EDGE('',*,*,#7563,.F.);
#3408=ORIENTED_EDGE('',*,*,#7564,.T.);
#3409=ORIENTED_EDGE('',*,*,#7565,.F.);
#3410=ORIENTED_EDGE('',*,*,#7566,.F.);
#3411=CARTESIAN_POINT('',(3.72126575,6.79999999999999,3.3));
#3412=DIRECTION('',(1.0,-0.0,0.0));
#3413=DIRECTION('',(0.0,0.00634377123143939,0.999979878080836));
#3414=ORIENTED_EDGE('',*,*,#7567,.F.);
#3415=ORIENTED_EDGE('',*,*,#7568,.T.);
#3416=ORIENTED_EDGE('',*,*,#7569,.T.);
#3417=ORIENTED_EDGE('',*,*,#7570,.F.);
#3418=CARTESIAN_POINT('',(3.7212545,6.79999999999999,3.3));
#3419=DIRECTION('',(1.0,-0.0,0.0));
#3420=DIRECTION('',(0.0,0.00634377123144569,0.999979878080836));
#3421=ORIENTED_EDGE('',*,*,#7571,.F.);
#3422=ORIENTED_EDGE('',*,*,#7572,.T.);
#3423=ORIENTED_EDGE('',*,*,#7573,.T.);
#3424=ORIENTED_EDGE('',*,*,#7574,.F.);
#3425=CARTESIAN_POINT('',(3.0650063,4.3,0.100000000000032));
#3426=DIRECTION('',(1.0,0.0,0.0));
#3427=DIRECTION('',(0.0,-0.999979878080836,0.0063437712314393));
#3428=ORIENTED_EDGE('',*,*,#7575,.F.);
#3429=ORIENTED_EDGE('',*,*,#7576,.T.);
#3430=ORIENTED_EDGE('',*,*,#7577,.T.);
#3431=ORIENTED_EDGE('',*,*,#7578,.F.);
#3432=CARTESIAN_POINT('',(1.6999955,6.79999999999999,0.800000000000034));
#3433=DIRECTION('',(-1.0,0.0,-0.0));
#3434=DIRECTION('',(0.0,0.0063437712314379,-0.999979878080836));
#3435=ORIENTED_EDGE('',*,*,#7579,.F.);
#3436=ORIENTED_EDGE('',*,*,#7580,.T.);
#3437=ORIENTED_EDGE('',*,*,#7581,.F.);
#3438=ORIENTED_EDGE('',*,*,#7582,.F.);
#3439=CARTESIAN_POINT('',(3.38001575000001,6.79999999999999,0.800000000000033));
#3440=DIRECTION('',(1.0,-0.0,0.0));
#3441=DIRECTION('',(0.0,0.999979878080836,-0.00634377123143472));
#3442=ORIENTED_EDGE('',*,*,#7583,.T.);
#3443=ORIENTED_EDGE('',*,*,#7584,.T.);
#3444=ORIENTED_EDGE('',*,*,#7585,.F.);
#3445=ORIENTED_EDGE('',*,*,#7586,.T.);
#3446=ORIENTED_EDGE('',*,*,#7587,.T.);
#3447=ORIENTED_EDGE('',*,*,#7588,.F.);
#3448=ORIENTED_EDGE('',*,*,#7589,.T.);
#3449=ORIENTED_EDGE('',*,*,#7590,.T.);
#3450=CARTESIAN_POINT('',(3.38000315000001,6.86250314999999,0.100000000000022));
#3451=DIRECTION('',(0.0,0.0,1.0));
#3452=DIRECTION('',(1.0,0.0,0.0));
#3453=ORIENTED_EDGE('',*,*,#7591,.T.);
#3454=ORIENTED_EDGE('',*,*,#7592,.T.);
#3455=ORIENTED_EDGE('',*,*,#7593,.T.);
#3456=ORIENTED_EDGE('',*,*,#7594,.T.);
#3457=CARTESIAN_POINT('',(3.72125315,2.0,3.48749685));
#3458=DIRECTION('',(0.0,-1.0,0.0));
#3459=DIRECTION('',(0.0,0.0,-1.0));
#3460=ORIENTED_EDGE('',*,*,#7595,.T.);
#3461=ORIENTED_EDGE('',*,*,#7596,.T.);
#3462=ORIENTED_EDGE('',*,*,#7566,.T.);
#3463=ORIENTED_EDGE('',*,*,#7597,.T.);
#3464=ORIENTED_EDGE('',*,*,#7568,.F.);
#3465=ORIENTED_EDGE('',*,*,#7598,.F.);
#3466=ORIENTED_EDGE('',*,*,#7599,.T.);
#3467=ORIENTED_EDGE('',*,*,#7591,.F.);
#3468=CARTESIAN_POINT('',(3.665,7.63750314999999,4.01750315));
#3469=DIRECTION('',(-1.0,0.0,0.0));
#3470=DIRECTION('',(0.0,0.0,1.0));
#3471=ORIENTED_EDGE('',*,*,#7600,.T.);
#3472=ORIENTED_EDGE('',*,*,#7601,.T.);
#3473=ORIENTED_EDGE('',*,*,#7602,.T.);
#3474=ORIENTED_EDGE('',*,*,#7603,.F.);
#3475=CARTESIAN_POINT('',(3.32750315,7.75625314999999,2.9));
#3476=DIRECTION('',(0.0,0.0,1.0));
#3477=DIRECTION('',(1.0,0.0,0.0));
#3478=ORIENTED_EDGE('',*,*,#7604,.F.);
#3479=ORIENTED_EDGE('',*,*,#7605,.T.);
#3480=ORIENTED_EDGE('',*,*,#7606,.F.);
#3481=ORIENTED_EDGE('',*,*,#7607,.T.);
#3482=CARTESIAN_POINT('',(0.639999999999989,7.51250314999999,3.35000314999978));
#3483=DIRECTION('',(-1.0,0.0,-5.32907051820132E-15));
#3484=DIRECTION('',(-5.32907051820132E-15,0.0,1.0));
#3485=ORIENTED_EDGE('',*,*,#7608,.T.);
#3486=ORIENTED_EDGE('',*,*,#7609,.F.);
#3487=ORIENTED_EDGE('',*,*,#7602,.F.);
#3488=ORIENTED_EDGE('',*,*,#7610,.F.);
#3489=CARTESIAN_POINT('',(3.32750315,7.74999999999999,2.07999685));
#3490=DIRECTION('',(-0.0,1.0,0.0));
#3491=DIRECTION('',(1.0,0.0,0.0));
#3492=ORIENTED_EDGE('',*,*,#7611,.F.);
#3493=ORIENTED_EDGE('',*,*,#7612,.T.);
#3494=ORIENTED_EDGE('',*,*,#7613,.F.);
#3495=ORIENTED_EDGE('',*,*,#7614,.F.);
#3496=ORIENTED_EDGE('',*,*,#7615,.T.);
#3497=ORIENTED_EDGE('',*,*,#7616,.F.);
#3498=CARTESIAN_POINT('',(3.06500315,3.79999999999999,-3.59000315));
#3499=DIRECTION('',(0.0,-1.0,0.0));
#3500=DIRECTION('',(0.0,0.0,-1.0));
#3501=ORIENTED_EDGE('',*,*,#7616,.T.);
#3502=ORIENTED_EDGE('',*,*,#7617,.T.);
#3503=ORIENTED_EDGE('',*,*,#7574,.T.);
#3504=ORIENTED_EDGE('',*,*,#7618,.T.);
#3505=ORIENTED_EDGE('',*,*,#7619,.F.);
#3506=ORIENTED_EDGE('',*,*,#7589,.F.);
#3507=ORIENTED_EDGE('',*,*,#7620,.T.);
#3508=ORIENTED_EDGE('',*,*,#7621,.F.);
#3509=CARTESIAN_POINT('',(2.04,4.72250314999999,-2.57750315));
#3510=DIRECTION('',(1.0,0.0,-6.82163364553331E-17));
#3511=DIRECTION('',(-6.82163364553331E-17,0.0,-1.0));
#3512=ORIENTED_EDGE('',*,*,#7622,.T.);
#3513=ORIENTED_EDGE('',*,*,#7623,.F.);
#3514=ORIENTED_EDGE('',*,*,#7624,.F.);
#3515=ORIENTED_EDGE('',*,*,#7577,.F.);
#3516=ORIENTED_EDGE('',*,*,#7625,.F.);
#3517=ORIENTED_EDGE('',*,*,#7626,.F.);
#3518=ORIENTED_EDGE('',*,*,#7606,.T.);
#3519=ORIENTED_EDGE('',*,*,#7627,.T.);
#3520=ORIENTED_EDGE('',*,*,#7569,.F.);
#3521=ORIENTED_EDGE('',*,*,#7628,.F.);
#3522=ORIENTED_EDGE('',*,*,#7629,.F.);
#3523=ORIENTED_EDGE('',*,*,#7630,.T.);
#3524=ORIENTED_EDGE('',*,*,#7631,.F.);
#3525=ORIENTED_EDGE('',*,*,#7600,.F.);
#3526=CARTESIAN_POINT('',(0.544996849999989,7.49999999999999,0.737496850000031));
#3527=DIRECTION('',(-0.0,1.0,0.0));
#3528=DIRECTION('',(1.0,0.0,0.0));
#3529=ORIENTED_EDGE('',*,*,#7632,.T.);
#3530=ORIENTED_EDGE('',*,*,#7633,.T.);
#3531=ORIENTED_EDGE('',*,*,#7582,.T.);
#3532=ORIENTED_EDGE('',*,*,#7634,.T.);
#3533=ORIENTED_EDGE('',*,*,#7635,.T.);
#3534=ORIENTED_EDGE('',*,*,#7585,.T.);
#3535=ORIENTED_EDGE('',*,*,#7636,.T.);
#3536=ORIENTED_EDGE('',*,*,#7578,.T.);
#3537=ORIENTED_EDGE('',*,*,#7624,.T.);
#3538=ORIENTED_EDGE('',*,*,#7637,.F.);
#3539=CARTESIAN_POINT('',(3.34,7.57000314999999,1.33000315));
#3540=DIRECTION('',(-1.0,0.0,-8.81124978998264E-15));
#3541=DIRECTION('',(-8.81124978998264E-15,0.0,1.0));
#3542=ORIENTED_EDGE('',*,*,#7614,.T.);
#3543=ORIENTED_EDGE('',*,*,#7638,.T.);
#3544=ORIENTED_EDGE('',*,*,#7639,.T.);
#3545=ORIENTED_EDGE('',*,*,#7587,.F.);
#3546=ORIENTED_EDGE('',*,*,#7640,.T.);
#3547=ORIENTED_EDGE('',*,*,#7641,.T.);
#3548=ORIENTED_EDGE('',*,*,#7572,.F.);
#3549=ORIENTED_EDGE('',*,*,#7642,.F.);
#3550=CARTESIAN_POINT('',(3.04,4.72250314999999,0.677503150000033));
#3551=DIRECTION('',(-1.0,0.0,0.0));
#3552=DIRECTION('',(0.0,0.0,1.0));
#3553=ORIENTED_EDGE('',*,*,#7629,.T.);
#3554=ORIENTED_EDGE('',*,*,#7603,.T.);
#3555=ORIENTED_EDGE('',*,*,#7609,.T.);
#3556=ORIENTED_EDGE('',*,*,#7643,.F.);
#3557=CARTESIAN_POINT('',(1.79,7.75625314999999,2.92000315));
#3558=DIRECTION('',(-1.0,0.0,0.0));
#3559=DIRECTION('',(0.0,0.0,1.0));
#3560=ORIENTED_EDGE('',*,*,#7644,.T.);
#3561=ORIENTED_EDGE('',*,*,#7645,.F.);
#3562=ORIENTED_EDGE('',*,*,#7590,.F.);
#3563=ORIENTED_EDGE('',*,*,#7619,.T.);
#3564=CARTESIAN_POINT('',(2.04750315,4.69999999999999,0.0874968500000217));
#3565=DIRECTION('',(-0.0,1.0,0.0));
#3566=DIRECTION('',(1.0,0.0,0.0));
#3567=ORIENTED_EDGE('',*,*,#7579,.T.);
#3568=ORIENTED_EDGE('',*,*,#7633,.F.);
#3569=ORIENTED_EDGE('',*,*,#7646,.T.);
#3570=ORIENTED_EDGE('',*,*,#7647,.T.);
#3571=CARTESIAN_POINT('',(3.38001575000001,6.79999999999999,0.800000000000033));
#3572=DIRECTION('',(1.0,-0.0,0.0));
#3573=DIRECTION('',(0.0,0.999979878080836,-0.00634377123143472));
#3574=ORIENTED_EDGE('',*,*,#7648,.F.);
#3575=ORIENTED_EDGE('',*,*,#7649,.F.);
#3576=ORIENTED_EDGE('',*,*,#7650,.F.);
#3577=ORIENTED_EDGE('',*,*,#7612,.F.);
#3578=CARTESIAN_POINT('',(2.83222375422491,4.31250314999999,-3.5));
#3579=DIRECTION('',(-0.0,-0.0,-1.0));
#3580=DIRECTION('',(0.0,-1.0,0.0));
#3581=ORIENTED_EDGE('',*,*,#7651,.F.);
#3582=ORIENTED_EDGE('',*,*,#7652,.F.);
#3583=ORIENTED_EDGE('',*,*,#7653,.F.);
#3584=ORIENTED_EDGE('',*,*,#7622,.F.);
#3585=CARTESIAN_POINT('',(4.44,7.51250314999999,1.24999684999999));
#3586=DIRECTION('',(1.0,0.0,0.0));
#3587=DIRECTION('',(0.0,1.0,0.0));
#3588=ORIENTED_EDGE('',*,*,#7626,.T.);
#3589=ORIENTED_EDGE('',*,*,#7654,.F.);
#3590=ORIENTED_EDGE('',*,*,#7655,.T.);
#3591=ORIENTED_EDGE('',*,*,#7607,.F.);
#3592=CARTESIAN_POINT('',(1.76750315,7.51250314999999,1.3));
#3593=DIRECTION('',(0.0,0.0,1.0));
#3594=DIRECTION('',(1.0,0.0,0.0));
#3595=ORIENTED_EDGE('',*,*,#7575,.T.);
#3596=ORIENTED_EDGE('',*,*,#7636,.F.);
#3597=ORIENTED_EDGE('',*,*,#7584,.F.);
#3598=ORIENTED_EDGE('',*,*,#7656,.T.);
#3599=CARTESIAN_POINT('',(1.6999955,6.79999999999999,0.800000000000034));
#3600=DIRECTION('',(-1.0,0.0,-0.0));
#3601=DIRECTION('',(0.0,0.0063437712314379,-0.999979878080836));
#3602=ORIENTED_EDGE('',*,*,#7657,.T.);
#3603=ORIENTED_EDGE('',*,*,#7640,.F.);
#3604=ORIENTED_EDGE('',*,*,#7586,.F.);
#3605=ORIENTED_EDGE('',*,*,#7635,.F.);
#3606=CARTESIAN_POINT('',(3.34750315000001,4.69999999999999,0.0874968500000217));
#3607=DIRECTION('',(-0.0,1.0,0.0));
#3608=DIRECTION('',(1.0,0.0,0.0));
#3609=ORIENTED_EDGE('',*,*,#7631,.T.);
#3610=ORIENTED_EDGE('',*,*,#7658,.F.);
#3611=ORIENTED_EDGE('',*,*,#7610,.T.);
#3612=ORIENTED_EDGE('',*,*,#7601,.F.);
#3613=CARTESIAN_POINT('',(3.29,7.75625314999999,2.07999685));
#3614=DIRECTION('',(1.0,0.0,0.0));
#3615=DIRECTION('',(0.0,1.0,0.0));
#3616=ORIENTED_EDGE('',*,*,#7643,.T.);
#3617=ORIENTED_EDGE('',*,*,#7608,.F.);
#3618=ORIENTED_EDGE('',*,*,#7658,.T.);
#3619=ORIENTED_EDGE('',*,*,#7630,.F.);
#3620=CARTESIAN_POINT('',(3.32750315,7.75625314999999,2.1));
#3621=DIRECTION('',(-0.0,-0.0,-1.0));
#3622=DIRECTION('',(0.0,-1.0,0.0));
#3623=ORIENTED_EDGE('',*,*,#7571,.T.);
#3624=ORIENTED_EDGE('',*,*,#7617,.F.);
#3625=ORIENTED_EDGE('',*,*,#7615,.F.);
#3626=ORIENTED_EDGE('',*,*,#7642,.T.);
#3627=CARTESIAN_POINT('',(3.0650063,4.3,0.100000000000032));
#3628=DIRECTION('',(1.0,0.0,0.0));
#3629=DIRECTION('',(0.0,-0.999979878080836,0.0063437712314393));
#3630=ORIENTED_EDGE('',*,*,#7567,.T.);
#3631=ORIENTED_EDGE('',*,*,#7659,.F.);
#3632=ORIENTED_EDGE('',*,*,#7660,.F.);
#3633=ORIENTED_EDGE('',*,*,#7598,.T.);
#3634=CARTESIAN_POINT('',(3.7212545,6.79999999999999,3.3));
#3635=DIRECTION('',(1.0,-0.0,0.0));
#3636=DIRECTION('',(0.0,0.00634377123144569,0.999979878080836));
#3637=ORIENTED_EDGE('',*,*,#7613,.T.);
#3638=ORIENTED_EDGE('',*,*,#7650,.T.);
#3639=ORIENTED_EDGE('',*,*,#7661,.T.);
#3640=ORIENTED_EDGE('',*,*,#7638,.F.);
#3641=CARTESIAN_POINT('',(3.04554304835086,4.31250314999999,-2.47499692466758));
#3642=DIRECTION('',(-0.976296007119934,0.0,0.216439613938102));
#3643=DIRECTION('',(0.0,1.0,0.0));
#3644=ORIENTED_EDGE('',*,*,#7563,.T.);
#3645=ORIENTED_EDGE('',*,*,#7596,.F.);
#3646=ORIENTED_EDGE('',*,*,#7662,.T.);
#3647=ORIENTED_EDGE('',*,*,#7663,.T.);
#3648=CARTESIAN_POINT('',(3.72126575,6.79999999999999,3.3));
#3649=DIRECTION('',(1.0,-0.0,0.0));
#3650=DIRECTION('',(0.0,0.00634377123143939,0.999979878080836));
#3651=ORIENTED_EDGE('',*,*,#7623,.T.);
#3652=ORIENTED_EDGE('',*,*,#7653,.T.);
#3653=ORIENTED_EDGE('',*,*,#7664,.T.);
#3654=ORIENTED_EDGE('',*,*,#7637,.T.);
#3655=CARTESIAN_POINT('',(4.46750315,7.51250314999999,1.3));
#3656=DIRECTION('',(0.0,0.0,1.0));
#3657=DIRECTION('',(1.0,0.0,0.0));
#3658=ORIENTED_EDGE('',*,*,#7605,.F.);
#3659=ORIENTED_EDGE('',*,*,#7665,.F.);
#3660=ORIENTED_EDGE('',*,*,#7666,.F.);
#3661=ORIENTED_EDGE('',*,*,#7627,.F.);
#3662=CARTESIAN_POINT('',(0.620621849999989,7.51250314999999,3.29999999999978));
#3663=DIRECTION('',(4.12570007318706E-13,0.0,-1.0));
#3664=DIRECTION('',(0.0,-1.0,0.0));
#3665=ORIENTED_EDGE('',*,*,#7599,.F.);
#3666=ORIENTED_EDGE('',*,*,#7660,.T.);
#3667=ORIENTED_EDGE('',*,*,#7667,.F.);
#3668=ORIENTED_EDGE('',*,*,#7592,.F.);
#3669=CARTESIAN_POINT('',(3.72125315,1.87999685,4.0));
#3670=DIRECTION('',(0.0,0.0,1.0));
#3671=DIRECTION('',(1.0,0.0,0.0));
#3672=ORIENTED_EDGE('',*,*,#7611,.T.);
#3673=ORIENTED_EDGE('',*,*,#7621,.T.);
#3674=ORIENTED_EDGE('',*,*,#7668,.T.);
#3675=ORIENTED_EDGE('',*,*,#7648,.T.);
#3676=CARTESIAN_POINT('',(2.2672377109938,4.31250314999999,-3.52500307533242));
#3677=DIRECTION('',(0.976296007119933,0.0,0.216439613938105));
#3678=DIRECTION('',(0.0,-1.0,0.0));
#3679=ORIENTED_EDGE('',*,*,#7618,.F.);
#3680=ORIENTED_EDGE('',*,*,#7573,.F.);
#3681=ORIENTED_EDGE('',*,*,#7641,.F.);
#3682=ORIENTED_EDGE('',*,*,#7657,.F.);
#3683=ORIENTED_EDGE('',*,*,#7634,.F.);
#3684=ORIENTED_EDGE('',*,*,#7581,.T.);
#3685=ORIENTED_EDGE('',*,*,#7669,.F.);
#3686=ORIENTED_EDGE('',*,*,#7644,.F.);
#3687=CARTESIAN_POINT('',(3.38000315000001,4.23749684999999,0.600000000000033));
#3688=DIRECTION('',(0.0,0.0,1.0));
#3689=DIRECTION('',(1.0,0.0,0.0));
#3690=ORIENTED_EDGE('',*,*,#7670,.T.);
#3691=ORIENTED_EDGE('',*,*,#7651,.T.);
#3692=ORIENTED_EDGE('',*,*,#7628,.T.);
#3693=ORIENTED_EDGE('',*,*,#7597,.F.);
#3694=CARTESIAN_POINT('',(3.64562185,7.51250314999999,3.3000000000001));
#3695=DIRECTION('',(0.0,0.0,-1.0));
#3696=DIRECTION('',(0.0,-1.0,0.0));
#3697=ORIENTED_EDGE('',*,*,#7656,.F.);
#3698=ORIENTED_EDGE('',*,*,#7583,.F.);
#3699=ORIENTED_EDGE('',*,*,#7645,.T.);
#3700=ORIENTED_EDGE('',*,*,#7669,.T.);
#3701=ORIENTED_EDGE('',*,*,#7580,.F.);
#3702=ORIENTED_EDGE('',*,*,#7647,.F.);
#3703=ORIENTED_EDGE('',*,*,#7671,.T.);
#3704=ORIENTED_EDGE('',*,*,#7654,.T.);
#3705=ORIENTED_EDGE('',*,*,#7625,.T.);
#3706=ORIENTED_EDGE('',*,*,#7576,.F.);
#3707=CARTESIAN_POINT('',(1.74,7.57000314999999,0.0699968500000225));
#3708=DIRECTION('',(1.0,0.0,0.0));
#3709=DIRECTION('',(0.0,1.0,0.0));
#3710=ORIENTED_EDGE('',*,*,#7661,.F.);
#3711=ORIENTED_EDGE('',*,*,#7649,.T.);
#3712=ORIENTED_EDGE('',*,*,#7668,.F.);
#3713=ORIENTED_EDGE('',*,*,#7620,.F.);
#3714=ORIENTED_EDGE('',*,*,#7588,.T.);
#3715=ORIENTED_EDGE('',*,*,#7639,.F.);
#3716=CARTESIAN_POINT('',(3.06500315,4.29999999999999,0.190003150000034));
#3717=DIRECTION('',(0.0,1.0,4.69934888574189E-16));
#3718=DIRECTION('',(0.0,4.69934888574189E-16,-1.0));
#3719=ORIENTED_EDGE('',*,*,#7593,.F.);
#3720=ORIENTED_EDGE('',*,*,#7667,.T.);
#3721=ORIENTED_EDGE('',*,*,#7659,.T.);
#3722=ORIENTED_EDGE('',*,*,#7570,.T.);
#3723=ORIENTED_EDGE('',*,*,#7666,.T.);
#3724=ORIENTED_EDGE('',*,*,#7564,.F.);
#3725=ORIENTED_EDGE('',*,*,#7663,.F.);
#3726=ORIENTED_EDGE('',*,*,#7672,.F.);
#3727=CARTESIAN_POINT('',(1.415,7.63750314999999,3.28249685));
#3728=DIRECTION('',(1.0,0.0,0.0));
#3729=DIRECTION('',(0.0,1.0,0.0));
#3730=ORIENTED_EDGE('',*,*,#7595,.F.);
#3731=ORIENTED_EDGE('',*,*,#7594,.F.);
#3732=ORIENTED_EDGE('',*,*,#7672,.T.);
#3733=ORIENTED_EDGE('',*,*,#7662,.F.);
#3734=CARTESIAN_POINT('',(3.72125315,6.92000314999999,3.5));
#3735=DIRECTION('',(-0.0,-0.0,-1.0));
#3736=DIRECTION('',(0.0,-1.0,0.0));
#3737=ORIENTED_EDGE('',*,*,#7652,.T.);
#3738=ORIENTED_EDGE('',*,*,#7670,.F.);
#3739=ORIENTED_EDGE('',*,*,#7565,.T.);
#3740=ORIENTED_EDGE('',*,*,#7665,.T.);
#3741=ORIENTED_EDGE('',*,*,#7604,.T.);
#3742=ORIENTED_EDGE('',*,*,#7655,.F.);
#3743=ORIENTED_EDGE('',*,*,#7671,.F.);
#3744=ORIENTED_EDGE('',*,*,#7646,.F.);
#3745=ORIENTED_EDGE('',*,*,#7632,.F.);
#3746=ORIENTED_EDGE('',*,*,#7664,.F.);
#3747=CARTESIAN_POINT('',(0.544996849999989,6.99999999999999,0.737496850000031));
#3748=DIRECTION('',(-0.0,1.0,0.0));
#3749=DIRECTION('',(1.0,0.0,0.0));
#3750=ORIENTED_EDGE('',*,*,#7673,.T.);
#3751=ORIENTED_EDGE('',*,*,#7674,.T.);
#3752=ORIENTED_EDGE('',*,*,#7675,.T.);
#3753=ORIENTED_EDGE('',*,*,#7676,.T.);
#3754=ORIENTED_EDGE('',*,*,#7677,.F.);
#3755=ORIENTED_EDGE('',*,*,#7678,.F.);
#3756=CARTESIAN_POINT('',(3.79,1.82999999999999,4.0508509304298));
#3757=DIRECTION('',(-1.0,2.27765793651141E-16,1.66533453693773E-16));
#3758=DIRECTION('',(1.66533453693773E-16,0.0,1.0));
#3759=ORIENTED_EDGE('',*,*,#7679,.T.);
#3760=ORIENTED_EDGE('',*,*,#7680,.F.);
#3761=ORIENTED_EDGE('',*,*,#7681,.T.);
#3762=ORIENTED_EDGE('',*,*,#7674,.F.);
#3763=CARTESIAN_POINT('',(1.44,1.82999999999999,4.1508509304298));
#3764=DIRECTION('',(-1.66533453693773E-16,-1.53267019535527E-46,-1.0));
#3765=DIRECTION('',(-1.0,0.0,1.66533453693773E-16));
#3766=ORIENTED_EDGE('',*,*,#7682,.T.);
#3767=ORIENTED_EDGE('',*,*,#7683,.F.);
#3768=ORIENTED_EDGE('',*,*,#7684,.F.);
#3769=ORIENTED_EDGE('',*,*,#7676,.F.);
#3770=CARTESIAN_POINT('',(1.44,1.82999999999999,4.1508509304298));
#3771=DIRECTION('',(-1.66533453693773E-16,-1.53267019535527E-46,-1.0));
#3772=DIRECTION('',(-1.0,0.0,1.66533453693773E-16));
#3773=ORIENTED_EDGE('',*,*,#7685,.T.);
#3774=ORIENTED_EDGE('',*,*,#7686,.F.);
#3775=ORIENTED_EDGE('',*,*,#7687,.F.);
#3776=ORIENTED_EDGE('',*,*,#7683,.T.);
#3777=ORIENTED_EDGE('',*,*,#7688,.T.);
#3778=ORIENTED_EDGE('',*,*,#7680,.T.);
#3779=CARTESIAN_POINT('',(1.29000000000001,1.82999999999999,2.15));
#3780=DIRECTION('',(1.0,-2.27765793651141E-16,-1.66533453693773E-16));
#3781=DIRECTION('',(-2.27765793651141E-16,-1.0,0.0));
#3782=ORIENTED_EDGE('',*,*,#7689,.T.);
#3783=ORIENTED_EDGE('',*,*,#7678,.T.);
#3784=ORIENTED_EDGE('',*,*,#7690,.F.);
#3785=ORIENTED_EDGE('',*,*,#7686,.T.);
#3786=CARTESIAN_POINT('',(3.64,1.82999999999999,2.0));
#3787=DIRECTION('',(1.66533453693773E-16,1.53267019535527E-46,1.0));
#3788=DIRECTION('',(1.0,0.0,-1.66533453693773E-16));
#3789=ORIENTED_EDGE('',*,*,#7688,.F.);
#3790=ORIENTED_EDGE('',*,*,#7691,.T.);
#3791=ORIENTED_EDGE('',*,*,#7692,.T.);
#3792=CARTESIAN_POINT('',(2.86296012655633,4.35379133764467,4.1508509304298));
#3793=DIRECTION('',(1.66533453693773E-16,1.53267019535527E-46,1.0));
#3794=DIRECTION('',(1.0,0.0,-1.66533453693773E-16));
#3795=ORIENTED_EDGE('',*,*,#7675,.F.);
#3796=ORIENTED_EDGE('',*,*,#7693,.T.);
#3797=ORIENTED_EDGE('',*,*,#7694,.T.);
#3798=CARTESIAN_POINT('',(2.86296012655633,4.35379133764467,4.1508509304298));
#3799=DIRECTION('',(1.66533453693773E-16,1.53267019535527E-46,1.0));
#3800=DIRECTION('',(1.0,0.0,-1.66533453693773E-16));
#3801=ORIENTED_EDGE('',*,*,#7694,.F.);
#3802=ORIENTED_EDGE('',*,*,#7695,.T.);
#3803=ORIENTED_EDGE('',*,*,#7696,.T.);
#3804=ORIENTED_EDGE('',*,*,#7697,.T.);
#3805=ORIENTED_EDGE('',*,*,#7698,.T.);
#3806=ORIENTED_EDGE('',*,*,#7699,.F.);
#3807=ORIENTED_EDGE('',*,*,#7691,.F.);
#3808=ORIENTED_EDGE('',*,*,#7682,.F.);
#3809=CARTESIAN_POINT('',(2.54000000000001,4.07999999999999,5.7508509304298));
#3810=DIRECTION('',(1.66533453693773E-16,1.5083420970163E-46,1.0));
#3811=DIRECTION('',(1.0,-2.27765793651141E-16,-1.66533453693773E-16));
#3812=ORIENTED_EDGE('',*,*,#7700,.T.);
#3813=ORIENTED_EDGE('',*,*,#7701,.T.);
#3814=ORIENTED_EDGE('',*,*,#7702,.T.);
#3815=ORIENTED_EDGE('',*,*,#7695,.F.);
#3816=ORIENTED_EDGE('',*,*,#7693,.F.);
#3817=ORIENTED_EDGE('',*,*,#7681,.F.);
#3818=ORIENTED_EDGE('',*,*,#7692,.F.);
#3819=ORIENTED_EDGE('',*,*,#7699,.T.);
#3820=CARTESIAN_POINT('',(2.54000000000001,4.07999999999999,5.7508509304298));
#3821=DIRECTION('',(1.66533453693773E-16,1.5083420970163E-46,1.0));
#3822=DIRECTION('',(1.0,-2.27765793651141E-16,-1.66533453693773E-16));
#3823=ORIENTED_EDGE('',*,*,#7703,.T.);
#3824=ORIENTED_EDGE('',*,*,#7704,.T.);
#3825=ORIENTED_EDGE('',*,*,#7705,.T.);
#3826=ORIENTED_EDGE('',*,*,#7697,.F.);
#3827=CARTESIAN_POINT('',(3.94000000000001,1.82999999999999,5.7508509304298));
#3828=DIRECTION('',(1.66533453693773E-16,1.53267019535527E-46,1.0));
#3829=DIRECTION('',(1.0,0.0,-1.66533453693773E-16));
#3830=ORIENTED_EDGE('',*,*,#7706,.T.);
#3831=ORIENTED_EDGE('',*,*,#7707,.F.);
#3832=ORIENTED_EDGE('',*,*,#7708,.F.);
#3833=ORIENTED_EDGE('',*,*,#7709,.T.);
#3834=CARTESIAN_POINT('',(0.640000000000005,1.83,5.2508509304298));
#3835=DIRECTION('',(-1.0,2.27765793651141E-16,1.66533453693773E-16));
#3836=DIRECTION('',(1.66533453693773E-16,0.0,1.0));
#3837=ORIENTED_EDGE('',*,*,#7710,.T.);
#3838=ORIENTED_EDGE('',*,*,#7711,.F.);
#3839=ORIENTED_EDGE('',*,*,#7712,.F.);
#3840=ORIENTED_EDGE('',*,*,#7713,.T.);
#3841=CARTESIAN_POINT('',(1.14,1.82999999999999,1.15));
#3842=DIRECTION('',(-1.66533453693773E-16,-1.53267019535527E-46,-1.0));
#3843=DIRECTION('',(-1.0,0.0,1.66533453693773E-16));
#3844=ORIENTED_EDGE('',*,*,#7714,.F.);
#3845=ORIENTED_EDGE('',*,*,#7715,.T.);
#3846=ORIENTED_EDGE('',*,*,#7716,.F.);
#3847=ORIENTED_EDGE('',*,*,#7717,.F.);
#3848=CARTESIAN_POINT('',(4.44,1.82999999999999,1.65));
#3849=DIRECTION('',(1.0,-2.27765793651141E-16,-1.66533453693773E-16));
#3850=DIRECTION('',(-2.27765793651141E-16,-1.0,0.0));
#3851=ORIENTED_EDGE('',*,*,#7718,.F.);
#3852=ORIENTED_EDGE('',*,*,#7700,.F.);
#3853=ORIENTED_EDGE('',*,*,#7698,.F.);
#3854=ORIENTED_EDGE('',*,*,#7705,.F.);
#3855=ORIENTED_EDGE('',*,*,#7719,.T.);
#3856=ORIENTED_EDGE('',*,*,#7708,.T.);
#3857=ORIENTED_EDGE('',*,*,#7720,.F.);
#3858=CARTESIAN_POINT('',(0.890000000000005,4.07999999999999,5.5008509304298));
#3859=DIRECTION('',(-0.707106781186547,1.61054737213058E-16,0.707106781186548));
#3860=DIRECTION('',(2.27765793651142E-16,1.0,0.0));
#3861=ORIENTED_EDGE('',*,*,#7706,.F.);
#3862=ORIENTED_EDGE('',*,*,#7721,.T.);
#3863=ORIENTED_EDGE('',*,*,#7712,.T.);
#3864=ORIENTED_EDGE('',*,*,#7722,.F.);
#3865=CARTESIAN_POINT('',(0.890000000000004,4.07999999999999,1.4));
#3866=DIRECTION('',(-0.707106781186548,1.61054737213058E-16,-0.707106781186547));
#3867=DIRECTION('',(-0.707106781186547,0.0,0.707106781186548));
#3868=ORIENTED_EDGE('',*,*,#7710,.F.);
#3869=ORIENTED_EDGE('',*,*,#7723,.T.);
#3870=ORIENTED_EDGE('',*,*,#7714,.T.);
#3871=ORIENTED_EDGE('',*,*,#7724,.F.);
#3872=CARTESIAN_POINT('',(4.19,4.07999999999999,1.4));
#3873=DIRECTION('',(0.707106781186547,-1.61054737213058E-16,-0.707106781186548));
#3874=DIRECTION('',(0.0,-1.0,2.27765793651141E-16));
#3875=ORIENTED_EDGE('',*,*,#7703,.F.);
#3876=ORIENTED_EDGE('',*,*,#7696,.F.);
#3877=ORIENTED_EDGE('',*,*,#7702,.F.);
#3878=ORIENTED_EDGE('',*,*,#7725,.F.);
#3879=ORIENTED_EDGE('',*,*,#7726,.F.);
#3880=ORIENTED_EDGE('',*,*,#7716,.T.);
#3881=ORIENTED_EDGE('',*,*,#7727,.T.);
#3882=CARTESIAN_POINT('',(4.19000000000001,4.07999999999999,5.5008509304298));
#3883=DIRECTION('',(0.707106781186548,-1.61054737213058E-16,0.707106781186547));
#3884=DIRECTION('',(0.0,-1.0,-2.27765793651142E-16));
#3885=ORIENTED_EDGE('',*,*,#7701,.F.);
#3886=ORIENTED_EDGE('',*,*,#7718,.T.);
#3887=ORIENTED_EDGE('',*,*,#7728,.F.);
#3888=ORIENTED_EDGE('',*,*,#7725,.T.);
#3889=CARTESIAN_POINT('',(3.94000000000001,1.82999999999999,5.7508509304298));
#3890=DIRECTION('',(1.66533453693773E-16,1.53267019535527E-46,1.0));
#3891=DIRECTION('',(1.0,0.0,-1.66533453693773E-16));
#3892=ORIENTED_EDGE('',*,*,#7709,.F.);
#3893=ORIENTED_EDGE('',*,*,#7719,.F.);
#3894=ORIENTED_EDGE('',*,*,#7704,.F.);
#3895=ORIENTED_EDGE('',*,*,#7727,.F.);
#3896=ORIENTED_EDGE('',*,*,#7715,.F.);
#3897=ORIENTED_EDGE('',*,*,#7723,.F.);
#3898=ORIENTED_EDGE('',*,*,#7713,.F.);
#3899=ORIENTED_EDGE('',*,*,#7721,.F.);
#3900=ORIENTED_EDGE('',*,*,#7687,.T.);
#3901=ORIENTED_EDGE('',*,*,#7690,.T.);
#3902=ORIENTED_EDGE('',*,*,#7677,.T.);
#3903=ORIENTED_EDGE('',*,*,#7684,.T.);
#3904=CARTESIAN_POINT('',(10.0128038783777,6.32999999999999,-25.039574132492));
#3905=DIRECTION('',(2.27765793651141E-16,1.0,-3.79306242500279E-32));
#3906=DIRECTION('',(1.0,-2.27765793651141E-16,0.0));
#3907=ORIENTED_EDGE('',*,*,#7711,.T.);
#3908=ORIENTED_EDGE('',*,*,#7724,.T.);
#3909=ORIENTED_EDGE('',*,*,#7717,.T.);
#3910=ORIENTED_EDGE('',*,*,#7726,.T.);
#3911=ORIENTED_EDGE('',*,*,#7728,.T.);
#3912=ORIENTED_EDGE('',*,*,#7720,.T.);
#3913=ORIENTED_EDGE('',*,*,#7707,.T.);
#3914=ORIENTED_EDGE('',*,*,#7722,.T.);
#3915=ORIENTED_EDGE('',*,*,#7685,.F.);
#3916=ORIENTED_EDGE('',*,*,#7679,.F.);
#3917=ORIENTED_EDGE('',*,*,#7673,.F.);
#3918=ORIENTED_EDGE('',*,*,#7689,.F.);
#3919=CARTESIAN_POINT('',(10.0128038783777,1.82999999999999,-25.039574132492));
#3920=DIRECTION('',(2.27765793651141E-16,1.0,-3.79306242500279E-32));
#3921=DIRECTION('',(1.0,-2.27765793651141E-16,0.0));
#3922=ORIENTED_EDGE('',*,*,#7729,.F.);
#3923=ORIENTED_EDGE('',*,*,#7730,.T.);
#3924=ORIENTED_EDGE('',*,*,#7731,.F.);
#3925=ORIENTED_EDGE('',*,*,#7732,.F.);
#3926=CARTESIAN_POINT('',(2.53999999999992,4.08000000000002,6.0394337567298));
#3927=DIRECTION('',(-1.11022302462516E-16,-9.91531033958089E-17,-1.0));
#3928=DIRECTION('',(0.707106781186547,-0.707106781186548,-8.39279114732148E-18));
#3929=ORIENTED_EDGE('',*,*,#7733,.F.);
#3930=ORIENTED_EDGE('',*,*,#7734,.T.);
#3931=ORIENTED_EDGE('',*,*,#7735,.F.);
#3932=ORIENTED_EDGE('',*,*,#7736,.F.);
#3933=CARTESIAN_POINT('',(0.970221248709505,2.51022124870961,8.1));
#3934=DIRECTION('',(-1.11022302462516E-16,-9.91531033958087E-17,-1.0));
#3935=DIRECTION('',(-1.0,0.0,1.11022302462516E-16));
#3936=ORIENTED_EDGE('',*,*,#7737,.T.);
#3937=ORIENTED_EDGE('',*,*,#7736,.T.);
#3938=ORIENTED_EDGE('',*,*,#7738,.F.);
#3939=ORIENTED_EDGE('',*,*,#7739,.F.);
#3940=CARTESIAN_POINT('',(0.722733875294214,2.7577086221249,9.9501830538379));
#3941=DIRECTION('',(-0.707106781186547,0.707106781186548,8.39279114732147E-18));
#3942=DIRECTION('',(1.18691990667069E-17,0.0,1.0));
#3943=ORIENTED_EDGE('',*,*,#7731,.T.);
#3944=ORIENTED_EDGE('',*,*,#7740,.T.);
#3945=CARTESIAN_POINT('',(2.14225243558249,4.47774756441745,4.15));
#3946=DIRECTION('',(-1.11022302462516E-16,-9.91531033958087E-17,-1.0));
#3947=DIRECTION('',(-1.0,0.0,1.11022302462516E-16));
#3948=ORIENTED_EDGE('',*,*,#7741,.F.);
#3949=ORIENTED_EDGE('',*,*,#7742,.F.);
#3950=ORIENTED_EDGE('',*,*,#7739,.T.);
#3951=CARTESIAN_POINT('',(1.95663690552102,4.66336309447892,9.0));
#3952=DIRECTION('',(-1.11022302462516E-16,-9.91531033958087E-17,-1.0));
#3953=DIRECTION('',(-1.0,0.0,1.11022302462516E-16));
#3954=ORIENTED_EDGE('',*,*,#7743,.T.);
#3955=ORIENTED_EDGE('',*,*,#7744,.F.);
#3956=ORIENTED_EDGE('',*,*,#7745,.F.);
#3957=CARTESIAN_POINT('',(1.95663690552102,4.66336309447892,9.0));
#3958=DIRECTION('',(-1.11022302462516E-16,-9.91531033958087E-17,-1.0));
#3959=DIRECTION('',(-1.0,0.0,1.11022302462516E-16));
#3960=ORIENTED_EDGE('',*,*,#7746,.T.);
#3961=ORIENTED_EDGE('',*,*,#7747,.T.);
#3962=ORIENTED_EDGE('',*,*,#7729,.T.);
#3963=ORIENTED_EDGE('',*,*,#7748,.T.);
#3964=CARTESIAN_POINT('',(1.42630681963111,5.19369318036883,7.7));
#3965=DIRECTION('',(-1.11022302462516E-16,-9.91531033958087E-17,-1.0));
#3966=DIRECTION('',(-1.0,0.0,1.11022302462516E-16));
#3967=ORIENTED_EDGE('',*,*,#7746,.F.);
#3968=ORIENTED_EDGE('',*,*,#7749,.F.);
#3969=ORIENTED_EDGE('',*,*,#7741,.T.);
#3970=ORIENTED_EDGE('',*,*,#7738,.T.);
#3971=ORIENTED_EDGE('',*,*,#7735,.T.);
#3972=ORIENTED_EDGE('',*,*,#7750,.F.);
#3973=ORIENTED_EDGE('',*,*,#7745,.T.);
#3974=ORIENTED_EDGE('',*,*,#7751,.T.);
#3975=CARTESIAN_POINT('',(2.53999999999992,4.08000000000002,8.35));
#3976=DIRECTION('',(-1.11022302462516E-16,-9.91531033958088E-17,-1.0));
#3977=DIRECTION('',(0.707106781186547,-0.707106781186548,-8.39279114732147E-18));
#3978=ORIENTED_EDGE('',*,*,#7752,.F.);
#3979=ORIENTED_EDGE('',*,*,#7743,.F.);
#3980=ORIENTED_EDGE('',*,*,#7750,.T.);
#3981=ORIENTED_EDGE('',*,*,#7734,.F.);
#3982=CARTESIAN_POINT('',(1.2177086221248,2.26273387529432,8.1));
#3983=DIRECTION('',(0.707106781186547,-0.707106781186548,-8.39279114732147E-18));
#3984=DIRECTION('',(0.0,1.18691990667069E-17,-1.0));
#3985=ORIENTED_EDGE('',*,*,#7730,.F.);
#3986=ORIENTED_EDGE('',*,*,#7748,.F.);
#3987=ORIENTED_EDGE('',*,*,#7732,.T.);
#3988=ORIENTED_EDGE('',*,*,#7740,.F.);
#3989=CARTESIAN_POINT('',(2.53999999999992,4.08000000000002,6.0394337567298));
#3990=DIRECTION('',(-1.11022302462516E-16,-9.91531033958089E-17,-1.0));
#3991=DIRECTION('',(0.707106781186547,-0.707106781186548,-8.39279114732148E-18));
#3992=ORIENTED_EDGE('',*,*,#7751,.F.);
#3993=ORIENTED_EDGE('',*,*,#7744,.T.);
#3994=ORIENTED_EDGE('',*,*,#7752,.T.);
#3995=ORIENTED_EDGE('',*,*,#7733,.T.);
#3996=ORIENTED_EDGE('',*,*,#7737,.F.);
#3997=ORIENTED_EDGE('',*,*,#7742,.T.);
#3998=ORIENTED_EDGE('',*,*,#7749,.T.);
#3999=ORIENTED_EDGE('',*,*,#7747,.F.);
#4000=CARTESIAN_POINT('',(2.53999999999992,4.08000000000002,8.35));
#4001=DIRECTION('',(-1.11022302462516E-16,-9.91531033958088E-17,-1.0));
#4002=DIRECTION('',(0.707106781186547,-0.707106781186548,-8.39279114732147E-18));
#4003=ORIENTED_EDGE('',*,*,#7753,.F.);
#4004=ORIENTED_EDGE('',*,*,#7754,.T.);
#4005=ORIENTED_EDGE('',*,*,#7755,.F.);
#4006=ORIENTED_EDGE('',*,*,#7756,.F.);
#4007=CARTESIAN_POINT('',(2.54,4.08056392235252,7.55999958974634));
#4008=DIRECTION('',(-0.0,0.0,1.0));
#4009=DIRECTION('',(0.0,1.0,0.0));
#4010=ORIENTED_EDGE('',*,*,#7757,.F.);
#4011=ORIENTED_EDGE('',*,*,#7758,.T.);
#4012=CARTESIAN_POINT('',(2.54,6.48056392235252,8.87));
#4013=DIRECTION('',(0.0,0.0,-1.0));
#4014=DIRECTION('',(0.0,1.0,0.0));
#4015=ORIENTED_EDGE('',*,*,#7759,.F.);
#4016=ORIENTED_EDGE('',*,*,#7760,.T.);
#4017=ORIENTED_EDGE('',*,*,#7761,.F.);
#4018=ORIENTED_EDGE('',*,*,#7762,.F.);
#4019=CARTESIAN_POINT('',(2.54,4.08056392235252,10.07736));
#4020=DIRECTION('',(-0.0,0.0,1.0));
#4021=DIRECTION('',(0.0,-1.0,0.0));
#4022=ORIENTED_EDGE('',*,*,#7763,.F.);
#4023=ORIENTED_EDGE('',*,*,#7764,.F.);
#4024=ORIENTED_EDGE('',*,*,#7765,.F.);
#4025=ORIENTED_EDGE('',*,*,#7766,.F.);
#4026=CARTESIAN_POINT('',(7.61500000000001,6.48056392235252,8.87));
#4027=DIRECTION('',(0.0,0.0,-1.0));
#4028=DIRECTION('',(0.0,1.0,0.0));
#4029=ORIENTED_EDGE('',*,*,#7767,.F.);
#4030=ORIENTED_EDGE('',*,*,#7768,.T.);
#4031=ORIENTED_EDGE('',*,*,#7769,.F.);
#4032=ORIENTED_EDGE('',*,*,#7770,.F.);
#4033=CARTESIAN_POINT('',(7.61500000000001,4.08056392235252,7.55999958974634));
#4034=DIRECTION('',(-0.0,0.0,1.0));
#4035=DIRECTION('',(0.0,1.0,0.0));
#4036=ORIENTED_EDGE('',*,*,#7771,.F.);
#4037=ORIENTED_EDGE('',*,*,#7772,.F.);
#4038=ORIENTED_EDGE('',*,*,#7773,.T.);
#4039=ORIENTED_EDGE('',*,*,#7774,.T.);
#4040=CARTESIAN_POINT('',(2.23000000000002,7.56767197784453,5.91285750358637));
#4041=DIRECTION('',(1.795699745553E-14,0.258819045102519,-0.965925826289069));
#4042=DIRECTION('',(-1.0,0.0,-1.85904517373947E-14));
#4043=ORIENTED_EDGE('',*,*,#7775,.F.);
#4044=ORIENTED_EDGE('',*,*,#7776,.F.);
#4045=ORIENTED_EDGE('',*,*,#7777,.T.);
#4046=ORIENTED_EDGE('',*,*,#7772,.T.);
#4047=CARTESIAN_POINT('',(0.92,4.23936561071103,5.53867859055461));
#4048=DIRECTION('',(-2.08166817117217E-16,-0.965925826289069,-0.258819045102519));
#4049=DIRECTION('',(1.15555796663234E-32,-0.258819045102519,0.965925826289069));
#4050=ORIENTED_EDGE('',*,*,#7778,.F.);
#4051=ORIENTED_EDGE('',*,*,#7779,.F.);
#4052=ORIENTED_EDGE('',*,*,#7780,.T.);
#4053=ORIENTED_EDGE('',*,*,#7776,.T.);
#4054=CARTESIAN_POINT('',(0.42,7.18461979109281,7.34242772649419));
#4055=DIRECTION('',(-1.0,2.11155958123786E-16,-6.16297582203915E-33));
#4056=DIRECTION('',(-6.16297582203915E-33,0.0,1.0));
#4057=ORIENTED_EDGE('',*,*,#7781,.F.);
#4058=ORIENTED_EDGE('',*,*,#7782,.T.);
#4059=ORIENTED_EDGE('',*,*,#7783,.F.);
#4060=ORIENTED_EDGE('',*,*,#7784,.T.);
#4061=CARTESIAN_POINT('',(8.99000000000001,4.23936561071103,3.92552333105629));
#4062=DIRECTION('',(1.0,0.0,0.0));
#4063=DIRECTION('',(0.0,1.0,0.0));
#4064=ORIENTED_EDGE('',*,*,#7785,.F.);
#4065=ORIENTED_EDGE('',*,*,#7786,.F.);
#4066=ORIENTED_EDGE('',*,*,#7787,.T.);
#4067=ORIENTED_EDGE('',*,*,#7788,.F.);
#4068=CARTESIAN_POINT('',(8.86500000000001,1.83056392235253,4.04999958974634));
#4069=DIRECTION('',(-1.0,0.0,0.0));
#4070=DIRECTION('',(0.0,0.0,1.0));
#4071=ORIENTED_EDGE('',*,*,#7789,.F.);
#4072=ORIENTED_EDGE('',*,*,#7790,.T.);
#4073=ORIENTED_EDGE('',*,*,#7791,.T.);
#4074=ORIENTED_EDGE('',*,*,#7792,.T.);
#4075=ORIENTED_EDGE('',*,*,#7793,.T.);
#4076=ORIENTED_EDGE('',*,*,#7794,.T.);
#4077=CARTESIAN_POINT('',(8.51500000000001,4.23936561071103,3.92552333105629));
#4078=DIRECTION('',(1.0,0.0,0.0));
#4079=DIRECTION('',(0.0,1.0,0.0));
#4080=ORIENTED_EDGE('',*,*,#7795,.T.);
#4081=ORIENTED_EDGE('',*,*,#7796,.F.);
#4082=ORIENTED_EDGE('',*,*,#7797,.F.);
#4083=ORIENTED_EDGE('',*,*,#7798,.T.);
#4084=CARTESIAN_POINT('',(9.71239003351701,1.463,0.0));
#4085=DIRECTION('',(0.643556230765036,0.765398835799677,0.0));
#4086=DIRECTION('',(0.0,0.0,-1.0));
#4087=ORIENTED_EDGE('',*,*,#7799,.F.);
#4088=ORIENTED_EDGE('',*,*,#7800,.T.);
#4089=ORIENTED_EDGE('',*,*,#7801,.F.);
#4090=ORIENTED_EDGE('',*,*,#7802,.F.);
#4091=CARTESIAN_POINT('',(7.61500000000001,4.08056392235252,10.07736));
#4092=DIRECTION('',(-0.0,0.0,1.0));
#4093=DIRECTION('',(0.0,-1.0,0.0));
#4094=ORIENTED_EDGE('',*,*,#7803,.T.);
#4095=ORIENTED_EDGE('',*,*,#7804,.F.);
#4096=ORIENTED_EDGE('',*,*,#7805,.F.);
#4097=ORIENTED_EDGE('',*,*,#7806,.F.);
#4098=CARTESIAN_POINT('',(10.155,0.620000000000001,0.0));
#4099=DIRECTION('',(0.0,-1.0,0.0));
#4100=DIRECTION('',(0.0,0.0,-1.0));
#4101=ORIENTED_EDGE('',*,*,#7774,.F.);
#4102=ORIENTED_EDGE('',*,*,#7807,.T.);
#4103=ORIENTED_EDGE('',*,*,#7808,.T.);
#4104=ORIENTED_EDGE('',*,*,#7809,.F.);
#4105=CARTESIAN_POINT('',(9.07000000000001,4.23936561071103,5.53867859055476));
#4106=DIRECTION('',(-2.08166817117217E-16,-0.965925826289069,-0.258819045102519));
#4107=DIRECTION('',(1.15555796663234E-32,-0.258819045102519,0.965925826289069));
#4108=ORIENTED_EDGE('',*,*,#7810,.T.);
#4109=ORIENTED_EDGE('',*,*,#7811,.F.);
#4110=ORIENTED_EDGE('',*,*,#7812,.F.);
#4111=ORIENTED_EDGE('',*,*,#7813,.F.);
#4112=CARTESIAN_POINT('',(9.71239003351701,0.397000000000001,0.0));
#4113=DIRECTION('',(0.0,-1.0,0.0));
#4114=DIRECTION('',(0.0,0.0,-1.0));
#4115=ORIENTED_EDGE('',*,*,#7814,.T.);
#4116=ORIENTED_EDGE('',*,*,#7815,.T.);
#4117=CARTESIAN_POINT('',(7.61500000000001,6.48056392235252,8.87));
#4118=DIRECTION('',(0.0,0.0,-1.0));
#4119=DIRECTION('',(0.0,1.0,0.0));
#4120=ORIENTED_EDGE('',*,*,#7816,.T.);
#4121=ORIENTED_EDGE('',*,*,#7817,.F.);
#4122=ORIENTED_EDGE('',*,*,#7818,.T.);
#4123=ORIENTED_EDGE('',*,*,#7819,.T.);
#4124=CARTESIAN_POINT('',(9.51500000000001,1.83056392235253,1.6491486593166));
#4125=DIRECTION('',(1.0,0.0,0.0));
#4126=DIRECTION('',(0.0,1.0,0.0));
#4127=ORIENTED_EDGE('',*,*,#7820,.T.);
#4128=ORIENTED_EDGE('',*,*,#7821,.F.);
#4129=ORIENTED_EDGE('',*,*,#7795,.F.);
#4130=ORIENTED_EDGE('',*,*,#7822,.T.);
#4131=CARTESIAN_POINT('',(9.97760996648301,1.24,0.0));
#4132=DIRECTION('',(-0.0,1.0,0.0));
#4133=DIRECTION('',(1.0,0.0,0.0));
#4134=ORIENTED_EDGE('',*,*,#7823,.T.);
#4135=ORIENTED_EDGE('',*,*,#7824,.T.);
#4136=ORIENTED_EDGE('',*,*,#7825,.F.);
#4137=ORIENTED_EDGE('',*,*,#7826,.T.);
#4138=CARTESIAN_POINT('',(9.51500000000001,7.5,3.30000000000011));
#4139=DIRECTION('',(1.0,0.0,0.0));
#4140=DIRECTION('',(0.0,1.0,0.0));
#4141=ORIENTED_EDGE('',*,*,#7797,.T.);
#4142=ORIENTED_EDGE('',*,*,#7827,.F.);
#4143=ORIENTED_EDGE('',*,*,#7828,.F.);
#4144=ORIENTED_EDGE('',*,*,#7829,.T.);
#4145=CARTESIAN_POINT('',(9.53500000000001,1.463,0.0));
#4146=DIRECTION('',(-0.0,1.0,0.0));
#4147=DIRECTION('',(1.0,0.0,0.0));
#4148=ORIENTED_EDGE('',*,*,#7783,.T.);
#4149=ORIENTED_EDGE('',*,*,#7830,.F.);
#4150=ORIENTED_EDGE('',*,*,#7831,.F.);
#4151=ORIENTED_EDGE('',*,*,#7832,.F.);
#4152=ORIENTED_EDGE('',*,*,#7833,.F.);
#4153=ORIENTED_EDGE('',*,*,#7834,.F.);
#4154=CARTESIAN_POINT('',(8.19635276839581,4.12922020973071,3.92552333105629));
#4155=DIRECTION('',(0.962206045605425,0.27232246657294,0.0));
#4156=DIRECTION('',(0.0,0.0,-1.0));
#4157=ORIENTED_EDGE('',*,*,#7812,.T.);
#4158=ORIENTED_EDGE('',*,*,#7835,.F.);
#4159=ORIENTED_EDGE('',*,*,#7803,.F.);
#4160=ORIENTED_EDGE('',*,*,#7836,.T.);
#4161=CARTESIAN_POINT('',(9.97760996648301,0.620000000000001,0.0));
#4162=DIRECTION('',(0.643556230765033,-0.765398835799678,0.0));
#4163=DIRECTION('',(0.0,0.0,-1.0));
#4164=ORIENTED_EDGE('',*,*,#7821,.T.);
#4165=ORIENTED_EDGE('',*,*,#7837,.F.);
#4166=ORIENTED_EDGE('',*,*,#7804,.T.);
#4167=ORIENTED_EDGE('',*,*,#7835,.T.);
#4168=ORIENTED_EDGE('',*,*,#7811,.T.);
#4169=ORIENTED_EDGE('',*,*,#7838,.T.);
#4170=ORIENTED_EDGE('',*,*,#7827,.T.);
#4171=ORIENTED_EDGE('',*,*,#7796,.T.);
#4172=CARTESIAN_POINT('',(-4.31157199999999,1.17273800000001,4.6));
#4173=DIRECTION('',(0.0,0.0,-1.0));
#4174=DIRECTION('',(0.0,-1.0,0.0));
#4175=ORIENTED_EDGE('',*,*,#7828,.T.);
#4176=ORIENTED_EDGE('',*,*,#7838,.F.);
#4177=ORIENTED_EDGE('',*,*,#7810,.F.);
#4178=ORIENTED_EDGE('',*,*,#7839,.F.);
#4179=CARTESIAN_POINT('',(9.53500000000001,0.397000000000001,0.0));
#4180=DIRECTION('',(-1.0,0.0,0.0));
#4181=DIRECTION('',(0.0,0.0,1.0));
#4182=ORIENTED_EDGE('',*,*,#7840,.T.);
#4183=ORIENTED_EDGE('',*,*,#7824,.F.);
#4184=ORIENTED_EDGE('',*,*,#7841,.F.);
#4185=ORIENTED_EDGE('',*,*,#7785,.T.);
#4186=CARTESIAN_POINT('',(6.84849792882521,7.0,1.60774460277625));
#4187=DIRECTION('',(-0.0,1.0,0.0));
#4188=DIRECTION('',(1.0,0.0,0.0));
#4189=ORIENTED_EDGE('',*,*,#7842,.F.);
#4190=ORIENTED_EDGE('',*,*,#7843,.T.);
#4191=ORIENTED_EDGE('',*,*,#7844,.T.);
#4192=ORIENTED_EDGE('',*,*,#7845,.F.);
#4193=CARTESIAN_POINT('',(9.07000000000001,7.18461979109277,7.34242772649431));
#4194=DIRECTION('',(-2.03960993326578E-16,-0.965925826289069,-0.258819045102519));
#4195=DIRECTION('',(1.0,-2.11155958123786E-16,5.55420363399017E-33));
#4196=ORIENTED_EDGE('',*,*,#7846,.F.);
#4197=ORIENTED_EDGE('',*,*,#7847,.F.);
#4198=ORIENTED_EDGE('',*,*,#7848,.T.);
#4199=ORIENTED_EDGE('',*,*,#7849,.T.);
#4200=CARTESIAN_POINT('',(5.78000000000001,4.23936561071103,8.35260018595251));
#4201=DIRECTION('',(-2.08166817117217E-16,-0.965925826289069,-0.258819045102519));
#4202=DIRECTION('',(1.15555796663234E-32,-0.258819045102519,0.965925826289069));
#4203=ORIENTED_EDGE('',*,*,#7850,.T.);
#4204=ORIENTED_EDGE('',*,*,#7807,.F.);
#4205=ORIENTED_EDGE('',*,*,#7773,.F.);
#4206=ORIENTED_EDGE('',*,*,#7777,.F.);
#4207=ORIENTED_EDGE('',*,*,#7780,.F.);
#4208=ORIENTED_EDGE('',*,*,#7851,.F.);
#4209=ORIENTED_EDGE('',*,*,#7852,.T.);
#4210=ORIENTED_EDGE('',*,*,#7853,.F.);
#4211=ORIENTED_EDGE('',*,*,#7854,.F.);
#4212=ORIENTED_EDGE('',*,*,#7855,.F.);
#4213=ORIENTED_EDGE('',*,*,#7848,.F.);
#4214=ORIENTED_EDGE('',*,*,#7856,.T.);
#4215=ORIENTED_EDGE('',*,*,#7857,.T.);
#4216=ORIENTED_EDGE('',*,*,#7843,.F.);
#4217=ORIENTED_EDGE('',*,*,#7858,.F.);
#4218=ORIENTED_EDGE('',*,*,#7859,.F.);
#4219=ORIENTED_EDGE('',*,*,#7860,.F.);
#4220=ORIENTED_EDGE('',*,*,#7861,.F.);
#4221=ORIENTED_EDGE('',*,*,#7862,.F.);
#4222=ORIENTED_EDGE('',*,*,#7863,.F.);
#4223=ORIENTED_EDGE('',*,*,#7864,.F.);
#4224=ORIENTED_EDGE('',*,*,#7865,.F.);
#4225=ORIENTED_EDGE('',*,*,#7866,.F.);
#4226=ORIENTED_EDGE('',*,*,#7867,.F.);
#4227=ORIENTED_EDGE('',*,*,#7868,.F.);
#4228=ORIENTED_EDGE('',*,*,#7869,.F.);
#4229=ORIENTED_EDGE('',*,*,#7870,.F.);
#4230=ORIENTED_EDGE('',*,*,#7871,.F.);
#4231=ORIENTED_EDGE('',*,*,#7872,.F.);
#4232=ORIENTED_EDGE('',*,*,#7873,.F.);
#4233=ORIENTED_EDGE('',*,*,#7874,.F.);
#4234=ORIENTED_EDGE('',*,*,#7875,.F.);
#4235=ORIENTED_EDGE('',*,*,#7876,.F.);
#4236=ORIENTED_EDGE('',*,*,#7877,.F.);
#4237=ORIENTED_EDGE('',*,*,#7878,.F.);
#4238=ORIENTED_EDGE('',*,*,#7879,.F.);
#4239=ORIENTED_EDGE('',*,*,#7880,.F.);
#4240=ORIENTED_EDGE('',*,*,#7881,.F.);
#4241=ORIENTED_EDGE('',*,*,#7882,.F.);
#4242=ORIENTED_EDGE('',*,*,#7883,.F.);
#4243=ORIENTED_EDGE('',*,*,#7884,.F.);
#4244=ORIENTED_EDGE('',*,*,#7885,.F.);
#4245=ORIENTED_EDGE('',*,*,#7886,.F.);
#4246=ORIENTED_EDGE('',*,*,#7887,.F.);
#4247=ORIENTED_EDGE('',*,*,#7888,.F.);
#4248=ORIENTED_EDGE('',*,*,#7889,.F.);
#4249=ORIENTED_EDGE('',*,*,#7890,.F.);
#4250=ORIENTED_EDGE('',*,*,#7891,.F.);
#4251=ORIENTED_EDGE('',*,*,#7892,.F.);
#4252=ORIENTED_EDGE('',*,*,#7893,.F.);
#4253=ORIENTED_EDGE('',*,*,#7894,.F.);
#4254=ORIENTED_EDGE('',*,*,#7895,.F.);
#4255=ORIENTED_EDGE('',*,*,#7896,.F.);
#4256=ORIENTED_EDGE('',*,*,#7897,.F.);
#4257=ORIENTED_EDGE('',*,*,#7898,.F.);
#4258=ORIENTED_EDGE('',*,*,#7899,.F.);
#4259=ORIENTED_EDGE('',*,*,#7900,.F.);
#4260=ORIENTED_EDGE('',*,*,#7901,.F.);
#4261=ORIENTED_EDGE('',*,*,#7902,.F.);
#4262=ORIENTED_EDGE('',*,*,#7903,.F.);
#4263=ORIENTED_EDGE('',*,*,#7904,.F.);
#4264=ORIENTED_EDGE('',*,*,#7905,.F.);
#4265=ORIENTED_EDGE('',*,*,#7906,.F.);
#4266=ORIENTED_EDGE('',*,*,#7907,.F.);
#4267=ORIENTED_EDGE('',*,*,#7908,.F.);
#4268=ORIENTED_EDGE('',*,*,#7909,.F.);
#4269=ORIENTED_EDGE('',*,*,#7910,.F.);
#4270=ORIENTED_EDGE('',*,*,#7911,.F.);
#4271=ORIENTED_EDGE('',*,*,#7912,.F.);
#4272=ORIENTED_EDGE('',*,*,#7913,.F.);
#4273=ORIENTED_EDGE('',*,*,#7914,.F.);
#4274=ORIENTED_EDGE('',*,*,#7915,.F.);
#4275=ORIENTED_EDGE('',*,*,#7916,.F.);
#4276=ORIENTED_EDGE('',*,*,#7917,.F.);
#4277=ORIENTED_EDGE('',*,*,#7918,.F.);
#4278=ORIENTED_EDGE('',*,*,#7919,.F.);
#4279=ORIENTED_EDGE('',*,*,#7920,.F.);
#4280=ORIENTED_EDGE('',*,*,#7921,.F.);
#4281=ORIENTED_EDGE('',*,*,#7922,.F.);
#4282=ORIENTED_EDGE('',*,*,#7923,.F.);
#4283=ORIENTED_EDGE('',*,*,#7924,.F.);
#4284=ORIENTED_EDGE('',*,*,#7925,.F.);
#4285=ORIENTED_EDGE('',*,*,#7926,.F.);
#4286=ORIENTED_EDGE('',*,*,#7927,.F.);
#4287=ORIENTED_EDGE('',*,*,#7928,.F.);
#4288=ORIENTED_EDGE('',*,*,#7929,.F.);
#4289=ORIENTED_EDGE('',*,*,#7930,.F.);
#4290=ORIENTED_EDGE('',*,*,#7931,.F.);
#4291=ORIENTED_EDGE('',*,*,#7932,.F.);
#4292=ORIENTED_EDGE('',*,*,#7933,.F.);
#4293=ORIENTED_EDGE('',*,*,#7934,.F.);
#4294=ORIENTED_EDGE('',*,*,#7935,.F.);
#4295=ORIENTED_EDGE('',*,*,#7936,.F.);
#4296=ORIENTED_EDGE('',*,*,#7937,.F.);
#4297=ORIENTED_EDGE('',*,*,#7938,.F.);
#4298=ORIENTED_EDGE('',*,*,#7939,.F.);
#4299=ORIENTED_EDGE('',*,*,#7940,.F.);
#4300=ORIENTED_EDGE('',*,*,#7941,.F.);
#4301=ORIENTED_EDGE('',*,*,#7942,.F.);
#4302=ORIENTED_EDGE('',*,*,#7943,.F.);
#4303=ORIENTED_EDGE('',*,*,#7944,.F.);
#4304=ORIENTED_EDGE('',*,*,#7945,.F.);
#4305=ORIENTED_EDGE('',*,*,#7946,.F.);
#4306=ORIENTED_EDGE('',*,*,#7947,.F.);
#4307=ORIENTED_EDGE('',*,*,#7948,.F.);
#4308=ORIENTED_EDGE('',*,*,#7949,.F.);
#4309=ORIENTED_EDGE('',*,*,#7950,.F.);
#4310=ORIENTED_EDGE('',*,*,#7951,.F.);
#4311=ORIENTED_EDGE('',*,*,#7952,.F.);
#4312=ORIENTED_EDGE('',*,*,#7953,.F.);
#4313=ORIENTED_EDGE('',*,*,#7954,.F.);
#4314=ORIENTED_EDGE('',*,*,#7955,.F.);
#4315=ORIENTED_EDGE('',*,*,#7956,.F.);
#4316=ORIENTED_EDGE('',*,*,#7957,.F.);
#4317=ORIENTED_EDGE('',*,*,#7958,.F.);
#4318=ORIENTED_EDGE('',*,*,#7959,.F.);
#4319=ORIENTED_EDGE('',*,*,#7960,.F.);
#4320=ORIENTED_EDGE('',*,*,#7961,.F.);
#4321=ORIENTED_EDGE('',*,*,#7962,.F.);
#4322=ORIENTED_EDGE('',*,*,#7963,.F.);
#4323=ORIENTED_EDGE('',*,*,#7964,.F.);
#4324=ORIENTED_EDGE('',*,*,#7965,.F.);
#4325=ORIENTED_EDGE('',*,*,#7966,.F.);
#4326=ORIENTED_EDGE('',*,*,#7967,.F.);
#4327=ORIENTED_EDGE('',*,*,#7968,.F.);
#4328=ORIENTED_EDGE('',*,*,#7969,.F.);
#4329=ORIENTED_EDGE('',*,*,#7970,.F.);
#4330=ORIENTED_EDGE('',*,*,#7971,.F.);
#4331=ORIENTED_EDGE('',*,*,#7972,.F.);
#4332=ORIENTED_EDGE('',*,*,#7973,.F.);
#4333=ORIENTED_EDGE('',*,*,#7974,.F.);
#4334=ORIENTED_EDGE('',*,*,#7975,.F.);
#4335=ORIENTED_EDGE('',*,*,#7976,.F.);
#4336=ORIENTED_EDGE('',*,*,#7977,.F.);
#4337=ORIENTED_EDGE('',*,*,#7978,.F.);
#4338=ORIENTED_EDGE('',*,*,#7979,.F.);
#4339=ORIENTED_EDGE('',*,*,#7980,.F.);
#4340=ORIENTED_EDGE('',*,*,#7981,.F.);
#4341=ORIENTED_EDGE('',*,*,#7982,.F.);
#4342=ORIENTED_EDGE('',*,*,#7983,.F.);
#4343=ORIENTED_EDGE('',*,*,#7984,.F.);
#4344=ORIENTED_EDGE('',*,*,#7985,.F.);
#4345=ORIENTED_EDGE('',*,*,#7986,.F.);
#4346=ORIENTED_EDGE('',*,*,#7987,.F.);
#4347=ORIENTED_EDGE('',*,*,#7988,.F.);
#4348=ORIENTED_EDGE('',*,*,#7989,.F.);
#4349=ORIENTED_EDGE('',*,*,#7990,.F.);
#4350=ORIENTED_EDGE('',*,*,#7991,.F.);
#4351=ORIENTED_EDGE('',*,*,#7992,.F.);
#4352=ORIENTED_EDGE('',*,*,#7993,.F.);
#4353=ORIENTED_EDGE('',*,*,#7994,.F.);
#4354=ORIENTED_EDGE('',*,*,#7995,.F.);
#4355=ORIENTED_EDGE('',*,*,#7996,.F.);
#4356=ORIENTED_EDGE('',*,*,#7997,.F.);
#4357=ORIENTED_EDGE('',*,*,#7998,.F.);
#4358=ORIENTED_EDGE('',*,*,#7999,.F.);
#4359=ORIENTED_EDGE('',*,*,#8000,.F.);
#4360=ORIENTED_EDGE('',*,*,#8001,.F.);
#4361=ORIENTED_EDGE('',*,*,#8002,.T.);
#4362=ORIENTED_EDGE('',*,*,#8003,.T.);
#4363=ORIENTED_EDGE('',*,*,#8004,.T.);
#4364=ORIENTED_EDGE('',*,*,#8005,.T.);
#4365=ORIENTED_EDGE('',*,*,#8006,.T.);
#4366=ORIENTED_EDGE('',*,*,#8007,.T.);
#4367=ORIENTED_EDGE('',*,*,#8008,.T.);
#4368=ORIENTED_EDGE('',*,*,#8009,.T.);
#4369=ORIENTED_EDGE('',*,*,#8010,.T.);
#4370=ORIENTED_EDGE('',*,*,#8011,.T.);
#4371=ORIENTED_EDGE('',*,*,#8012,.F.);
#4372=ORIENTED_EDGE('',*,*,#8013,.F.);
#4373=ORIENTED_EDGE('',*,*,#8014,.F.);
#4374=ORIENTED_EDGE('',*,*,#8015,.F.);
#4375=ORIENTED_EDGE('',*,*,#8016,.F.);
#4376=ORIENTED_EDGE('',*,*,#8017,.F.);
#4377=ORIENTED_EDGE('',*,*,#8018,.F.);
#4378=ORIENTED_EDGE('',*,*,#8019,.F.);
#4379=ORIENTED_EDGE('',*,*,#8020,.F.);
#4380=ORIENTED_EDGE('',*,*,#8021,.F.);
#4381=ORIENTED_EDGE('',*,*,#8022,.F.);
#4382=ORIENTED_EDGE('',*,*,#8023,.F.);
#4383=ORIENTED_EDGE('',*,*,#8024,.F.);
#4384=ORIENTED_EDGE('',*,*,#8025,.F.);
#4385=ORIENTED_EDGE('',*,*,#8026,.F.);
#4386=ORIENTED_EDGE('',*,*,#8027,.F.);
#4387=ORIENTED_EDGE('',*,*,#8028,.F.);
#4388=ORIENTED_EDGE('',*,*,#8029,.F.);
#4389=ORIENTED_EDGE('',*,*,#8030,.F.);
#4390=ORIENTED_EDGE('',*,*,#8031,.F.);
#4391=ORIENTED_EDGE('',*,*,#8032,.F.);
#4392=ORIENTED_EDGE('',*,*,#8033,.F.);
#4393=ORIENTED_EDGE('',*,*,#8034,.F.);
#4394=ORIENTED_EDGE('',*,*,#8035,.F.);
#4395=ORIENTED_EDGE('',*,*,#8036,.F.);
#4396=ORIENTED_EDGE('',*,*,#8037,.F.);
#4397=ORIENTED_EDGE('',*,*,#8038,.F.);
#4398=ORIENTED_EDGE('',*,*,#8039,.F.);
#4399=ORIENTED_EDGE('',*,*,#8040,.F.);
#4400=ORIENTED_EDGE('',*,*,#8041,.F.);
#4401=ORIENTED_EDGE('',*,*,#8042,.F.);
#4402=ORIENTED_EDGE('',*,*,#8043,.F.);
#4403=ORIENTED_EDGE('',*,*,#8044,.F.);
#4404=ORIENTED_EDGE('',*,*,#8045,.F.);
#4405=ORIENTED_EDGE('',*,*,#8046,.F.);
#4406=ORIENTED_EDGE('',*,*,#8047,.F.);
#4407=ORIENTED_EDGE('',*,*,#8048,.F.);
#4408=ORIENTED_EDGE('',*,*,#8049,.F.);
#4409=ORIENTED_EDGE('',*,*,#8050,.F.);
#4410=ORIENTED_EDGE('',*,*,#8051,.F.);
#4411=ORIENTED_EDGE('',*,*,#8052,.F.);
#4412=ORIENTED_EDGE('',*,*,#8053,.F.);
#4413=ORIENTED_EDGE('',*,*,#8054,.F.);
#4414=ORIENTED_EDGE('',*,*,#8055,.F.);
#4415=ORIENTED_EDGE('',*,*,#8056,.F.);
#4416=ORIENTED_EDGE('',*,*,#8057,.F.);
#4417=ORIENTED_EDGE('',*,*,#8058,.F.);
#4418=ORIENTED_EDGE('',*,*,#8059,.F.);
#4419=ORIENTED_EDGE('',*,*,#8060,.F.);
#4420=ORIENTED_EDGE('',*,*,#8061,.F.);
#4421=ORIENTED_EDGE('',*,*,#8062,.F.);
#4422=ORIENTED_EDGE('',*,*,#8063,.F.);
#4423=ORIENTED_EDGE('',*,*,#8064,.F.);
#4424=ORIENTED_EDGE('',*,*,#8065,.F.);
#4425=ORIENTED_EDGE('',*,*,#8066,.F.);
#4426=ORIENTED_EDGE('',*,*,#8067,.F.);
#4427=ORIENTED_EDGE('',*,*,#8068,.F.);
#4428=ORIENTED_EDGE('',*,*,#8069,.F.);
#4429=CARTESIAN_POINT('',(4.99500000000001,7.39631869459344,6.66826776187787));
#4430=DIRECTION('',(2.03960993326578E-16,0.965925826289069,0.258819045102519));
#4431=DIRECTION('',(1.0,0.0,-7.88044764038861E-16));
#4432=ORIENTED_EDGE('',*,*,#8070,.T.);
#4433=ORIENTED_EDGE('',*,*,#8071,.T.);
#4434=ORIENTED_EDGE('',*,*,#8072,.T.);
#4435=ORIENTED_EDGE('',*,*,#8073,.T.);
#4436=ORIENTED_EDGE('',*,*,#8074,.T.);
#4437=ORIENTED_EDGE('',*,*,#8075,.T.);
#4438=ORIENTED_EDGE('',*,*,#8076,.T.);
#4439=ORIENTED_EDGE('',*,*,#8077,.T.);
#4440=ORIENTED_EDGE('',*,*,#8078,.T.);
#4441=ORIENTED_EDGE('',*,*,#8079,.T.);
#4442=ORIENTED_EDGE('',*,*,#8080,.T.);
#4443=ORIENTED_EDGE('',*,*,#8081,.T.);
#4444=ORIENTED_EDGE('',*,*,#8082,.T.);
#4445=ORIENTED_EDGE('',*,*,#8083,.T.);
#4446=ORIENTED_EDGE('',*,*,#8084,.T.);
#4447=ORIENTED_EDGE('',*,*,#8085,.T.);
#4448=ORIENTED_EDGE('',*,*,#8086,.T.);
#4449=ORIENTED_EDGE('',*,*,#8087,.T.);
#4450=ORIENTED_EDGE('',*,*,#8088,.T.);
#4451=ORIENTED_EDGE('',*,*,#8089,.T.);
#4452=ORIENTED_EDGE('',*,*,#8090,.T.);
#4453=ORIENTED_EDGE('',*,*,#8091,.T.);
#4454=ORIENTED_EDGE('',*,*,#8092,.T.);
#4455=ORIENTED_EDGE('',*,*,#8093,.T.);
#4456=ORIENTED_EDGE('',*,*,#8094,.T.);
#4457=ORIENTED_EDGE('',*,*,#8095,.T.);
#4458=ORIENTED_EDGE('',*,*,#8096,.T.);
#4459=ORIENTED_EDGE('',*,*,#8097,.T.);
#4460=ORIENTED_EDGE('',*,*,#8098,.T.);
#4461=ORIENTED_EDGE('',*,*,#8099,.T.);
#4462=ORIENTED_EDGE('',*,*,#8100,.T.);
#4463=ORIENTED_EDGE('',*,*,#8101,.T.);
#4464=ORIENTED_EDGE('',*,*,#8102,.T.);
#4465=ORIENTED_EDGE('',*,*,#8103,.T.);
#4466=ORIENTED_EDGE('',*,*,#8104,.T.);
#4467=ORIENTED_EDGE('',*,*,#8105,.T.);
#4468=ORIENTED_EDGE('',*,*,#8106,.T.);
#4469=ORIENTED_EDGE('',*,*,#8107,.T.);
#4470=ORIENTED_EDGE('',*,*,#8108,.T.);
#4471=ORIENTED_EDGE('',*,*,#8109,.T.);
#4472=ORIENTED_EDGE('',*,*,#8110,.T.);
#4473=ORIENTED_EDGE('',*,*,#8111,.T.);
#4474=ORIENTED_EDGE('',*,*,#8112,.T.);
#4475=ORIENTED_EDGE('',*,*,#8113,.T.);
#4476=ORIENTED_EDGE('',*,*,#8114,.T.);
#4477=ORIENTED_EDGE('',*,*,#8115,.T.);
#4478=ORIENTED_EDGE('',*,*,#8116,.T.);
#4479=ORIENTED_EDGE('',*,*,#8117,.T.);
#4480=ORIENTED_EDGE('',*,*,#8118,.T.);
#4481=ORIENTED_EDGE('',*,*,#8119,.T.);
#4482=ORIENTED_EDGE('',*,*,#8120,.T.);
#4483=ORIENTED_EDGE('',*,*,#8121,.T.);
#4484=ORIENTED_EDGE('',*,*,#8122,.T.);
#4485=ORIENTED_EDGE('',*,*,#8123,.T.);
#4486=ORIENTED_EDGE('',*,*,#8124,.T.);
#4487=ORIENTED_EDGE('',*,*,#8125,.T.);
#4488=ORIENTED_EDGE('',*,*,#8126,.T.);
#4489=ORIENTED_EDGE('',*,*,#8127,.T.);
#4490=ORIENTED_EDGE('',*,*,#8128,.T.);
#4491=ORIENTED_EDGE('',*,*,#8129,.T.);
#4492=ORIENTED_EDGE('',*,*,#8130,.T.);
#4493=ORIENTED_EDGE('',*,*,#8131,.T.);
#4494=ORIENTED_EDGE('',*,*,#8132,.T.);
#4495=ORIENTED_EDGE('',*,*,#8133,.T.);
#4496=ORIENTED_EDGE('',*,*,#8134,.T.);
#4497=ORIENTED_EDGE('',*,*,#8135,.T.);
#4498=ORIENTED_EDGE('',*,*,#8136,.T.);
#4499=ORIENTED_EDGE('',*,*,#8137,.T.);
#4500=ORIENTED_EDGE('',*,*,#8138,.T.);
#4501=ORIENTED_EDGE('',*,*,#8139,.T.);
#4502=ORIENTED_EDGE('',*,*,#8140,.T.);
#4503=CARTESIAN_POINT('',(8.87625000000001,6.56448972059713,9.71474020646271));
#4504=DIRECTION('',(-2.03960993326578E-16,-0.965925826289069,-0.258819045102519));
#4505=DIRECTION('',(0.0,0.258819045102519,-0.965925826289069));
#4506=ORIENTED_EDGE('',*,*,#8102,.F.);
#4507=ORIENTED_EDGE('',*,*,#8141,.T.);
#4508=ORIENTED_EDGE('',*,*,#7904,.T.);
#4509=ORIENTED_EDGE('',*,*,#8142,.F.);
#4510=CARTESIAN_POINT('',(5.18484499588041,7.33668290540712,6.80389823270474));
#4511=DIRECTION('',(-0.991346746607116,-0.0339749937622955,0.126796402907724));
#4512=DIRECTION('',(-0.0342514452714881,0.99941324710893,8.79826787173771E-19));
#4513=ORIENTED_EDGE('',*,*,#8101,.F.);
#4514=ORIENTED_EDGE('',*,*,#8143,.T.);
#4515=ORIENTED_EDGE('',*,*,#7905,.T.);
#4516=ORIENTED_EDGE('',*,*,#8141,.F.);
#4517=CARTESIAN_POINT('',(5.10018902519111,7.33668290540711,6.80389823270475));
#4518=DIRECTION('',(-1.98235932816082E-14,0.258819045102519,-0.965925826289069));
#4519=DIRECTION('',(-1.0,0.0,2.05228939345863E-14));
#4520=ORIENTED_EDGE('',*,*,#8100,.F.);
#4521=ORIENTED_EDGE('',*,*,#8144,.T.);
#4522=ORIENTED_EDGE('',*,*,#7906,.T.);
#4523=ORIENTED_EDGE('',*,*,#8143,.F.);
#4524=CARTESIAN_POINT('',(5.09181605749589,7.35365527040959,6.74055650419088));
#4525=DIRECTION('',(0.991946852986913,0.0327806769340466,-0.122339151824365));
#4526=DIRECTION('',(-6.88301397119085E-18,-0.965925826289069,-0.258819045102517));
#4527=ORIENTED_EDGE('',*,*,#8099,.F.);
#4528=ORIENTED_EDGE('',*,*,#8145,.T.);
#4529=ORIENTED_EDGE('',*,*,#7907,.T.);
#4530=ORIENTED_EDGE('',*,*,#8144,.F.);
#4531=CARTESIAN_POINT('',(5.07493852765603,7.36578536033124,6.6952863923029));
#4532=DIRECTION('',(0.940852953659759,0.0876918188296536,-0.327270323280395));
#4533=DIRECTION('',(-1.30569576492456E-17,-0.965925826289069,-0.258819045102519));
#4534=ORIENTED_EDGE('',*,*,#8098,.F.);
#4535=ORIENTED_EDGE('',*,*,#8146,.T.);
#4536=ORIENTED_EDGE('',*,*,#7908,.T.);
#4537=ORIENTED_EDGE('',*,*,#8145,.F.);
#4538=CARTESIAN_POINT('',(5.04117251610908,7.37549818304551,6.65903764444837));
#4539=DIRECTION('',(0.743379903492257,0.173116148079293,-0.646078260242543));
#4540=DIRECTION('',(0.0,-0.965925826289069,-0.258819045102519));
#4541=ORIENTED_EDGE('',*,*,#8097,.F.);
#4542=ORIENTED_EDGE('',*,*,#8147,.T.);
#4543=ORIENTED_EDGE('',*,*,#7909,.T.);
#4544=ORIENTED_EDGE('',*,*,#8146,.F.);
#4545=CARTESIAN_POINT('',(5.00900964304002,7.38018701408088,6.64153868879625));
#4546=DIRECTION('',(0.490768130967688,0.225506501879997,-0.841601722453281));
#4547=DIRECTION('',(-1.36215519688145E-17,-0.965925826289069,-0.258819045102519));
#4548=ORIENTED_EDGE('',*,*,#8096,.F.);
#4549=ORIENTED_EDGE('',*,*,#8148,.T.);
#4550=ORIENTED_EDGE('',*,*,#7910,.T.);
#4551=ORIENTED_EDGE('',*,*,#8147,.F.);
#4552=CARTESIAN_POINT('',(4.97304976412253,7.38275623656601,6.63195021994577));
#4553=DIRECTION('',(0.2660970603159,0.249487645485251,-0.931100568811695));
#4554=DIRECTION('',(-7.38567707869453E-18,-0.965925826289069,-0.258819045102519));
#4555=ORIENTED_EDGE('',*,*,#8095,.F.);
#4556=ORIENTED_EDGE('',*,*,#8149,.T.);
#4557=ORIENTED_EDGE('',*,*,#7911,.T.);
#4558=ORIENTED_EDGE('',*,*,#8148,.F.);
#4559=CARTESIAN_POINT('',(4.92301518004867,7.38519442299127,6.6228507843284));
#4560=DIRECTION('',(0.18502741571774,0.254350109638063,-0.949247532079973));
#4561=DIRECTION('',(-0.981527815287594,0.0,-0.191319491471106));
#4562=ORIENTED_EDGE('',*,*,#8094,.F.);
#4563=ORIENTED_EDGE('',*,*,#8150,.T.);
#4564=ORIENTED_EDGE('',*,*,#7912,.T.);
#4565=ORIENTED_EDGE('',*,*,#8149,.F.);
#4566=CARTESIAN_POINT('',(4.88083569316477,7.38519806008784,6.6228372104992));
#4567=DIRECTION('',(0.000333163400008268,0.25881903073834,-0.965925772681222));
#4568=DIRECTION('',(-0.99999994051643,0.0,-0.000344916130838628));
#4569=ORIENTED_EDGE('',*,*,#8093,.F.);
#4570=ORIENTED_EDGE('',*,*,#8151,.T.);
#4571=ORIENTED_EDGE('',*,*,#7913,.T.);
#4572=ORIENTED_EDGE('',*,*,#8150,.F.);
#4573=CARTESIAN_POINT('',(4.81328664562134,7.38278385792344,6.6318471356365));
#4574=DIRECTION('',(-0.136790673415835,0.25638613976438,-0.956846099957126));
#4575=DIRECTION('',(-0.989935240091988,-7.11614488902945E-18,0.141521095332172));
#4576=ORIENTED_EDGE('',*,*,#8092,.F.);
#4577=ORIENTED_EDGE('',*,*,#8152,.T.);
#4578=ORIENTED_EDGE('',*,*,#7914,.T.);
#4579=ORIENTED_EDGE('',*,*,#8151,.F.);
#4580=CARTESIAN_POINT('',(4.76229082836677,7.37784662003213,6.65027315829593));
#4581=DIRECTION('',(-0.350359936508801,0.242413835391329,-0.904700750138085));
#4582=DIRECTION('',(-0.932514929416065,-1.34566710769573E-17,0.361131425406528));
#4583=ORIENTED_EDGE('',*,*,#8091,.F.);
#4584=ORIENTED_EDGE('',*,*,#8153,.T.);
#4585=ORIENTED_EDGE('',*,*,#7915,.T.);
#4586=ORIENTED_EDGE('',*,*,#8152,.F.);
#4587=CARTESIAN_POINT('',(4.72879479242329,7.37300236691708,6.668352157046));
#4588=DIRECTION('',(-0.487789258894209,0.225939040853935,-0.843215979880269));
#4589=DIRECTION('',(-0.865599124697276,-1.25421362658881E-17,0.500737611252949));
#4590=ORIENTED_EDGE('',*,*,#8090,.F.);
#4591=ORIENTED_EDGE('',*,*,#8154,.T.);
#4592=ORIENTED_EDGE('',*,*,#7916,.T.);
#4593=ORIENTED_EDGE('',*,*,#8153,.F.);
#4594=CARTESIAN_POINT('',(4.70388705020458,7.36342093892509,6.70411053312117));
#4595=DIRECTION('',(-0.829685608380342,0.144480800894487,-0.539209689656473));
#4596=DIRECTION('',(-0.544927282551535,0.0,0.838483307365746));
#4597=ORIENTED_EDGE('',*,*,#8089,.F.);
#4598=ORIENTED_EDGE('',*,*,#8155,.T.);
#4599=ORIENTED_EDGE('',*,*,#7917,.T.);
#4600=ORIENTED_EDGE('',*,*,#8154,.F.);
#4601=CARTESIAN_POINT('',(4.69531490515528,7.35602556489244,6.73171044475198));
#4602=DIRECTION('',(-0.957825494344456,0.0743717876642684,-0.277559290212775));
#4603=DIRECTION('',(-0.278330102115798,0.0,0.960485478420267));
#4604=ORIENTED_EDGE('',*,*,#8088,.F.);
#4605=ORIENTED_EDGE('',*,*,#8156,.T.);
#4606=ORIENTED_EDGE('',*,*,#7918,.T.);
#4607=ORIENTED_EDGE('',*,*,#8155,.F.);
#4608=CARTESIAN_POINT('',(4.70356357303291,7.34639762511409,6.76764240517703));
#4609=DIRECTION('',(-0.976286375078357,-0.0560299380148844,0.209106575416486));
#4610=DIRECTION('',(-0.0572966021826141,0.998357200293726,0.0));
#4611=ORIENTED_EDGE('',*,*,#8087,.F.);
#4612=ORIENTED_EDGE('',*,*,#8157,.T.);
#4613=ORIENTED_EDGE('',*,*,#7919,.T.);
#4614=ORIENTED_EDGE('',*,*,#8156,.F.);
#4615=CARTESIAN_POINT('',(4.72054612454568,7.34146737575899,6.78604234626424));
#4616=DIRECTION('',(-0.746433923313976,-0.172233602453902,0.642784555128588));
#4617=DIRECTION('',(-0.22483424785012,0.974397024314869,0.0));
#4618=ORIENTED_EDGE('',*,*,#8086,.F.);
#4619=ORIENTED_EDGE('',*,*,#8158,.T.);
#4620=ORIENTED_EDGE('',*,*,#7920,.T.);
#4621=ORIENTED_EDGE('',*,*,#8157,.F.);
#4622=CARTESIAN_POINT('',(4.76454727186167,7.33670134148637,6.80382942832027));
#4623=DIRECTION('',(-0.386057052577441,-0.238754074295715,0.891042335785688));
#4624=DIRECTION('',(-0.525982473871567,0.850495406912904,0.0));
#4625=ORIENTED_EDGE('',*,*,#8085,.F.);
#4626=ORIENTED_EDGE('',*,*,#8159,.T.);
#4627=ORIENTED_EDGE('',*,*,#7921,.T.);
#4628=ORIENTED_EDGE('',*,*,#8158,.F.);
#4629=CARTESIAN_POINT('',(4.98210999783695,7.31968550424873,6.86733339742446));
#4630=DIRECTION('',(-0.289266012822212,-0.247754208002087,0.924631292052783));
#4631=DIRECTION('',(-0.650506638791529,0.759500568063084,0.0));
#4632=ORIENTED_EDGE('',*,*,#8084,.F.);
#4633=ORIENTED_EDGE('',*,*,#8160,.T.);
#4634=ORIENTED_EDGE('',*,*,#7922,.T.);
#4635=ORIENTED_EDGE('',*,*,#8159,.F.);
#4636=CARTESIAN_POINT('',(5.0665163629862,7.30997763857292,6.90356364535962));
#4637=DIRECTION('',(-0.40608758967151,-0.236517684323748,0.88269601478477));
#4638=DIRECTION('',(-0.503288646276299,0.864118359097508,-2.4499735983973E-17));
#4639=ORIENTED_EDGE('',*,*,#8083,.F.);
#4640=ORIENTED_EDGE('',*,*,#8161,.T.);
#4641=ORIENTED_EDGE('',*,*,#7923,.T.);
#4642=ORIENTED_EDGE('',*,*,#8160,.F.);
#4643=CARTESIAN_POINT('',(5.10275426606126,7.30303039467278,6.92949111256751));
#4644=DIRECTION('',(-0.595216068020449,-0.207978106853816,0.776184861640434));
#4645=DIRECTION('',(-0.329859358156091,0.944030086298552,0.0));
#4646=ORIENTED_EDGE('',*,*,#8082,.F.);
#4647=ORIENTED_EDGE('',*,*,#8162,.T.);
#4648=ORIENTED_EDGE('',*,*,#7924,.T.);
#4649=ORIENTED_EDGE('',*,*,#8161,.F.);
#4650=CARTESIAN_POINT('',(5.14227178527511,7.29541785959341,6.95790148025815));
#4651=DIRECTION('',(-0.597065515110188,-0.207622690967968,0.774858431496635));
#4652=DIRECTION('',(-0.32844685891302,0.944522451226106,-2.15066417868125E-17));
#4653=ORIENTED_EDGE('',*,*,#8081,.F.);
#4654=ORIENTED_EDGE('',*,*,#8163,.T.);
#4655=ORIENTED_EDGE('',*,*,#7925,.T.);
#4656=ORIENTED_EDGE('',*,*,#8162,.F.);
#4657=CARTESIAN_POINT('',(5.16752500991521,7.28344249843361,7.00259413654548));
#4658=DIRECTION('',(-0.877772281301071,-0.123994535366649,0.462753905849235));
#4659=DIRECTION('',(-0.139871837072277,0.990169616375915,0.0));
#4660=ORIENTED_EDGE('',*,*,#8080,.F.);
#4661=ORIENTED_EDGE('',*,*,#8164,.T.);
#4662=ORIENTED_EDGE('',*,*,#7926,.T.);
#4663=ORIENTED_EDGE('',*,*,#8163,.F.);
#4664=CARTESIAN_POINT('',(5.17633646205581,7.27105327729715,7.04883133929297));
#4665=DIRECTION('',(-0.983476563278395,-0.0468554332537653,0.174866857513706));
#4666=DIRECTION('',(-0.0475886753174689,0.998867017165713,1.21338257159727E-18));
#4667=ORIENTED_EDGE('',*,*,#8079,.F.);
#4668=ORIENTED_EDGE('',*,*,#8165,.T.);
#4669=ORIENTED_EDGE('',*,*,#7927,.T.);
#4670=ORIENTED_EDGE('',*,*,#8164,.F.);
#4671=CARTESIAN_POINT('',(5.17581053658621,7.26598665665005,7.06774022497062));
#4672=DIRECTION('',(-0.999639305870148,0.00695090895780094,-0.0259411453892981));
#4673=DIRECTION('',(-0.0259417720869826,2.41158098969495E-20,0.999663455599427));
#4674=ORIENTED_EDGE('',*,*,#8078,.F.);
#4675=ORIENTED_EDGE('',*,*,#8166,.T.);
#4676=ORIENTED_EDGE('',*,*,#7928,.T.);
#4677=ORIENTED_EDGE('',*,*,#8165,.F.);
#4678=CARTESIAN_POINT('',(5.16739572907281,7.25880264229967,7.09455133152854));
#4679=DIRECTION('',(-0.956989703131289,0.0750890692143916,-0.280236221401167));
#4680=DIRECTION('',(-0.281029615584329,-4.16828067697448E-18,0.95969909615698));
#4681=ORIENTED_EDGE('',*,*,#8077,.F.);
#4682=ORIENTED_EDGE('',*,*,#8167,.T.);
#4683=ORIENTED_EDGE('',*,*,#7929,.T.);
#4684=ORIENTED_EDGE('',*,*,#8166,.F.);
#4685=CARTESIAN_POINT('',(5.15030315131121,7.25154300674561,7.12164466026076));
#4686=DIRECTION('',(-0.853938483815727,0.134682693316515,-0.502642654357454));
#4687=DIRECTION('',(-0.507264452951873,7.47639135692618E-18,0.86179044713401));
#4688=ORIENTED_EDGE('',*,*,#8076,.F.);
#4689=ORIENTED_EDGE('',*,*,#8168,.T.);
#4690=ORIENTED_EDGE('',*,*,#7930,.T.);
#4691=ORIENTED_EDGE('',*,*,#8167,.F.);
#4692=CARTESIAN_POINT('',(5.11697402248901,7.2395601035534,7.16636546379626));
#4693=DIRECTION('',(-0.811581773654329,0.151212139236028,-0.56433138635004));
#4694=DIRECTION('',(-0.570895927470704,8.39395992913316E-18,0.821022435745434));
#4695=ORIENTED_EDGE('',*,*,#8075,.F.);
#4696=ORIENTED_EDGE('',*,*,#8169,.T.);
#4697=ORIENTED_EDGE('',*,*,#7931,.T.);
#4698=ORIENTED_EDGE('',*,*,#8168,.F.);
#4699=CARTESIAN_POINT('',(5.06676014109905,7.22751519844032,7.21131766165059));
#4700=DIRECTION('',(-0.679750873918355,0.189829037215776,-0.708451611641165));
#4701=DIRECTION('',(-0.721571836540997,0.0,0.69233957326651));
#4702=ORIENTED_EDGE('',*,*,#8074,.F.);
#4703=ORIENTED_EDGE('',*,*,#8170,.T.);
#4704=ORIENTED_EDGE('',*,*,#7932,.T.);
#4705=ORIENTED_EDGE('',*,*,#8169,.F.);
#4706=CARTESIAN_POINT('',(5.0327289323845,7.2225877372577,7.22970719713647));
#4707=DIRECTION('',(-0.488227931548698,0.225875561831884,-0.842979072944762));
#4708=DIRECTION('',(-0.865342852276642,1.2538612472295E-17,0.501180354776328));
#4709=ORIENTED_EDGE('',*,*,#8073,.F.);
#4710=ORIENTED_EDGE('',*,*,#8171,.T.);
#4711=ORIENTED_EDGE('',*,*,#7933,.T.);
#4712=ORIENTED_EDGE('',*,*,#8170,.F.);
#4713=CARTESIAN_POINT('',(4.98084918763086,7.21772871303595,7.24784132240724));
#4714=DIRECTION('',(-0.340277348125586,0.243374048963028,-0.908284315973782));
#4715=DIRECTION('',(-0.936440739342616,0.0,0.350825799649134));
#4716=ORIENTED_EDGE('',*,*,#8072,.F.);
#4717=ORIENTED_EDGE('',*,*,#8172,.T.);
#4718=ORIENTED_EDGE('',*,*,#7934,.T.);
#4719=ORIENTED_EDGE('',*,*,#8171,.F.);
#4720=CARTESIAN_POINT('',(4.93168242035514,7.21534796112603,7.25672640949529));
#4721=DIRECTION('',(-0.183897433382391,0.254404999639236,-0.949452384353175));
#4722=DIRECTION('',(-0.981754290104277,0.0,0.190153921500049));
#4723=ORIENTED_EDGE('',*,*,#8071,.F.);
#4724=ORIENTED_EDGE('',*,*,#8173,.T.);
#4725=ORIENTED_EDGE('',*,*,#7935,.T.);
#4726=ORIENTED_EDGE('',*,*,#8172,.F.);
#4727=CARTESIAN_POINT('',(4.88071574356757,7.21534796112603,7.25672640949528));
#4728=DIRECTION('',(3.19682607648765E-13,0.258819045102519,-0.965925826289069));
#4729=DIRECTION('',(-1.0,0.0,-3.30959788990148E-13));
#4730=ORIENTED_EDGE('',*,*,#8070,.F.);
#4731=ORIENTED_EDGE('',*,*,#8174,.T.);
#4732=ORIENTED_EDGE('',*,*,#7936,.T.);
#4733=ORIENTED_EDGE('',*,*,#8173,.F.);
#4734=CARTESIAN_POINT('',(4.83052128915557,7.21779547398962,7.24759216713621));
#4735=DIRECTION('',(0.185139622490805,0.2543446400827,-0.949227119421461));
#4736=DIRECTION('',(-0.981505248590185,7.0594818902453E-18,-0.191435229228894));
#4737=ORIENTED_EDGE('',*,*,#8140,.F.);
#4738=ORIENTED_EDGE('',*,*,#8175,.T.);
#4739=ORIENTED_EDGE('',*,*,#7937,.T.);
#4740=ORIENTED_EDGE('',*,*,#8174,.F.);
#4741=CARTESIAN_POINT('',(4.77131757369527,7.22260701134055,7.22963526527998));
#4742=DIRECTION('',(0.299584163383849,0.246931454370342,-0.921560733696997));
#4743=DIRECTION('',(8.31513090004535E-18,-0.965925826289069,-0.25881904510252));
#4744=ORIENTED_EDGE('',*,*,#8139,.F.);
#4745=ORIENTED_EDGE('',*,*,#8176,.T.);
#4746=ORIENTED_EDGE('',*,*,#7938,.T.);
#4747=ORIENTED_EDGE('',*,*,#8175,.F.);
#4748=CARTESIAN_POINT('',(4.72879191884947,7.22751408110218,7.2113218316133));
#4749=DIRECTION('',(0.407199400126512,0.236389601458372,-0.882218003023607));
#4750=DIRECTION('',(0.0,-0.965925826289069,-0.25881904510252));
#4751=ORIENTED_EDGE('',*,*,#8138,.F.);
#4752=ORIENTED_EDGE('',*,*,#8177,.T.);
#4753=ORIENTED_EDGE('',*,*,#7939,.T.);
#4754=ORIENTED_EDGE('',*,*,#8176,.F.);
#4755=CARTESIAN_POINT('',(4.67849255875625,7.23950507465016,7.16657083445901));
#4756=DIRECTION('',(0.677485908513091,0.190370661199418,-0.710472979866714));
#4757=DIRECTION('',(0.0,-0.965925826289069,-0.258819045102519));
#4758=ORIENTED_EDGE('',*,*,#8137,.F.);
#4759=ORIENTED_EDGE('',*,*,#8178,.T.);
#4760=ORIENTED_EDGE('',*,*,#7940,.T.);
#4761=ORIENTED_EDGE('',*,*,#8177,.F.);
#4762=CARTESIAN_POINT('',(4.65304418892288,7.25187400782287,7.12040934742304));
#4763=DIRECTION('',(0.882656223454965,0.121649904782671,-0.454003625384849));
#4764=DIRECTION('',(1.22493157763549E-17,-0.965925826289069,-0.258819045102518));
#4765=ORIENTED_EDGE('',*,*,#8136,.F.);
#4766=ORIENTED_EDGE('',*,*,#8179,.T.);
#4767=ORIENTED_EDGE('',*,*,#7941,.T.);
#4768=ORIENTED_EDGE('',*,*,#8178,.F.);
#4769=CARTESIAN_POINT('',(4.63595913311924,7.26877821649223,7.05732198180726));
#4770=DIRECTION('',(0.967447294008446,0.065500004810324,-0.244449345848138));
#4771=DIRECTION('',(0.0,-0.965925826289069,-0.258819045102518));
#4772=ORIENTED_EDGE('',*,*,#8135,.F.);
#4773=ORIENTED_EDGE('',*,*,#8180,.T.);
#4774=ORIENTED_EDGE('',*,*,#7942,.T.);
#4775=ORIENTED_EDGE('',*,*,#8179,.F.);
#4776=CARTESIAN_POINT('',(4.72056295731659,7.26872949885374,7.05750379850932));
#4777=DIRECTION('',(-0.00222484074171003,-0.258818404535418,0.965923435660102));
#4778=DIRECTION('',(-0.999963055186152,0.00859582821931251,0.0));
#4779=ORIENTED_EDGE('',*,*,#8134,.F.);
#4780=ORIENTED_EDGE('',*,*,#8181,.T.);
#4781=ORIENTED_EDGE('',*,*,#7943,.T.);
#4782=ORIENTED_EDGE('',*,*,#8180,.F.);
#4783=CARTESIAN_POINT('',(4.73743235961981,7.25659463471509,7.1027917280177));
#4784=DIRECTION('',(-0.940947410102076,-0.0876239021053477,0.327016854614602));
#4785=DIRECTION('',(-0.0927218901464364,0.995692046311344,0.0));
#4786=ORIENTED_EDGE('',*,*,#8133,.F.);
#4787=ORIENTED_EDGE('',*,*,#8182,.T.);
#4788=ORIENTED_EDGE('',*,*,#7944,.T.);
#4789=ORIENTED_EDGE('',*,*,#8181,.F.);
#4790=CARTESIAN_POINT('',(4.77956918260152,7.24692643455378,7.13887394223744));
#4791=DIRECTION('',(-0.663372247930439,-0.193671588526913,0.722792208365017));
#4792=DIRECTION('',(-0.280250727552152,0.959926835600761,0.0));
#4793=ORIENTED_EDGE('',*,*,#8132,.F.);
#4794=ORIENTED_EDGE('',*,*,#8183,.T.);
#4795=ORIENTED_EDGE('',*,*,#7945,.T.);
#4796=ORIENTED_EDGE('',*,*,#8182,.F.);
#4797=CARTESIAN_POINT('',(4.83034644635356,7.24201321943241,7.15721031069894));
#4798=DIRECTION('',(-0.350180911767491,-0.242431162897419,0.904765417271181));
#4799=DIRECTION('',(-0.569207159950134,0.822194143169059,-2.51122849534763E-17));
#4800=ORIENTED_EDGE('',*,*,#8131,.F.);
#4801=ORIENTED_EDGE('',*,*,#8184,.T.);
#4802=ORIENTED_EDGE('',*,*,#7946,.T.);
#4803=ORIENTED_EDGE('',*,*,#8183,.F.);
#4804=CARTESIAN_POINT('',(4.88052633053207,7.23960814909328,7.16618615540035));
#4805=DIRECTION('',(-0.182087499662847,-0.254492193976881,0.9497777980514));
#4806=DIRECTION('',(-0.813268648092915,0.581888396541057,2.63616294918612E-17));
#4807=ORIENTED_EDGE('',*,*,#8130,.F.);
#4808=ORIENTED_EDGE('',*,*,#8185,.T.);
#4809=ORIENTED_EDGE('',*,*,#7947,.T.);
#4810=ORIENTED_EDGE('',*,*,#8184,.F.);
#4811=CARTESIAN_POINT('',(4.92317923208378,7.23960814909327,7.16618615540038));
#4812=DIRECTION('',(-5.37730409685146E-13,-0.258819045102519,0.965925826289069));
#4813=DIRECTION('',(-1.0,2.07763076118355E-12,0.0));
#4814=ORIENTED_EDGE('',*,*,#8129,.F.);
#4815=ORIENTED_EDGE('',*,*,#8186,.T.);
#4816=ORIENTED_EDGE('',*,*,#7948,.T.);
#4817=ORIENTED_EDGE('',*,*,#8185,.F.);
#4818=CARTESIAN_POINT('',(4.97359806809171,7.24197886128471,7.1573385370518));
#4819=DIRECTION('',(0.178746924516946,-0.254650786208273,0.950369672316642));
#4820=DIRECTION('',(-0.818489255034657,-0.574521835436054,0.0));
#4821=ORIENTED_EDGE('',*,*,#8128,.F.);
#4822=ORIENTED_EDGE('',*,*,#8187,.T.);
#4823=ORIENTED_EDGE('',*,*,#7949,.T.);
#4824=ORIENTED_EDGE('',*,*,#8186,.F.);
#4825=CARTESIAN_POINT('',(5.02449480775846,7.24692643455378,7.13887394223744));
#4826=DIRECTION('',(0.351601964499784,-0.242293343468765,0.904251068161172));
#4827=DIRECTION('',(-0.567430152751171,-0.823421533449778,2.50980088978606E-17));
#4828=ORIENTED_EDGE('',*,*,#8127,.F.);
#4829=ORIENTED_EDGE('',*,*,#8188,.T.);
#4830=ORIENTED_EDGE('',*,*,#7950,.T.);
#4831=ORIENTED_EDGE('',*,*,#8187,.F.);
#4832=CARTESIAN_POINT('',(5.0493457980183,7.25166785893665,7.12117870554034));
#4833=DIRECTION('',(0.593371186295976,-0.208330945546457,0.777501673568247));
#4834=DIRECTION('',(-0.331272512429738,-0.943535119912602,2.15800064920015E-17));
#4835=ORIENTED_EDGE('',*,*,#8126,.F.);
#4836=ORIENTED_EDGE('',*,*,#8189,.T.);
#4837=ORIENTED_EDGE('',*,*,#7951,.T.);
#4838=ORIENTED_EDGE('',*,*,#8188,.F.);
#4839=CARTESIAN_POINT('',(5.08355492510964,7.26145741989472,7.08464356666105));
#4840=DIRECTION('',(0.741658195531502,-0.173610120609474,0.64792179082272));
#4841=DIRECTION('',(0.0,-0.965925826289069,-0.25881904510252));
#4842=ORIENTED_EDGE('',*,*,#8125,.F.);
#4843=ORIENTED_EDGE('',*,*,#8190,.T.);
#4844=ORIENTED_EDGE('',*,*,#7952,.T.);
#4845=ORIENTED_EDGE('',*,*,#8189,.F.);
#4846=CARTESIAN_POINT('',(5.09175376538697,7.27111667933926,7.04859471965051));
#4847=DIRECTION('',(0.976708526050031,-0.0555349051818745,0.207259087732276));
#4848=DIRECTION('',(0.0,-0.965925826289068,-0.25881904510252));
#4849=ORIENTED_EDGE('',*,*,#8124,.F.);
#4850=ORIENTED_EDGE('',*,*,#8191,.T.);
#4851=ORIENTED_EDGE('',*,*,#7953,.T.);
#4852=ORIENTED_EDGE('',*,*,#8190,.F.);
#4853=CARTESIAN_POINT('',(5.09188600474627,7.27594630906154,7.03057029614524));
#4854=DIRECTION('',(0.999974890393345,-0.00183412299962252,0.00684504022192114));
#4855=DIRECTION('',(0.0,-0.965925826289061,-0.258819045102547));
#4856=ORIENTED_EDGE('',*,*,#8123,.F.);
#4857=ORIENTED_EDGE('',*,*,#8192,.T.);
#4858=ORIENTED_EDGE('',*,*,#7954,.T.);
#4859=ORIENTED_EDGE('',*,*,#8191,.F.);
#4860=CARTESIAN_POINT('',(5.07495936675439,7.28571965424755,6.99409567535112));
#4861=DIRECTION('',(0.912516937834161,0.105867062712956,-0.395101256892835));
#4862=DIRECTION('',(-1.26637164342991E-17,-0.965925826289069,-0.258819045102519));
#4863=ORIENTED_EDGE('',*,*,#8122,.F.);
#4864=ORIENTED_EDGE('',*,*,#8193,.T.);
#4865=ORIENTED_EDGE('',*,*,#7955,.T.);
#4866=ORIENTED_EDGE('',*,*,#8192,.F.);
#4867=CARTESIAN_POINT('',(5.01249516081678,7.2957975476454,6.9564844651571));
#4868=DIRECTION('',(0.529000728382091,0.219639372598951,-0.81970529788184));
#4869=DIRECTION('',(0.0,-0.965925826289069,-0.25881904510252));
#4870=ORIENTED_EDGE('',*,*,#8121,.F.);
#4871=ORIENTED_EDGE('',*,*,#8194,.T.);
#4872=ORIENTED_EDGE('',*,*,#7956,.T.);
#4873=ORIENTED_EDGE('',*,*,#8193,.F.);
#4874=CARTESIAN_POINT('',(4.81374940506778,7.31240510303947,6.89450422463689));
#4875=DIRECTION('',(0.307241874344508,0.246300345085087,-0.919205401779298));
#4876=DIRECTION('',(-8.52767507565655E-18,-0.965925826289069,-0.258819045102519));
#4877=ORIENTED_EDGE('',*,*,#8120,.F.);
#4878=ORIENTED_EDGE('',*,*,#8195,.T.);
#4879=ORIENTED_EDGE('',*,*,#7957,.T.);
#4880=ORIENTED_EDGE('',*,*,#8194,.F.);
#4881=CARTESIAN_POINT('',(4.71211811558032,7.32211069625104,6.85828245765373));
#4882=DIRECTION('',(0.346163942766147,0.242817308538077,-0.906206532421236));
#4883=DIRECTION('',(0.0,-0.965925826289069,-0.25881904510252));
#4884=ORIENTED_EDGE('',*,*,#8119,.F.);
#4885=ORIENTED_EDGE('',*,*,#8196,.T.);
#4886=ORIENTED_EDGE('',*,*,#7958,.T.);
#4887=ORIENTED_EDGE('',*,*,#8195,.F.);
#4888=CARTESIAN_POINT('',(4.66975324439773,7.32701485784523,6.83997987741569));
#4889=DIRECTION('',(0.408285620979112,0.236264061044004,-0.881749479818784));
#4890=DIRECTION('',(-1.13322024258597E-17,-0.965925826289069,-0.258819045102519));
#4891=ORIENTED_EDGE('',*,*,#8118,.F.);
#4892=ORIENTED_EDGE('',*,*,#8197,.T.);
#4893=ORIENTED_EDGE('',*,*,#7959,.T.);
#4894=ORIENTED_EDGE('',*,*,#8196,.F.);
#4895=CARTESIAN_POINT('',(4.64450497243777,7.3318682953763,6.82186660195838));
#4896=DIRECTION('',(0.596249898088229,0.20777964231978,-0.775444181915914));
#4897=DIRECTION('',(0.0,-0.965925826289069,-0.258819045102519));
#4898=ORIENTED_EDGE('',*,*,#8117,.F.);
#4899=ORIENTED_EDGE('',*,*,#8198,.T.);
#4900=ORIENTED_EDGE('',*,*,#7960,.T.);
#4901=ORIENTED_EDGE('',*,*,#8197,.F.);
#4902=CARTESIAN_POINT('',(4.62762778529875,7.33909021042252,6.79491404807791));
#4903=DIRECTION('',(0.855658629082995,0.133949373352428,-0.499905866993279));
#4904=DIRECTION('',(0.0,-0.965925826289069,-0.258819045102518));
#4905=ORIENTED_EDGE('',*,*,#8116,.F.);
#4906=ORIENTED_EDGE('',*,*,#8199,.T.);
#4907=ORIENTED_EDGE('',*,*,#7961,.T.);
#4908=ORIENTED_EDGE('',*,*,#8198,.F.);
#4909=CARTESIAN_POINT('',(4.61925670047781,7.35120439050007,6.74970331253646));
#4910=DIRECTION('',(0.984380436011381,0.0455662356918237,-0.170055506711546));
#4911=DIRECTION('',(-6.83051140656491E-18,-0.965925826289069,-0.258819045102519));
#4912=ORIENTED_EDGE('',*,*,#8115,.F.);
#4913=ORIENTED_EDGE('',*,*,#8200,.T.);
#4914=ORIENTED_EDGE('',*,*,#7962,.T.);
#4915=ORIENTED_EDGE('',*,*,#8199,.F.);
#4916=CARTESIAN_POINT('',(4.62776280279586,7.36580353059352,6.69521857996089));
#4917=DIRECTION('',(0.988820093264812,-0.0385934026370987,0.144032539478615));
#4918=DIRECTION('',(0.0,-0.965925826289068,-0.258819045102521));
#4919=ORIENTED_EDGE('',*,*,#8114,.F.);
#4920=ORIENTED_EDGE('',*,*,#8201,.T.);
#4921=ORIENTED_EDGE('',*,*,#7963,.T.);
#4922=ORIENTED_EDGE('',*,*,#8200,.F.);
#4923=CARTESIAN_POINT('',(4.64436995494065,7.37784005567057,6.65029765682678));
#4924=DIRECTION('',(0.941754591954438,-0.0870410751853502,0.324841714937151));
#4925=DIRECTION('',(-1.30694703941786E-17,-0.965925826289069,-0.25881904510252));
#4926=ORIENTED_EDGE('',*,*,#8113,.F.);
#4927=ORIENTED_EDGE('',*,*,#8202,.T.);
#4928=ORIENTED_EDGE('',*,*,#7964,.T.);
#4929=ORIENTED_EDGE('',*,*,#8201,.F.);
#4930=CARTESIAN_POINT('',(4.66921317440928,7.38746927573221,6.61436091831947));
#4931=DIRECTION('',(0.831634776153306,-0.143728160372126,0.536400796987184));
#4932=DIRECTION('',(-2.30825019141097E-17,-0.965925826289069,-0.25881904510252));
#4933=ORIENTED_EDGE('',*,*,#8112,.F.);
#4934=ORIENTED_EDGE('',*,*,#8203,.T.);
#4935=ORIENTED_EDGE('',*,*,#7965,.T.);
#4936=ORIENTED_EDGE('',*,*,#8202,.F.);
#4937=CARTESIAN_POINT('',(4.71214873849093,7.39733146079534,6.57755474259023));
#4938=DIRECTION('',(0.663775984182976,-0.193578901774533,0.722446296695947));
#4939=DIRECTION('',(-0.279970107089099,-0.960008718260682,0.0));
#4940=ORIENTED_EDGE('',*,*,#8111,.F.);
#4941=ORIENTED_EDGE('',*,*,#8204,.T.);
#4942=ORIENTED_EDGE('',*,*,#7966,.T.);
#4943=ORIENTED_EDGE('',*,*,#8203,.F.);
#4944=CARTESIAN_POINT('',(4.7710163672318,7.40455337584157,6.55060218870975));
#4945=DIRECTION('',(0.428320408166845,-0.233875859055077,0.872836588657371));
#4946=DIRECTION('',(-0.479241443990926,-0.87768310816689,0.0));
#4947=ORIENTED_EDGE('',*,*,#8110,.F.);
#4948=ORIENTED_EDGE('',*,*,#8205,.T.);
#4949=ORIENTED_EDGE('',*,*,#7967,.T.);
#4950=ORIENTED_EDGE('',*,*,#8204,.F.);
#4951=CARTESIAN_POINT('',(4.83839009829074,7.40946224495292,6.53228203977847));
#4952=DIRECTION('',(0.270977956006725,-0.249135473726056,0.929786245913388));
#4953=DIRECTION('',(-0.676814835425252,-0.736153298266258,2.58067524548208E-17));
#4954=ORIENTED_EDGE('',*,*,#8109,.F.);
#4955=ORIENTED_EDGE('',*,*,#8206,.T.);
#4956=ORIENTED_EDGE('',*,*,#7968,.T.);
#4957=ORIENTED_EDGE('',*,*,#8205,.F.);
#4958=CARTESIAN_POINT('',(4.91467498415907,7.40946224495292,6.53228203977848));
#4959=DIRECTION('',(-3.31340449930118E-14,-0.258819045102519,0.965925826289069));
#4960=DIRECTION('',(-1.0,1.28020119152697E-13,0.0));
#4961=ORIENTED_EDGE('',*,*,#8108,.F.);
#4962=ORIENTED_EDGE('',*,*,#8207,.T.);
#4963=ORIENTED_EDGE('',*,*,#7969,.T.);
#4964=ORIENTED_EDGE('',*,*,#8206,.F.);
#4965=CARTESIAN_POINT('',(4.95680044325807,7.40703833585748,6.54132819167559));
#4966=DIRECTION('',(-0.217019944607216,-0.252650654780854,0.942905080207699));
#4967=DIRECTION('',(-0.758570418167755,0.651591068601157,0.0));
#4968=ORIENTED_EDGE('',*,*,#8107,.F.);
#4969=ORIENTED_EDGE('',*,*,#8208,.T.);
#4970=ORIENTED_EDGE('',*,*,#7970,.T.);
#4971=ORIENTED_EDGE('',*,*,#8207,.F.);
#4972=CARTESIAN_POINT('',(5.02403915681987,7.40218489832641,6.55944146713291));
#4973=DIRECTION('',(-0.268638818446204,-0.249305110603211,0.930419339357769));
#4974=DIRECTION('',(-0.680238295015451,0.732991038140626,0.0));
#4975=ORIENTED_EDGE('',*,*,#8106,.F.);
#4976=ORIENTED_EDGE('',*,*,#8209,.T.);
#4977=ORIENTED_EDGE('',*,*,#7971,.T.);
#4978=ORIENTED_EDGE('',*,*,#8208,.F.);
#4979=CARTESIAN_POINT('',(5.06602959842175,7.39740911579584,6.5772649301829));
#4980=DIRECTION('',(-0.40230771161513,-0.236950002689908,0.884309448892326));
#4981=DIRECTION('',(-0.507494874104065,0.861654775857535,2.45445177763461E-17));
#4982=ORIENTED_EDGE('',*,*,#8105,.F.);
#4983=ORIENTED_EDGE('',*,*,#8210,.T.);
#4984=ORIENTED_EDGE('',*,*,#7972,.T.);
#4985=ORIENTED_EDGE('',*,*,#8209,.F.);
#4986=CARTESIAN_POINT('',(5.10869512750917,7.38762458573321,6.61378129350483));
#4987=DIRECTION('',(-0.663183206196038,-0.193714952696651,0.722954045649707));
#4988=DIRECTION('',(-0.280382169246092,0.959888451419672,-2.00660056806553E-17));
#4989=ORIENTED_EDGE('',*,*,#8104,.F.);
#4990=ORIENTED_EDGE('',*,*,#8211,.T.);
#4991=ORIENTED_EDGE('',*,*,#7973,.T.);
#4992=ORIENTED_EDGE('',*,*,#8210,.F.);
#4993=CARTESIAN_POINT('',(5.15068556911101,7.37085110562583,6.67638077348529));
#4994=DIRECTION('',(-0.839239160523235,-0.140736085071877,0.525234219946585));
#4995=DIRECTION('',(-0.16538552314749,0.986228994064376,0.0));
#4996=ORIENTED_EDGE('',*,*,#8103,.F.);
#4997=ORIENTED_EDGE('',*,*,#8142,.T.);
#4998=ORIENTED_EDGE('',*,*,#7974,.T.);
#4999=ORIENTED_EDGE('',*,*,#8211,.F.);
#5000=CARTESIAN_POINT('',(5.17620387606521,7.35357286801523,6.74086403411331));
#5001=DIRECTION('',(-0.934083591426267,-0.0924124787376309,0.34488806590222));
#5002=DIRECTION('',(-0.098453190344405,0.995141683033631,-4.78628339603854E-18));
#5003=ORIENTED_EDGE('',*,*,#8212,.T.);
#5004=ORIENTED_EDGE('',*,*,#8213,.T.);
#5005=ORIENTED_EDGE('',*,*,#8214,.T.);
#5006=ORIENTED_EDGE('',*,*,#8215,.T.);
#5007=ORIENTED_EDGE('',*,*,#8216,.T.);
#5008=ORIENTED_EDGE('',*,*,#8217,.T.);
#5009=ORIENTED_EDGE('',*,*,#8218,.T.);
#5010=ORIENTED_EDGE('',*,*,#8219,.T.);
#5011=ORIENTED_EDGE('',*,*,#8220,.T.);
#5012=ORIENTED_EDGE('',*,*,#8221,.T.);
#5013=ORIENTED_EDGE('',*,*,#8222,.T.);
#5014=ORIENTED_EDGE('',*,*,#8223,.T.);
#5015=CARTESIAN_POINT('',(8.87625000000001,6.56448972059713,9.71474020646271));
#5016=DIRECTION('',(-2.03960993326578E-16,-0.965925826289069,-0.258819045102519));
#5017=DIRECTION('',(0.0,0.258819045102519,-0.965925826289069));
#5018=ORIENTED_EDGE('',*,*,#8215,.F.);
#5019=ORIENTED_EDGE('',*,*,#8224,.T.);
#5020=ORIENTED_EDGE('',*,*,#7975,.T.);
#5021=ORIENTED_EDGE('',*,*,#8225,.F.);
#5022=CARTESIAN_POINT('',(6.64283440925921,7.21534796112603,7.25672640949528));
#5023=DIRECTION('',(-1.0,-7.79281358032575E-15,2.98712209797275E-14));
#5024=DIRECTION('',(-7.79281358032575E-15,1.0,0.0));
#5025=ORIENTED_EDGE('',*,*,#8214,.F.);
#5026=ORIENTED_EDGE('',*,*,#8226,.T.);
#5027=ORIENTED_EDGE('',*,*,#7976,.T.);
#5028=ORIENTED_EDGE('',*,*,#8224,.F.);
#5029=CARTESIAN_POINT('',(6.54972284639471,7.21534796112603,7.25672640949528));
#5030=DIRECTION('',(-2.63739091268966E-14,0.258819045102519,-0.965925826289069));
#5031=DIRECTION('',(-1.0,0.0,2.73042799033761E-14));
#5032=ORIENTED_EDGE('',*,*,#8213,.F.);
#5033=ORIENTED_EDGE('',*,*,#8227,.T.);
#5034=ORIENTED_EDGE('',*,*,#7977,.T.);
#5035=ORIENTED_EDGE('',*,*,#8226,.F.);
#5036=CARTESIAN_POINT('',(6.54972284639471,7.30686925124145,6.91516430481027));
#5037=DIRECTION('',(1.0,-3.83554975262793E-29,1.15767720425453E-14));
#5038=DIRECTION('',(-1.15767720425453E-14,0.0,1.0));
#5039=ORIENTED_EDGE('',*,*,#8212,.F.);
#5040=ORIENTED_EDGE('',*,*,#8228,.T.);
#5041=ORIENTED_EDGE('',*,*,#7978,.T.);
#5042=ORIENTED_EDGE('',*,*,#8227,.F.);
#5043=CARTESIAN_POINT('',(6.21614512117351,7.21534796112603,7.25672640949529));
#5044=DIRECTION('',(-0.727411788304991,0.177601939964633,-0.662819463470811));
#5045=DIRECTION('',(-0.673526919122357,0.0,0.739162694687405));
#5046=ORIENTED_EDGE('',*,*,#8223,.F.);
#5047=ORIENTED_EDGE('',*,*,#8229,.T.);
#5048=ORIENTED_EDGE('',*,*,#7979,.T.);
#5049=ORIENTED_EDGE('',*,*,#8228,.F.);
#5050=CARTESIAN_POINT('',(6.10171342130091,7.21534796112603,7.25672640949529));
#5051=DIRECTION('',(7.15482621678314E-15,0.258819045102519,-0.965925826289069));
#5052=DIRECTION('',(-1.0,0.0,-7.40722115720917E-15));
#5053=ORIENTED_EDGE('',*,*,#8222,.F.);
#5054=ORIENTED_EDGE('',*,*,#8230,.T.);
#5055=ORIENTED_EDGE('',*,*,#7980,.T.);
#5056=ORIENTED_EDGE('',*,*,#8229,.F.);
#5057=CARTESIAN_POINT('',(6.37335502660591,7.2908767904916,6.97484898086678));
#5058=DIRECTION('',(0.731961267240968,-0.17634538407509,0.658129933048486));
#5059=DIRECTION('',(2.03160063006183E-17,-0.965925826289069,-0.25881904510252));
#5060=ORIENTED_EDGE('',*,*,#8221,.F.);
#5061=ORIENTED_EDGE('',*,*,#8231,.T.);
#5062=ORIENTED_EDGE('',*,*,#7981,.T.);
#5063=ORIENTED_EDGE('',*,*,#8230,.F.);
#5064=CARTESIAN_POINT('',(6.07769029012311,7.40946224495292,6.53228203977848));
#5065=DIRECTION('',(0.840242029744609,0.140334667618463,-0.5237361096154));
#5066=DIRECTION('',(-2.3321401192006E-17,-0.965925826289069,-0.258819045102518));
#5067=ORIENTED_EDGE('',*,*,#8220,.F.);
#5068=ORIENTED_EDGE('',*,*,#8232,.T.);
#5069=ORIENTED_EDGE('',*,*,#7982,.T.);
#5070=ORIENTED_EDGE('',*,*,#8231,.F.);
#5071=CARTESIAN_POINT('',(6.19475601839361,7.40946224495292,6.53228203977847));
#5072=DIRECTION('',(5.29637505666691E-14,-0.258819045102519,0.965925826289069));
#5073=DIRECTION('',(-1.0,-2.04636218117913E-13,0.0));
#5074=ORIENTED_EDGE('',*,*,#8219,.F.);
#5075=ORIENTED_EDGE('',*,*,#8233,.T.);
#5076=ORIENTED_EDGE('',*,*,#7983,.T.);
#5077=ORIENTED_EDGE('',*,*,#8232,.F.);
#5078=CARTESIAN_POINT('',(6.44019047148071,7.31009153717601,6.90313856998598));
#5079=DIRECTION('',(-0.842556706450199,-0.13940191664333,0.520255035585394));
#5080=DIRECTION('',(-0.163232002001106,0.98658771202702,1.44399779796021E-17));
#5081=ORIENTED_EDGE('',*,*,#8218,.F.);
#5082=ORIENTED_EDGE('',*,*,#8234,.T.);
#5083=ORIENTED_EDGE('',*,*,#7984,.T.);
#5084=ORIENTED_EDGE('',*,*,#8233,.F.);
#5085=CARTESIAN_POINT('',(6.54972284639471,7.34131455131806,6.78661269484243));
#5086=DIRECTION('',(0.740358837517431,-0.173981233056526,0.649306801330441));
#5087=DIRECTION('',(-2.05490856974142E-17,-0.965925826289069,-0.258819045102519));
#5088=ORIENTED_EDGE('',*,*,#8217,.F.);
#5089=ORIENTED_EDGE('',*,*,#8235,.T.);
#5090=ORIENTED_EDGE('',*,*,#7985,.T.);
#5091=ORIENTED_EDGE('',*,*,#8234,.F.);
#5092=CARTESIAN_POINT('',(6.54972284639471,7.40946224495292,6.53228203977848));
#5093=DIRECTION('',(1.0,-1.41570687988307E-28,-2.33832427705489E-14));
#5094=DIRECTION('',(-2.33832427705489E-14,0.0,-1.0));
#5095=ORIENTED_EDGE('',*,*,#8216,.F.);
#5096=ORIENTED_EDGE('',*,*,#8225,.T.);
#5097=ORIENTED_EDGE('',*,*,#7986,.T.);
#5098=ORIENTED_EDGE('',*,*,#8235,.F.);
#5099=CARTESIAN_POINT('',(6.64283440925921,7.40946224495292,6.53228203977849));
#5100=DIRECTION('',(-1.47820083436791E-13,-0.258819045102519,0.965925826289069));
#5101=DIRECTION('',(-1.0,5.71132944943209E-13,0.0));
#5102=ORIENTED_EDGE('',*,*,#8236,.F.);
#5103=ORIENTED_EDGE('',*,*,#8237,.F.);
#5104=ORIENTED_EDGE('',*,*,#8238,.F.);
#5105=ORIENTED_EDGE('',*,*,#8239,.F.);
#5106=ORIENTED_EDGE('',*,*,#8240,.F.);
#5107=ORIENTED_EDGE('',*,*,#8241,.F.);
#5108=ORIENTED_EDGE('',*,*,#8242,.F.);
#5109=ORIENTED_EDGE('',*,*,#8243,.F.);
#5110=ORIENTED_EDGE('',*,*,#8244,.F.);
#5111=ORIENTED_EDGE('',*,*,#8245,.F.);
#5112=CARTESIAN_POINT('',(4.99500000000002,7.33240048671493,6.84885821163191));
#5113=DIRECTION('',(2.03960993326578E-16,0.965925826289069,0.258819045102519));
#5114=DIRECTION('',(1.0,0.0,-7.88044764038861E-16));
#5115=ORIENTED_EDGE('',*,*,#8003,.F.);
#5116=ORIENTED_EDGE('',*,*,#8246,.T.);
#5117=ORIENTED_EDGE('',*,*,#8245,.T.);
#5118=ORIENTED_EDGE('',*,*,#8247,.F.);
#5119=CARTESIAN_POINT('',(4.44963498192491,7.43169532542446,6.53624037821589));
#5120=DIRECTION('',(-1.0,2.11155958123786E-16,2.46519032881566E-32));
#5121=DIRECTION('',(2.46519032881566E-32,0.0,1.0));
#5122=ORIENTED_EDGE('',*,*,#8004,.F.);
#5123=ORIENTED_EDGE('',*,*,#8247,.T.);
#5124=ORIENTED_EDGE('',*,*,#8244,.T.);
#5125=ORIENTED_EDGE('',*,*,#8248,.F.);
#5126=CARTESIAN_POINT('',(4.44963498192491,7.23758181033341,7.26068187897149));
#5127=DIRECTION('',(5.46511834493058E-17,0.258819045102519,-0.965925826289069));
#5128=DIRECTION('',(-1.0,0.0,-5.6579068456288E-17));
#5129=ORIENTED_EDGE('',*,*,#8005,.F.);
#5130=ORIENTED_EDGE('',*,*,#8248,.T.);
#5131=ORIENTED_EDGE('',*,*,#8243,.T.);
#5132=ORIENTED_EDGE('',*,*,#8249,.F.);
#5133=CARTESIAN_POINT('',(4.3694412696604,7.23758181033341,7.26068187897149));
#5134=DIRECTION('',(0.886095013464116,0.119963570293899,-0.447710139394194));
#5135=DIRECTION('',(0.0,-0.965925826289069,-0.258819045102519));
#5136=ORIENTED_EDGE('',*,*,#8250,.F.);
#5137=ORIENTED_EDGE('',*,*,#8251,.T.);
#5138=ORIENTED_EDGE('',*,*,#7852,.F.);
#5139=ORIENTED_EDGE('',*,*,#8252,.T.);
#5140=CARTESIAN_POINT('',(3.71000000000001,7.05521026854154,7.82539063963875));
#5141=DIRECTION('',(-1.795699745553E-14,-0.258819045102519,0.965925826289069));
#5142=DIRECTION('',(-1.0,6.93805104196145E-14,0.0));
#5143=ORIENTED_EDGE('',*,*,#8006,.F.);
#5144=ORIENTED_EDGE('',*,*,#8249,.T.);
#5145=ORIENTED_EDGE('',*,*,#8242,.T.);
#5146=ORIENTED_EDGE('',*,*,#8253,.F.);
#5147=CARTESIAN_POINT('',(4.05757683307619,7.38968568409879,6.69302249405105));
#5148=DIRECTION('',(-1.0,2.11155958123786E-16,2.46519032881566E-32));
#5149=DIRECTION('',(2.46519032881566E-32,0.0,1.0));
#5150=ORIENTED_EDGE('',*,*,#8007,.F.);
#5151=ORIENTED_EDGE('',*,*,#8253,.T.);
#5152=ORIENTED_EDGE('',*,*,#8241,.T.);
#5153=ORIENTED_EDGE('',*,*,#8254,.F.);
#5154=CARTESIAN_POINT('',(4.05757683307619,7.23758181033341,7.26068187897149));
#5155=DIRECTION('',(5.46511834493058E-17,0.258819045102519,-0.965925826289069));
#5156=DIRECTION('',(-1.0,0.0,-5.6579068456288E-17));
#5157=ORIENTED_EDGE('',*,*,#8008,.F.);
#5158=ORIENTED_EDGE('',*,*,#8254,.T.);
#5159=ORIENTED_EDGE('',*,*,#8240,.T.);
#5160=ORIENTED_EDGE('',*,*,#8255,.F.);
#5161=CARTESIAN_POINT('',(3.98183832704859,7.23758181033341,7.26068187897149));
#5162=DIRECTION('',(1.0,-4.2093803767137E-48,1.99349353630175E-32));
#5163=DIRECTION('',(-1.99349353630175E-32,0.0,1.0));
#5164=ORIENTED_EDGE('',*,*,#8009,.F.);
#5165=ORIENTED_EDGE('',*,*,#8255,.T.);
#5166=ORIENTED_EDGE('',*,*,#8239,.T.);
#5167=ORIENTED_EDGE('',*,*,#8256,.F.);
#5168=CARTESIAN_POINT('',(3.98183832704859,7.43169532542446,6.53624037821589));
#5169=DIRECTION('',(-5.46511834493058E-17,-0.258819045102519,0.965925826289069));
#5170=DIRECTION('',(-1.0,2.11155958123786E-16,5.95297751330272E-33));
#5171=ORIENTED_EDGE('',*,*,#8010,.F.);
#5172=ORIENTED_EDGE('',*,*,#8256,.T.);
#5173=ORIENTED_EDGE('',*,*,#8238,.T.);
#5174=ORIENTED_EDGE('',*,*,#8257,.F.);
#5175=CARTESIAN_POINT('',(4.06648724555002,7.43169532542446,6.53624037821589));
#5176=DIRECTION('',(-0.886095013464116,-0.119963570293899,0.447710139394194));
#5177=DIRECTION('',(-0.134160614680347,0.990959600321119,-6.21322631391966E-18));
#5178=ORIENTED_EDGE('',*,*,#8011,.F.);
#5179=ORIENTED_EDGE('',*,*,#8257,.T.);
#5180=ORIENTED_EDGE('',*,*,#8237,.T.);
#5181=ORIENTED_EDGE('',*,*,#8258,.F.);
#5182=CARTESIAN_POINT('',(4.37389647589731,7.27959145165909,7.10389976313632));
#5183=DIRECTION('',(1.0,-4.2093803767137E-48,1.99349353630175E-32));
#5184=DIRECTION('',(-1.99349353630175E-32,0.0,1.0));
#5185=ORIENTED_EDGE('',*,*,#8002,.F.);
#5186=ORIENTED_EDGE('',*,*,#8258,.T.);
#5187=ORIENTED_EDGE('',*,*,#8236,.T.);
#5188=ORIENTED_EDGE('',*,*,#8246,.F.);
#5189=CARTESIAN_POINT('',(4.37389647589731,7.43169532542446,6.53624037821589));
#5190=DIRECTION('',(-5.46511834493058E-17,-0.258819045102519,0.965925826289069));
#5191=DIRECTION('',(-1.0,2.11155958123786E-16,5.95297751330272E-33));
#5192=ORIENTED_EDGE('',*,*,#8259,.T.);
#5193=ORIENTED_EDGE('',*,*,#8260,.T.);
#5194=ORIENTED_EDGE('',*,*,#8261,.T.);
#5195=ORIENTED_EDGE('',*,*,#8262,.T.);
#5196=ORIENTED_EDGE('',*,*,#8263,.T.);
#5197=ORIENTED_EDGE('',*,*,#8264,.T.);
#5198=ORIENTED_EDGE('',*,*,#8265,.T.);
#5199=ORIENTED_EDGE('',*,*,#8266,.T.);
#5200=ORIENTED_EDGE('',*,*,#8267,.T.);
#5201=ORIENTED_EDGE('',*,*,#8268,.T.);
#5202=ORIENTED_EDGE('',*,*,#8269,.T.);
#5203=ORIENTED_EDGE('',*,*,#8270,.T.);
#5204=ORIENTED_EDGE('',*,*,#8271,.T.);
#5205=ORIENTED_EDGE('',*,*,#8272,.T.);
#5206=ORIENTED_EDGE('',*,*,#8273,.T.);
#5207=CARTESIAN_POINT('',(8.26625000000001,6.56448972059713,9.71474020646271));
#5208=DIRECTION('',(-2.03960993326578E-16,-0.965925826289069,-0.258819045102519));
#5209=DIRECTION('',(0.0,0.258819045102519,-0.965925826289069));
#5210=ORIENTED_EDGE('',*,*,#8272,.F.);
#5211=ORIENTED_EDGE('',*,*,#8274,.T.);
#5212=ORIENTED_EDGE('',*,*,#8001,.T.);
#5213=ORIENTED_EDGE('',*,*,#8275,.F.);
#5214=CARTESIAN_POINT('',(3.09081561903874,7.44583700373911,6.39652959187535));
#5215=DIRECTION('',(0.612366659301237,-0.204615579133433,0.763635737346107));
#5216=DIRECTION('',(-0.316915401154123,-0.948453809371506,2.11951494507064E-17));
#5217=ORIENTED_EDGE('',*,*,#8273,.F.);
#5218=ORIENTED_EDGE('',*,*,#8275,.T.);
#5219=ORIENTED_EDGE('',*,*,#8000,.T.);
#5220=ORIENTED_EDGE('',*,*,#8276,.F.);
#5221=CARTESIAN_POINT('',(3.06646307713083,7.44095487080441,6.41474996003695));
#5222=DIRECTION('',(0.733734252694489,-0.175851123068432,0.65628532585944));
#5223=DIRECTION('',(2.03652165324389E-17,-0.965925826289069,-0.258819045102519));
#5224=ORIENTED_EDGE('',*,*,#8259,.F.);
#5225=ORIENTED_EDGE('',*,*,#8276,.T.);
#5226=ORIENTED_EDGE('',*,*,#7999,.T.);
#5227=ORIENTED_EDGE('',*,*,#8277,.F.);
#5228=CARTESIAN_POINT('',(3.04863572050222,7.43597207533497,6.43334600589263));
#5229=DIRECTION('',(0.8630315192135,-0.130742459679021,0.487937502228634));
#5230=DIRECTION('',(0.0,-0.965925826289069,-0.25881904510252));
#5231=ORIENTED_EDGE('',*,*,#8260,.F.);
#5232=ORIENTED_EDGE('',*,*,#8277,.T.);
#5233=ORIENTED_EDGE('',*,*,#7998,.T.);
#5234=ORIENTED_EDGE('',*,*,#8278,.F.);
#5235=CARTESIAN_POINT('',(3.03235883019558,7.42877470410133,6.46020696101749));
#5236=DIRECTION('',(0.913532244238114,-0.105278870411213,0.392906093338107));
#5237=DIRECTION('',(1.26778066411331E-17,-0.965925826289068,-0.258819045102521));
#5238=ORIENTED_EDGE('',*,*,#8261,.F.);
#5239=ORIENTED_EDGE('',*,*,#8278,.T.);
#5240=ORIENTED_EDGE('',*,*,#7997,.T.);
#5241=ORIENTED_EDGE('',*,*,#8279,.F.);
#5242=CARTESIAN_POINT('',(3.02413287487934,7.42399323370137,6.47805165148505));
#5243=DIRECTION('',(0.958870495566704,-0.0734642131580856,0.274172176044047));
#5244=DIRECTION('',(0.0,-0.965925826289069,-0.258819045102519));
#5245=ORIENTED_EDGE('',*,*,#8262,.F.);
#5246=ORIENTED_EDGE('',*,*,#8279,.T.);
#5247=ORIENTED_EDGE('',*,*,#7996,.T.);
#5248=ORIENTED_EDGE('',*,*,#8280,.F.);
#5249=CARTESIAN_POINT('',(3.01583723331537,7.41674008528542,6.5051207698882));
#5250=DIRECTION('',(1.0,-7.50044912747581E-28,-5.33030100492398E-14));
#5251=DIRECTION('',(-5.33030100492398E-14,0.0,-1.0));
#5252=ORIENTED_EDGE('',*,*,#8263,.F.);
#5253=ORIENTED_EDGE('',*,*,#8280,.T.);
#5254=ORIENTED_EDGE('',*,*,#7995,.T.);
#5255=ORIENTED_EDGE('',*,*,#8281,.F.);
#5256=CARTESIAN_POINT('',(3.01583723331538,7.38033919164536,6.64097075439381));
#5257=DIRECTION('',(-4.8633880770631E-14,0.258819045102519,-0.965925826289069));
#5258=DIRECTION('',(-1.0,0.0,5.03494983227382E-14));
#5259=ORIENTED_EDGE('',*,*,#8264,.F.);
#5260=ORIENTED_EDGE('',*,*,#8281,.T.);
#5261=ORIENTED_EDGE('',*,*,#7994,.T.);
#5262=ORIENTED_EDGE('',*,*,#8282,.F.);
#5263=CARTESIAN_POINT('',(3.11710407279547,7.38033919164536,6.64097075439381));
#5264=DIRECTION('',(-1.0,2.04533830608623E-14,-7.55450200057683E-14));
#5265=DIRECTION('',(-7.55450200057683E-14,0.0,1.0));
#5266=ORIENTED_EDGE('',*,*,#8265,.F.);
#5267=ORIENTED_EDGE('',*,*,#8282,.T.);
#5268=ORIENTED_EDGE('',*,*,#7993,.T.);
#5269=ORIENTED_EDGE('',*,*,#8283,.F.);
#5270=CARTESIAN_POINT('',(3.11710407279548,7.40946224495292,6.53228203977847));
#5271=DIRECTION('',(-1.92007460339661E-14,-0.258819045102519,0.965925826289069));
#5272=DIRECTION('',(-1.0,7.41859859129015E-14,3.04792448681099E-30));
#5273=ORIENTED_EDGE('',*,*,#8266,.F.);
#5274=ORIENTED_EDGE('',*,*,#8283,.T.);
#5275=ORIENTED_EDGE('',*,*,#7992,.T.);
#5276=ORIENTED_EDGE('',*,*,#8284,.F.);
#5277=CARTESIAN_POINT('',(3.07487936436667,7.40946224495292,6.53228203977847));
#5278=DIRECTION('',(-1.0,8.78074877678254E-14,-3.2691396087047E-13));
#5279=DIRECTION('',(-3.2691396087047E-13,0.0,1.0));
#5280=ORIENTED_EDGE('',*,*,#8267,.F.);
#5281=ORIENTED_EDGE('',*,*,#8284,.T.);
#5282=ORIENTED_EDGE('',*,*,#7991,.T.);
#5283=ORIENTED_EDGE('',*,*,#8285,.F.);
#5284=CARTESIAN_POINT('',(3.07487936436668,7.41676688144823,6.50502076524713));
#5285=DIRECTION('',(-0.959147107279965,0.0732219281555657,-0.27326795610473));
#5286=DIRECTION('',(-0.274003471347114,0.0,0.961728702748198));
#5287=ORIENTED_EDGE('',*,*,#8268,.F.);
#5288=ORIENTED_EDGE('',*,*,#8285,.T.);
#5289=ORIENTED_EDGE('',*,*,#7990,.T.);
#5290=ORIENTED_EDGE('',*,*,#8286,.F.);
#5291=CARTESIAN_POINT('',(3.08311472470011,7.42399323370137,6.47805165148505));
#5292=DIRECTION('',(-0.856707669200906,0.133499447921052,-0.498226722423764));
#5293=DIRECTION('',(-0.502726685545423,-7.41070804283494E-18,0.864445417386496));
#5294=ORIENTED_EDGE('',*,*,#8269,.F.);
#5295=ORIENTED_EDGE('',*,*,#8286,.T.);
#5296=ORIENTED_EDGE('',*,*,#7989,.T.);
#5297=ORIENTED_EDGE('',*,*,#8287,.F.);
#5298=CARTESIAN_POINT('',(3.10009169631025,7.43129126746974,6.45081501866615));
#5299=DIRECTION('',(-0.470272941274955,0.228413249140203,-0.85244985091313));
#5300=DIRECTION('',(-0.875596894085487,0.0,0.483042523043105));
#5301=ORIENTED_EDGE('',*,*,#8270,.F.);
#5302=ORIENTED_EDGE('',*,*,#8287,.T.);
#5303=ORIENTED_EDGE('',*,*,#7988,.T.);
#5304=ORIENTED_EDGE('',*,*,#8288,.F.);
#5305=CARTESIAN_POINT('',(3.11724368824627,7.43365683703604,6.44198659285587));
#5306=DIRECTION('',(-1.0,1.46202417402507E-14,-5.37754402295164E-14));
#5307=DIRECTION('',(-5.37754402295164E-14,0.0,1.0));
#5308=ORIENTED_EDGE('',*,*,#8271,.F.);
#5309=ORIENTED_EDGE('',*,*,#8288,.T.);
#5310=ORIENTED_EDGE('',*,*,#7987,.T.);
#5311=ORIENTED_EDGE('',*,*,#8274,.F.);
#5312=CARTESIAN_POINT('',(3.11724368824627,7.44835356710752,6.38713764952398));
#5313=DIRECTION('',(0.345286252131114,-0.242901005626414,0.906518894207355));
#5314=DIRECTION('',(-0.575369498693956,-0.817893599420283,0.0));
#5315=ORIENTED_EDGE('',*,*,#8289,.T.);
#5316=ORIENTED_EDGE('',*,*,#8290,.T.);
#5317=ORIENTED_EDGE('',*,*,#8291,.T.);
#5318=ORIENTED_EDGE('',*,*,#8292,.T.);
#5319=ORIENTED_EDGE('',*,*,#8293,.T.);
#5320=ORIENTED_EDGE('',*,*,#8294,.T.);
#5321=ORIENTED_EDGE('',*,*,#8295,.T.);
#5322=ORIENTED_EDGE('',*,*,#8296,.T.);
#5323=ORIENTED_EDGE('',*,*,#8297,.T.);
#5324=ORIENTED_EDGE('',*,*,#8298,.T.);
#5325=ORIENTED_EDGE('',*,*,#8299,.T.);
#5326=ORIENTED_EDGE('',*,*,#8300,.T.);
#5327=ORIENTED_EDGE('',*,*,#8301,.T.);
#5328=ORIENTED_EDGE('',*,*,#8302,.T.);
#5329=ORIENTED_EDGE('',*,*,#8303,.T.);
#5330=ORIENTED_EDGE('',*,*,#8304,.T.);
#5331=ORIENTED_EDGE('',*,*,#8305,.T.);
#5332=ORIENTED_EDGE('',*,*,#8306,.T.);
#5333=ORIENTED_EDGE('',*,*,#8307,.T.);
#5334=ORIENTED_EDGE('',*,*,#8308,.T.);
#5335=ORIENTED_EDGE('',*,*,#8309,.T.);
#5336=ORIENTED_EDGE('',*,*,#8310,.T.);
#5337=ORIENTED_EDGE('',*,*,#8311,.T.);
#5338=ORIENTED_EDGE('',*,*,#8312,.T.);
#5339=ORIENTED_EDGE('',*,*,#8313,.T.);
#5340=ORIENTED_EDGE('',*,*,#8314,.T.);
#5341=ORIENTED_EDGE('',*,*,#8315,.T.);
#5342=ORIENTED_EDGE('',*,*,#8316,.T.);
#5343=ORIENTED_EDGE('',*,*,#8317,.T.);
#5344=ORIENTED_EDGE('',*,*,#8318,.T.);
#5345=ORIENTED_EDGE('',*,*,#8319,.T.);
#5346=ORIENTED_EDGE('',*,*,#8320,.T.);
#5347=ORIENTED_EDGE('',*,*,#8321,.T.);
#5348=ORIENTED_EDGE('',*,*,#8322,.T.);
#5349=ORIENTED_EDGE('',*,*,#8323,.T.);
#5350=ORIENTED_EDGE('',*,*,#8324,.T.);
#5351=ORIENTED_EDGE('',*,*,#8325,.T.);
#5352=ORIENTED_EDGE('',*,*,#8326,.T.);
#5353=ORIENTED_EDGE('',*,*,#8327,.T.);
#5354=ORIENTED_EDGE('',*,*,#8328,.T.);
#5355=ORIENTED_EDGE('',*,*,#8329,.T.);
#5356=ORIENTED_EDGE('',*,*,#8330,.T.);
#5357=ORIENTED_EDGE('',*,*,#8331,.T.);
#5358=ORIENTED_EDGE('',*,*,#8332,.T.);
#5359=ORIENTED_EDGE('',*,*,#8333,.T.);
#5360=ORIENTED_EDGE('',*,*,#8334,.T.);
#5361=ORIENTED_EDGE('',*,*,#8335,.T.);
#5362=ORIENTED_EDGE('',*,*,#8336,.T.);
#5363=ORIENTED_EDGE('',*,*,#8337,.T.);
#5364=ORIENTED_EDGE('',*,*,#8338,.T.);
#5365=CARTESIAN_POINT('',(8.26625000000001,6.56448972059713,9.71474020646271));
#5366=DIRECTION('',(-2.03960993326578E-16,-0.965925826289069,-0.258819045102519));
#5367=DIRECTION('',(0.0,0.258819045102519,-0.965925826289069));
#5368=ORIENTED_EDGE('',*,*,#8295,.F.);
#5369=ORIENTED_EDGE('',*,*,#8339,.T.);
#5370=ORIENTED_EDGE('',*,*,#8020,.T.);
#5371=ORIENTED_EDGE('',*,*,#8340,.F.);
#5372=CARTESIAN_POINT('',(2.81899625817968,7.35604707365157,6.73163017297011));
#5373=DIRECTION('',(-0.959035160398239,-0.0733200876182991,0.273634292206897));
#5374=DIRECTION('',(-0.0762294764560844,0.997090300283395,0.0));
#5375=ORIENTED_EDGE('',*,*,#8294,.F.);
#5376=ORIENTED_EDGE('',*,*,#8341,.T.);
#5377=ORIENTED_EDGE('',*,*,#8021,.T.);
#5378=ORIENTED_EDGE('',*,*,#8339,.F.);
#5379=CARTESIAN_POINT('',(2.73502314576714,7.35363222660374,6.74064250484513));
#5380=DIRECTION('',(-0.11043043522667,0.257236070521248,-0.960018084724676));
#5381=DIRECTION('',(-0.99344904235628,0.0,0.114275982784622));
#5382=ORIENTED_EDGE('',*,*,#8293,.F.);
#5383=ORIENTED_EDGE('',*,*,#8342,.T.);
#5384=ORIENTED_EDGE('',*,*,#8022,.T.);
#5385=ORIENTED_EDGE('',*,*,#8341,.F.);
#5386=CARTESIAN_POINT('',(2.71784095507349,7.36592937080116,6.69474893791233));
#5387=DIRECTION('',(0.940396404597274,0.088019255373371,-0.328492333097803));
#5388=DIRECTION('',(0.0,-0.965925826289069,-0.258819045102519));
#5389=ORIENTED_EDGE('',*,*,#8292,.F.);
#5390=ORIENTED_EDGE('',*,*,#8343,.T.);
#5391=ORIENTED_EDGE('',*,*,#8023,.T.);
#5392=ORIENTED_EDGE('',*,*,#8342,.F.);
#5393=CARTESIAN_POINT('',(2.70117552199471,7.37302530597248,6.66826654732575));
#5394=DIRECTION('',(0.854515742302996,0.134437210941776,-0.501726501662566));
#5395=DIRECTION('',(0.0,-0.965925826289069,-0.258819045102519));
#5396=ORIENTED_EDGE('',*,*,#8291,.F.);
#5397=ORIENTED_EDGE('',*,*,#8344,.T.);
#5398=ORIENTED_EDGE('',*,*,#8024,.T.);
#5399=ORIENTED_EDGE('',*,*,#8343,.F.);
#5400=CARTESIAN_POINT('',(2.66771546643341,7.38026984711598,6.6412295517007));
#5401=DIRECTION('',(0.641635907466225,0.198516630801677,-0.740874152299258));
#5402=DIRECTION('',(1.78089739473815E-17,-0.965925826289069,-0.258819045102519));
#5403=ORIENTED_EDGE('',*,*,#8290,.F.);
#5404=ORIENTED_EDGE('',*,*,#8345,.T.);
#5405=ORIENTED_EDGE('',*,*,#8025,.T.);
#5406=ORIENTED_EDGE('',*,*,#8344,.F.);
#5407=CARTESIAN_POINT('',(2.62559972082344,7.38521099569078,6.62278893417181));
#5408=DIRECTION('',(0.41286376909061,0.235730520457812,-0.879758279243216));
#5409=DIRECTION('',(0.0,-0.965925826289069,-0.258819045102519));
#5410=ORIENTED_EDGE('',*,*,#8289,.F.);
#5411=ORIENTED_EDGE('',*,*,#8346,.T.);
#5412=ORIENTED_EDGE('',*,*,#8026,.T.);
#5413=ORIENTED_EDGE('',*,*,#8345,.F.);
#5414=CARTESIAN_POINT('',(2.58296721759862,7.38521099569077,6.62278893417182));
#5415=DIRECTION('',(-3.1381065020235E-13,0.258819045102519,-0.965925826289069));
#5416=DIRECTION('',(-1.0,-1.30670224773127E-29,3.24880691313493E-13));
#5417=ORIENTED_EDGE('',*,*,#8338,.F.);
#5418=ORIENTED_EDGE('',*,*,#8347,.T.);
#5419=ORIENTED_EDGE('',*,*,#8027,.T.);
#5420=ORIENTED_EDGE('',*,*,#8346,.F.);
#5421=CARTESIAN_POINT('',(2.54085147198864,7.38034415010207,6.64095224918146));
#5422=DIRECTION('',(-0.407693780005119,0.236332513039975,-0.882004946145625));
#5423=DIRECTION('',(-0.907718579612195,0.0,0.419579527892888));
#5424=ORIENTED_EDGE('',*,*,#8337,.F.);
#5425=ORIENTED_EDGE('',*,*,#8348,.T.);
#5426=ORIENTED_EDGE('',*,*,#8028,.T.);
#5427=ORIENTED_EDGE('',*,*,#8347,.F.);
#5428=CARTESIAN_POINT('',(2.50700384821621,7.37309960895857,6.66798924480652));
#5429=DIRECTION('',(-0.637282970193818,0.199453690332738,-0.744371306078893));
#5430=DIRECTION('',(-0.759634448504454,0.0,0.650350293799683));
#5431=ORIENTED_EDGE('',*,*,#8336,.F.);
#5432=ORIENTED_EDGE('',*,*,#8349,.T.);
#5433=ORIENTED_EDGE('',*,*,#8029,.T.);
#5434=ORIENTED_EDGE('',*,*,#8348,.F.);
#5435=CARTESIAN_POINT('',(2.49033841513741,7.36589221930811,6.69488758917196));
#5436=DIRECTION('',(-0.85807551566004,0.132909668049651,-0.496025633978414));
#5437=DIRECTION('',(-0.500465687861382,7.37796868320046E-18,0.865756371777553));
#5438=ORIENTED_EDGE('',*,*,#8335,.F.);
#5439=ORIENTED_EDGE('',*,*,#8350,.T.);
#5440=ORIENTED_EDGE('',*,*,#8030,.T.);
#5441=ORIENTED_EDGE('',*,*,#8349,.F.);
#5442=CARTESIAN_POINT('',(2.47302703504007,7.35370652958982,6.7403652023259));
#5443=DIRECTION('',(-0.938566532187062,0.0893180229706113,-0.333339399757927));
#5444=DIRECTION('',(-0.334677051047512,4.95814628079856E-18,0.94233288783855));
#5445=ORIENTED_EDGE('',*,*,#8334,.F.);
#5446=ORIENTED_EDGE('',*,*,#8351,.T.);
#5447=ORIENTED_EDGE('',*,*,#8031,.T.);
#5448=ORIENTED_EDGE('',*,*,#8350,.F.);
#5449=CARTESIAN_POINT('',(2.47302703504007,7.3341648442489,6.81329576488372));
#5450=DIRECTION('',(-1.0,8.03999857561994E-15,-2.92176384129563E-14));
#5451=DIRECTION('',(-2.92176384129563E-14,0.0,1.0));
#5452=ORIENTED_EDGE('',*,*,#8333,.F.);
#5453=ORIENTED_EDGE('',*,*,#8352,.T.);
#5454=ORIENTED_EDGE('',*,*,#8032,.T.);
#5455=ORIENTED_EDGE('',*,*,#8351,.F.);
#5456=CARTESIAN_POINT('',(2.49008003632999,7.32216491199583,6.85808012173957));
#5457=DIRECTION('',(-0.938530373166679,-0.0893434716264315,0.333434375434434));
#5458=DIRECTION('',(-0.0947666533581425,0.995499513516354,0.0));
#5459=ORIENTED_EDGE('',*,*,#8332,.F.);
#5460=ORIENTED_EDGE('',*,*,#8353,.T.);
#5461=ORIENTED_EDGE('',*,*,#8033,.T.);
#5462=ORIENTED_EDGE('',*,*,#8352,.F.);
#5463=CARTESIAN_POINT('',(2.50713303761991,7.31484606786625,6.88539441988385));
#5464=DIRECTION('',(-0.856337846376621,-0.133658297952044,0.49881955881021));
#5465=DIRECTION('',(-0.154214138984741,0.988037448347579,0.0));
#5466=ORIENTED_EDGE('',*,*,#8331,.F.);
#5467=ORIENTED_EDGE('',*,*,#8354,.T.);
#5468=ORIENTED_EDGE('',*,*,#8034,.T.);
#5469=ORIENTED_EDGE('',*,*,#8353,.F.);
#5470=CARTESIAN_POINT('',(2.54033471437379,7.3076386782158,6.91229276424929));
#5471=DIRECTION('',(-0.642621035256759,-0.198303059083921,0.740077091797531));
#5472=DIRECTION('',(-0.294864772352434,0.955538992415039,2.05412656827811E-17));
#5473=ORIENTED_EDGE('',*,*,#8330,.F.);
#5474=ORIENTED_EDGE('',*,*,#8355,.T.);
#5475=ORIENTED_EDGE('',*,*,#8035,.T.);
#5476=ORIENTED_EDGE('',*,*,#8354,.F.);
#5477=CARTESIAN_POINT('',(2.58232127058006,7.30266037814796,6.93087203303779));
#5478=DIRECTION('',(-0.416490725005999,-0.235302737609222,0.87816177191767));
#5479=DIRECTION('',(-0.491890793859636,0.870656905397377,0.0));
#5480=ORIENTED_EDGE('',*,*,#8329,.F.);
#5481=ORIENTED_EDGE('',*,*,#8356,.T.);
#5482=ORIENTED_EDGE('',*,*,#8036,.T.);
#5483=ORIENTED_EDGE('',*,*,#8355,.F.);
#5484=CARTESIAN_POINT('',(2.625341342016,7.30266037814796,6.93087203303779));
#5485=DIRECTION('',(-1.39215854995946E-13,-0.258819045102519,0.965925826289069));
#5486=DIRECTION('',(-1.0,5.37888759077997E-13,0.0));
#5487=ORIENTED_EDGE('',*,*,#8328,.F.);
#5488=ORIENTED_EDGE('',*,*,#8357,.T.);
#5489=ORIENTED_EDGE('',*,*,#8037,.T.);
#5490=ORIENTED_EDGE('',*,*,#8356,.F.);
#5491=CARTESIAN_POINT('',(2.67598358827094,7.30756437522971,6.91257006676852));
#5492=DIRECTION('',(0.350422038163762,-0.242407822317373,0.904678309040569));
#5493=DIRECTION('',(-0.568905252059435,-0.822403072817211,2.51098672143948E-17));
#5494=ORIENTED_EDGE('',*,*,#8327,.F.);
#5495=ORIENTED_EDGE('',*,*,#8358,.T.);
#5496=ORIENTED_EDGE('',*,*,#8038,.T.);
#5497=ORIENTED_EDGE('',*,*,#8357,.F.);
#5498=CARTESIAN_POINT('',(2.70983121204337,7.31488321935929,6.88525576862424));
#5499=DIRECTION('',(0.64114047937636,-0.198623827130554,0.741274214445008));
#5500=DIRECTION('',(-0.295922443354678,-0.955211969941226,0.0));
#5501=ORIENTED_EDGE('',*,*,#8326,.F.);
#5502=ORIENTED_EDGE('',*,*,#8359,.T.);
#5503=ORIENTED_EDGE('',*,*,#8039,.T.);
#5504=ORIENTED_EDGE('',*,*,#8358,.F.);
#5505=CARTESIAN_POINT('',(2.72610907691104,7.32212776050279,6.85821877299919));
#5506=DIRECTION('',(0.864451240867781,-0.130112648966933,0.485587016651971));
#5507=DIRECTION('',(2.39933417819299E-17,-0.965925826289069,-0.258819045102519));
#5508=ORIENTED_EDGE('',*,*,#8325,.F.);
#5509=ORIENTED_EDGE('',*,*,#8360,.T.);
#5510=ORIENTED_EDGE('',*,*,#8040,.T.);
#5511=ORIENTED_EDGE('',*,*,#8359,.F.);
#5512=CARTESIAN_POINT('',(2.81085732574584,7.32212776050279,6.8582187729992));
#5513=DIRECTION('',(-1.27225446329994E-13,-0.258819045102519,0.965925826289069));
#5514=DIRECTION('',(-1.0,4.91561377485183E-13,0.0));
#5515=ORIENTED_EDGE('',*,*,#8324,.F.);
#5516=ORIENTED_EDGE('',*,*,#8361,.T.);
#5517=ORIENTED_EDGE('',*,*,#8041,.T.);
#5518=ORIENTED_EDGE('',*,*,#8360,.F.);
#5519=CARTESIAN_POINT('',(2.76014798551627,7.21534796112603,7.25672640949529));
#5520=DIRECTION('',(-0.992530816437551,0.0315744155504746,-0.117837323053664));
#5521=DIRECTION('',(-0.117896105598928,0.0,0.993025935353456));
#5522=ORIENTED_EDGE('',*,*,#8323,.F.);
#5523=ORIENTED_EDGE('',*,*,#8362,.T.);
#5524=ORIENTED_EDGE('',*,*,#8042,.T.);
#5525=ORIENTED_EDGE('',*,*,#8361,.F.);
#5526=CARTESIAN_POINT('',(2.41425516616283,7.21534796112603,7.25672640949528));
#5527=DIRECTION('',(3.14687104560741E-14,0.258819045102519,-0.965925826289069));
#5528=DIRECTION('',(-1.0,0.0,-3.25788063633952E-14));
#5529=ORIENTED_EDGE('',*,*,#8322,.F.);
#5530=ORIENTED_EDGE('',*,*,#8363,.T.);
#5531=ORIENTED_EDGE('',*,*,#8043,.T.);
#5532=ORIENTED_EDGE('',*,*,#8362,.F.);
#5533=CARTESIAN_POINT('',(2.41425516616283,7.23962143472652,7.16613657274208));
#5534=DIRECTION('',(1.0,-7.1503011012133E-29,-1.67344055975065E-14));
#5535=DIRECTION('',(-1.67344055975065E-14,0.0,-1.0));
#5536=ORIENTED_EDGE('',*,*,#8321,.F.);
#5537=ORIENTED_EDGE('',*,*,#8364,.T.);
#5538=ORIENTED_EDGE('',*,*,#8044,.T.);
#5539=ORIENTED_EDGE('',*,*,#8363,.F.);
#5540=CARTESIAN_POINT('',(2.69264688183582,7.23962143472651,7.1661365727421));
#5541=DIRECTION('',(-4.29595187609444E-14,-0.258819045102519,0.965925826289069));
#5542=DIRECTION('',(-1.0,1.65982834624585E-13,0.0));
#5543=ORIENTED_EDGE('',*,*,#8320,.F.);
#5544=ORIENTED_EDGE('',*,*,#8365,.T.);
#5545=ORIENTED_EDGE('',*,*,#8045,.T.);
#5546=ORIENTED_EDGE('',*,*,#8364,.F.);
#5547=CARTESIAN_POINT('',(2.71807367513207,7.29306048821241,6.96669931002433));
#5548=DIRECTION('',(0.992502397563925,-0.0316342003557755,0.118060442984568));
#5549=DIRECTION('',(0.0,-0.965925826289069,-0.25881904510252));
#5550=ORIENTED_EDGE('',*,*,#8319,.F.);
#5551=ORIENTED_EDGE('',*,*,#8366,.T.);
#5552=ORIENTED_EDGE('',*,*,#8046,.T.);
#5553=ORIENTED_EDGE('',*,*,#8365,.F.);
#5554=CARTESIAN_POINT('',(2.67607352004119,7.28563214494543,6.99442226451276));
#5555=DIRECTION('',(-0.564201338753264,0.213690641630642,-0.797504331667553));
#5556=DIRECTION('',(-0.816361146130117,0.0,0.577541755277592));
#5557=ORIENTED_EDGE('',*,*,#8318,.F.);
#5558=ORIENTED_EDGE('',*,*,#8367,.T.);
#5559=ORIENTED_EDGE('',*,*,#8047,.T.);
#5560=ORIENTED_EDGE('',*,*,#8366,.F.);
#5561=CARTESIAN_POINT('',(2.6259888280549,7.28085245173138,7.01226032243218));
#5562=DIRECTION('',(-0.345953778187238,0.242837371930772,-0.906281410022147));
#5563=DIRECTION('',(-0.934246188516294,0.0,0.356628741470423));
#5564=ORIENTED_EDGE('',*,*,#8317,.F.);
#5565=ORIENTED_EDGE('',*,*,#8368,.T.);
#5566=ORIENTED_EDGE('',*,*,#8048,.T.);
#5567=ORIENTED_EDGE('',*,*,#8367,.F.);
#5568=CARTESIAN_POINT('',(2.58283802819491,7.28085245173138,7.01226032243218));
#5569=DIRECTION('',(-1.37562745043106E-13,0.258819045102519,-0.965925826289069));
#5570=DIRECTION('',(-1.0,-6.53351123865635E-30,1.42415433254953E-13));
#5571=ORIENTED_EDGE('',*,*,#8316,.F.);
#5572=ORIENTED_EDGE('',*,*,#8369,.T.);
#5573=ORIENTED_EDGE('',*,*,#8049,.T.);
#5574=ORIENTED_EDGE('',*,*,#8368,.F.);
#5575=CARTESIAN_POINT('',(2.54085147198865,7.28326729877922,7.00324799055715));
#5576=DIRECTION('',(0.216928390598073,0.252655921654553,-0.942924736447941));
#5577=DIRECTION('',(-0.974542609467575,0.0,-0.224202369149236));
#5578=ORIENTED_EDGE('',*,*,#8315,.F.);
#5579=ORIENTED_EDGE('',*,*,#8370,.T.);
#5580=ORIENTED_EDGE('',*,*,#8050,.T.);
#5581=ORIENTED_EDGE('',*,*,#8369,.F.);
#5582=CARTESIAN_POINT('',(2.49860653697496,7.28809699287488,6.98522332680713));
#5583=DIRECTION('',(0.404057656410906,0.236750455842035,-0.883564729917573));
#5584=DIRECTION('',(0.0,-0.965925826289069,-0.258819045102519));
#5585=ORIENTED_EDGE('',*,*,#8314,.F.);
#5586=ORIENTED_EDGE('',*,*,#8371,.T.);
#5587=ORIENTED_EDGE('',*,*,#8051,.T.);
#5588=ORIENTED_EDGE('',*,*,#8370,.F.);
#5589=CARTESIAN_POINT('',(2.4477059119126,7.30277183262709,6.93045607925895));
#5590=DIRECTION('',(0.744133302041519,0.172899186554472,-0.645268548808624));
#5591=DIRECTION('',(-2.0653848132921E-17,-0.965925826289069,-0.258819045102519));
#5592=ORIENTED_EDGE('',*,*,#8313,.F.);
#5593=ORIENTED_EDGE('',*,*,#8372,.T.);
#5594=ORIENTED_EDGE('',*,*,#8052,.T.);
#5595=ORIENTED_EDGE('',*,*,#8371,.F.);
#5596=CARTESIAN_POINT('',(2.42251397818883,7.31240510303947,6.89450422463688));
#5597=DIRECTION('',(0.828142625910816,0.145072586415126,-0.541418263286679));
#5598=DIRECTION('',(0.0,-0.965925826289069,-0.25881904510252));
#5599=ORIENTED_EDGE('',*,*,#8312,.F.);
#5600=ORIENTED_EDGE('',*,*,#8373,.T.);
#5601=ORIENTED_EDGE('',*,*,#8053,.T.);
#5602=ORIENTED_EDGE('',*,*,#8372,.F.);
#5603=CARTESIAN_POINT('',(2.40597773451375,7.32212776050279,6.85821877299917));
#5604=DIRECTION('',(0.915248201685794,0.104275726242605,-0.38916230833355));
#5605=DIRECTION('',(0.0,-0.965925826289069,-0.258819045102518));
#5606=ORIENTED_EDGE('',*,*,#8311,.F.);
#5607=ORIENTED_EDGE('',*,*,#8374,.T.);
#5608=ORIENTED_EDGE('',*,*,#8054,.T.);
#5609=ORIENTED_EDGE('',*,*,#8373,.F.);
#5610=CARTESIAN_POINT('',(2.38879554382011,7.33669114577587,6.80386747922986));
#5611=DIRECTION('',(0.956403771381354,0.0755874922211459,-0.282096361386036));
#5612=DIRECTION('',(0.0,-0.965925826289069,-0.258819045102519));
#5613=ORIENTED_EDGE('',*,*,#8310,.F.);
#5614=ORIENTED_EDGE('',*,*,#8375,.T.);
#5615=ORIENTED_EDGE('',*,*,#8055,.T.);
#5616=ORIENTED_EDGE('',*,*,#8374,.F.);
#5617=CARTESIAN_POINT('',(2.38879554382012,7.35600992215853,6.73176882422971));
#5618=DIRECTION('',(1.0,-2.67160025930838E-27,9.94593859668733E-14));
#5619=DIRECTION('',(-9.94593859668733E-14,0.0,1.0));
#5620=ORIENTED_EDGE('',*,*,#8309,.F.);
#5621=ORIENTED_EDGE('',*,*,#8376,.T.);
#5622=ORIENTED_EDGE('',*,*,#8056,.T.);
#5623=ORIENTED_EDGE('',*,*,#8375,.F.);
#5624=CARTESIAN_POINT('',(2.40584854511004,7.37064761041769,6.67714022794116));
#5625=DIRECTION('',(0.957423267188533,-0.0747179193664736,0.278851071311515));
#5626=DIRECTION('',(0.0,-0.965925826289069,-0.25881904510252));
#5627=ORIENTED_EDGE('',*,*,#8308,.F.);
#5628=ORIENTED_EDGE('',*,*,#8377,.T.);
#5629=ORIENTED_EDGE('',*,*,#8057,.T.);
#5630=ORIENTED_EDGE('',*,*,#8376,.F.);
#5631=CARTESIAN_POINT('',(2.42251397818883,7.38038130159511,6.64081359792184));
#5632=DIRECTION('',(0.914255581146377,-0.104857408988957,0.391333177896818));
#5633=DIRECTION('',(1.26878449572595E-17,-0.965925826289068,-0.25881904510252));
#5634=ORIENTED_EDGE('',*,*,#8307,.F.);
#5635=ORIENTED_EDGE('',*,*,#8378,.T.);
#5636=ORIENTED_EDGE('',*,*,#8058,.T.);
#5637=ORIENTED_EDGE('',*,*,#8377,.F.);
#5638=CARTESIAN_POINT('',(2.44744753310517,7.38992923530731,6.60518022420064));
#5639=DIRECTION('',(0.828509567697891,-0.144932170656433,0.540894224541055));
#5640=DIRECTION('',(0.0,-0.965925826289069,-0.258819045102519));
#5641=ORIENTED_EDGE('',*,*,#8306,.F.);
#5642=ORIENTED_EDGE('',*,*,#8379,.T.);
#5643=ORIENTED_EDGE('',*,*,#8059,.T.);
#5644=ORIENTED_EDGE('',*,*,#8378,.F.);
#5645=CARTESIAN_POINT('',(2.4734146032512,7.39732238242298,6.57758862353712));
#5646=DIRECTION('',(0.739953550332495,-0.174096693234712,0.649737704581683));
#5647=DIRECTION('',(0.0,-0.965925826289069,-0.258819045102519));
#5648=ORIENTED_EDGE('',*,*,#8305,.F.);
#5649=ORIENTED_EDGE('',*,*,#8380,.T.);
#5650=ORIENTED_EDGE('',*,*,#8060,.T.);
#5651=ORIENTED_EDGE('',*,*,#8379,.F.);
#5652=CARTESIAN_POINT('',(2.49899410518608,7.40218922801169,6.55942530852746));
#5653=DIRECTION('',(0.592300286527387,-0.208534982700105,0.778263150592293));
#5654=DIRECTION('',(-0.332094719057817,-0.943246042967533,0.0));
#5655=ORIENTED_EDGE('',*,*,#8304,.F.);
#5656=ORIENTED_EDGE('',*,*,#8381,.T.);
#5657=ORIENTED_EDGE('',*,*,#8061,.T.);
#5658=ORIENTED_EDGE('',*,*,#8380,.F.);
#5659=CARTESIAN_POINT('',(2.54085147198865,7.4069817706143,6.54153929603707));
#5660=DIRECTION('',(0.404563161567978,-0.236692620248057,0.88334888454236));
#5661=DIRECTION('',(-0.504980816068917,-0.86313056683353,2.45178567598969E-17));
#5662=ORIENTED_EDGE('',*,*,#8303,.F.);
#5663=ORIENTED_EDGE('',*,*,#8382,.T.);
#5664=ORIENTED_EDGE('',*,*,#8062,.T.);
#5665=ORIENTED_EDGE('',*,*,#8381,.F.);
#5666=CARTESIAN_POINT('',(2.58270883879121,7.40946224495292,6.53228203977847));
#5667=DIRECTION('',(0.223188162281353,-0.2522904334079,0.941560715741862));
#5668=DIRECTION('',(-0.748984535224227,-0.662587477994376,-2.61335596424789E-17));
#5669=ORIENTED_EDGE('',*,*,#8302,.F.);
#5670=ORIENTED_EDGE('',*,*,#8383,.T.);
#5671=ORIENTED_EDGE('',*,*,#8063,.T.);
#5672=ORIENTED_EDGE('',*,*,#8382,.F.);
#5673=CARTESIAN_POINT('',(2.625341342016,7.40946224495293,6.53228203977846));
#5674=DIRECTION('',(4.26609309504266E-13,-0.258819045102519,0.965925826289069));
#5675=DIRECTION('',(-1.0,-1.64829179914208E-12,-4.87667917889759E-29));
#5676=ORIENTED_EDGE('',*,*,#8301,.F.);
#5677=ORIENTED_EDGE('',*,*,#8384,.T.);
#5678=ORIENTED_EDGE('',*,*,#8064,.T.);
#5679=ORIENTED_EDGE('',*,*,#8383,.F.);
#5680=CARTESIAN_POINT('',(2.66706951941485,7.40705607360039,6.54126199351781));
#5681=DIRECTION('',(-0.217461023343222,-0.252625247934972,0.942810260568007));
#5682=DIRECTION('',(-0.757883582972923,0.652389818023032,0.0));
#5683=ORIENTED_EDGE('',*,*,#8300,.F.);
#5684=ORIENTED_EDGE('',*,*,#8385,.T.);
#5685=ORIENTED_EDGE('',*,*,#8065,.T.);
#5686=ORIENTED_EDGE('',*,*,#8384,.F.);
#5687=CARTESIAN_POINT('',(2.70957283323597,7.40215207651864,6.55956395978708));
#5688=DIRECTION('',(-0.407165134604175,-0.236393555185328,0.882232758533487));
#5689=DIRECTION('',(-0.502095948663061,0.864811920787486,-2.44868780400611E-17));
#5690=ORIENTED_EDGE('',*,*,#8299,.F.);
#5691=ORIENTED_EDGE('',*,*,#8386,.T.);
#5692=ORIENTED_EDGE('',*,*,#8066,.T.);
#5693=ORIENTED_EDGE('',*,*,#8385,.F.);
#5694=CARTESIAN_POINT('',(2.73502314576715,7.39732238242298,6.57758862353713));
#5695=DIRECTION('',(-0.591300659671727,-0.208724928204441,0.778972036865144));
#5696=DIRECTION('',(-0.332863479610512,0.942975028270411,-2.1620817271671E-17));
#5697=ORIENTED_EDGE('',*,*,#8298,.F.);
#5698=ORIENTED_EDGE('',*,*,#8387,.T.);
#5699=ORIENTED_EDGE('',*,*,#8067,.T.);
#5700=ORIENTED_EDGE('',*,*,#8386,.F.);
#5701=CARTESIAN_POINT('',(2.76008589008718,7.39007784127948,6.60462561916219));
#5702=DIRECTION('',(-0.744998139127652,-0.172649525660934,0.644336801669275));
#5703=DIRECTION('',(-0.22576184015995,0.974182524749645,0.0));
#5704=ORIENTED_EDGE('',*,*,#8297,.F.);
#5705=ORIENTED_EDGE('',*,*,#8388,.T.);
#5706=ORIENTED_EDGE('',*,*,#8068,.T.);
#5707=ORIENTED_EDGE('',*,*,#8387,.F.);
#5708=CARTESIAN_POINT('',(2.78540701321466,7.38049275607423,6.64039764414302));
#5709=DIRECTION('',(-0.825492939167313,-0.146080689901598,0.545180556717483));
#5710=DIRECTION('',(-0.174254371808637,0.984700672237801,0.0));
#5711=ORIENTED_EDGE('',*,*,#8296,.F.);
#5712=ORIENTED_EDGE('',*,*,#8340,.T.);
#5713=ORIENTED_EDGE('',*,*,#8069,.T.);
#5714=ORIENTED_EDGE('',*,*,#8388,.F.);
#5715=CARTESIAN_POINT('',(2.80246001450459,7.37053615593856,6.67755618172));
#5716=DIRECTION('',(-0.9142034894627,-0.104887828623371,0.391446705518002));
#5717=DIRECTION('',(-0.113983633601581,0.993482627563754,0.0));
#5718=ORIENTED_EDGE('',*,*,#8013,.T.);
#5719=ORIENTED_EDGE('',*,*,#8389,.F.);
#5720=ORIENTED_EDGE('',*,*,#8390,.F.);
#5721=ORIENTED_EDGE('',*,*,#8391,.T.);
#5722=CARTESIAN_POINT('',(5.66634273504271,4.34973247961458,8.64177922834479));
#5723=DIRECTION('',(2.03960993326578E-16,0.965925826289069,0.258819045102519));
#5724=DIRECTION('',(-2.28156896974157E-16,0.258819045102519,-0.965925826289069));
#5725=ORIENTED_EDGE('',*,*,#8014,.T.);
#5726=ORIENTED_EDGE('',*,*,#8391,.F.);
#5727=ORIENTED_EDGE('',*,*,#8392,.F.);
#5728=ORIENTED_EDGE('',*,*,#8393,.T.);
#5729=CARTESIAN_POINT('',(4.32322448486376,6.64109979637881,9.37087196169643));
#5730=DIRECTION('',(-2.28156896974157E-16,0.258819045102519,-0.965925826289069));
#5731=DIRECTION('',(-1.0,0.0,2.36205400833622E-16));
#5732=ORIENTED_EDGE('',*,*,#8015,.T.);
#5733=ORIENTED_EDGE('',*,*,#8393,.F.);
#5734=ORIENTED_EDGE('',*,*,#8394,.F.);
#5735=ORIENTED_EDGE('',*,*,#8395,.T.);
#5736=CARTESIAN_POINT('',(4.32365726495726,4.34973247961458,8.64177922834479));
#5737=DIRECTION('',(2.03960993326578E-16,0.965925826289069,0.258819045102519));
#5738=DIRECTION('',(-2.28156896974157E-16,0.258819045102519,-0.965925826289069));
#5739=ORIENTED_EDGE('',*,*,#8016,.T.);
#5740=ORIENTED_EDGE('',*,*,#8395,.F.);
#5741=ORIENTED_EDGE('',*,*,#8396,.F.);
#5742=ORIENTED_EDGE('',*,*,#8397,.T.);
#5743=CARTESIAN_POINT('',(4.21245726495726,7.02631884025112,7.93321491792187));
#5744=DIRECTION('',(1.0,3.76867144157513E-32,-2.73171628764258E-16));
#5745=DIRECTION('',(-2.73171628764258E-16,0.0,-1.0));
#5746=ORIENTED_EDGE('',*,*,#8017,.T.);
#5747=ORIENTED_EDGE('',*,*,#8397,.F.);
#5748=ORIENTED_EDGE('',*,*,#8398,.F.);
#5749=ORIENTED_EDGE('',*,*,#8399,.T.);
#5750=CARTESIAN_POINT('',(4.32365726495726,4.27392414216596,7.19526997941816));
#5751=DIRECTION('',(2.03960993326578E-16,0.965925826289069,0.258819045102519));
#5752=DIRECTION('',(-2.28156896974157E-16,0.258819045102519,-0.965925826289069));
#5753=ORIENTED_EDGE('',*,*,#8018,.T.);
#5754=ORIENTED_EDGE('',*,*,#8399,.F.);
#5755=ORIENTED_EDGE('',*,*,#8400,.F.);
#5756=ORIENTED_EDGE('',*,*,#8401,.T.);
#5757=CARTESIAN_POINT('',(5.66677551513631,7.05521026854154,7.82539063963878));
#5758=DIRECTION('',(2.28156896974157E-16,-0.258819045102519,0.965925826289069));
#5759=DIRECTION('',(-1.0,-8.81530556933256E-16,0.0));
#5760=ORIENTED_EDGE('',*,*,#8019,.T.);
#5761=ORIENTED_EDGE('',*,*,#8401,.F.);
#5762=ORIENTED_EDGE('',*,*,#8402,.F.);
#5763=ORIENTED_EDGE('',*,*,#8403,.T.);
#5764=CARTESIAN_POINT('',(5.66634273504271,4.27392414216596,7.19526997941816));
#5765=DIRECTION('',(2.03960993326578E-16,0.965925826289069,0.258819045102519));
#5766=DIRECTION('',(-2.28156896974157E-16,0.258819045102519,-0.965925826289069));
#5767=ORIENTED_EDGE('',*,*,#8404,.T.);
#5768=ORIENTED_EDGE('',*,*,#8402,.T.);
#5769=ORIENTED_EDGE('',*,*,#8400,.T.);
#5770=ORIENTED_EDGE('',*,*,#8398,.T.);
#5771=ORIENTED_EDGE('',*,*,#8396,.T.);
#5772=ORIENTED_EDGE('',*,*,#8394,.T.);
#5773=ORIENTED_EDGE('',*,*,#8392,.T.);
#5774=ORIENTED_EDGE('',*,*,#8390,.T.);
#5775=ORIENTED_EDGE('',*,*,#8405,.F.);
#5776=ORIENTED_EDGE('',*,*,#8406,.F.);
#5777=ORIENTED_EDGE('',*,*,#8407,.T.);
#5778=ORIENTED_EDGE('',*,*,#8408,.T.);
#5779=ORIENTED_EDGE('',*,*,#8409,.T.);
#5780=ORIENTED_EDGE('',*,*,#8410,.T.);
#5781=ORIENTED_EDGE('',*,*,#8411,.T.);
#5782=ORIENTED_EDGE('',*,*,#8412,.F.);
#5783=ORIENTED_EDGE('',*,*,#8413,.T.);
#5784=ORIENTED_EDGE('',*,*,#8414,.F.);
#5785=ORIENTED_EDGE('',*,*,#8415,.T.);
#5786=ORIENTED_EDGE('',*,*,#8416,.T.);
#5787=ORIENTED_EDGE('',*,*,#8417,.T.);
#5788=ORIENTED_EDGE('',*,*,#8418,.T.);
#5789=ORIENTED_EDGE('',*,*,#8419,.F.);
#5790=ORIENTED_EDGE('',*,*,#8420,.F.);
#5791=ORIENTED_EDGE('',*,*,#8421,.T.);
#5792=ORIENTED_EDGE('',*,*,#8422,.F.);
#5793=ORIENTED_EDGE('',*,*,#8423,.T.);
#5794=ORIENTED_EDGE('',*,*,#8424,.F.);
#5795=ORIENTED_EDGE('',*,*,#8425,.T.);
#5796=ORIENTED_EDGE('',*,*,#8426,.F.);
#5797=CARTESIAN_POINT('',(7.37754273504271,6.42033642176337,10.2334091252632));
#5798=DIRECTION('',(-2.03960993326578E-16,-0.965925826289069,-0.258819045102519));
#5799=DIRECTION('',(0.0,0.258819045102519,-0.965925826289069));
#5800=ORIENTED_EDGE('',*,*,#8427,.F.);
#5801=ORIENTED_EDGE('',*,*,#8428,.F.);
#5802=ORIENTED_EDGE('',*,*,#8405,.T.);
#5803=ORIENTED_EDGE('',*,*,#8429,.T.);
#5804=CARTESIAN_POINT('',(5.14398087744241,6.82713944093323,8.71519958904887));
#5805=CARTESIAN_POINT('',(5.14398087744241,6.82932057148134,8.70705949902535));
#5806=CARTESIAN_POINT('',(5.14310680013431,6.83150170202946,8.69891940900183));
#5807=CARTESIAN_POINT('',(5.13786233628591,6.83793723228526,8.67490168311356));
#5808=CARTESIAN_POINT('',(5.13094772526261,6.84198804694916,8.65978383697583));
#5809=CARTESIAN_POINT('',(5.11117895712746,6.84908507176198,8.63329737979182));
#5810=CARTESIAN_POINT('',(5.09854533414426,6.85205210974528,8.62222424329014));
#5811=CARTESIAN_POINT('',(5.06941861594257,6.8564383122986,8.60585471250885));
#5812=CARTESIAN_POINT('',(5.05325044918597,6.85780854577931,8.60074093154063));
#5813=CARTESIAN_POINT('',(5.01980205510286,6.85872551180427,8.59731876774667));
#5814=CARTESIAN_POINT('',(5.00289496748836,6.85826201496538,8.59904856149856));
#5815=CARTESIAN_POINT('',(4.97090842872986,6.85555119270589,8.60916548790127));
#5816=CARTESIAN_POINT('',(4.95618580930196,6.85333410836158,8.61743975931889));
#5817=CARTESIAN_POINT('',(4.93119188900796,6.84746422361335,8.63934646743387));
#5818=CARTESIAN_POINT('',(4.92119941241667,6.84387690578833,8.6527345198197));
#5819=CARTESIAN_POINT('',(4.90751978646877,6.83586291495056,8.68264314079766));
#5820=CARTESIAN_POINT('',(4.90398524269536,6.83152564348655,8.69883005826759));
#5821=CARTESIAN_POINT('',(4.90398524269536,6.82713944093323,8.71519958904887));
#5822=DIRECTION('',(2.03960993326578E-16,0.965925826289069,0.258819045102519));
#5823=ORIENTED_EDGE('',*,*,#8427,.T.);
#5824=ORIENTED_EDGE('',*,*,#8430,.T.);
#5825=CARTESIAN_POINT('',(2.37754273504268,7.62141557729208,5.82819475902118));
#5826=DIRECTION('',(2.03960993326578E-16,0.965925826289069,0.258819045102519));
#5827=DIRECTION('',(1.0,0.0,-7.88044764038861E-16));
#5828=ORIENTED_EDGE('',*,*,#8431,.F.);
#5829=ORIENTED_EDGE('',*,*,#8432,.F.);
#5830=ORIENTED_EDGE('',*,*,#8433,.F.);
#5831=ORIENTED_EDGE('',*,*,#8434,.F.);
#5832=ORIENTED_EDGE('',*,*,#8435,.F.);
#5833=ORIENTED_EDGE('',*,*,#8436,.T.);
#5834=ORIENTED_EDGE('',*,*,#8437,.F.);
#5835=ORIENTED_EDGE('',*,*,#8438,.T.);
#5836=ORIENTED_EDGE('',*,*,#8439,.F.);
#5837=ORIENTED_EDGE('',*,*,#8440,.F.);
#5838=ORIENTED_EDGE('',*,*,#8441,.F.);
#5839=ORIENTED_EDGE('',*,*,#8442,.F.);
#5840=CARTESIAN_POINT('',(2.37754273504268,7.62141557729208,5.82819475902118));
#5841=DIRECTION('',(2.03960993326578E-16,0.965925826289069,0.258819045102519));
#5842=DIRECTION('',(1.0,0.0,-7.88044764038861E-16));
#5843=ORIENTED_EDGE('',*,*,#8443,.T.);
#5844=ORIENTED_EDGE('',*,*,#8415,.F.);
#5845=ORIENTED_EDGE('',*,*,#8444,.T.);
#5846=ORIENTED_EDGE('',*,*,#8435,.T.);
#5847=CARTESIAN_POINT('',(5.08194919278246,6.89329259961286,8.42967560672373));
#5848=DIRECTION('',(-1.0,1.37959840801309E-16,2.73171628764258E-16));
#5849=DIRECTION('',(1.37959840801309E-16,1.0,0.0));
#5850=ORIENTED_EDGE('',*,*,#8445,.T.);
#5851=ORIENTED_EDGE('',*,*,#8417,.F.);
#5852=ORIENTED_EDGE('',*,*,#8446,.F.);
#5853=ORIENTED_EDGE('',*,*,#8433,.T.);
#5854=CARTESIAN_POINT('',(5.16502460771241,7.00919799385646,7.99711078653532));
#5855=DIRECTION('',(-4.0197448044688E-14,0.258819045102519,-0.965925826289069));
#5856=DIRECTION('',(-1.0,0.0,4.16154604739373E-14));
#5857=ORIENTED_EDGE('',*,*,#8443,.F.);
#5858=ORIENTED_EDGE('',*,*,#8434,.T.);
#5859=ORIENTED_EDGE('',*,*,#8446,.T.);
#5860=ORIENTED_EDGE('',*,*,#8416,.F.);
#5861=CARTESIAN_POINT('',(5.16534919278241,4.28217731143691,7.35274983038423));
#5862=DIRECTION('',(-2.03960993326578E-16,-0.965925826289069,-0.258819045102519));
#5863=DIRECTION('',(2.28156896974157E-16,-0.258819045102519,0.965925826289069));
#5864=ORIENTED_EDGE('',*,*,#8445,.F.);
#5865=ORIENTED_EDGE('',*,*,#8432,.T.);
#5866=ORIENTED_EDGE('',*,*,#8447,.T.);
#5867=ORIENTED_EDGE('',*,*,#8418,.F.);
#5868=CARTESIAN_POINT('',(5.52024434947761,4.28217731143691,7.35274983038422));
#5869=DIRECTION('',(-2.03960993326578E-16,-0.965925826289069,-0.258819045102519));
#5870=DIRECTION('',(2.28156896974157E-16,-0.258819045102519,0.965925826289069));
#5871=ORIENTED_EDGE('',*,*,#8448,.T.);
#5872=ORIENTED_EDGE('',*,*,#8407,.F.);
#5873=ORIENTED_EDGE('',*,*,#8447,.F.);
#5874=ORIENTED_EDGE('',*,*,#8431,.T.);
#5875=CARTESIAN_POINT('',(5.60364434947761,6.98752942263864,8.07797899524764));
#5876=DIRECTION('',(1.0,3.76867144157513E-32,-2.73171628764258E-16));
#5877=DIRECTION('',(-2.73171628764258E-16,0.0,-1.0));
#5878=ORIENTED_EDGE('',*,*,#8448,.F.);
#5879=ORIENTED_EDGE('',*,*,#8442,.T.);
#5880=ORIENTED_EDGE('',*,*,#8449,.T.);
#5881=ORIENTED_EDGE('',*,*,#8408,.F.);
#5882=CARTESIAN_POINT('',(5.52024434947761,4.34147931034385,8.48429937738308));
#5883=DIRECTION('',(-2.03960993326578E-16,-0.965925826289069,-0.258819045102519));
#5884=DIRECTION('',(2.28156896974157E-16,-0.258819045102519,0.965925826289069));
#5885=ORIENTED_EDGE('',*,*,#8450,.T.);
#5886=ORIENTED_EDGE('',*,*,#8409,.F.);
#5887=ORIENTED_EDGE('',*,*,#8449,.F.);
#5888=ORIENTED_EDGE('',*,*,#8441,.T.);
#5889=CARTESIAN_POINT('',(5.52056893454781,6.68711207106282,9.19915181480391));
#5890=DIRECTION('',(2.28156896974157E-16,-0.258819045102519,0.965925826289069));
#5891=DIRECTION('',(-1.0,-8.81530556933256E-16,0.0));
#5892=ORIENTED_EDGE('',*,*,#8450,.F.);
#5893=ORIENTED_EDGE('',*,*,#8440,.T.);
#5894=ORIENTED_EDGE('',*,*,#8451,.T.);
#5895=ORIENTED_EDGE('',*,*,#8410,.F.);
#5896=CARTESIAN_POINT('',(5.16534919278231,4.34147931034385,8.48429937738308));
#5897=DIRECTION('',(-2.03960993326578E-16,-0.965925826289069,-0.258819045102519));
#5898=DIRECTION('',(2.28156896974157E-16,-0.258819045102519,0.965925826289069));
#5899=ORIENTED_EDGE('',*,*,#8439,.T.);
#5900=ORIENTED_EDGE('',*,*,#8452,.F.);
#5901=ORIENTED_EDGE('',*,*,#8411,.F.);
#5902=ORIENTED_EDGE('',*,*,#8451,.F.);
#5903=CARTESIAN_POINT('',(5.08194919278236,6.70878064228065,9.11828360609154));
#5904=DIRECTION('',(-1.0,1.37959840801309E-16,2.73171628764258E-16));
#5905=DIRECTION('',(1.37959840801309E-16,1.0,0.0));
#5906=ORIENTED_EDGE('',*,*,#8438,.F.);
#5907=ORIENTED_EDGE('',*,*,#8453,.F.);
#5908=ORIENTED_EDGE('',*,*,#8412,.T.);
#5909=ORIENTED_EDGE('',*,*,#8452,.T.);
#5910=CARTESIAN_POINT('',(5.16568919278241,6.74171064211065,8.9953871736329));
#5911=DIRECTION('',(2.03960993326578E-16,0.965925826289069,0.258819045102519));
#5912=DIRECTION('',(-2.28156896974157E-16,0.258819045102519,-0.965925826289069));
#5913=ORIENTED_EDGE('',*,*,#8437,.T.);
#5914=ORIENTED_EDGE('',*,*,#8454,.F.);
#5915=ORIENTED_EDGE('',*,*,#8413,.F.);
#5916=ORIENTED_EDGE('',*,*,#8453,.T.);
#5917=CARTESIAN_POINT('',(4.90307627657773,6.74225782670996,9.03198208595855));
#5918=CARTESIAN_POINT('',(4.97830311180291,6.75177909963671,8.9964482116432));
#5919=CARTESIAN_POINT('',(5.05352994702808,6.76130037256346,8.96091433732786));
#5920=CARTESIAN_POINT('',(5.15568102198011,6.77422937936625,8.91266262704843));
#5921=CARTESIAN_POINT('',(5.17992434564681,6.77892053941402,8.89515497940369));
#5922=CARTESIAN_POINT('',(5.22054781066991,6.79038569265517,8.85236644499115));
#5923=CARTESIAN_POINT('',(5.23656984906601,6.79705861851428,8.82746274664983));
#5924=CARTESIAN_POINT('',(5.25838143389751,6.81159667712351,8.77320597327674));
#5925=CARTESIAN_POINT('',(5.26397870739131,6.81933365434026,8.74433118120687));
#5926=CARTESIAN_POINT('',(5.26397870739141,6.83494522752618,8.68606799689094));
#5927=CARTESIAN_POINT('',(5.25838143389751,6.84268220474291,8.65719320482106));
#5928=CARTESIAN_POINT('',(5.23656984906611,6.85722026335216,8.60293643144797));
#5929=CARTESIAN_POINT('',(5.22054781067001,6.86389318921126,8.57803273310662));
#5930=CARTESIAN_POINT('',(5.17992434564681,6.87535834245242,8.53524419869408));
#5931=CARTESIAN_POINT('',(5.15568102198011,6.88004950250019,8.51773655104933));
#5932=CARTESIAN_POINT('',(5.05352994702824,6.89297850930302,8.46948484076979));
#5933=CARTESIAN_POINT('',(4.97830311180312,6.90249978222979,8.43395096645433));
#5934=CARTESIAN_POINT('',(4.903076276578,6.91202105515656,8.39841709213888));
#5935=DIRECTION('',(2.03960993326578E-16,0.965925826289069,0.258819045102519));
#5936=ORIENTED_EDGE('',*,*,#8436,.F.);
#5937=ORIENTED_EDGE('',*,*,#8444,.F.);
#5938=ORIENTED_EDGE('',*,*,#8414,.T.);
#5939=ORIENTED_EDGE('',*,*,#8454,.T.);
#5940=CARTESIAN_POINT('',(5.16568919278251,6.89324972323009,8.42983562356284));
#5941=DIRECTION('',(2.03960993326578E-16,0.965925826289069,0.258819045102519));
#5942=DIRECTION('',(-2.28156896974157E-16,0.258819045102519,-0.965925826289069));
#5943=ORIENTED_EDGE('',*,*,#8455,.F.);
#5944=ORIENTED_EDGE('',*,*,#8456,.T.);
#5945=ORIENTED_EDGE('',*,*,#8457,.T.);
#5946=ORIENTED_EDGE('',*,*,#8458,.T.);
#5947=ORIENTED_EDGE('',*,*,#8459,.F.);
#5948=ORIENTED_EDGE('',*,*,#8460,.T.);
#5949=ORIENTED_EDGE('',*,*,#8461,.F.);
#5950=ORIENTED_EDGE('',*,*,#8462,.T.);
#5951=CARTESIAN_POINT('',(2.37754273504268,7.62141557729208,5.82819475902118));
#5952=DIRECTION('',(2.03960993326578E-16,0.965925826289069,0.258819045102519));
#5953=DIRECTION('',(1.0,0.0,-7.88044764038861E-16));
#5954=ORIENTED_EDGE('',*,*,#8462,.F.);
#5955=ORIENTED_EDGE('',*,*,#8463,.F.);
#5956=ORIENTED_EDGE('',*,*,#8422,.T.);
#5957=ORIENTED_EDGE('',*,*,#8464,.T.);
#5958=CARTESIAN_POINT('',(4.88227693573906,6.89324972323008,8.42983562356284));
#5959=DIRECTION('',(2.03960993326578E-16,0.965925826289069,0.258819045102519));
#5960=DIRECTION('',(-2.28156896974157E-16,0.258819045102519,-0.965925826289069));
#5961=ORIENTED_EDGE('',*,*,#8465,.T.);
#5962=ORIENTED_EDGE('',*,*,#8455,.T.);
#5963=ORIENTED_EDGE('',*,*,#8464,.F.);
#5964=ORIENTED_EDGE('',*,*,#8421,.F.);
#5965=CARTESIAN_POINT('',(4.96601693573906,6.92617972306002,8.30693919110414));
#5966=DIRECTION('',(1.0,3.76867144157513E-32,-2.73171628764258E-16));
#5967=DIRECTION('',(-2.73171628764258E-16,0.0,-1.0));
#5968=ORIENTED_EDGE('',*,*,#8466,.T.);
#5969=ORIENTED_EDGE('',*,*,#8458,.F.);
#5970=ORIENTED_EDGE('',*,*,#8467,.F.);
#5971=ORIENTED_EDGE('',*,*,#8426,.T.);
#5972=CARTESIAN_POINT('',(4.88261693573906,6.72801609595014,9.12376998179345));
#5973=DIRECTION('',(2.03960993326578E-16,0.965925826289069,0.258819045102519));
#5974=DIRECTION('',(0.0,0.258819045102519,-0.965925826289069));
#5975=ORIENTED_EDGE('',*,*,#8468,.F.);
#5976=ORIENTED_EDGE('',*,*,#8469,.F.);
#5977=ORIENTED_EDGE('',*,*,#7853,.T.);
#5978=ORIENTED_EDGE('',*,*,#8251,.F.);
#5979=CARTESIAN_POINT('',(3.71000000000001,6.70890015193356,9.11783758999485));
#5980=DIRECTION('',(-1.0,1.53686585506923E-16,2.14478618485241E-16));
#5981=DIRECTION('',(1.53686585506923E-16,1.0,0.0));
#5982=ORIENTED_EDGE('',*,*,#8460,.F.);
#5983=ORIENTED_EDGE('',*,*,#8470,.F.);
#5984=ORIENTED_EDGE('',*,*,#8424,.T.);
#5985=ORIENTED_EDGE('',*,*,#8471,.T.);
#5986=CARTESIAN_POINT('',(4.88227693573906,6.74171064211063,8.9953871736329));
#5987=DIRECTION('',(2.03960993326578E-16,0.965925826289069,0.258819045102519));
#5988=DIRECTION('',(-2.28156896974157E-16,0.258819045102519,-0.965925826289069));
#5989=ORIENTED_EDGE('',*,*,#8461,.T.);
#5990=ORIENTED_EDGE('',*,*,#8471,.F.);
#5991=ORIENTED_EDGE('',*,*,#8423,.F.);
#5992=ORIENTED_EDGE('',*,*,#8463,.T.);
#5993=CARTESIAN_POINT('',(5.14488985194371,6.91202105515648,8.3984170921392));
#5994=CARTESIAN_POINT('',(5.06966301671851,6.90249978222973,8.43395096645454));
#5995=CARTESIAN_POINT('',(4.99443618149334,6.89297850930299,8.46948484076989));
#5996=CARTESIAN_POINT('',(4.89228510654126,6.88004950250019,8.51773655104933));
#5997=CARTESIAN_POINT('',(4.86804178287477,6.87535834245242,8.53524419869408));
#5998=CARTESIAN_POINT('',(4.82741831785147,6.86389318921126,8.57803273310662));
#5999=CARTESIAN_POINT('',(4.81139627945536,6.85722026335216,8.60293643144796));
#6000=CARTESIAN_POINT('',(4.78958469462407,6.84268220474291,8.65719320482105));
#6001=CARTESIAN_POINT('',(4.78398742113006,6.83494522752618,8.68606799689093));
#6002=CARTESIAN_POINT('',(4.78398742113006,6.81933365434026,8.74433118120687));
#6003=CARTESIAN_POINT('',(4.78958469462407,6.81159667712352,8.77320597327673));
#6004=CARTESIAN_POINT('',(4.81139627945536,6.79705861851428,8.82746274664983));
#6005=CARTESIAN_POINT('',(4.82741831785147,6.79038569265517,8.85236644499115));
#6006=CARTESIAN_POINT('',(4.86804178287477,6.77892053941402,8.89515497940369));
#6007=CARTESIAN_POINT('',(4.89228510654136,6.77422937936625,8.91266262704843));
#6008=CARTESIAN_POINT('',(4.99443618149329,6.76130037256342,8.96091433732797));
#6009=CARTESIAN_POINT('',(5.06966301671841,6.75177909963664,8.99644821164341));
#6010=CARTESIAN_POINT('',(5.14488985194351,6.74225782670988,9.03198208595886));
#6011=DIRECTION('',(2.03960993326578E-16,0.965925826289069,0.258819045102519));
#6012=ORIENTED_EDGE('',*,*,#8466,.F.);
#6013=ORIENTED_EDGE('',*,*,#8425,.F.);
#6014=ORIENTED_EDGE('',*,*,#8470,.T.);
#6015=ORIENTED_EDGE('',*,*,#8459,.T.);
#6016=CARTESIAN_POINT('',(4.96601693573906,6.7416677657278,8.995547190472));
#6017=DIRECTION('',(1.0,3.76867144157513E-32,-2.73171628764258E-16));
#6018=DIRECTION('',(-2.73171628764258E-16,0.0,-1.0));
#6019=ORIENTED_EDGE('',*,*,#8472,.F.);
#6020=ORIENTED_EDGE('',*,*,#8419,.T.);
#6021=ORIENTED_EDGE('',*,*,#8467,.T.);
#6022=ORIENTED_EDGE('',*,*,#8457,.F.);
#6023=CARTESIAN_POINT('',(7.14927665357021,6.95750755254074,8.2286591728428));
#6024=CARTESIAN_POINT('',(6.77044611759501,6.95750755254074,8.2286591728428));
#6025=CARTESIAN_POINT('',(6.39161558161971,6.95750755254074,8.2286591728428));
#6026=CARTESIAN_POINT('',(5.63395450966921,6.95750755254074,8.2286591728428));
#6027=CARTESIAN_POINT('',(5.25512397369401,6.95750755254074,8.2286591728428));
#6028=CARTESIAN_POINT('',(4.81065630392896,6.95750755254074,8.2286591728428));
#6029=CARTESIAN_POINT('',(4.74566141434526,6.95413546567839,8.24124397234065));
#6030=CARTESIAN_POINT('',(4.62437980538316,6.94103227620072,8.29014574121251));
#6031=CARTESIAN_POINT('',(4.56927979855835,6.93142938527042,8.32598421806393));
#6032=CARTESIAN_POINT('',(4.47645487375756,6.90721784813235,8.41634290479257));
#6033=CARTESIAN_POINT('',(4.43963822624806,6.89284610622782,8.46997897577354));
#6034=CARTESIAN_POINT('',(4.38940173894956,6.86121220848048,8.58803828940805));
#6035=CARTESIAN_POINT('',(4.37647345159486,6.84425958302651,8.65130634892393));
#6036=CARTESIAN_POINT('',(4.37647345159486,6.81001929883994,8.7790928291738));
#6037=CARTESIAN_POINT('',(4.38940173894956,6.79306667338598,8.84236088868969));
#6038=CARTESIAN_POINT('',(4.43963822624807,6.76143277563864,8.9604202023242));
#6039=CARTESIAN_POINT('',(4.47645487375756,6.74706103373411,9.01405627330517));
#6040=CARTESIAN_POINT('',(4.56927979855836,6.72284949659603,9.10441496003382));
#6041=CARTESIAN_POINT('',(4.62437980538316,6.71324660566573,9.14025343688523));
#6042=CARTESIAN_POINT('',(4.74566141434526,6.70014341618806,9.1891552057571));
#6043=CARTESIAN_POINT('',(4.81065630392897,6.69677132932571,9.20174000525493));
#6044=CARTESIAN_POINT('',(5.25418994269881,6.69677132932571,9.20174000525493));
#6045=CARTESIAN_POINT('',(5.63208644767881,6.69677132932571,9.20174000525493));
#6046=CARTESIAN_POINT('',(6.38787945763881,6.69677132932571,9.20174000525493));
#6047=CARTESIAN_POINT('',(6.76577596261881,6.69677132932571,9.20174000525493));
#6048=CARTESIAN_POINT('',(7.52250300357401,6.69677132932571,9.20174000525493));
#6049=CARTESIAN_POINT('',(7.90133353954931,6.69677132932571,9.20174000525493));
#6050=CARTESIAN_POINT('',(8.65899461149981,6.69677132932571,9.20174000525493));
#6051=CARTESIAN_POINT('',(9.03782514747501,6.69677132932571,9.20174000525493));
#6052=CARTESIAN_POINT('',(9.41665568345031,6.69677132932571,9.20174000525493));
#6053=DIRECTION('',(2.03960993326578E-16,0.965925826289069,0.258819045102519));
#6054=ORIENTED_EDGE('',*,*,#8472,.T.);
#6055=ORIENTED_EDGE('',*,*,#8456,.F.);
#6056=ORIENTED_EDGE('',*,*,#8465,.F.);
#6057=ORIENTED_EDGE('',*,*,#8420,.T.);
#6058=CARTESIAN_POINT('',(4.88261693573906,6.94558130244208,8.31180557720634));
#6059=DIRECTION('',(2.03960993326578E-16,0.965925826289069,0.258819045102519));
#6060=DIRECTION('',(0.0,0.258819045102519,-0.965925826289069));
#6061=ORIENTED_EDGE('',*,*,#8473,.F.);
#6062=ORIENTED_EDGE('',*,*,#7849,.F.);
#6063=ORIENTED_EDGE('',*,*,#7855,.T.);
#6064=ORIENTED_EDGE('',*,*,#8474,.T.);
#6065=CARTESIAN_POINT('',(5.78000000000001,6.60537253389255,9.50420792051048));
#6066=DIRECTION('',(1.17756934401283E-16,-0.258819045102519,0.965925826289069));
#6067=DIRECTION('',(-1.0,-4.54977856651311E-16,0.0));
#6068=ORIENTED_EDGE('',*,*,#8012,.T.);
#6069=ORIENTED_EDGE('',*,*,#8403,.F.);
#6070=ORIENTED_EDGE('',*,*,#8404,.F.);
#6071=ORIENTED_EDGE('',*,*,#8389,.T.);
#6072=CARTESIAN_POINT('',(5.77754273504271,6.66999122466924,9.26304768341333));
#6073=DIRECTION('',(-1.0,1.37959840801309E-16,2.73171628764258E-16));
#6074=DIRECTION('',(1.37959840801309E-16,1.0,0.0));
#6075=ORIENTED_EDGE('',*,*,#8475,.T.);
#6076=ORIENTED_EDGE('',*,*,#8476,.T.);
#6077=ORIENTED_EDGE('',*,*,#8477,.T.);
#6078=ORIENTED_EDGE('',*,*,#8478,.T.);
#6079=ORIENTED_EDGE('',*,*,#8479,.T.);
#6080=ORIENTED_EDGE('',*,*,#8480,.T.);
#6081=ORIENTED_EDGE('',*,*,#8481,.T.);
#6082=ORIENTED_EDGE('',*,*,#8482,.T.);
#6083=ORIENTED_EDGE('',*,*,#8483,.T.);
#6084=ORIENTED_EDGE('',*,*,#8484,.T.);
#6085=ORIENTED_EDGE('',*,*,#8485,.T.);
#6086=ORIENTED_EDGE('',*,*,#8486,.T.);
#6087=ORIENTED_EDGE('',*,*,#8487,.T.);
#6088=CARTESIAN_POINT('',(8.26625000000001,6.56448972059713,9.71474020646271));
#6089=DIRECTION('',(-2.03960993326578E-16,-0.965925826289069,-0.258819045102519));
#6090=DIRECTION('',(0.0,0.258819045102519,-0.965925826289069));
#6091=ORIENTED_EDGE('',*,*,#8475,.F.);
#6092=ORIENTED_EDGE('',*,*,#8488,.T.);
#6093=ORIENTED_EDGE('',*,*,#7871,.T.);
#6094=ORIENTED_EDGE('',*,*,#8489,.F.);
#6095=CARTESIAN_POINT('',(3.5499144708583,7.24932879258908,7.12990821999174));
#6096=DIRECTION('',(-1.0,-1.98840694602261E-15,8.20888051271816E-15));
#6097=DIRECTION('',(-1.98840694602261E-15,1.0,0.0));
#6098=ORIENTED_EDGE('',*,*,#8487,.F.);
#6099=ORIENTED_EDGE('',*,*,#8490,.T.);
#6100=ORIENTED_EDGE('',*,*,#7872,.T.);
#6101=ORIENTED_EDGE('',*,*,#8488,.F.);
#6102=CARTESIAN_POINT('',(3.53285600123383,7.24932879258908,7.12990821999174));
#6103=DIRECTION('',(2.22538593516853E-14,0.258819045102519,-0.965925826289069));
#6104=DIRECTION('',(-1.0,0.0,-2.30388905089959E-14));
#6105=ORIENTED_EDGE('',*,*,#8486,.F.);
#6106=ORIENTED_EDGE('',*,*,#8491,.T.);
#6107=ORIENTED_EDGE('',*,*,#7873,.T.);
#6108=ORIENTED_EDGE('',*,*,#8490,.F.);
#6109=CARTESIAN_POINT('',(3.49087280626422,7.24689182439287,7.13900310911644));
#6110=DIRECTION('',(-0.218837498788631,0.25254561249566,-0.942513057062409));
#6111=DIRECTION('',(-0.974088133272913,0.0,0.226168761363925));
#6112=ORIENTED_EDGE('',*,*,#8485,.F.);
#6113=ORIENTED_EDGE('',*,*,#8492,.T.);
#6114=ORIENTED_EDGE('',*,*,#7874,.T.);
#6115=ORIENTED_EDGE('',*,*,#8491,.F.);
#6116=CARTESIAN_POINT('',(3.46548486605986,7.24445657749804,7.1480915742569));
#6117=DIRECTION('',(-0.34751346350616,0.242688146330221,-0.905724492499101));
#6118=DIRECTION('',(-0.933636145314114,0.0,0.35822276332333));
#6119=ORIENTED_EDGE('',*,*,#8484,.F.);
#6120=ORIENTED_EDGE('',*,*,#8493,.T.);
#6121=ORIENTED_EDGE('',*,*,#7875,.T.);
#6122=ORIENTED_EDGE('',*,*,#8492,.F.);
#6123=CARTESIAN_POINT('',(3.43179928854204,7.2396095923217,7.16618076919855));
#6124=DIRECTION('',(-0.485902698809142,0.226211186839114,-0.844231642524036));
#6125=DIRECTION('',(-0.866697942407521,0.0,0.498833315473786));
#6126=ORIENTED_EDGE('',*,*,#8483,.F.);
#6127=ORIENTED_EDGE('',*,*,#8494,.T.);
#6128=ORIENTED_EDGE('',*,*,#7876,.T.);
#6129=ORIENTED_EDGE('',*,*,#8493,.F.);
#6130=CARTESIAN_POINT('',(3.40649417557176,7.23233854913865,7.19331667178172));
#6131=DIRECTION('',(-0.743014295822052,0.17322125767407,-0.646470534590614));
#6132=DIRECTION('',(-0.656393274305341,-9.61571143121398E-18,0.754418895207904));
#6133=ORIENTED_EDGE('',*,*,#8482,.F.);
#6134=ORIENTED_EDGE('',*,*,#8495,.T.);
#6135=ORIENTED_EDGE('',*,*,#7877,.T.);
#6136=ORIENTED_EDGE('',*,*,#8494,.F.);
#6137=CARTESIAN_POINT('',(3.38121609220564,7.22269472238429,7.2293079232084));
#6138=DIRECTION('',(-0.827538600117073,0.145303295198393,-0.542279280187584));
#6139=DIRECTION('',(-0.548096136783122,8.06595319415809E-18,0.836415342305136));
#6140=ORIENTED_EDGE('',*,*,#8481,.F.);
#6141=ORIENTED_EDGE('',*,*,#8496,.T.);
#6142=ORIENTED_EDGE('',*,*,#7878,.T.);
#6143=ORIENTED_EDGE('',*,*,#8495,.F.);
#6144=CARTESIAN_POINT('',(3.37291980124999,7.21534796112602,7.25672640949528));
#6145=DIRECTION('',(-0.959844181267763,0.0726074601325393,-0.270974730223169));
#6146=DIRECTION('',(-0.27169183497349,0.0,0.962384303076862));
#6147=ORIENTED_EDGE('',*,*,#8480,.F.);
#6148=ORIENTED_EDGE('',*,*,#8497,.T.);
#6149=ORIENTED_EDGE('',*,*,#7879,.T.);
#6150=ORIENTED_EDGE('',*,*,#8496,.F.);
#6151=CARTESIAN_POINT('',(3.30522552505403,7.21534796112603,7.25672640949526));
#6152=DIRECTION('',(4.62845866674179E-13,0.258819045102519,-0.965925826289069));
#6153=DIRECTION('',(-1.0,2.61340449546254E-29,-4.79173300969038E-13));
#6154=ORIENTED_EDGE('',*,*,#8479,.F.);
#6155=ORIENTED_EDGE('',*,*,#8498,.T.);
#6156=ORIENTED_EDGE('',*,*,#7880,.T.);
#6157=ORIENTED_EDGE('',*,*,#8497,.F.);
#6158=CARTESIAN_POINT('',(3.30522552505403,7.40946224495292,6.53228203977849));
#6159=DIRECTION('',(1.0,-2.75525591087735E-30,2.83676833927173E-15));
#6160=DIRECTION('',(-2.83676833927173E-15,0.0,1.0));
#6161=ORIENTED_EDGE('',*,*,#8478,.F.);
#6162=ORIENTED_EDGE('',*,*,#8499,.T.);
#6163=ORIENTED_EDGE('',*,*,#7881,.T.);
#6164=ORIENTED_EDGE('',*,*,#8498,.F.);
#6165=CARTESIAN_POINT('',(3.3896357444716,7.40946224495292,6.53228203977848));
#6166=DIRECTION('',(1.07697745680689E-13,-0.258819045102519,0.965925826289069));
#6167=DIRECTION('',(-1.0,-4.16112135944361E-13,0.0));
#6168=ORIENTED_EDGE('',*,*,#8477,.F.);
#6169=ORIENTED_EDGE('',*,*,#8500,.T.);
#6170=ORIENTED_EDGE('',*,*,#7882,.T.);
#6171=ORIENTED_EDGE('',*,*,#8499,.F.);
#6172=CARTESIAN_POINT('',(3.3896357444716,7.26873591455317,7.05747985479308));
#6173=DIRECTION('',(-1.0,-2.1608150638732E-15,8.85231636817389E-15));
#6174=DIRECTION('',(-2.1608150638732E-15,1.0,0.0));
#6175=ORIENTED_EDGE('',*,*,#8476,.F.);
#6176=ORIENTED_EDGE('',*,*,#8489,.T.);
#6177=ORIENTED_EDGE('',*,*,#7883,.T.);
#6178=ORIENTED_EDGE('',*,*,#8500,.F.);
#6179=CARTESIAN_POINT('',(3.5499144708583,7.26873591455317,7.05747985479307));
#6180=DIRECTION('',(3.38124033918852E-14,-0.258819045102519,0.965925826289069));
#6181=DIRECTION('',(-1.0,-1.30641094740505E-13,0.0));
#6182=ORIENTED_EDGE('',*,*,#8501,.T.);
#6183=ORIENTED_EDGE('',*,*,#8502,.T.);
#6184=ORIENTED_EDGE('',*,*,#8503,.T.);
#6185=ORIENTED_EDGE('',*,*,#8504,.T.);
#6186=ORIENTED_EDGE('',*,*,#8505,.T.);
#6187=ORIENTED_EDGE('',*,*,#8506,.T.);
#6188=ORIENTED_EDGE('',*,*,#8507,.T.);
#6189=ORIENTED_EDGE('',*,*,#8508,.T.);
#6190=ORIENTED_EDGE('',*,*,#8509,.T.);
#6191=ORIENTED_EDGE('',*,*,#8510,.T.);
#6192=ORIENTED_EDGE('',*,*,#8511,.T.);
#6193=ORIENTED_EDGE('',*,*,#8512,.T.);
#6194=ORIENTED_EDGE('',*,*,#8513,.T.);
#6195=ORIENTED_EDGE('',*,*,#8514,.T.);
#6196=ORIENTED_EDGE('',*,*,#8515,.T.);
#6197=ORIENTED_EDGE('',*,*,#8516,.T.);
#6198=ORIENTED_EDGE('',*,*,#8517,.T.);
#6199=ORIENTED_EDGE('',*,*,#8518,.T.);
#6200=ORIENTED_EDGE('',*,*,#8519,.T.);
#6201=ORIENTED_EDGE('',*,*,#8520,.T.);
#6202=ORIENTED_EDGE('',*,*,#8521,.T.);
#6203=ORIENTED_EDGE('',*,*,#8522,.T.);
#6204=ORIENTED_EDGE('',*,*,#8523,.T.);
#6205=ORIENTED_EDGE('',*,*,#8524,.T.);
#6206=ORIENTED_EDGE('',*,*,#8525,.T.);
#6207=ORIENTED_EDGE('',*,*,#8526,.T.);
#6208=ORIENTED_EDGE('',*,*,#8527,.T.);
#6209=ORIENTED_EDGE('',*,*,#8528,.T.);
#6210=ORIENTED_EDGE('',*,*,#8529,.T.);
#6211=ORIENTED_EDGE('',*,*,#8530,.T.);
#6212=ORIENTED_EDGE('',*,*,#8531,.T.);
#6213=ORIENTED_EDGE('',*,*,#8532,.T.);
#6214=ORIENTED_EDGE('',*,*,#8533,.T.);
#6215=ORIENTED_EDGE('',*,*,#8534,.T.);
#6216=ORIENTED_EDGE('',*,*,#8535,.T.);
#6217=ORIENTED_EDGE('',*,*,#8536,.T.);
#6218=ORIENTED_EDGE('',*,*,#8537,.T.);
#6219=ORIENTED_EDGE('',*,*,#8538,.T.);
#6220=CARTESIAN_POINT('',(8.87625000000001,6.56448972059713,9.71474020646271));
#6221=DIRECTION('',(-2.03960993326578E-16,-0.965925826289069,-0.258819045102519));
#6222=DIRECTION('',(0.0,0.258819045102519,-0.965925826289069));
#6223=ORIENTED_EDGE('',*,*,#8522,.F.);
#6224=ORIENTED_EDGE('',*,*,#8539,.T.);
#6225=ORIENTED_EDGE('',*,*,#8540,.T.);
#6226=ORIENTED_EDGE('',*,*,#8541,.F.);
#6227=CARTESIAN_POINT('',(5.51671517305601,7.25403059629957,7.11236084965699));
#6228=DIRECTION('',(-0.743290819875648,-0.173141769628002,0.646173881164095));
#6229=DIRECTION('',(-0.226865812199487,0.973926025555877,0.0));
#6230=ORIENTED_EDGE('',*,*,#8523,.F.);
#6231=ORIENTED_EDGE('',*,*,#8541,.T.);
#6232=ORIENTED_EDGE('',*,*,#8542,.T.);
#6233=ORIENTED_EDGE('',*,*,#8543,.F.);
#6234=CARTESIAN_POINT('',(5.49109226021961,7.26139907576187,7.08486130992915));
#6235=DIRECTION('',(-0.878231796221572,-0.123776379310079,0.461939736362135));
#6236=DIRECTION('',(-0.139558913357164,0.990213769699537,6.41070164123146E-18));
#6237=ORIENTED_EDGE('',*,*,#8524,.F.);
#6238=ORIENTED_EDGE('',*,*,#8543,.T.);
#6239=ORIENTED_EDGE('',*,*,#8544,.T.);
#6240=ORIENTED_EDGE('',*,*,#8545,.F.);
#6241=CARTESIAN_POINT('',(5.46510846128701,7.2737490624663,7.03877053207543));
#6242=DIRECTION('',(-0.961650897467474,-0.0709879596238001,0.264930672041673));
#6243=DIRECTION('',(-0.0736185367577674,0.997286473910905,3.67665165037602E-18));
#6244=ORIENTED_EDGE('',*,*,#8525,.F.);
#6245=ORIENTED_EDGE('',*,*,#8545,.T.);
#6246=ORIENTED_EDGE('',*,*,#8546,.T.);
#6247=ORIENTED_EDGE('',*,*,#8547,.F.);
#6248=CARTESIAN_POINT('',(5.44886858695411,7.2884860213909,6.98377145261976));
#6249=DIRECTION('',(-0.989627532507898,-0.0371811795011928,0.138762050983792));
#6250=DIRECTION('',(-0.0375443933084698,0.99929496072536,-9.62855149665099E-19));
#6251=ORIENTED_EDGE('',*,*,#8526,.F.);
#6252=ORIENTED_EDGE('',*,*,#8547,.T.);
#6253=ORIENTED_EDGE('',*,*,#8548,.T.);
#6254=ORIENTED_EDGE('',*,*,#8549,.F.);
#6255=CARTESIAN_POINT('',(5.43984643454691,7.3045721385269,6.9237372461717));
#6256=DIRECTION('',(-0.999696135479015,0.00637996405331693,-0.0238103499974412));
#6257=DIRECTION('',(-0.0238108345997797,0.0,0.999716481886571));
#6258=ORIENTED_EDGE('',*,*,#8527,.F.);
#6259=ORIENTED_EDGE('',*,*,#8549,.T.);
#6260=ORIENTED_EDGE('',*,*,#8550,.T.);
#6261=ORIENTED_EDGE('',*,*,#8551,.F.);
#6262=CARTESIAN_POINT('',(5.44128997893211,7.31972422305502,6.86718889687219));
#6263=DIRECTION('',(-0.994542059365439,0.0270042570772087,-0.100781259432794));
#6264=DIRECTION('',(-0.100818025896303,-3.74759349625174E-19,0.994904882717123));
#6265=ORIENTED_EDGE('',*,*,#8528,.F.);
#6266=ORIENTED_EDGE('',*,*,#8551,.T.);
#6267=ORIENTED_EDGE('',*,*,#8552,.T.);
#6268=ORIENTED_EDGE('',*,*,#8553,.F.);
#6269=CARTESIAN_POINT('',(5.44814681476151,7.33664059139804,6.80405615073645));
#6270=DIRECTION('',(-0.956705701733402,0.075331105046337,-0.281139511423239));
#6271=DIRECTION('',(-0.281940624432454,-4.18171636464498E-18,0.959431854950959));
#6272=ORIENTED_EDGE('',*,*,#8529,.F.);
#6273=ORIENTED_EDGE('',*,*,#8553,.T.);
#6274=ORIENTED_EDGE('',*,*,#8554,.T.);
#6275=ORIENTED_EDGE('',*,*,#8555,.F.);
#6276=CARTESIAN_POINT('',(5.46546934738331,7.35137755032265,6.74905707128077));
#6277=DIRECTION('',(-0.879903411102752,0.122978540533093,-0.458962161510174));
#6278=DIRECTION('',(-0.462472638624731,0.0,0.88663355368691));
#6279=ORIENTED_EDGE('',*,*,#8530,.F.);
#6280=ORIENTED_EDGE('',*,*,#8555,.T.);
#6281=ORIENTED_EDGE('',*,*,#8556,.T.);
#6282=ORIENTED_EDGE('',*,*,#8557,.F.);
#6283=CARTESIAN_POINT('',(5.49037048802711,7.36331241142357,6.70451556327087));
#6284=DIRECTION('',(-0.72934155328948,0.177070988448552,-0.660837925436442));
#6285=DIRECTION('',(-0.671448092993995,0.0,0.741051589577087));
#6286=ORIENTED_EDGE('',*,*,#8531,.F.);
#6287=ORIENTED_EDGE('',*,*,#8557,.T.);
#6288=ORIENTED_EDGE('',*,*,#8558,.T.);
#6289=ORIENTED_EDGE('',*,*,#8559,.F.);
#6290=CARTESIAN_POINT('',(5.51707605915231,7.37068089088587,6.67701602354302));
#6291=DIRECTION('',(-0.601088496144885,0.206843643658524,-0.771950987356287));
#6292=DIRECTION('',(-0.789014199069661,0.0,0.614374961783487));
#6293=ORIENTED_EDGE('',*,*,#8532,.F.);
#6294=ORIENTED_EDGE('',*,*,#8559,.T.);
#6295=ORIENTED_EDGE('',*,*,#8560,.T.);
#6296=ORIENTED_EDGE('',*,*,#8561,.F.);
#6297=CARTESIAN_POINT('',(5.54053365541091,7.37524727252448,6.659974055261));
#6298=DIRECTION('',(-0.414591235434394,0.235527337238008,-0.878999989143661));
#6299=DIRECTION('',(-0.904444058818567,-1.30743936365145E-17,0.426592246141203));
#6300=ORIENTED_EDGE('',*,*,#8533,.F.);
#6301=ORIENTED_EDGE('',*,*,#8561,.T.);
#6302=ORIENTED_EDGE('',*,*,#8562,.T.);
#6303=ORIENTED_EDGE('',*,*,#8563,.F.);
#6304=CARTESIAN_POINT('',(5.58363258739231,7.38032930883754,6.64100763753474));
#6305=DIRECTION('',(-0.159334388096108,0.255512546877822,-0.95358580691936));
#6306=DIRECTION('',(-0.986326174665624,0.0,0.164804967065551));
#6307=ORIENTED_EDGE('',*,*,#8534,.F.);
#6308=ORIENTED_EDGE('',*,*,#8563,.T.);
#6309=ORIENTED_EDGE('',*,*,#8564,.T.);
#6310=ORIENTED_EDGE('',*,*,#8565,.F.);
#6311=CARTESIAN_POINT('',(5.64259425082331,7.38279228083643,6.63181570089727));
#6312=DIRECTION('',(0.000550958851447008,0.258819005819524,-0.965925679682934));
#6313=DIRECTION('',(-0.999999837325005,0.0,-0.000570394569073505));
#6314=ORIENTED_EDGE('',*,*,#8535,.F.);
#6315=ORIENTED_EDGE('',*,*,#8565,.T.);
#6316=ORIENTED_EDGE('',*,*,#8566,.T.);
#6317=ORIENTED_EDGE('',*,*,#8567,.F.);
#6318=CARTESIAN_POINT('',(5.79467232551881,7.38277059470593,6.63189663463811));
#6319=DIRECTION('',(0.999999999892006,-3.80374717226932E-06,1.41957777052676E-05));
#6320=DIRECTION('',(4.23516473581413E-22,-0.965925826285477,-0.258819045115924));
#6321=ORIENTED_EDGE('',*,*,#8536,.F.);
#6322=ORIENTED_EDGE('',*,*,#8567,.T.);
#6323=ORIENTED_EDGE('',*,*,#8568,.T.);
#6324=ORIENTED_EDGE('',*,*,#8569,.F.);
#6325=CARTESIAN_POINT('',(5.79466433437531,7.24203960275159,7.15711184681127));
#6326=DIRECTION('',(0.00119698367038285,-0.258818859688383,0.965925134314093));
#6327=DIRECTION('',(-0.99998930581605,-0.00462474361822181,2.09451625816338E-19));
#6328=ORIENTED_EDGE('',*,*,#8537,.F.);
#6329=ORIENTED_EDGE('',*,*,#8569,.T.);
#6330=ORIENTED_EDGE('',*,*,#8570,.T.);
#6331=ORIENTED_EDGE('',*,*,#8571,.F.);
#6332=CARTESIAN_POINT('',(5.64085999017861,7.24199195379778,7.15728967512783));
#6333=DIRECTION('',(-0.164397387746821,-0.255297602460186,0.952783623431943));
#6334=DIRECTION('',(-0.840762525816193,0.54140407754576,2.64450579054982E-17));
#6335=ORIENTED_EDGE('',*,*,#8538,.F.);
#6336=ORIENTED_EDGE('',*,*,#8571,.T.);
#6337=ORIENTED_EDGE('',*,*,#8572,.T.);
#6338=ORIENTED_EDGE('',*,*,#8573,.F.);
#6339=CARTESIAN_POINT('',(5.58311821477271,7.24448270741884,7.14799405606491));
#6340=DIRECTION('',(-0.398722758050209,-0.237355573603833,0.885823060149164));
#6341=DIRECTION('',(-0.511516637204206,0.85927337318417,0.0));
#6342=ORIENTED_EDGE('',*,*,#8521,.F.);
#6343=ORIENTED_EDGE('',*,*,#8573,.T.);
#6344=ORIENTED_EDGE('',*,*,#8574,.T.);
#6345=ORIENTED_EDGE('',*,*,#8539,.F.);
#6346=CARTESIAN_POINT('',(5.54161631369981,7.24915287045833,7.1305647703219));
#6347=DIRECTION('',(-0.60348296465553,-0.206376066667588,0.770205966269665));
#6348=DIRECTION('',(-0.323577307230491,0.946201736547479,2.13775099364062E-17));
#6349=ORIENTED_EDGE('',*,*,#8562,.F.);
#6350=ORIENTED_EDGE('',*,*,#8560,.F.);
#6351=ORIENTED_EDGE('',*,*,#8558,.F.);
#6352=ORIENTED_EDGE('',*,*,#8556,.F.);
#6353=ORIENTED_EDGE('',*,*,#8554,.F.);
#6354=ORIENTED_EDGE('',*,*,#8552,.F.);
#6355=ORIENTED_EDGE('',*,*,#8550,.F.);
#6356=ORIENTED_EDGE('',*,*,#8548,.F.);
#6357=ORIENTED_EDGE('',*,*,#8546,.F.);
#6358=ORIENTED_EDGE('',*,*,#8544,.F.);
#6359=ORIENTED_EDGE('',*,*,#8542,.F.);
#6360=ORIENTED_EDGE('',*,*,#8540,.F.);
#6361=ORIENTED_EDGE('',*,*,#8574,.F.);
#6362=ORIENTED_EDGE('',*,*,#8572,.F.);
#6363=ORIENTED_EDGE('',*,*,#8570,.F.);
#6364=ORIENTED_EDGE('',*,*,#8568,.F.);
#6365=ORIENTED_EDGE('',*,*,#8566,.F.);
#6366=ORIENTED_EDGE('',*,*,#8564,.F.);
#6367=CARTESIAN_POINT('',(6.14271251150411,6.98702099110903,8.19578758670301));
#6368=DIRECTION('',(2.03960993326578E-16,0.965925826289069,0.258819045102519));
#6369=DIRECTION('',(1.0,0.0,-7.88044764038861E-16));
#6370=ORIENTED_EDGE('',*,*,#8520,.F.);
#6371=ORIENTED_EDGE('',*,*,#8575,.T.);
#6372=ORIENTED_EDGE('',*,*,#7884,.T.);
#6373=ORIENTED_EDGE('',*,*,#8576,.F.);
#6374=CARTESIAN_POINT('',(5.88750033095331,7.21534796112603,7.25672640949528));
#6375=DIRECTION('',(-1.0,-2.06024366179369E-15,8.47697878582471E-15));
#6376=DIRECTION('',(-2.06024366179369E-15,1.0,0.0));
#6377=ORIENTED_EDGE('',*,*,#8519,.F.);
#6378=ORIENTED_EDGE('',*,*,#8577,.T.);
#6379=ORIENTED_EDGE('',*,*,#7885,.T.);
#6380=ORIENTED_EDGE('',*,*,#8575,.F.);
#6381=CARTESIAN_POINT('',(5.64222598254721,7.21534796112603,7.25672640949528));
#6382=DIRECTION('',(3.0580532036374E-14,0.258819045102519,-0.965925826289069));
#6383=DIRECTION('',(-1.0,0.0,-3.16592964015254E-14));
#6384=ORIENTED_EDGE('',*,*,#8518,.F.);
#6385=ORIENTED_EDGE('',*,*,#8578,.T.);
#6386=ORIENTED_EDGE('',*,*,#7886,.T.);
#6387=ORIENTED_EDGE('',*,*,#8577,.F.);
#6388=CARTESIAN_POINT('',(5.58374300797081,7.2176449126757,7.24815406960938));
#6389=DIRECTION('',(0.150031494092292,0.255889528747596,-0.954992722410892));
#6390=DIRECTION('',(-0.987883278316168,0.0,-0.155198674038477));
#6391=ORIENTED_EDGE('',*,*,#8517,.F.);
#6392=ORIENTED_EDGE('',*,*,#8579,.T.);
#6393=ORIENTED_EDGE('',*,*,#7887,.T.);
#6394=ORIENTED_EDGE('',*,*,#8578,.F.);
#6395=CARTESIAN_POINT('',(5.53184966433251,7.22256008313882,7.22981040371316));
#6396=DIRECTION('',(0.34366756764194,0.243054731887551,-0.907092608424379));
#6397=DIRECTION('',(-1.90773823206503E-17,-0.965925826289069,-0.258819045102519));
#6398=ORIENTED_EDGE('',*,*,#8516,.F.);
#6399=ORIENTED_EDGE('',*,*,#8580,.T.);
#6400=ORIENTED_EDGE('',*,*,#7888,.T.);
#6401=ORIENTED_EDGE('',*,*,#8579,.F.);
#6402=CARTESIAN_POINT('',(5.49066447096881,7.22753447252318,7.2112457297941));
#6403=DIRECTION('',(0.422881992722097,0.234537874408911,-0.87530726359327));
#6404=DIRECTION('',(-1.1737333125486E-17,-0.965925826289069,-0.258819045102519));
#6405=ORIENTED_EDGE('',*,*,#8515,.F.);
#6406=ORIENTED_EDGE('',*,*,#8581,.T.);
#6407=ORIENTED_EDGE('',*,*,#7889,.T.);
#6408=ORIENTED_EDGE('',*,*,#8580,.F.);
#6409=CARTESIAN_POINT('',(5.44783186987061,7.23736481344941,7.17455839800167));
#6410=DIRECTION('',(0.663466570298329,0.193649943721614,-0.722711428851923));
#6411=DIRECTION('',(-1.84148965603572E-17,-0.965925826289069,-0.258819045102519));
#6412=ORIENTED_EDGE('',*,*,#8514,.F.);
#6413=ORIENTED_EDGE('',*,*,#8582,.T.);
#6414=ORIENTED_EDGE('',*,*,#7890,.T.);
#6415=ORIENTED_EDGE('',*,*,#8581,.F.);
#6416=CARTESIAN_POINT('',(5.41393305241361,7.24970088688003,7.12851954519269));
#6417=DIRECTION('',(0.814913494660481,0.150007016429156,-0.559833806805435));
#6418=DIRECTION('',(0.0,-0.965925826289069,-0.258819045102518));
#6419=ORIENTED_EDGE('',*,*,#8513,.F.);
#6420=ORIENTED_EDGE('',*,*,#8583,.T.);
#6421=ORIENTED_EDGE('',*,*,#7891,.T.);
#6422=ORIENTED_EDGE('',*,*,#8582,.F.);
#6423=CARTESIAN_POINT('',(5.37967527956611,7.26658941143258,7.06549071349771));
#6424=DIRECTION('',(0.885395989731319,0.120308809003002,-0.448998587797309));
#6425=DIRECTION('',(0.0,-0.965925826289069,-0.258819045102518));
#6426=ORIENTED_EDGE('',*,*,#8512,.F.);
#6427=ORIENTED_EDGE('',*,*,#8584,.T.);
#6428=ORIENTED_EDGE('',*,*,#7892,.T.);
#6429=ORIENTED_EDGE('',*,*,#8583,.F.);
#6430=CARTESIAN_POINT('',(5.35642893370531,7.28857967777705,6.98342192222818));
#6431=DIRECTION('',(0.964549146442308,0.0683031963523902,-0.254910999106476));
#6432=DIRECTION('',(0.0,-0.965925826289069,-0.258819045102518));
#6433=ORIENTED_EDGE('',*,*,#8511,.F.);
#6434=ORIENTED_EDGE('',*,*,#8585,.T.);
#6435=ORIENTED_EDGE('',*,*,#7893,.T.);
#6436=ORIENTED_EDGE('',*,*,#8584,.F.);
#6437=CARTESIAN_POINT('',(5.34725274454971,7.30458859167582,6.92367584218397));
#6438=DIRECTION('',(0.98917404839426,0.0379809360260924,-0.141746782968402));
#6439=DIRECTION('',(-6.86377377430617E-18,-0.965925826289069,-0.258819045102517));
#6440=ORIENTED_EDGE('',*,*,#8510,.F.);
#6441=ORIENTED_EDGE('',*,*,#8586,.T.);
#6442=ORIENTED_EDGE('',*,*,#7894,.T.);
#6443=ORIENTED_EDGE('',*,*,#8585,.F.);
#6444=CARTESIAN_POINT('',(5.34725274454971,7.32006973918233,6.86589941313021));
#6445=DIRECTION('',(1.0,-1.35296098776289E-27,7.06656314352295E-14));
#6446=DIRECTION('',(-7.06656314352295E-14,0.0,1.0));
#6447=ORIENTED_EDGE('',*,*,#8509,.F.);
#6448=ORIENTED_EDGE('',*,*,#8587,.T.);
#6449=ORIENTED_EDGE('',*,*,#7895,.T.);
#6450=ORIENTED_EDGE('',*,*,#8586,.F.);
#6451=CARTESIAN_POINT('',(5.35520544181781,7.33625457521186,6.80549678275584));
#6452=DIRECTION('',(0.992010026151431,-0.0326523670247497,0.121860292723753));
#6453=DIRECTION('',(0.0,-0.965925826289069,-0.25881904510252));
#6454=ORIENTED_EDGE('',*,*,#8508,.F.);
#6455=ORIENTED_EDGE('',*,*,#8588,.T.);
#6456=ORIENTED_EDGE('',*,*,#7896,.T.);
#6457=ORIENTED_EDGE('',*,*,#8587,.F.);
#6458=CARTESIAN_POINT('',(5.38089877145351,7.35806891942557,6.72408454181647));
#6459=DIRECTION('',(0.956542178630394,-0.0754700804889594,0.28165817483611));
#6460=DIRECTION('',(0.0,-0.965925826289069,-0.25881904510252));
#6461=ORIENTED_EDGE('',*,*,#8507,.F.);
#6462=ORIENTED_EDGE('',*,*,#8589,.T.);
#6463=ORIENTED_EDGE('',*,*,#7897,.T.);
#6464=ORIENTED_EDGE('',*,*,#8588,.F.);
#6465=CARTESIAN_POINT('',(5.41760352807581,7.37407783332435,6.66433846177224));
#6466=DIRECTION('',(0.859982120631093,-0.132081612776759,0.492935289628506));
#6467=DIRECTION('',(0.0,-0.965925826289069,-0.258819045102519));
#6468=ORIENTED_EDGE('',*,*,#8506,.F.);
#6469=ORIENTED_EDGE('',*,*,#8590,.T.);
#6470=ORIENTED_EDGE('',*,*,#7898,.T.);
#6471=ORIENTED_EDGE('',*,*,#8589,.F.);
#6472=CARTESIAN_POINT('',(5.44945499388271,7.38540764720283,6.62205502073746));
#6473=DIRECTION('',(0.808603618627512,-0.152277167371701,0.56830612546386));
#6474=DIRECTION('',(0.0,-0.965925826289069,-0.25881904510252));
#6475=ORIENTED_EDGE('',*,*,#8505,.F.);
#6476=ORIENTED_EDGE('',*,*,#8591,.T.);
#6477=ORIENTED_EDGE('',*,*,#7899,.T.);
#6478=ORIENTED_EDGE('',*,*,#8590,.F.);
#6479=CARTESIAN_POINT('',(5.49856639427111,7.39723578871739,6.577911795646));
#6480=DIRECTION('',(0.681227044990252,-0.189474229015963,0.70712744941252));
#6481=DIRECTION('',(-0.267964857044809,-0.96342868723583,1.9626729392056E-17));
#6482=ORIENTED_EDGE('',*,*,#8504,.F.);
#6483=ORIENTED_EDGE('',*,*,#8592,.T.);
#6484=ORIENTED_EDGE('',*,*,#7900,.T.);
#6485=ORIENTED_EDGE('',*,*,#8591,.F.);
#6486=CARTESIAN_POINT('',(5.53325132079541,7.40217889263392,6.55946388068242));
#6487=DIRECTION('',(0.482344832232945,-0.226720676813689,0.846133084995094));
#6488=DIRECTION('',(-0.425389732691416,-0.905010262549948,2.34849108214667E-17));
#6489=ORIENTED_EDGE('',*,*,#8503,.F.);
#6490=ORIENTED_EDGE('',*,*,#8593,.T.);
#6491=ORIENTED_EDGE('',*,*,#7901,.T.);
#6492=ORIENTED_EDGE('',*,*,#8592,.F.);
#6493=CARTESIAN_POINT('',(5.58573912996051,7.40712199655046,6.54101596571879));
#6494=DIRECTION('',(0.341936142976597,-0.243218258738152,0.907702898939223));
#6495=DIRECTION('',(-0.579624554101222,-0.814883658127318,0.0));
#6496=ORIENTED_EDGE('',*,*,#8502,.F.);
#6497=ORIENTED_EDGE('',*,*,#8594,.T.);
#6498=ORIENTED_EDGE('',*,*,#7902,.T.);
#6499=ORIENTED_EDGE('',*,*,#8593,.F.);
#6500=CARTESIAN_POINT('',(5.64313807916441,7.40946224495292,6.53228203977848));
#6501=DIRECTION('',(0.155610513475692,-0.25566623817361,0.954159390643925));
#6502=DIRECTION('',(-0.854216976714878,-0.519916682452192,0.0));
#6503=ORIENTED_EDGE('',*,*,#8501,.F.);
#6504=ORIENTED_EDGE('',*,*,#8576,.T.);
#6505=ORIENTED_EDGE('',*,*,#7903,.T.);
#6506=ORIENTED_EDGE('',*,*,#8594,.F.);
#6507=CARTESIAN_POINT('',(5.88750033095331,7.40946224495292,6.53228203977848));
#6508=DIRECTION('',(-3.76864599167641E-15,-0.258819045102519,0.965925826289069));
#6509=DIRECTION('',(-1.0,1.45609299740042E-14,0.0));
#6510=ORIENTED_EDGE('',*,*,#8595,.T.);
#6511=ORIENTED_EDGE('',*,*,#8596,.T.);
#6512=ORIENTED_EDGE('',*,*,#8597,.T.);
#6513=ORIENTED_EDGE('',*,*,#8598,.T.);
#6514=ORIENTED_EDGE('',*,*,#8599,.T.);
#6515=ORIENTED_EDGE('',*,*,#8600,.T.);
#6516=ORIENTED_EDGE('',*,*,#8601,.T.);
#6517=ORIENTED_EDGE('',*,*,#8602,.T.);
#6518=ORIENTED_EDGE('',*,*,#8603,.T.);
#6519=ORIENTED_EDGE('',*,*,#8604,.T.);
#6520=ORIENTED_EDGE('',*,*,#8605,.T.);
#6521=ORIENTED_EDGE('',*,*,#8606,.T.);
#6522=ORIENTED_EDGE('',*,*,#8607,.T.);
#6523=CARTESIAN_POINT('',(8.87625000000001,6.56448972059713,9.71474020646271));
#6524=DIRECTION('',(-2.03960993326578E-16,-0.965925826289069,-0.258819045102519));
#6525=DIRECTION('',(0.0,0.258819045102519,-0.965925826289069));
#6526=ORIENTED_EDGE('',*,*,#8602,.F.);
#6527=ORIENTED_EDGE('',*,*,#8608,.T.);
#6528=ORIENTED_EDGE('',*,*,#7858,.T.);
#6529=ORIENTED_EDGE('',*,*,#8609,.F.);
#6530=CARTESIAN_POINT('',(7.53260273019401,7.40946224495292,6.53228203977847));
#6531=DIRECTION('',(3.85863623977733E-14,-0.258819045102519,0.965925826289069));
#6532=DIRECTION('',(-1.0,-1.49086255930235E-13,-6.09584897362199E-30));
#6533=ORIENTED_EDGE('',*,*,#8601,.F.);
#6534=ORIENTED_EDGE('',*,*,#8610,.T.);
#6535=ORIENTED_EDGE('',*,*,#7859,.T.);
#6536=ORIENTED_EDGE('',*,*,#8608,.F.);
#6537=CARTESIAN_POINT('',(7.53260273019401,7.21534796112603,7.25672640949528));
#6538=DIRECTION('',(-1.0,1.7758369603819E-15,-5.8394689980651E-15));
#6539=DIRECTION('',(-5.8394689980651E-15,0.0,1.0));
#6540=ORIENTED_EDGE('',*,*,#8600,.F.);
#6541=ORIENTED_EDGE('',*,*,#8611,.T.);
#6542=ORIENTED_EDGE('',*,*,#7860,.T.);
#6543=ORIENTED_EDGE('',*,*,#8610,.F.);
#6544=CARTESIAN_POINT('',(7.41499727510311,7.21534796112603,7.25672640949529));
#6545=DIRECTION('',(-7.06162966582091E-14,0.258819045102519,-0.965925826289069));
#6546=DIRECTION('',(-1.0,-3.26675561932818E-30,7.3107369879016E-14));
#6547=ORIENTED_EDGE('',*,*,#8599,.F.);
#6548=ORIENTED_EDGE('',*,*,#8612,.T.);
#6549=ORIENTED_EDGE('',*,*,#7861,.T.);
#6550=ORIENTED_EDGE('',*,*,#8611,.F.);
#6551=CARTESIAN_POINT('',(7.20374527495281,7.37064450411421,6.67715182082356));
#6552=DIRECTION('',(0.943246451505202,0.0859521377446308,-0.320777745082124));
#6553=DIRECTION('',(0.0,-0.965925826289069,-0.258819045102518));
#6554=ORIENTED_EDGE('',*,*,#8598,.F.);
#6555=ORIENTED_EDGE('',*,*,#8613,.T.);
#6556=ORIENTED_EDGE('',*,*,#7862,.T.);
#6557=ORIENTED_EDGE('',*,*,#8612,.F.);
#6558=CARTESIAN_POINT('',(6.99249327480241,7.21534796112603,7.25672640949528));
#6559=DIRECTION('',(-0.943246451505203,0.0859521377446307,-0.320777745082122));
#6560=DIRECTION('',(-0.321969267278806,-4.7713021169921E-18,0.946750120637937));
#6561=ORIENTED_EDGE('',*,*,#8597,.F.);
#6562=ORIENTED_EDGE('',*,*,#8614,.T.);
#6563=ORIENTED_EDGE('',*,*,#7863,.T.);
#6564=ORIENTED_EDGE('',*,*,#8613,.F.);
#6565=CARTESIAN_POINT('',(6.87488781971161,7.21534796112603,7.25672640949529));
#6566=DIRECTION('',(-6.21230905198267E-14,0.258819045102519,-0.965925826289069));
#6567=DIRECTION('',(-1.0,0.0,6.4314555868636E-14));
#6568=ORIENTED_EDGE('',*,*,#8596,.F.);
#6569=ORIENTED_EDGE('',*,*,#8615,.T.);
#6570=ORIENTED_EDGE('',*,*,#7864,.T.);
#6571=ORIENTED_EDGE('',*,*,#8614,.F.);
#6572=CARTESIAN_POINT('',(6.87488781971161,7.40946224495292,6.53228203977847));
#6573=DIRECTION('',(1.0,-3.11322080385462E-28,-3.448251127716E-14));
#6574=DIRECTION('',(-3.448251127716E-14,0.0,-1.0));
#6575=ORIENTED_EDGE('',*,*,#8595,.F.);
#6576=ORIENTED_EDGE('',*,*,#8616,.T.);
#6577=ORIENTED_EDGE('',*,*,#7865,.T.);
#6578=ORIENTED_EDGE('',*,*,#8615,.F.);
#6579=CARTESIAN_POINT('',(6.95937477569231,7.40946224495292,6.53228203977847));
#6580=DIRECTION('',(-3.94623162333752E-14,-0.258819045102519,0.965925826289069));
#6581=DIRECTION('',(-1.0,1.52470681660015E-13,6.09584897362199E-30));
#6582=ORIENTED_EDGE('',*,*,#8607,.F.);
#6583=ORIENTED_EDGE('',*,*,#8617,.T.);
#6584=ORIENTED_EDGE('',*,*,#7866,.T.);
#6585=ORIENTED_EDGE('',*,*,#8616,.F.);
#6586=CARTESIAN_POINT('',(6.95937477569231,7.25889186899189,7.09421833297981));
#6587=DIRECTION('',(-1.0,-3.99983498761281E-15,1.57156321597016E-14));
#6588=DIRECTION('',(-3.99983498761281E-15,1.0,0.0));
#6589=ORIENTED_EDGE('',*,*,#8606,.F.);
#6590=ORIENTED_EDGE('',*,*,#8618,.T.);
#6591=ORIENTED_EDGE('',*,*,#7867,.T.);
#6592=ORIENTED_EDGE('',*,*,#8617,.F.);
#6593=CARTESIAN_POINT('',(7.16043234182351,7.40946224495292,6.53228203977848));
#6594=DIRECTION('',(0.945146983595472,-0.0845420354838501,0.315515171801021));
#6595=DIRECTION('',(0.0,-0.965925826289069,-0.25881904510252));
#6596=ORIENTED_EDGE('',*,*,#8605,.F.);
#6597=ORIENTED_EDGE('',*,*,#8619,.T.);
#6598=ORIENTED_EDGE('',*,*,#7868,.T.);
#6599=ORIENTED_EDGE('',*,*,#8618,.F.);
#6600=CARTESIAN_POINT('',(7.24705820808211,7.40946224495292,6.53228203977848));
#6601=DIRECTION('',(-3.97953831407628E-14,-0.258819045102519,0.965925826289069));
#6602=DIRECTION('',(-1.0,1.53757553370927E-13,0.0));
#6603=ORIENTED_EDGE('',*,*,#8604,.F.);
#6604=ORIENTED_EDGE('',*,*,#8620,.T.);
#6605=ORIENTED_EDGE('',*,*,#7869,.T.);
#6606=ORIENTED_EDGE('',*,*,#8619,.F.);
#6607=CARTESIAN_POINT('',(7.44811577421341,7.25889186899189,7.0942183329798));
#6608=DIRECTION('',(-0.945146983595464,-0.0845420354838557,0.315515171801043));
#6609=DIRECTION('',(-0.0890928508955478,0.996023324987575,4.378652604401E-18));
#6610=ORIENTED_EDGE('',*,*,#8603,.F.);
#6611=ORIENTED_EDGE('',*,*,#8609,.T.);
#6612=ORIENTED_EDGE('',*,*,#7870,.T.);
#6613=ORIENTED_EDGE('',*,*,#8620,.F.);
#6614=CARTESIAN_POINT('',(7.44811577421341,7.40946224495292,6.53228203977848));
#6615=DIRECTION('',(1.0,-5.73372563154606E-31,1.12093939138981E-15));
#6616=DIRECTION('',(-1.12093939138981E-15,0.0,1.0));
#6617=ORIENTED_EDGE('',*,*,#8621,.F.);
#6618=ORIENTED_EDGE('',*,*,#8252,.F.);
#6619=ORIENTED_EDGE('',*,*,#7851,.T.);
#6620=ORIENTED_EDGE('',*,*,#7779,.T.);
#6621=CARTESIAN_POINT('',(0.92,7.18461979109281,7.34242772649417));
#6622=DIRECTION('',(-2.03960993326578E-16,-0.965925826289069,-0.258819045102519));
#6623=DIRECTION('',(1.0,-2.11155958123786E-16,5.55420363399017E-33));
#6624=ORIENTED_EDGE('',*,*,#8622,.F.);
#6625=ORIENTED_EDGE('',*,*,#8474,.F.);
#6626=ORIENTED_EDGE('',*,*,#7854,.T.);
#6627=ORIENTED_EDGE('',*,*,#8469,.T.);
#6628=CARTESIAN_POINT('',(4.21000000000001,4.23936561071103,8.35260018595251));
#6629=DIRECTION('',(-2.08166817117217E-16,-0.965925826289069,-0.258819045102519));
#6630=DIRECTION('',(1.15555796663234E-32,-0.258819045102519,0.965925826289069));
#6631=ORIENTED_EDGE('',*,*,#7842,.T.);
#6632=ORIENTED_EDGE('',*,*,#8623,.T.);
#6633=ORIENTED_EDGE('',*,*,#7808,.F.);
#6634=ORIENTED_EDGE('',*,*,#7850,.F.);
#6635=CARTESIAN_POINT('',(9.57000000000001,7.45120340754837,6.34752412541655));
#6636=DIRECTION('',(1.0,-1.07161256996957E-47,5.07498144732132E-32));
#6637=DIRECTION('',(-5.07498144732132E-32,0.0,1.0));
#6638=ORIENTED_EDGE('',*,*,#8624,.F.);
#6639=ORIENTED_EDGE('',*,*,#7844,.F.);
#6640=ORIENTED_EDGE('',*,*,#7857,.F.);
#6641=ORIENTED_EDGE('',*,*,#8625,.F.);
#6642=CARTESIAN_POINT('',(7.76000000000001,7.05521026854152,7.82539063963882));
#6643=DIRECTION('',(-1.795699745553E-14,-0.258819045102519,0.965925826289069));
#6644=DIRECTION('',(-1.0,6.93805104196145E-14,0.0));
#6645=ORIENTED_EDGE('',*,*,#8626,.F.);
#6646=ORIENTED_EDGE('',*,*,#8625,.T.);
#6647=ORIENTED_EDGE('',*,*,#7856,.F.);
#6648=ORIENTED_EDGE('',*,*,#7847,.T.);
#6649=CARTESIAN_POINT('',(6.28000000000001,7.05521026854153,7.8253906396388));
#6650=DIRECTION('',(1.0,3.29624865392387E-32,-2.14478618485241E-16));
#6651=DIRECTION('',(-2.14478618485241E-16,0.0,-1.0));
#6652=ORIENTED_EDGE('',*,*,#8429,.F.);
#6653=ORIENTED_EDGE('',*,*,#8406,.T.);
#6654=ORIENTED_EDGE('',*,*,#8428,.T.);
#6655=ORIENTED_EDGE('',*,*,#8430,.F.);
#6656=CARTESIAN_POINT('',(4.90398524269536,6.82713944093323,8.71519958904887));
#6657=CARTESIAN_POINT('',(4.90398524269536,6.82275323837992,8.73156911983015));
#6658=CARTESIAN_POINT('',(4.90751978646877,6.8184159669159,8.74775603730007));
#6659=CARTESIAN_POINT('',(4.92119941241667,6.81040197607813,8.77766465827802));
#6660=CARTESIAN_POINT('',(4.93119188900796,6.80681465825311,8.79105271066387));
#6661=CARTESIAN_POINT('',(4.95618580930196,6.80094477350488,8.81295941877885));
#6662=CARTESIAN_POINT('',(4.97090842872986,6.79872768916058,8.82123369019647));
#6663=CARTESIAN_POINT('',(5.00289496748836,6.79601686690108,8.83135061659919));
#6664=CARTESIAN_POINT('',(5.01980205510286,6.7955533700622,8.83308041035106));
#6665=CARTESIAN_POINT('',(5.05325044918597,6.79647033608715,8.8296582465571));
#6666=CARTESIAN_POINT('',(5.06941861594257,6.79784056956786,8.82454446558889));
#6667=CARTESIAN_POINT('',(5.09854533414426,6.80222677212118,8.80817493480759));
#6668=CARTESIAN_POINT('',(5.11117895712747,6.80519381010448,8.79710179830592));
#6669=CARTESIAN_POINT('',(5.13094772526261,6.8122908349173,8.7706153411219));
#6670=CARTESIAN_POINT('',(5.13786233628591,6.8163416495812,8.75549749498418));
#6671=CARTESIAN_POINT('',(5.14310680013431,6.822777179837,8.73147976909591));
#6672=CARTESIAN_POINT('',(5.14398087744241,6.82495831038512,8.72333967907239));
#6673=CARTESIAN_POINT('',(5.14398087744241,6.82713944093323,8.71519958904887));
#6674=DIRECTION('',(2.03960993326578E-16,0.965925826289069,0.258819045102519));
#6675=ORIENTED_EDGE('',*,*,#8627,.T.);
#6676=ORIENTED_EDGE('',*,*,#8628,.T.);
#6677=ORIENTED_EDGE('',*,*,#7805,.T.);
#6678=ORIENTED_EDGE('',*,*,#7837,.T.);
#6679=ORIENTED_EDGE('',*,*,#7820,.F.);
#6680=ORIENTED_EDGE('',*,*,#8629,.T.);
#6681=ORIENTED_EDGE('',*,*,#8630,.F.);
#6682=ORIENTED_EDGE('',*,*,#8631,.F.);
#6683=ORIENTED_EDGE('',*,*,#8632,.F.);
#6684=ORIENTED_EDGE('',*,*,#8633,.F.);
#6685=ORIENTED_EDGE('',*,*,#8634,.F.);
#6686=ORIENTED_EDGE('',*,*,#8635,.T.);
#6687=ORIENTED_EDGE('',*,*,#8636,.F.);
#6688=ORIENTED_EDGE('',*,*,#8637,.T.);
#6689=CARTESIAN_POINT('',(10.155,4.23936561071103,3.92552333105629));
#6690=DIRECTION('',(1.0,0.0,0.0));
#6691=DIRECTION('',(0.0,1.0,0.0));
#6692=ORIENTED_EDGE('',*,*,#8638,.T.);
#6693=ORIENTED_EDGE('',*,*,#7826,.F.);
#6694=ORIENTED_EDGE('',*,*,#8639,.F.);
#6695=ORIENTED_EDGE('',*,*,#7794,.F.);
#6696=ORIENTED_EDGE('',*,*,#8640,.F.);
#6697=ORIENTED_EDGE('',*,*,#8641,.T.);
#6698=ORIENTED_EDGE('',*,*,#8642,.F.);
#6699=ORIENTED_EDGE('',*,*,#8643,.F.);
#6700=CARTESIAN_POINT('',(1.77349792882523,7.5,1.60774460277625));
#6701=DIRECTION('',(-0.0,1.0,0.0));
#6702=DIRECTION('',(1.0,0.0,0.0));
#6703=ORIENTED_EDGE('',*,*,#8640,.T.);
#6704=ORIENTED_EDGE('',*,*,#7793,.F.);
#6705=ORIENTED_EDGE('',*,*,#8644,.T.);
#6706=ORIENTED_EDGE('',*,*,#8645,.T.);
#6707=CARTESIAN_POINT('',(7.62000000000001,7.59500000000001,1.97));
#6708=DIRECTION('',(0.0,0.0,-1.0));
#6709=DIRECTION('',(0.0,-1.0,0.0));
#6710=ORIENTED_EDGE('',*,*,#8646,.F.);
#6711=ORIENTED_EDGE('',*,*,#7830,.T.);
#6712=ORIENTED_EDGE('',*,*,#8647,.F.);
#6713=ORIENTED_EDGE('',*,*,#8648,.F.);
#6714=CARTESIAN_POINT('',(7.62000000000001,1.32500000000001,1.77000000000001));
#6715=DIRECTION('',(0.0,0.573576436351048,-0.81915204428899));
#6716=DIRECTION('',(-1.0,0.0,0.0));
#6717=ORIENTED_EDGE('',*,*,#8649,.T.);
#6718=ORIENTED_EDGE('',*,*,#8637,.F.);
#6719=ORIENTED_EDGE('',*,*,#8650,.F.);
#6720=ORIENTED_EDGE('',*,*,#8651,.T.);
#6721=CARTESIAN_POINT('',(7.62,0.300000000000001,5.40000000000001));
#6722=DIRECTION('',(1.0,-0.0,0.0));
#6723=DIRECTION('',(0.0,1.0,0.0));
#6724=ORIENTED_EDGE('',*,*,#8652,.F.);
#6725=ORIENTED_EDGE('',*,*,#8627,.F.);
#6726=ORIENTED_EDGE('',*,*,#8649,.F.);
#6727=ORIENTED_EDGE('',*,*,#8653,.T.);
#6728=ORIENTED_EDGE('',*,*,#8646,.T.);
#6729=ORIENTED_EDGE('',*,*,#8654,.F.);
#6730=ORIENTED_EDGE('',*,*,#8655,.T.);
#6731=ORIENTED_EDGE('',*,*,#7831,.T.);
#6732=ORIENTED_EDGE('',*,*,#8656,.F.);
#6733=ORIENTED_EDGE('',*,*,#8657,.T.);
#6734=ORIENTED_EDGE('',*,*,#8658,.T.);
#6735=ORIENTED_EDGE('',*,*,#8659,.T.);
#6736=CARTESIAN_POINT('',(7.62,8.8817841970012E-16,0.0));
#6737=DIRECTION('',(0.0,-1.0,0.0));
#6738=DIRECTION('',(0.0,0.0,-1.0));
#6739=ORIENTED_EDGE('',*,*,#8650,.T.);
#6740=ORIENTED_EDGE('',*,*,#8636,.T.);
#6741=ORIENTED_EDGE('',*,*,#8660,.F.);
#6742=ORIENTED_EDGE('',*,*,#8661,.F.);
#6743=CARTESIAN_POINT('',(7.62,0.87208379237485,5.70000000000001));
#6744=DIRECTION('',(0.0,-0.0,1.0));
#6745=DIRECTION('',(1.0,0.0,-0.0));
#6746=ORIENTED_EDGE('',*,*,#8660,.T.);
#6747=ORIENTED_EDGE('',*,*,#8635,.F.);
#6748=ORIENTED_EDGE('',*,*,#8662,.T.);
#6749=ORIENTED_EDGE('',*,*,#8663,.T.);
#6750=CARTESIAN_POINT('',(7.62,0.927647714727372,5.70000000000001));
#6751=DIRECTION('',(0.0,-0.984807753012208,0.173648177666932));
#6752=DIRECTION('',(-1.0,0.0,0.0));
#6753=ORIENTED_EDGE('',*,*,#8662,.F.);
#6754=ORIENTED_EDGE('',*,*,#8634,.T.);
#6755=ORIENTED_EDGE('',*,*,#8664,.T.);
#6756=ORIENTED_EDGE('',*,*,#8665,.F.);
#6757=CARTESIAN_POINT('',(7.7,2.10011373794116,9.46999999999999));
#6758=DIRECTION('',(-1.0,-0.0,0.0));
#6759=DIRECTION('',(0.0,-1.0,0.0));
#6760=ORIENTED_EDGE('',*,*,#8664,.F.);
#6761=ORIENTED_EDGE('',*,*,#8633,.T.);
#6762=ORIENTED_EDGE('',*,*,#8666,.T.);
#6763=ORIENTED_EDGE('',*,*,#8667,.F.);
#6764=ORIENTED_EDGE('',*,*,#7800,.F.);
#6765=ORIENTED_EDGE('',*,*,#8668,.F.);
#6766=ORIENTED_EDGE('',*,*,#8669,.F.);
#6767=ORIENTED_EDGE('',*,*,#7760,.F.);
#6768=CARTESIAN_POINT('',(4.84471541085629,5.38545800014295,9.96999999999999));
#6769=DIRECTION('',(0.0,-0.0,1.0));
#6770=DIRECTION('',(1.0,0.0,-0.0));
#6771=ORIENTED_EDGE('',*,*,#8666,.F.);
#6772=ORIENTED_EDGE('',*,*,#8632,.T.);
#6773=ORIENTED_EDGE('',*,*,#8670,.T.);
#6774=ORIENTED_EDGE('',*,*,#8671,.F.);
#6775=CARTESIAN_POINT('',(7.7,6.09690042836304,9.46999999999999));
#6776=DIRECTION('',(-1.0,-0.0,0.0));
#6777=DIRECTION('',(0.0,-1.0,0.0));
#6778=ORIENTED_EDGE('',*,*,#7799,.T.);
#6779=ORIENTED_EDGE('',*,*,#8672,.F.);
#6780=ORIENTED_EDGE('',*,*,#7801,.T.);
#6781=ORIENTED_EDGE('',*,*,#8668,.T.);
#6782=CARTESIAN_POINT('',(7.62000000000001,4.08056392235252,10.07736));
#6783=DIRECTION('',(-0.0,0.0,1.0));
#6784=DIRECTION('',(0.0,-1.0,0.0));
#6785=ORIENTED_EDGE('',*,*,#8672,.T.);
#6786=ORIENTED_EDGE('',*,*,#7802,.T.);
#6787=ORIENTED_EDGE('',*,*,#7768,.F.);
#6788=ORIENTED_EDGE('',*,*,#8673,.F.);
#6789=CARTESIAN_POINT('',(7.62000000000001,5.83306392235253,7.69999958974634));
#6790=DIRECTION('',(0.0,0.0,-1.0));
#6791=DIRECTION('',(0.0,-1.0,0.0));
#6792=ORIENTED_EDGE('',*,*,#7763,.T.);
#6793=ORIENTED_EDGE('',*,*,#8674,.T.);
#6794=ORIENTED_EDGE('',*,*,#7814,.F.);
#6795=ORIENTED_EDGE('',*,*,#8675,.T.);
#6796=CARTESIAN_POINT('',(7.62000000000001,6.48056392235252,8.87));
#6797=DIRECTION('',(0.0,0.0,-1.0));
#6798=DIRECTION('',(0.0,1.0,0.0));
#6799=ORIENTED_EDGE('',*,*,#7765,.T.);
#6800=ORIENTED_EDGE('',*,*,#8676,.T.);
#6801=CARTESIAN_POINT('',(7.62000000000001,6.48056392235252,8.87));
#6802=DIRECTION('',(0.0,0.0,-1.0));
#6803=DIRECTION('',(0.0,1.0,0.0));
#6804=ORIENTED_EDGE('',*,*,#8670,.F.);
#6805=ORIENTED_EDGE('',*,*,#8631,.T.);
#6806=ORIENTED_EDGE('',*,*,#8677,.F.);
#6807=ORIENTED_EDGE('',*,*,#7791,.F.);
#6808=ORIENTED_EDGE('',*,*,#8678,.T.);
#6809=ORIENTED_EDGE('',*,*,#8679,.T.);
#6810=ORIENTED_EDGE('',*,*,#8680,.F.);
#6811=ORIENTED_EDGE('',*,*,#8681,.F.);
#6812=ORIENTED_EDGE('',*,*,#8682,.T.);
#6813=ORIENTED_EDGE('',*,*,#8683,.T.);
#6814=ORIENTED_EDGE('',*,*,#8684,.F.);
#6815=ORIENTED_EDGE('',*,*,#8685,.F.);
#6816=ORIENTED_EDGE('',*,*,#8674,.F.);
#6817=ORIENTED_EDGE('',*,*,#7766,.T.);
#6818=ORIENTED_EDGE('',*,*,#8676,.F.);
#6819=ORIENTED_EDGE('',*,*,#7764,.T.);
#6820=ORIENTED_EDGE('',*,*,#8675,.F.);
#6821=ORIENTED_EDGE('',*,*,#7815,.F.);
#6822=ORIENTED_EDGE('',*,*,#8624,.T.);
#6823=ORIENTED_EDGE('',*,*,#8626,.T.);
#6824=ORIENTED_EDGE('',*,*,#7846,.T.);
#6825=ORIENTED_EDGE('',*,*,#8473,.T.);
#6826=ORIENTED_EDGE('',*,*,#8622,.T.);
#6827=ORIENTED_EDGE('',*,*,#8468,.T.);
#6828=ORIENTED_EDGE('',*,*,#8250,.T.);
#6829=ORIENTED_EDGE('',*,*,#8621,.T.);
#6830=ORIENTED_EDGE('',*,*,#7778,.T.);
#6831=ORIENTED_EDGE('',*,*,#7775,.T.);
#6832=ORIENTED_EDGE('',*,*,#7771,.T.);
#6833=ORIENTED_EDGE('',*,*,#7809,.T.);
#6834=ORIENTED_EDGE('',*,*,#8623,.F.);
#6835=ORIENTED_EDGE('',*,*,#7845,.T.);
#6836=ORIENTED_EDGE('',*,*,#8686,.F.);
#6837=ORIENTED_EDGE('',*,*,#7758,.F.);
#6838=CARTESIAN_POINT('',(7.62,8.15556392235252,3.71881489732208));
#6839=DIRECTION('',(0.0,0.965925826289069,0.258819045102519));
#6840=DIRECTION('',(1.0,0.0,-0.0));
#6841=ORIENTED_EDGE('',*,*,#8687,.F.);
#6842=ORIENTED_EDGE('',*,*,#7834,.T.);
#6843=ORIENTED_EDGE('',*,*,#8688,.F.);
#6844=ORIENTED_EDGE('',*,*,#8689,.F.);
#6845=CARTESIAN_POINT('',(7.62000000000001,0.928435195201966,5.20000000000001));
#6846=DIRECTION('',(0.0,0.965925826289071,0.25881904510251));
#6847=DIRECTION('',(1.0,0.0,-0.0));
#6848=ORIENTED_EDGE('',*,*,#8690,.F.);
#6849=ORIENTED_EDGE('',*,*,#8691,.T.);
#6850=ORIENTED_EDGE('',*,*,#8681,.T.);
#6851=ORIENTED_EDGE('',*,*,#8692,.T.);
#6852=ORIENTED_EDGE('',*,*,#8693,.T.);
#6853=ORIENTED_EDGE('',*,*,#8694,.T.);
#6854=CARTESIAN_POINT('',(3.44,4.23936561071103,3.92552333105629));
#6855=DIRECTION('',(1.0,0.0,0.0));
#6856=DIRECTION('',(0.0,1.0,0.0));
#6857=ORIENTED_EDGE('',*,*,#8695,.F.);
#6858=ORIENTED_EDGE('',*,*,#8696,.T.);
#6859=ORIENTED_EDGE('',*,*,#8697,.F.);
#6860=ORIENTED_EDGE('',*,*,#8698,.F.);
#6861=CARTESIAN_POINT('',(6.37000000000001,1.83056392235253,2.1491486593166));
#6862=DIRECTION('',(1.0,0.0,0.0));
#6863=DIRECTION('',(0.0,1.0,0.0));
#6864=ORIENTED_EDGE('',*,*,#8699,.T.);
#6865=ORIENTED_EDGE('',*,*,#8641,.F.);
#6866=ORIENTED_EDGE('',*,*,#8645,.F.);
#6867=ORIENTED_EDGE('',*,*,#8700,.F.);
#6868=ORIENTED_EDGE('',*,*,#8679,.F.);
#6869=ORIENTED_EDGE('',*,*,#8701,.F.);
#6870=CARTESIAN_POINT('',(6.72000000000001,4.23936561071103,3.92552333105629));
#6871=DIRECTION('',(1.0,0.0,0.0));
#6872=DIRECTION('',(0.0,1.0,0.0));
#6873=ORIENTED_EDGE('',*,*,#8702,.F.);
#6874=ORIENTED_EDGE('',*,*,#7784,.F.);
#6875=ORIENTED_EDGE('',*,*,#8687,.T.);
#6876=ORIENTED_EDGE('',*,*,#8703,.F.);
#6877=CARTESIAN_POINT('',(7.62000000000001,1.32500000000001,3.72));
#6878=DIRECTION('',(0.0,-0.0,1.0));
#6879=DIRECTION('',(1.0,0.0,-0.0));
#6880=ORIENTED_EDGE('',*,*,#8704,.T.);
#6881=ORIENTED_EDGE('',*,*,#8705,.T.);
#6882=ORIENTED_EDGE('',*,*,#8706,.F.);
#6883=ORIENTED_EDGE('',*,*,#8707,.T.);
#6884=CARTESIAN_POINT('',(1.77349792882523,7.0,1.60774460277625));
#6885=DIRECTION('',(-0.0,1.0,0.0));
#6886=DIRECTION('',(1.0,0.0,0.0));
#6887=ORIENTED_EDGE('',*,*,#8708,.T.);
#6888=ORIENTED_EDGE('',*,*,#8689,.T.);
#6889=ORIENTED_EDGE('',*,*,#8709,.T.);
#6890=ORIENTED_EDGE('',*,*,#8710,.T.);
#6891=ORIENTED_EDGE('',*,*,#8654,.T.);
#6892=ORIENTED_EDGE('',*,*,#8648,.T.);
#6893=CARTESIAN_POINT('',(7.27393792648641,4.05168547073786,3.92552333105629));
#6894=DIRECTION('',(0.935601717477244,-0.353057256339012,0.0));
#6895=DIRECTION('',(0.0,0.0,-1.0));
#6896=ORIENTED_EDGE('',*,*,#8711,.F.);
#6897=ORIENTED_EDGE('',*,*,#7832,.T.);
#6898=ORIENTED_EDGE('',*,*,#8655,.F.);
#6899=ORIENTED_EDGE('',*,*,#8710,.F.);
#6900=CARTESIAN_POINT('',(7.62000000000001,8.88178419700125E-15,5.20000000000001));
#6901=DIRECTION('',(5.85702687571382E-29,-4.48245383328545E-43,1.0));
#6902=DIRECTION('',(1.0,0.0,-5.85702687571382E-29));
#6903=ORIENTED_EDGE('',*,*,#8688,.T.);
#6904=ORIENTED_EDGE('',*,*,#7833,.T.);
#6905=ORIENTED_EDGE('',*,*,#8711,.T.);
#6906=ORIENTED_EDGE('',*,*,#8709,.F.);
#6907=CARTESIAN_POINT('',(7.62000000000001,0.544771701212482,4.70000000000001));
#6908=DIRECTION('',(1.0,-0.0,0.0));
#6909=DIRECTION('',(0.0,1.0,0.0));
#6910=ORIENTED_EDGE('',*,*,#8643,.T.);
#6911=ORIENTED_EDGE('',*,*,#8712,.F.);
#6912=ORIENTED_EDGE('',*,*,#8713,.T.);
#6913=ORIENTED_EDGE('',*,*,#8714,.T.);
#6914=CARTESIAN_POINT('',(5.72000000000001,7.5,1.3));
#6915=DIRECTION('',(-1.0,0.0,-5.32907051820132E-15));
#6916=DIRECTION('',(-5.32907051820132E-15,0.0,1.0));
#6917=ORIENTED_EDGE('',*,*,#8715,.F.);
#6918=ORIENTED_EDGE('',*,*,#8716,.T.);
#6919=ORIENTED_EDGE('',*,*,#8717,.F.);
#6920=ORIENTED_EDGE('',*,*,#7817,.T.);
#6921=ORIENTED_EDGE('',*,*,#8718,.T.);
#6922=ORIENTED_EDGE('',*,*,#7781,.T.);
#6923=ORIENTED_EDGE('',*,*,#8702,.T.);
#6924=ORIENTED_EDGE('',*,*,#8719,.F.);
#6925=CARTESIAN_POINT('',(10.0128038783777,1.83056392235254,-25.0404254731755));
#6926=DIRECTION('',(3.08148791101957E-31,1.0,1.710569414459E-46));
#6927=DIRECTION('',(1.0,-3.08148791101957E-31,0.0));
#6928=ORIENTED_EDGE('',*,*,#8720,.F.);
#6929=ORIENTED_EDGE('',*,*,#8721,.T.);
#6930=ORIENTED_EDGE('',*,*,#8722,.F.);
#6931=ORIENTED_EDGE('',*,*,#8723,.F.);
#6932=CARTESIAN_POINT('',(3.915,4.23936561071103,3.92552333105629));
#6933=DIRECTION('',(1.0,0.0,0.0));
#6934=DIRECTION('',(0.0,1.0,0.0));
#6935=ORIENTED_EDGE('',*,*,#7767,.T.);
#6936=ORIENTED_EDGE('',*,*,#8724,.F.);
#6937=ORIENTED_EDGE('',*,*,#7769,.T.);
#6938=ORIENTED_EDGE('',*,*,#8673,.T.);
#6939=CARTESIAN_POINT('',(7.62000000000001,4.08056392235252,7.55999958974634));
#6940=DIRECTION('',(-0.0,0.0,1.0));
#6941=DIRECTION('',(0.0,1.0,0.0));
#6942=ORIENTED_EDGE('',*,*,#8725,.F.);
#6943=ORIENTED_EDGE('',*,*,#7789,.T.);
#6944=ORIENTED_EDGE('',*,*,#8639,.T.);
#6945=ORIENTED_EDGE('',*,*,#7825,.T.);
#6946=ORIENTED_EDGE('',*,*,#7840,.F.);
#6947=ORIENTED_EDGE('',*,*,#7788,.T.);
#6948=ORIENTED_EDGE('',*,*,#8726,.F.);
#6949=ORIENTED_EDGE('',*,*,#8695,.T.);
#6950=ORIENTED_EDGE('',*,*,#8727,.F.);
#6951=ORIENTED_EDGE('',*,*,#8712,.T.);
#6952=ORIENTED_EDGE('',*,*,#8642,.T.);
#6953=ORIENTED_EDGE('',*,*,#8699,.F.);
#6954=CARTESIAN_POINT('',(2.54,2.00000000000001,4.00000000000001));
#6955=DIRECTION('',(0.0,-0.0,1.0));
#6956=DIRECTION('',(1.0,0.0,-0.0));
#6957=ORIENTED_EDGE('',*,*,#8728,.T.);
#6958=ORIENTED_EDGE('',*,*,#8729,.T.);
#6959=ORIENTED_EDGE('',*,*,#8730,.T.);
#6960=ORIENTED_EDGE('',*,*,#8731,.F.);
#6961=CARTESIAN_POINT('',(4.44000000000001,1.83056392235253,1.6491486593166));
#6962=DIRECTION('',(1.0,0.0,0.0));
#6963=DIRECTION('',(0.0,1.0,0.0));
#6964=ORIENTED_EDGE('',*,*,#8698,.T.);
#6965=ORIENTED_EDGE('',*,*,#8732,.F.);
#6966=ORIENTED_EDGE('',*,*,#8713,.F.);
#6967=ORIENTED_EDGE('',*,*,#8727,.T.);
#6968=CARTESIAN_POINT('',(6.85349792882523,7.0,1.60774460277625));
#6969=DIRECTION('',(-0.0,1.0,0.0));
#6970=DIRECTION('',(1.0,0.0,0.0));
#6971=ORIENTED_EDGE('',*,*,#8733,.T.);
#6972=ORIENTED_EDGE('',*,*,#8705,.F.);
#6973=ORIENTED_EDGE('',*,*,#8734,.F.);
#6974=ORIENTED_EDGE('',*,*,#8735,.F.);
#6975=CARTESIAN_POINT('',(4.44000000000001,7.5,3.30000000000011));
#6976=DIRECTION('',(1.0,0.0,0.0));
#6977=DIRECTION('',(0.0,1.0,0.0));
#6978=ORIENTED_EDGE('',*,*,#8678,.F.);
#6979=ORIENTED_EDGE('',*,*,#7790,.F.);
#6980=ORIENTED_EDGE('',*,*,#8725,.T.);
#6981=ORIENTED_EDGE('',*,*,#8701,.T.);
#6982=CARTESIAN_POINT('',(7.62000000000001,7.59500000000001,5.79010309552284));
#6983=DIRECTION('',(0.0,-1.0,0.0));
#6984=DIRECTION('',(0.0,0.0,-1.0));
#6985=ORIENTED_EDGE('',*,*,#8647,.T.);
#6986=ORIENTED_EDGE('',*,*,#7782,.F.);
#6987=ORIENTED_EDGE('',*,*,#8718,.F.);
#6988=ORIENTED_EDGE('',*,*,#8736,.T.);
#6989=CARTESIAN_POINT('',(7.62000000000001,1.32500000000001,1.77000000000001));
#6990=DIRECTION('',(0.0,0.0,-1.0));
#6991=DIRECTION('',(0.0,-1.0,0.0));
#6992=ORIENTED_EDGE('',*,*,#8717,.T.);
#6993=ORIENTED_EDGE('',*,*,#8737,.F.);
#6994=ORIENTED_EDGE('',*,*,#8738,.F.);
#6995=ORIENTED_EDGE('',*,*,#7818,.F.);
#6996=ORIENTED_EDGE('',*,*,#8724,.T.);
#6997=ORIENTED_EDGE('',*,*,#7770,.T.);
#6998=CARTESIAN_POINT('',(3.12000000000001,6.44000000000002,7.42));
#6999=DIRECTION('',(0.0,-0.0,1.0));
#7000=DIRECTION('',(1.0,0.0,-0.0));
#7001=ORIENTED_EDGE('',*,*,#8722,.T.);
#7002=ORIENTED_EDGE('',*,*,#8739,.F.);
#7003=ORIENTED_EDGE('',*,*,#8658,.F.);
#7004=ORIENTED_EDGE('',*,*,#8740,.F.);
#7005=ORIENTED_EDGE('',*,*,#8741,.F.);
#7006=ORIENTED_EDGE('',*,*,#8742,.F.);
#7007=CARTESIAN_POINT('',(2.8860620735136,4.05168547073786,3.92552333105629));
#7008=DIRECTION('',(0.935601717477244,0.353057256339012,0.0));
#7009=DIRECTION('',(0.0,0.0,-1.0));
#7010=ORIENTED_EDGE('',*,*,#8707,.F.);
#7011=ORIENTED_EDGE('',*,*,#8743,.F.);
#7012=ORIENTED_EDGE('',*,*,#8744,.T.);
#7013=ORIENTED_EDGE('',*,*,#8745,.F.);
#7014=CARTESIAN_POINT('',(3.79000000000001,1.83056392235253,4.04999958974634));
#7015=DIRECTION('',(-1.0,0.0,0.0));
#7016=DIRECTION('',(0.0,0.0,1.0));
#7017=ORIENTED_EDGE('',*,*,#8719,.T.);
#7018=ORIENTED_EDGE('',*,*,#8703,.T.);
#7019=ORIENTED_EDGE('',*,*,#8708,.F.);
#7020=ORIENTED_EDGE('',*,*,#8736,.F.);
#7021=CARTESIAN_POINT('',(6.24500000000001,4.23936561071103,3.92552333105629));
#7022=DIRECTION('',(1.0,0.0,0.0));
#7023=DIRECTION('',(0.0,1.0,0.0));
#7024=ORIENTED_EDGE('',*,*,#8726,.T.);
#7025=ORIENTED_EDGE('',*,*,#7787,.F.);
#7026=ORIENTED_EDGE('',*,*,#8746,.T.);
#7027=ORIENTED_EDGE('',*,*,#7819,.F.);
#7028=ORIENTED_EDGE('',*,*,#8738,.T.);
#7029=ORIENTED_EDGE('',*,*,#8747,.F.);
#7030=ORIENTED_EDGE('',*,*,#8748,.T.);
#7031=ORIENTED_EDGE('',*,*,#8696,.F.);
#7032=CARTESIAN_POINT('',(15.0928038783777,6.33056392235254,-25.0404254731755));
#7033=DIRECTION('',(3.08148791101957E-31,1.0,1.710569414459E-46));
#7034=DIRECTION('',(1.0,-3.08148791101957E-31,0.0));
#7035=ORIENTED_EDGE('',*,*,#8749,.T.);
#7036=ORIENTED_EDGE('',*,*,#8747,.T.);
#7037=ORIENTED_EDGE('',*,*,#8737,.T.);
#7038=ORIENTED_EDGE('',*,*,#8716,.F.);
#7039=CARTESIAN_POINT('',(5.72000000000001,1.83056392235253,5.24999958974634));
#7040=DIRECTION('',(-1.0,0.0,0.0));
#7041=DIRECTION('',(0.0,0.0,1.0));
#7042=ORIENTED_EDGE('',*,*,#8750,.T.);
#7043=ORIENTED_EDGE('',*,*,#8751,.F.);
#7044=ORIENTED_EDGE('',*,*,#8752,.T.);
#7045=ORIENTED_EDGE('',*,*,#8753,.T.);
#7046=CARTESIAN_POINT('',(1.77349792882523,7.0,1.60774460277625));
#7047=DIRECTION('',(-0.0,1.0,0.0));
#7048=DIRECTION('',(1.0,0.0,0.0));
#7049=ORIENTED_EDGE('',*,*,#8754,.F.);
#7050=ORIENTED_EDGE('',*,*,#8755,.T.);
#7051=ORIENTED_EDGE('',*,*,#8756,.T.);
#7052=ORIENTED_EDGE('',*,*,#8735,.T.);
#7053=ORIENTED_EDGE('',*,*,#8757,.F.);
#7054=ORIENTED_EDGE('',*,*,#8694,.F.);
#7055=ORIENTED_EDGE('',*,*,#8758,.F.);
#7056=ORIENTED_EDGE('',*,*,#8759,.T.);
#7057=CARTESIAN_POINT('',(1.77349792882523,7.5,1.60774460277625));
#7058=DIRECTION('',(-0.0,1.0,0.0));
#7059=DIRECTION('',(1.0,0.0,0.0));
#7060=ORIENTED_EDGE('',*,*,#8760,.F.);
#7061=ORIENTED_EDGE('',*,*,#8730,.F.);
#7062=ORIENTED_EDGE('',*,*,#8761,.T.);
#7063=ORIENTED_EDGE('',*,*,#8762,.F.);
#7064=ORIENTED_EDGE('',*,*,#7756,.T.);
#7065=ORIENTED_EDGE('',*,*,#8763,.T.);
#7066=CARTESIAN_POINT('',(3.04,6.44000000000002,7.42));
#7067=DIRECTION('',(0.0,-0.0,1.0));
#7068=DIRECTION('',(1.0,0.0,-0.0));
#7069=ORIENTED_EDGE('',*,*,#7759,.T.);
#7070=ORIENTED_EDGE('',*,*,#8764,.F.);
#7071=ORIENTED_EDGE('',*,*,#7761,.T.);
#7072=ORIENTED_EDGE('',*,*,#8669,.T.);
#7073=CARTESIAN_POINT('',(2.54,4.08056392235252,10.07736));
#7074=DIRECTION('',(-0.0,0.0,1.0));
#7075=DIRECTION('',(0.0,-1.0,0.0));
#7076=ORIENTED_EDGE('',*,*,#8765,.F.);
#7077=ORIENTED_EDGE('',*,*,#8766,.F.);
#7078=ORIENTED_EDGE('',*,*,#8767,.F.);
#7079=ORIENTED_EDGE('',*,*,#8768,.F.);
#7080=ORIENTED_EDGE('',*,*,#8653,.F.);
#7081=ORIENTED_EDGE('',*,*,#8651,.F.);
#7082=ORIENTED_EDGE('',*,*,#8661,.T.);
#7083=ORIENTED_EDGE('',*,*,#8663,.F.);
#7084=ORIENTED_EDGE('',*,*,#8665,.T.);
#7085=ORIENTED_EDGE('',*,*,#8667,.T.);
#7086=ORIENTED_EDGE('',*,*,#8671,.T.);
#7087=ORIENTED_EDGE('',*,*,#8685,.T.);
#7088=ORIENTED_EDGE('',*,*,#8769,.T.);
#7089=ORIENTED_EDGE('',*,*,#8770,.F.);
#7090=CARTESIAN_POINT('',(1.11022302462516E-16,4.23936561071103,3.92552333105629));
#7091=DIRECTION('',(1.0,0.0,0.0));
#7092=DIRECTION('',(0.0,1.0,0.0));
#7093=ORIENTED_EDGE('',*,*,#8771,.T.);
#7094=ORIENTED_EDGE('',*,*,#8772,.T.);
#7095=ORIENTED_EDGE('',*,*,#8773,.F.);
#7096=ORIENTED_EDGE('',*,*,#8774,.F.);
#7097=CARTESIAN_POINT('',(-0.35166987047701,1.3245,0.0));
#7098=DIRECTION('',(0.0,-1.0,0.0));
#7099=DIRECTION('',(0.0,0.0,-1.0));
#7100=ORIENTED_EDGE('',*,*,#8775,.F.);
#7101=ORIENTED_EDGE('',*,*,#8776,.T.);
#7102=ORIENTED_EDGE('',*,*,#8777,.T.);
#7103=ORIENTED_EDGE('',*,*,#8778,.F.);
#7104=CARTESIAN_POINT('',(-0.12869069990675,0.723000000000002,0.0));
#7105=DIRECTION('',(0.643589456957148,-0.765370897600375,0.0));
#7106=DIRECTION('',(0.0,0.0,-1.0));
#7107=ORIENTED_EDGE('',*,*,#8779,.F.);
#7108=ORIENTED_EDGE('',*,*,#8780,.T.);
#7109=ORIENTED_EDGE('',*,*,#8781,.F.);
#7110=ORIENTED_EDGE('',*,*,#8750,.F.);
#7111=CARTESIAN_POINT('',(1.29000000000001,1.83056392235253,2.1491486593166));
#7112=DIRECTION('',(1.0,0.0,0.0));
#7113=DIRECTION('',(0.0,1.0,0.0));
#7114=ORIENTED_EDGE('',*,*,#8782,.T.);
#7115=ORIENTED_EDGE('',*,*,#8741,.T.);
#7116=ORIENTED_EDGE('',*,*,#8783,.F.);
#7117=ORIENTED_EDGE('',*,*,#8784,.F.);
#7118=CARTESIAN_POINT('',(7.54,0.544771701212482,4.70000000000001));
#7119=DIRECTION('',(1.0,-0.0,0.0));
#7120=DIRECTION('',(0.0,1.0,0.0));
#7121=ORIENTED_EDGE('',*,*,#8785,.F.);
#7122=ORIENTED_EDGE('',*,*,#8723,.T.);
#7123=ORIENTED_EDGE('',*,*,#8786,.T.);
#7124=ORIENTED_EDGE('',*,*,#8787,.F.);
#7125=CARTESIAN_POINT('',(2.54,1.32500000000001,3.72));
#7126=DIRECTION('',(0.0,-0.0,1.0));
#7127=DIRECTION('',(1.0,0.0,-0.0));
#7128=ORIENTED_EDGE('',*,*,#8788,.F.);
#7129=ORIENTED_EDGE('',*,*,#8789,.F.);
#7130=ORIENTED_EDGE('',*,*,#8690,.T.);
#7131=ORIENTED_EDGE('',*,*,#8757,.T.);
#7132=ORIENTED_EDGE('',*,*,#8734,.T.);
#7133=ORIENTED_EDGE('',*,*,#8704,.F.);
#7134=ORIENTED_EDGE('',*,*,#8745,.T.);
#7135=ORIENTED_EDGE('',*,*,#8790,.F.);
#7136=ORIENTED_EDGE('',*,*,#8779,.T.);
#7137=ORIENTED_EDGE('',*,*,#8753,.F.);
#7138=ORIENTED_EDGE('',*,*,#8791,.T.);
#7139=ORIENTED_EDGE('',*,*,#8754,.T.);
#7140=CARTESIAN_POINT('',(2.54,2.00000000000001,4.00000000000001));
#7141=DIRECTION('',(0.0,-0.0,1.0));
#7142=DIRECTION('',(1.0,0.0,-0.0));
#7143=ORIENTED_EDGE('',*,*,#7757,.T.);
#7144=ORIENTED_EDGE('',*,*,#8686,.T.);
#7145=CARTESIAN_POINT('',(2.54,6.48056392235252,8.87));
#7146=DIRECTION('',(0.0,0.0,-1.0));
#7147=DIRECTION('',(0.0,1.0,0.0));
#7148=ORIENTED_EDGE('',*,*,#8788,.T.);
#7149=ORIENTED_EDGE('',*,*,#8759,.F.);
#7150=ORIENTED_EDGE('',*,*,#8792,.F.);
#7151=ORIENTED_EDGE('',*,*,#8793,.F.);
#7152=ORIENTED_EDGE('',*,*,#8683,.F.);
#7153=ORIENTED_EDGE('',*,*,#8794,.F.);
#7154=CARTESIAN_POINT('',(1.64,4.23936561071103,3.92552333105629));
#7155=DIRECTION('',(1.0,0.0,0.0));
#7156=DIRECTION('',(0.0,1.0,0.0));
#7157=ORIENTED_EDGE('',*,*,#8659,.F.);
#7158=ORIENTED_EDGE('',*,*,#8739,.T.);
#7159=ORIENTED_EDGE('',*,*,#8795,.F.);
#7160=ORIENTED_EDGE('',*,*,#8796,.F.);
#7161=CARTESIAN_POINT('',(2.54,1.32500000000001,1.77000000000001));
#7162=DIRECTION('',(0.0,0.573576436351048,-0.81915204428899));
#7163=DIRECTION('',(-1.0,0.0,0.0));
#7164=ORIENTED_EDGE('',*,*,#8776,.F.);
#7165=ORIENTED_EDGE('',*,*,#8797,.F.);
#7166=ORIENTED_EDGE('',*,*,#8767,.T.);
#7167=ORIENTED_EDGE('',*,*,#8798,.F.);
#7168=CARTESIAN_POINT('',(1.11022302462516E-16,0.723000000000008,4.5));
#7169=DIRECTION('',(-7.68615940125108E-15,1.0,0.0));
#7170=DIRECTION('',(1.0,7.68615940125108E-15,-0.0));
#7171=ORIENTED_EDGE('',*,*,#8799,.T.);
#7172=ORIENTED_EDGE('',*,*,#8787,.T.);
#7173=ORIENTED_EDGE('',*,*,#8800,.F.);
#7174=ORIENTED_EDGE('',*,*,#8801,.F.);
#7175=CARTESIAN_POINT('',(1.165,4.23936561071103,3.92552333105629));
#7176=DIRECTION('',(1.0,0.0,0.0));
#7177=DIRECTION('',(0.0,1.0,0.0));
#7178=ORIENTED_EDGE('',*,*,#8778,.T.);
#7179=ORIENTED_EDGE('',*,*,#8802,.F.);
#7180=ORIENTED_EDGE('',*,*,#8803,.F.);
#7181=ORIENTED_EDGE('',*,*,#8804,.T.);
#7182=CARTESIAN_POINT('',(-0.57,0.535500000000001,0.0));
#7183=DIRECTION('',(-0.0,1.0,0.0));
#7184=DIRECTION('',(1.0,0.0,0.0));
#7185=ORIENTED_EDGE('',*,*,#7753,.T.);
#7186=ORIENTED_EDGE('',*,*,#8763,.F.);
#7187=ORIENTED_EDGE('',*,*,#7755,.T.);
#7188=ORIENTED_EDGE('',*,*,#8805,.T.);
#7189=CARTESIAN_POINT('',(2.54,4.08056392235252,7.55999958974634));
#7190=DIRECTION('',(-0.0,0.0,1.0));
#7191=DIRECTION('',(0.0,1.0,0.0));
#7192=ORIENTED_EDGE('',*,*,#8794,.T.);
#7193=ORIENTED_EDGE('',*,*,#8682,.F.);
#7194=ORIENTED_EDGE('',*,*,#8691,.F.);
#7195=ORIENTED_EDGE('',*,*,#8789,.T.);
#7196=CARTESIAN_POINT('',(2.54,7.59500000000001,5.79010309552284));
#7197=DIRECTION('',(0.0,-1.0,0.0));
#7198=DIRECTION('',(0.0,0.0,-1.0));
#7199=ORIENTED_EDGE('',*,*,#8800,.T.);
#7200=ORIENTED_EDGE('',*,*,#8806,.T.);
#7201=ORIENTED_EDGE('',*,*,#8784,.T.);
#7202=ORIENTED_EDGE('',*,*,#8807,.T.);
#7203=ORIENTED_EDGE('',*,*,#8656,.T.);
#7204=ORIENTED_EDGE('',*,*,#8796,.T.);
#7205=CARTESIAN_POINT('',(2.1939379264864,4.05168547073786,3.92552333105629));
#7206=DIRECTION('',(0.935601717477244,-0.353057256339012,0.0));
#7207=DIRECTION('',(0.0,0.0,-1.0));
#7208=ORIENTED_EDGE('',*,*,#8808,.T.);
#7209=ORIENTED_EDGE('',*,*,#8809,.F.);
#7210=ORIENTED_EDGE('',*,*,#8765,.T.);
#7211=ORIENTED_EDGE('',*,*,#8810,.T.);
#7212=CARTESIAN_POINT('',(-0.12869069990675,1.137,0.0));
#7213=DIRECTION('',(-6.21148675319455E-14,1.0,0.0));
#7214=DIRECTION('',(1.0,6.21148675319455E-14,-0.0));
#7215=ORIENTED_EDGE('',*,*,#8811,.F.);
#7216=ORIENTED_EDGE('',*,*,#8773,.T.);
#7217=ORIENTED_EDGE('',*,*,#8812,.T.);
#7218=ORIENTED_EDGE('',*,*,#8808,.F.);
#7219=CARTESIAN_POINT('',(-0.307025686886856,1.28695934361606,0.0));
#7220=DIRECTION('',(0.643589456957149,0.765370897600374,0.0));
#7221=DIRECTION('',(0.0,0.0,-1.0));
#7222=ORIENTED_EDGE('',*,*,#8764,.T.);
#7223=ORIENTED_EDGE('',*,*,#7762,.T.);
#7224=ORIENTED_EDGE('',*,*,#7754,.F.);
#7225=ORIENTED_EDGE('',*,*,#8805,.F.);
#7226=CARTESIAN_POINT('',(2.54,5.83306392235253,7.69999958974634));
#7227=DIRECTION('',(0.0,0.0,-1.0));
#7228=DIRECTION('',(0.0,-1.0,0.0));
#7229=ORIENTED_EDGE('',*,*,#8786,.F.);
#7230=ORIENTED_EDGE('',*,*,#8742,.T.);
#7231=ORIENTED_EDGE('',*,*,#8782,.F.);
#7232=ORIENTED_EDGE('',*,*,#8806,.F.);
#7233=CARTESIAN_POINT('',(2.54,0.928435195201966,5.20000000000001));
#7234=DIRECTION('',(0.0,0.965925826289071,0.25881904510251));
#7235=DIRECTION('',(1.0,0.0,-0.0));
#7236=ORIENTED_EDGE('',*,*,#8644,.F.);
#7237=ORIENTED_EDGE('',*,*,#7792,.F.);
#7238=ORIENTED_EDGE('',*,*,#8677,.T.);
#7239=ORIENTED_EDGE('',*,*,#8630,.T.);
#7240=ORIENTED_EDGE('',*,*,#8813,.T.);
#7241=ORIENTED_EDGE('',*,*,#8769,.F.);
#7242=ORIENTED_EDGE('',*,*,#8684,.T.);
#7243=ORIENTED_EDGE('',*,*,#8793,.T.);
#7244=ORIENTED_EDGE('',*,*,#8814,.F.);
#7245=ORIENTED_EDGE('',*,*,#8692,.F.);
#7246=ORIENTED_EDGE('',*,*,#8680,.T.);
#7247=ORIENTED_EDGE('',*,*,#8700,.T.);
#7248=CARTESIAN_POINT('',(7.62,8.15000000000001,3.71881489732208));
#7249=DIRECTION('',(-0.0,1.0,0.0));
#7250=DIRECTION('',(1.0,0.0,0.0));
#7251=ORIENTED_EDGE('',*,*,#8815,.T.);
#7252=ORIENTED_EDGE('',*,*,#8803,.T.);
#7253=ORIENTED_EDGE('',*,*,#8816,.F.);
#7254=ORIENTED_EDGE('',*,*,#8771,.F.);
#7255=CARTESIAN_POINT('',(-0.57,0.695500000000001,0.0));
#7256=DIRECTION('',(-1.0,0.0,0.0));
#7257=DIRECTION('',(0.0,0.0,1.0));
#7258=ORIENTED_EDGE('',*,*,#8817,.T.);
#7259=ORIENTED_EDGE('',*,*,#8755,.F.);
#7260=ORIENTED_EDGE('',*,*,#8791,.F.);
#7261=ORIENTED_EDGE('',*,*,#8752,.F.);
#7262=CARTESIAN_POINT('',(0.64,7.5,1.3));
#7263=DIRECTION('',(-1.0,0.0,-5.32907051820132E-15));
#7264=DIRECTION('',(-5.32907051820132E-15,0.0,1.0));
#7265=ORIENTED_EDGE('',*,*,#8818,.F.);
#7266=ORIENTED_EDGE('',*,*,#8761,.F.);
#7267=ORIENTED_EDGE('',*,*,#8729,.F.);
#7268=ORIENTED_EDGE('',*,*,#8819,.F.);
#7269=ORIENTED_EDGE('',*,*,#8785,.T.);
#7270=ORIENTED_EDGE('',*,*,#8799,.F.);
#7271=ORIENTED_EDGE('',*,*,#8820,.T.);
#7272=ORIENTED_EDGE('',*,*,#8720,.T.);
#7273=CARTESIAN_POINT('',(10.0128038783777,1.83056392235254,-25.0404254731755));
#7274=DIRECTION('',(3.08148791101957E-31,1.0,1.710569414459E-46));
#7275=DIRECTION('',(1.0,-3.08148791101957E-31,0.0));
#7276=ORIENTED_EDGE('',*,*,#8813,.F.);
#7277=ORIENTED_EDGE('',*,*,#8629,.F.);
#7278=ORIENTED_EDGE('',*,*,#7822,.F.);
#7279=ORIENTED_EDGE('',*,*,#7798,.F.);
#7280=ORIENTED_EDGE('',*,*,#7829,.F.);
#7281=ORIENTED_EDGE('',*,*,#7839,.T.);
#7282=ORIENTED_EDGE('',*,*,#7813,.T.);
#7283=ORIENTED_EDGE('',*,*,#7836,.F.);
#7284=ORIENTED_EDGE('',*,*,#7806,.T.);
#7285=ORIENTED_EDGE('',*,*,#8628,.F.);
#7286=ORIENTED_EDGE('',*,*,#8652,.T.);
#7287=ORIENTED_EDGE('',*,*,#8768,.T.);
#7288=ORIENTED_EDGE('',*,*,#8797,.T.);
#7289=ORIENTED_EDGE('',*,*,#8775,.T.);
#7290=ORIENTED_EDGE('',*,*,#8804,.F.);
#7291=ORIENTED_EDGE('',*,*,#8815,.F.);
#7292=ORIENTED_EDGE('',*,*,#8774,.T.);
#7293=ORIENTED_EDGE('',*,*,#8811,.T.);
#7294=ORIENTED_EDGE('',*,*,#8810,.F.);
#7295=ORIENTED_EDGE('',*,*,#8770,.T.);
#7296=ORIENTED_EDGE('',*,*,#8638,.F.);
#7297=ORIENTED_EDGE('',*,*,#8714,.F.);
#7298=ORIENTED_EDGE('',*,*,#8732,.T.);
#7299=ORIENTED_EDGE('',*,*,#8697,.T.);
#7300=ORIENTED_EDGE('',*,*,#8748,.F.);
#7301=ORIENTED_EDGE('',*,*,#8749,.F.);
#7302=ORIENTED_EDGE('',*,*,#8715,.T.);
#7303=ORIENTED_EDGE('',*,*,#7816,.F.);
#7304=ORIENTED_EDGE('',*,*,#8746,.F.);
#7305=ORIENTED_EDGE('',*,*,#7786,.T.);
#7306=ORIENTED_EDGE('',*,*,#7841,.T.);
#7307=ORIENTED_EDGE('',*,*,#7823,.F.);
#7308=ORIENTED_EDGE('',*,*,#8756,.F.);
#7309=ORIENTED_EDGE('',*,*,#8817,.F.);
#7310=ORIENTED_EDGE('',*,*,#8751,.T.);
#7311=ORIENTED_EDGE('',*,*,#8781,.T.);
#7312=ORIENTED_EDGE('',*,*,#8821,.F.);
#7313=ORIENTED_EDGE('',*,*,#8822,.F.);
#7314=ORIENTED_EDGE('',*,*,#8819,.T.);
#7315=ORIENTED_EDGE('',*,*,#8728,.F.);
#7316=ORIENTED_EDGE('',*,*,#8823,.F.);
#7317=ORIENTED_EDGE('',*,*,#8743,.T.);
#7318=ORIENTED_EDGE('',*,*,#8706,.T.);
#7319=ORIENTED_EDGE('',*,*,#8733,.F.);
#7320=CARTESIAN_POINT('',(0.628428000000003,1.17273800000001,0.0));
#7321=DIRECTION('',(0.0,0.0,-1.0));
#7322=DIRECTION('',(0.0,-1.0,0.0));
#7323=ORIENTED_EDGE('',*,*,#8821,.T.);
#7324=ORIENTED_EDGE('',*,*,#8780,.F.);
#7325=ORIENTED_EDGE('',*,*,#8790,.T.);
#7326=ORIENTED_EDGE('',*,*,#8744,.F.);
#7327=ORIENTED_EDGE('',*,*,#8823,.T.);
#7328=ORIENTED_EDGE('',*,*,#8731,.T.);
#7329=ORIENTED_EDGE('',*,*,#8760,.T.);
#7330=ORIENTED_EDGE('',*,*,#8824,.T.);
#7331=CARTESIAN_POINT('',(10.0128038783777,6.33056392235254,-25.0404254731755));
#7332=DIRECTION('',(3.08148791101957E-31,1.0,1.710569414459E-46));
#7333=DIRECTION('',(1.0,-3.08148791101957E-31,0.0));
#7334=ORIENTED_EDGE('',*,*,#8795,.T.);
#7335=ORIENTED_EDGE('',*,*,#8721,.F.);
#7336=ORIENTED_EDGE('',*,*,#8820,.F.);
#7337=ORIENTED_EDGE('',*,*,#8801,.T.);
#7338=CARTESIAN_POINT('',(2.54,1.32500000000001,1.77000000000001));
#7339=DIRECTION('',(0.0,0.0,-1.0));
#7340=DIRECTION('',(0.0,-1.0,0.0));
#7341=ORIENTED_EDGE('',*,*,#8766,.T.);
#7342=ORIENTED_EDGE('',*,*,#8809,.T.);
#7343=ORIENTED_EDGE('',*,*,#8812,.F.);
#7344=ORIENTED_EDGE('',*,*,#8772,.F.);
#7345=ORIENTED_EDGE('',*,*,#8816,.T.);
#7346=ORIENTED_EDGE('',*,*,#8802,.T.);
#7347=ORIENTED_EDGE('',*,*,#8777,.F.);
#7348=ORIENTED_EDGE('',*,*,#8798,.T.);
#7349=CARTESIAN_POINT('',(0.483428000000002,1.17273800000001,4.5));
#7350=DIRECTION('',(0.0,0.0,-1.0));
#7351=DIRECTION('',(0.0,-1.0,0.0));
#7352=ORIENTED_EDGE('',*,*,#8783,.T.);
#7353=ORIENTED_EDGE('',*,*,#8740,.T.);
#7354=ORIENTED_EDGE('',*,*,#8657,.F.);
#7355=ORIENTED_EDGE('',*,*,#8807,.F.);
#7356=CARTESIAN_POINT('',(2.54,8.88178419700125E-15,5.20000000000001));
#7357=DIRECTION('',(5.85702687571382E-29,-4.48245383328545E-43,1.0));
#7358=DIRECTION('',(1.0,0.0,-5.85702687571382E-29));
#7359=ORIENTED_EDGE('',*,*,#8822,.T.);
#7360=ORIENTED_EDGE('',*,*,#8824,.F.);
#7361=ORIENTED_EDGE('',*,*,#8762,.T.);
#7362=ORIENTED_EDGE('',*,*,#8818,.T.);
#7363=CARTESIAN_POINT('',(0.640000000000001,1.83056392235253,5.24999958974634));
#7364=DIRECTION('',(-1.0,0.0,0.0));
#7365=DIRECTION('',(0.0,0.0,1.0));
#7366=ORIENTED_EDGE('',*,*,#8814,.T.);
#7367=ORIENTED_EDGE('',*,*,#8792,.T.);
#7368=ORIENTED_EDGE('',*,*,#8758,.T.);
#7369=ORIENTED_EDGE('',*,*,#8693,.F.);
#7370=CARTESIAN_POINT('',(2.54,7.59500000000001,1.97));
#7371=DIRECTION('',(0.0,0.0,-1.0));
#7372=DIRECTION('',(0.0,-1.0,0.0));
#7373=EDGE_CURVE('',#8825,#8826,#8827,.T.);
#7374=EDGE_CURVE('',#8825,#8828,#8829,.T.);
#7375=EDGE_CURVE('',#8830,#8828,#8831,.T.);
#7376=EDGE_CURVE('',#8826,#8830,#8832,.T.);
#7377=EDGE_CURVE('',#8833,#8834,#8835,.T.);
#7378=EDGE_CURVE('',#8833,#8836,#8837,.T.);
#7379=EDGE_CURVE('',#8836,#8838,#8839,.T.);
#7380=EDGE_CURVE('',#8834,#8838,#8840,.T.);
#7381=EDGE_CURVE('',#8841,#8842,#8843,.T.);
#7382=EDGE_CURVE('',#8841,#8844,#8845,.T.);
#7383=EDGE_CURVE('',#8844,#8846,#8847,.T.);
#7384=EDGE_CURVE('',#8842,#8846,#8848,.T.);
#7385=EDGE_CURVE('',#8849,#8850,#8851,.T.);
#7386=EDGE_CURVE('',#8849,#8852,#8853,.T.);
#7387=EDGE_CURVE('',#8852,#8854,#8855,.T.);
#7388=EDGE_CURVE('',#8850,#8854,#8856,.T.);
#7389=EDGE_CURVE('',#8857,#8858,#8859,.T.);
#7390=EDGE_CURVE('',#8857,#8860,#8861,.T.);
#7391=EDGE_CURVE('',#8862,#8860,#8863,.T.);
#7392=EDGE_CURVE('',#8858,#8862,#8864,.T.);
#7393=EDGE_CURVE('',#8865,#8866,#8867,.T.);
#7394=EDGE_CURVE('',#8866,#8868,#8869,.T.);
#7395=EDGE_CURVE('',#8870,#8868,#8871,.T.);
#7396=EDGE_CURVE('',#8870,#8872,#8873,.T.);
#7397=EDGE_CURVE('',#8872,#8874,#8875,.T.);
#7398=EDGE_CURVE('',#8876,#8874,#8877,.T.);
#7399=EDGE_CURVE('',#8876,#8878,#8879,.T.);
#7400=EDGE_CURVE('',#8878,#8865,#8880,.T.);
#7401=EDGE_CURVE('',#8881,#8882,#8883,.T.);
#7402=EDGE_CURVE('',#8882,#8884,#8885,.T.);
#7403=EDGE_CURVE('',#8884,#8886,#8887,.T.);
#7404=EDGE_CURVE('',#8886,#8881,#8888,.T.);
#7405=EDGE_CURVE('',#8881,#8889,#8890,.T.);
#7406=EDGE_CURVE('',#8889,#8826,#8891,.T.);
#7407=EDGE_CURVE('',#8830,#8836,#8892,.T.);
#7408=EDGE_CURVE('',#8893,#8833,#8894,.T.);
#7409=EDGE_CURVE('',#8893,#8882,#8895,.T.);
#7410=EDGE_CURVE('',#8896,#8897,#8898,.T.);
#7411=EDGE_CURVE('',#8897,#8899,#8900,.T.);
#7412=EDGE_CURVE('',#8899,#8901,#8902,.T.);
#7413=EDGE_CURVE('',#8896,#8901,#8903,.T.);
#7414=EDGE_CURVE('',#8904,#8905,#8906,.T.);
#7415=EDGE_CURVE('',#8904,#8907,#8908,.T.);
#7416=EDGE_CURVE('',#8909,#8907,#8910,.T.);
#7417=EDGE_CURVE('',#8909,#8905,#8911,.T.);
#7418=EDGE_CURVE('',#8912,#8913,#8914,.T.);
#7419=EDGE_CURVE('',#8901,#8913,#8915,.T.);
#7420=EDGE_CURVE('',#8912,#8899,#8916,.T.);
#7421=EDGE_CURVE('',#8917,#8918,#8919,.T.);
#7422=EDGE_CURVE('',#8917,#8920,#8921,.T.);
#7423=EDGE_CURVE('',#8922,#8920,#8923,.T.);
#7424=EDGE_CURVE('',#8924,#8922,#8925,.T.);
#7425=EDGE_CURVE('',#8924,#8926,#8927,.T.);
#7426=EDGE_CURVE('',#8918,#8926,#8928,.T.);
#7427=EDGE_CURVE('',#8926,#8842,#8929,.T.);
#7428=EDGE_CURVE('',#8846,#8930,#8931,.T.);
#7429=EDGE_CURVE('',#8878,#8930,#8932,.T.);
#7430=EDGE_CURVE('',#8876,#8933,#8934,.T.);
#7431=EDGE_CURVE('',#8918,#8933,#8935,.T.);
#7432=EDGE_CURVE('',#8936,#8937,#8938,.T.);
#7433=EDGE_CURVE('',#8939,#8937,#8940,.T.);
#7434=EDGE_CURVE('',#8854,#8939,#8941,.T.);
#7435=EDGE_CURVE('',#8942,#8852,#8943,.T.);
#7436=EDGE_CURVE('',#8909,#8942,#8944,.T.);
#7437=EDGE_CURVE('',#8907,#8838,#8945,.T.);
#7438=EDGE_CURVE('',#8936,#8836,#8946,.T.);
#7439=EDGE_CURVE('',#8947,#8896,#8948,.T.);
#7440=EDGE_CURVE('',#8947,#8949,#8950,.T.);
#7441=EDGE_CURVE('',#8897,#8949,#8951,.T.);
#7442=EDGE_CURVE('',#8952,#8953,#8954,.T.);
#7443=EDGE_CURVE('',#8953,#8858,#8955,.T.);
#7444=EDGE_CURVE('',#8862,#8956,#8957,.T.);
#7445=EDGE_CURVE('',#8956,#8870,#8958,.T.);
#7446=EDGE_CURVE('',#8868,#8850,#8959,.T.);
#7447=EDGE_CURVE('',#8952,#8939,#8960,.T.);
#7448=EDGE_CURVE('',#8922,#8961,#8962,.T.);
#7449=EDGE_CURVE('',#8961,#8874,#8963,.T.);
#7450=EDGE_CURVE('',#8872,#8964,#8965,.T.);
#7451=EDGE_CURVE('',#8964,#8844,#8966,.T.);
#7452=EDGE_CURVE('',#8924,#8841,#8967,.T.);
#7453=EDGE_CURVE('',#8947,#8913,#8968,.T.);
#7454=EDGE_CURVE('',#8930,#8969,#8970,.T.);
#7455=EDGE_CURVE('',#8865,#8969,#8971,.T.);
#7456=EDGE_CURVE('',#8953,#8972,#8973,.T.);
#7457=EDGE_CURVE('',#8972,#8857,#8974,.T.);
#7458=EDGE_CURVE('',#8975,#8917,#8976,.T.);
#7459=EDGE_CURVE('',#8977,#8975,#8978,.T.);
#7460=EDGE_CURVE('',#8920,#8977,#8979,.T.);
#7461=EDGE_CURVE('',#8980,#8936,#8981,.T.);
#7462=EDGE_CURVE('',#8982,#8980,#8983,.T.);
#7463=EDGE_CURVE('',#8937,#8982,#8984,.T.);
#7464=EDGE_CURVE('',#8985,#8942,#8986,.T.);
#7465=EDGE_CURVE('',#8985,#8905,#8987,.T.);
#7466=EDGE_CURVE('',#8866,#8849,#8988,.T.);
#7467=EDGE_CURVE('',#8956,#8964,#8989,.T.);
#7468=EDGE_CURVE('',#8912,#8949,#8990,.T.);
#7469=EDGE_CURVE('',#8991,#8834,#8992,.T.);
#7470=EDGE_CURVE('',#8893,#8991,#8993,.T.);
#7471=EDGE_CURVE('',#8977,#8961,#8994,.T.);
#7472=EDGE_CURVE('',#8889,#8995,#8996,.T.);
#7473=EDGE_CURVE('',#8995,#8825,#8997,.T.);
#7474=EDGE_CURVE('',#8982,#8952,#8998,.T.);
#7475=EDGE_CURVE('',#8828,#8904,#8999,.T.);
#7476=EDGE_CURVE('',#8838,#8828,#9000,.T.);
#7477=EDGE_CURVE('',#8884,#8991,#9001,.T.);
#7478=EDGE_CURVE('',#8933,#8975,#9002,.T.);
#7479=EDGE_CURVE('',#8969,#8860,#9003,.T.);
#7480=EDGE_CURVE('',#8830,#8980,#9004,.T.);
#7481=EDGE_CURVE('',#8972,#8985,#9005,.T.);
#7482=EDGE_CURVE('',#8886,#8995,#9006,.T.);
#7483=EDGE_CURVE('',#9007,#9008,#9009,.T.);
#7484=EDGE_CURVE('',#9008,#9010,#9011,.T.);
#7485=EDGE_CURVE('',#9010,#9012,#9013,.T.);
#7486=EDGE_CURVE('',#9012,#9014,#9015,.T.);
#7487=EDGE_CURVE('',#9016,#9014,#9017,.T.);
#7488=EDGE_CURVE('',#9007,#9016,#9018,.T.);
#7489=EDGE_CURVE('',#9008,#9019,#9020,.T.);
#7490=EDGE_CURVE('',#9021,#9019,#9022,.T.);
#7491=EDGE_CURVE('',#9021,#9010,#9023,.T.);
#7492=EDGE_CURVE('',#9012,#9024,#9025,.T.);
#7493=EDGE_CURVE('',#9026,#9024,#9027,.T.);
#7494=EDGE_CURVE('',#9014,#9026,#9028,.T.);
#7495=EDGE_CURVE('',#9019,#9029,#9030,.T.);
#7496=EDGE_CURVE('',#9031,#9029,#9032,.T.);
#7497=EDGE_CURVE('',#9026,#9031,#9033,.T.);
#7498=EDGE_CURVE('',#9024,#9021,#9034,.T.);
#7499=EDGE_CURVE('',#9029,#9007,#9035,.T.);
#7500=EDGE_CURVE('',#9031,#9016,#9036,.T.);
#7501=EDGE_CURVE('',#9024,#9037,#9038,.T.);
#7502=EDGE_CURVE('',#9037,#9021,#9039,.T.);
#7503=EDGE_CURVE('',#9010,#9040,#9041,.T.);
#7504=EDGE_CURVE('',#9040,#9012,#9042,.T.);
#7505=EDGE_CURVE('',#9040,#9043,#9044,.T.);
#7506=EDGE_CURVE('',#9043,#9045,#9046,.T.);
#7507=EDGE_CURVE('',#9045,#9047,#9048,.T.);
#7508=EDGE_CURVE('',#9047,#9049,#9050,.T.);
#7509=EDGE_CURVE('',#9037,#9049,#9051,.T.);
#7510=EDGE_CURVE('',#9049,#9052,#9053,.T.);
#7511=EDGE_CURVE('',#9052,#9054,#9055,.T.);
#7512=EDGE_CURVE('',#9054,#9043,#9056,.T.);
#7513=EDGE_CURVE('',#9045,#9057,#9058,.T.);
#7514=EDGE_CURVE('',#9057,#9059,#9060,.T.);
#7515=EDGE_CURVE('',#9059,#9047,#9061,.T.);
#7516=EDGE_CURVE('',#9062,#9063,#9064,.T.);
#7517=EDGE_CURVE('',#9065,#9063,#9066,.T.);
#7518=EDGE_CURVE('',#9067,#9065,#9068,.T.);
#7519=EDGE_CURVE('',#9067,#9062,#9069,.T.);
#7520=EDGE_CURVE('',#9070,#9071,#9072,.T.);
#7521=EDGE_CURVE('',#9073,#9071,#9074,.T.);
#7522=EDGE_CURVE('',#9075,#9073,#9076,.T.);
#7523=EDGE_CURVE('',#9075,#9070,#9077,.T.);
#7524=EDGE_CURVE('',#9078,#9079,#9080,.T.);
#7525=EDGE_CURVE('',#9078,#9081,#9082,.T.);
#7526=EDGE_CURVE('',#9083,#9081,#9084,.T.);
#7527=EDGE_CURVE('',#9079,#9083,#9085,.T.);
#7528=EDGE_CURVE('',#9052,#9086,#9087,.T.);
#7529=EDGE_CURVE('',#9059,#9067,#9088,.T.);
#7530=EDGE_CURVE('',#9086,#9065,#9089,.T.);
#7531=EDGE_CURVE('',#9062,#9075,#9090,.T.);
#7532=EDGE_CURVE('',#9063,#9073,#9091,.T.);
#7533=EDGE_CURVE('',#9070,#9078,#9092,.T.);
#7534=EDGE_CURVE('',#9071,#9079,#9093,.T.);
#7535=EDGE_CURVE('',#9094,#9054,#9095,.T.);
#7536=EDGE_CURVE('',#9083,#9094,#9096,.T.);
#7537=EDGE_CURVE('',#9081,#9057,#9097,.T.);
#7538=EDGE_CURVE('',#9094,#9086,#9098,.T.);
#7539=EDGE_CURVE('',#9099,#9100,#9101,.T.);
#7540=EDGE_CURVE('',#9099,#9102,#9103,.T.);
#7541=EDGE_CURVE('',#9104,#9102,#9105,.T.);
#7542=EDGE_CURVE('',#9100,#9104,#9106,.T.);
#7543=EDGE_CURVE('',#9107,#9108,#9109,.T.);
#7544=EDGE_CURVE('',#9107,#9110,#9111,.T.);
#7545=EDGE_CURVE('',#9112,#9110,#9113,.T.);
#7546=EDGE_CURVE('',#9108,#9112,#9114,.T.);
#7547=EDGE_CURVE('',#9115,#9108,#9116,.T.);
#7548=EDGE_CURVE('',#9117,#9112,#9118,.T.);
#7549=EDGE_CURVE('',#9115,#9117,#9119,.T.);
#7550=EDGE_CURVE('',#9102,#9104,#9120,.T.);
#7551=EDGE_CURVE('',#9121,#9117,#9122,.T.);
#7552=EDGE_CURVE('',#9115,#9121,#9123,.T.);
#7553=EDGE_CURVE('',#9124,#9125,#9126,.T.);
#7554=EDGE_CURVE('',#9127,#9125,#9128,.T.);
#7555=EDGE_CURVE('',#9124,#9127,#9129,.T.);
#7556=EDGE_CURVE('',#9130,#9131,#9132,.T.);
#7557=EDGE_CURVE('',#9131,#9130,#9133,.T.);
#7558=EDGE_CURVE('',#9100,#9099,#9134,.T.);
#7559=EDGE_CURVE('',#9121,#9130,#9135,.T.);
#7560=EDGE_CURVE('',#9124,#9110,#9136,.T.);
#7561=EDGE_CURVE('',#9127,#9131,#9137,.T.);
#7562=EDGE_CURVE('',#9125,#9107,#9138,.T.);
#7563=EDGE_CURVE('',#9139,#9140,#9141,.T.);
#7564=EDGE_CURVE('',#9139,#9142,#9143,.T.);
#7565=EDGE_CURVE('',#9144,#9142,#9145,.T.);
#7566=EDGE_CURVE('',#9140,#9144,#9146,.T.);
#7567=EDGE_CURVE('',#9147,#9148,#9149,.T.);
#7568=EDGE_CURVE('',#9147,#9150,#9151,.T.);
#7569=EDGE_CURVE('',#9150,#9152,#9153,.T.);
#7570=EDGE_CURVE('',#9148,#9152,#9154,.T.);
#7571=EDGE_CURVE('',#9155,#9156,#9157,.T.);
#7572=EDGE_CURVE('',#9155,#9158,#9159,.T.);
#7573=EDGE_CURVE('',#9158,#9160,#9161,.T.);
#7574=EDGE_CURVE('',#9156,#9160,#9162,.T.);
#7575=EDGE_CURVE('',#9163,#9164,#9165,.T.);
#7576=EDGE_CURVE('',#9163,#9166,#9167,.T.);
#7577=EDGE_CURVE('',#9166,#9168,#9169,.T.);
#7578=EDGE_CURVE('',#9164,#9168,#9170,.T.);
#7579=EDGE_CURVE('',#9171,#9172,#9173,.T.);
#7580=EDGE_CURVE('',#9171,#9174,#9175,.T.);
#7581=EDGE_CURVE('',#9176,#9174,#9177,.T.);
#7582=EDGE_CURVE('',#9172,#9176,#9178,.T.);
#7583=EDGE_CURVE('',#9179,#9180,#9181,.T.);
#7584=EDGE_CURVE('',#9180,#9182,#9183,.T.);
#7585=EDGE_CURVE('',#9184,#9182,#9185,.T.);
#7586=EDGE_CURVE('',#9184,#9186,#9187,.T.);
#7587=EDGE_CURVE('',#9186,#9188,#9189,.T.);
#7588=EDGE_CURVE('',#9190,#9188,#9191,.T.);
#7589=EDGE_CURVE('',#9190,#9192,#9193,.T.);
#7590=EDGE_CURVE('',#9192,#9179,#9194,.T.);
#7591=EDGE_CURVE('',#9195,#9196,#9197,.T.);
#7592=EDGE_CURVE('',#9196,#9198,#9199,.T.);
#7593=EDGE_CURVE('',#9198,#9200,#9201,.T.);
#7594=EDGE_CURVE('',#9200,#9195,#9202,.T.);
#7595=EDGE_CURVE('',#9195,#9203,#9204,.T.);
#7596=EDGE_CURVE('',#9203,#9140,#9205,.T.);
#7597=EDGE_CURVE('',#9144,#9150,#9206,.T.);
#7598=EDGE_CURVE('',#9207,#9147,#9208,.T.);
#7599=EDGE_CURVE('',#9207,#9196,#9209,.T.);
#7600=EDGE_CURVE('',#9210,#9211,#9212,.T.);
#7601=EDGE_CURVE('',#9211,#9213,#9214,.T.);
#7602=EDGE_CURVE('',#9213,#9215,#9216,.T.);
#7603=EDGE_CURVE('',#9210,#9215,#9217,.T.);
#7604=EDGE_CURVE('',#9218,#9219,#9220,.T.);
#7605=EDGE_CURVE('',#9218,#9221,#9222,.T.);
#7606=EDGE_CURVE('',#9223,#9221,#9224,.T.);
#7607=EDGE_CURVE('',#9223,#9219,#9225,.T.);
#7608=EDGE_CURVE('',#9226,#9227,#9228,.T.);
#7609=EDGE_CURVE('',#9215,#9227,#9229,.T.);
#7610=EDGE_CURVE('',#9226,#9213,#9230,.T.);
#7611=EDGE_CURVE('',#9231,#9232,#9233,.T.);
#7612=EDGE_CURVE('',#9231,#9234,#9235,.T.);
#7613=EDGE_CURVE('',#9236,#9234,#9237,.T.);
#7614=EDGE_CURVE('',#9238,#9236,#9239,.T.);
#7615=EDGE_CURVE('',#9238,#9240,#9241,.T.);
#7616=EDGE_CURVE('',#9232,#9240,#9242,.T.);
#7617=EDGE_CURVE('',#9240,#9156,#9243,.T.);
#7618=EDGE_CURVE('',#9160,#9244,#9245,.T.);
#7619=EDGE_CURVE('',#9192,#9244,#9246,.T.);
#7620=EDGE_CURVE('',#9190,#9247,#9248,.T.);
#7621=EDGE_CURVE('',#9232,#9247,#9249,.T.);
#7622=EDGE_CURVE('',#9250,#9251,#9252,.T.);
#7623=EDGE_CURVE('',#9253,#9251,#9254,.T.);
#7624=EDGE_CURVE('',#9168,#9253,#9255,.T.);
#7625=EDGE_CURVE('',#9256,#9166,#9257,.T.);
#7626=EDGE_CURVE('',#9223,#9256,#9258,.T.);
#7627=EDGE_CURVE('',#9221,#9152,#9259,.T.);
#7628=EDGE_CURVE('',#9250,#9150,#9260,.T.);
#7629=EDGE_CURVE('',#9261,#9210,#9262,.T.);
#7630=EDGE_CURVE('',#9261,#9263,#9264,.T.);
#7631=EDGE_CURVE('',#9211,#9263,#9265,.T.);
#7632=EDGE_CURVE('',#9266,#9267,#9268,.T.);
#7633=EDGE_CURVE('',#9267,#9172,#9269,.T.);
#7634=EDGE_CURVE('',#9176,#9270,#9271,.T.);
#7635=EDGE_CURVE('',#9270,#9184,#9272,.T.);
#7636=EDGE_CURVE('',#9182,#9164,#9273,.T.);
#7637=EDGE_CURVE('',#9266,#9253,#9274,.T.);
#7638=EDGE_CURVE('',#9236,#9275,#9276,.T.);
#7639=EDGE_CURVE('',#9275,#9188,#9277,.T.);
#7640=EDGE_CURVE('',#9186,#9278,#9279,.T.);
#7641=EDGE_CURVE('',#9278,#9158,#9280,.T.);
#7642=EDGE_CURVE('',#9238,#9155,#9281,.T.);
#7643=EDGE_CURVE('',#9261,#9227,#9282,.T.);
#7644=EDGE_CURVE('',#9244,#9283,#9284,.T.);
#7645=EDGE_CURVE('',#9179,#9283,#9285,.T.);
#7646=EDGE_CURVE('',#9267,#9286,#9287,.T.);
#7647=EDGE_CURVE('',#9286,#9171,#9288,.T.);
#7648=EDGE_CURVE('',#9289,#9231,#9290,.T.);
#7649=EDGE_CURVE('',#9291,#9289,#9292,.T.);
#7650=EDGE_CURVE('',#9234,#9291,#9293,.T.);
#7651=EDGE_CURVE('',#9294,#9250,#9295,.T.);
#7652=EDGE_CURVE('',#9296,#9294,#9297,.T.);
#7653=EDGE_CURVE('',#9251,#9296,#9298,.T.);
#7654=EDGE_CURVE('',#9299,#9256,#9300,.T.);
#7655=EDGE_CURVE('',#9299,#9219,#9301,.T.);
#7656=EDGE_CURVE('',#9180,#9163,#9302,.T.);
#7657=EDGE_CURVE('',#9270,#9278,#9303,.T.);
#7658=EDGE_CURVE('',#9226,#9263,#9304,.T.);
#7659=EDGE_CURVE('',#9305,#9148,#9306,.T.);
#7660=EDGE_CURVE('',#9207,#9305,#9307,.T.);
#7661=EDGE_CURVE('',#9291,#9275,#9308,.T.);
#7662=EDGE_CURVE('',#9203,#9309,#9310,.T.);
#7663=EDGE_CURVE('',#9309,#9139,#9311,.T.);
#7664=EDGE_CURVE('',#9296,#9266,#9312,.T.);
#7665=EDGE_CURVE('',#9142,#9218,#9313,.T.);
#7666=EDGE_CURVE('',#9152,#9142,#9314,.T.);
#7667=EDGE_CURVE('',#9198,#9305,#9315,.T.);
#7668=EDGE_CURVE('',#9247,#9289,#9316,.T.);
#7669=EDGE_CURVE('',#9283,#9174,#9317,.T.);
#7670=EDGE_CURVE('',#9144,#9294,#9318,.T.);
#7671=EDGE_CURVE('',#9286,#9299,#9319,.T.);
#7672=EDGE_CURVE('',#9200,#9309,#9320,.T.);
#7673=EDGE_CURVE('',#9321,#9322,#9323,.T.);
#7674=EDGE_CURVE('',#9322,#9324,#9325,.T.);
#7675=EDGE_CURVE('',#9324,#9326,#9327,.T.);
#7676=EDGE_CURVE('',#9326,#9328,#9329,.T.);
#7677=EDGE_CURVE('',#9330,#9328,#9331,.T.);
#7678=EDGE_CURVE('',#9321,#9330,#9332,.T.);
#7679=EDGE_CURVE('',#9322,#9333,#9334,.T.);
#7680=EDGE_CURVE('',#9335,#9333,#9336,.T.);
#7681=EDGE_CURVE('',#9335,#9324,#9337,.T.);
#7682=EDGE_CURVE('',#9326,#9338,#9339,.T.);
#7683=EDGE_CURVE('',#9340,#9338,#9341,.T.);
#7684=EDGE_CURVE('',#9328,#9340,#9342,.T.);
#7685=EDGE_CURVE('',#9333,#9343,#9344,.T.);
#7686=EDGE_CURVE('',#9345,#9343,#9346,.T.);
#7687=EDGE_CURVE('',#9340,#9345,#9347,.T.);
#7688=EDGE_CURVE('',#9338,#9335,#9348,.T.);
#7689=EDGE_CURVE('',#9343,#9321,#9349,.T.);
#7690=EDGE_CURVE('',#9345,#9330,#9350,.T.);
#7691=EDGE_CURVE('',#9338,#9351,#9352,.T.);
#7692=EDGE_CURVE('',#9351,#9335,#9353,.T.);
#7693=EDGE_CURVE('',#9324,#9354,#9355,.T.);
#7694=EDGE_CURVE('',#9354,#9326,#9356,.T.);
#7695=EDGE_CURVE('',#9354,#9357,#9358,.T.);
#7696=EDGE_CURVE('',#9357,#9359,#9360,.T.);
#7697=EDGE_CURVE('',#9359,#9361,#9362,.T.);
#7698=EDGE_CURVE('',#9361,#9363,#9364,.T.);
#7699=EDGE_CURVE('',#9351,#9363,#9365,.T.);
#7700=EDGE_CURVE('',#9363,#9366,#9367,.T.);
#7701=EDGE_CURVE('',#9366,#9368,#9369,.T.);
#7702=EDGE_CURVE('',#9368,#9357,#9370,.T.);
#7703=EDGE_CURVE('',#9359,#9371,#9372,.T.);
#7704=EDGE_CURVE('',#9371,#9373,#9374,.T.);
#7705=EDGE_CURVE('',#9373,#9361,#9375,.T.);
#7706=EDGE_CURVE('',#9376,#9377,#9378,.T.);
#7707=EDGE_CURVE('',#9379,#9377,#9380,.T.);
#7708=EDGE_CURVE('',#9381,#9379,#9382,.T.);
#7709=EDGE_CURVE('',#9381,#9376,#9383,.T.);
#7710=EDGE_CURVE('',#9384,#9385,#9386,.T.);
#7711=EDGE_CURVE('',#9387,#9385,#9388,.T.);
#7712=EDGE_CURVE('',#9389,#9387,#9390,.T.);
#7713=EDGE_CURVE('',#9389,#9384,#9391,.T.);
#7714=EDGE_CURVE('',#9392,#9393,#9394,.T.);
#7715=EDGE_CURVE('',#9392,#9395,#9396,.T.);
#7716=EDGE_CURVE('',#9397,#9395,#9398,.T.);
#7717=EDGE_CURVE('',#9393,#9397,#9399,.T.);
#7718=EDGE_CURVE('',#9366,#9400,#9401,.T.);
#7719=EDGE_CURVE('',#9373,#9381,#9402,.T.);
#7720=EDGE_CURVE('',#9400,#9379,#9403,.T.);
#7721=EDGE_CURVE('',#9376,#9389,#9404,.T.);
#7722=EDGE_CURVE('',#9377,#9387,#9405,.T.);
#7723=EDGE_CURVE('',#9384,#9392,#9406,.T.);
#7724=EDGE_CURVE('',#9385,#9393,#9407,.T.);
#7725=EDGE_CURVE('',#9408,#9368,#9409,.T.);
#7726=EDGE_CURVE('',#9397,#9408,#9410,.T.);
#7727=EDGE_CURVE('',#9395,#9371,#9411,.T.);
#7728=EDGE_CURVE('',#9408,#9400,#9412,.T.);
#7729=EDGE_CURVE('',#9413,#9414,#9415,.T.);
#7730=EDGE_CURVE('',#9413,#9416,#9417,.T.);
#7731=EDGE_CURVE('',#9418,#9416,#9419,.T.);
#7732=EDGE_CURVE('',#9414,#9418,#9420,.T.);
#7733=EDGE_CURVE('',#9421,#9422,#9423,.T.);
#7734=EDGE_CURVE('',#9421,#9424,#9425,.T.);
#7735=EDGE_CURVE('',#9426,#9424,#9427,.T.);
#7736=EDGE_CURVE('',#9422,#9426,#9428,.T.);
#7737=EDGE_CURVE('',#9429,#9422,#9430,.T.);
#7738=EDGE_CURVE('',#9431,#9426,#9432,.T.);
#7739=EDGE_CURVE('',#9429,#9431,#9433,.T.);
#7740=EDGE_CURVE('',#9416,#9418,#9434,.T.);
#7741=EDGE_CURVE('',#9435,#9431,#9436,.T.);
#7742=EDGE_CURVE('',#9429,#9435,#9437,.T.);
#7743=EDGE_CURVE('',#9438,#9439,#9440,.T.);
#7744=EDGE_CURVE('',#9441,#9439,#9442,.T.);
#7745=EDGE_CURVE('',#9438,#9441,#9443,.T.);
#7746=EDGE_CURVE('',#9444,#9445,#9446,.T.);
#7747=EDGE_CURVE('',#9445,#9444,#9447,.T.);
#7748=EDGE_CURVE('',#9414,#9413,#9448,.T.);
#7749=EDGE_CURVE('',#9435,#9444,#9449,.T.);
#7750=EDGE_CURVE('',#9438,#9424,#9450,.T.);
#7751=EDGE_CURVE('',#9441,#9445,#9451,.T.);
#7752=EDGE_CURVE('',#9439,#9421,#9452,.T.);
#7753=EDGE_CURVE('',#9453,#9454,#9455,.T.);
#7754=EDGE_CURVE('',#9453,#9456,#9457,.T.);
#7755=EDGE_CURVE('',#9458,#9456,#9459,.T.);
#7756=EDGE_CURVE('',#9454,#9458,#9460,.T.);
#7757=EDGE_CURVE('',#9461,#9462,#9463,.T.);
#7758=EDGE_CURVE('',#9461,#9462,#9464,.T.);
#7759=EDGE_CURVE('',#9465,#9466,#9467,.T.);
#7760=EDGE_CURVE('',#9465,#9468,#9469,.T.);
#7761=EDGE_CURVE('',#9470,#9468,#9471,.T.);
#7762=EDGE_CURVE('',#9466,#9470,#9472,.T.);
#7763=EDGE_CURVE('',#9473,#9474,#9475,.T.);
#7764=EDGE_CURVE('',#9476,#9473,#9477,.T.);
#7765=EDGE_CURVE('',#9478,#9476,#9479,.T.);
#7766=EDGE_CURVE('',#9474,#9478,#9480,.T.);
#7767=EDGE_CURVE('',#9481,#9482,#9483,.T.);
#7768=EDGE_CURVE('',#9481,#9484,#9485,.T.);
#7769=EDGE_CURVE('',#9486,#9484,#9487,.T.);
#7770=EDGE_CURVE('',#9482,#9486,#9488,.T.);
#7771=EDGE_CURVE('',#9489,#9490,#9491,.T.);
#7772=EDGE_CURVE('',#9492,#9489,#9493,.T.);
#7773=EDGE_CURVE('',#9492,#9494,#9495,.T.);
#7774=EDGE_CURVE('',#9494,#9490,#9496,.T.);
#7775=EDGE_CURVE('',#9497,#9489,#9498,.T.);
#7776=EDGE_CURVE('',#9499,#9497,#9500,.T.);
#7777=EDGE_CURVE('',#9499,#9492,#9501,.T.);
#7778=EDGE_CURVE('',#9502,#9497,#9503,.T.);
#7779=EDGE_CURVE('',#9504,#9502,#9505,.T.);
#7780=EDGE_CURVE('',#9504,#9499,#9506,.T.);
#7781=EDGE_CURVE('',#9507,#9508,#9509,.T.);
#7782=EDGE_CURVE('',#9507,#9510,#9511,.T.);
#7783=EDGE_CURVE('',#9512,#9510,#9513,.T.);
#7784=EDGE_CURVE('',#9512,#9508,#9514,.T.);
#7785=EDGE_CURVE('',#9515,#9516,#9517,.T.);
#7786=EDGE_CURVE('',#9518,#9515,#9519,.T.);
#7787=EDGE_CURVE('',#9518,#9520,#9521,.T.);
#7788=EDGE_CURVE('',#9516,#9520,#9522,.T.);
#7789=EDGE_CURVE('',#9523,#9524,#9525,.T.);
#7790=EDGE_CURVE('',#9523,#9526,#9527,.T.);
#7791=EDGE_CURVE('',#9526,#9528,#9529,.T.);
#7792=EDGE_CURVE('',#9528,#9530,#9531,.T.);
#7793=EDGE_CURVE('',#9530,#9532,#9533,.T.);
#7794=EDGE_CURVE('',#9532,#9524,#9534,.T.);
#7795=EDGE_CURVE('',#9535,#9536,#9537,.T.);
#7796=EDGE_CURVE('',#9538,#9536,#9539,.T.);
#7797=EDGE_CURVE('',#9540,#9538,#9541,.T.);
#7798=EDGE_CURVE('',#9540,#9535,#9542,.T.);
#7799=EDGE_CURVE('',#9543,#9544,#9545,.T.);
#7800=EDGE_CURVE('',#9543,#9546,#9547,.T.);
#7801=EDGE_CURVE('',#9548,#9546,#9549,.T.);
#7802=EDGE_CURVE('',#9544,#9548,#9550,.T.);
#7803=EDGE_CURVE('',#9551,#9552,#9553,.T.);
#7804=EDGE_CURVE('',#9554,#9552,#9555,.T.);
#7805=EDGE_CURVE('',#9556,#9554,#9557,.T.);
#7806=EDGE_CURVE('',#9551,#9556,#9558,.T.);
#7807=EDGE_CURVE('',#9494,#9559,#9560,.T.);
#7808=EDGE_CURVE('',#9559,#9561,#9562,.T.);
#7809=EDGE_CURVE('',#9490,#9561,#9563,.T.);
#7810=EDGE_CURVE('',#9564,#9565,#9566,.T.);
#7811=EDGE_CURVE('',#9567,#9565,#9568,.T.);
#7812=EDGE_CURVE('',#9569,#9567,#9570,.T.);
#7813=EDGE_CURVE('',#9564,#9569,#9571,.T.);
#7814=EDGE_CURVE('',#9572,#9573,#9574,.T.);
#7815=EDGE_CURVE('',#9573,#9572,#9575,.T.);
#7816=EDGE_CURVE('',#9576,#9577,#9578,.T.);
#7817=EDGE_CURVE('',#9579,#9577,#9580,.T.);
#7818=EDGE_CURVE('',#9579,#9581,#9582,.T.);
#7819=EDGE_CURVE('',#9581,#9576,#9583,.T.);
#7820=EDGE_CURVE('',#9584,#9585,#9586,.T.);
#7821=EDGE_CURVE('',#9536,#9585,#9587,.T.);
#7822=EDGE_CURVE('',#9535,#9584,#9588,.T.);
#7823=EDGE_CURVE('',#9589,#9590,#9591,.T.);
#7824=EDGE_CURVE('',#9590,#9592,#9593,.T.);
#7825=EDGE_CURVE('',#9594,#9592,#9595,.T.);
#7826=EDGE_CURVE('',#9594,#9589,#9596,.T.);
#7827=EDGE_CURVE('',#9597,#9538,#9598,.T.);
#7828=EDGE_CURVE('',#9599,#9597,#9600,.T.);
#7829=EDGE_CURVE('',#9599,#9540,#9601,.T.);
#7830=EDGE_CURVE('',#9602,#9510,#9603,.T.);
#7831=EDGE_CURVE('',#9604,#9602,#9605,.T.);
#7832=EDGE_CURVE('',#9606,#9604,#9607,.T.);
#7833=EDGE_CURVE('',#9608,#9606,#9609,.T.);
#7834=EDGE_CURVE('',#9512,#9608,#9610,.T.);
#7835=EDGE_CURVE('',#9552,#9567,#9611,.T.);
#7836=EDGE_CURVE('',#9551,#9569,#9612,.T.);
#7837=EDGE_CURVE('',#9554,#9585,#9613,.T.);
#7838=EDGE_CURVE('',#9565,#9597,#9614,.T.);
#7839=EDGE_CURVE('',#9599,#9564,#9615,.T.);
#7840=EDGE_CURVE('',#9516,#9592,#9616,.T.);
#7841=EDGE_CURVE('',#9515,#9590,#9617,.T.);
#7842=EDGE_CURVE('',#9618,#9619,#9620,.T.);
#7843=EDGE_CURVE('',#9618,#9621,#9622,.T.);
#7844=EDGE_CURVE('',#9621,#9623,#9624,.T.);
#7845=EDGE_CURVE('',#9619,#9623,#9625,.T.);
#7846=EDGE_CURVE('',#9626,#9627,#9628,.T.);
#7847=EDGE_CURVE('',#9629,#9626,#9630,.T.);
#7848=EDGE_CURVE('',#9629,#9631,#9632,.T.);
#7849=EDGE_CURVE('',#9631,#9627,#9633,.T.);
#7850=EDGE_CURVE('',#9618,#9559,#9634,.T.);
#7851=EDGE_CURVE('',#9635,#9504,#9636,.T.);
#7852=EDGE_CURVE('',#9635,#9637,#9638,.T.);
#7853=EDGE_CURVE('',#9639,#9637,#9640,.T.);
#7854=EDGE_CURVE('',#9641,#9639,#9642,.T.);
#7855=EDGE_CURVE('',#9631,#9641,#9643,.T.);
#7856=EDGE_CURVE('',#9629,#9644,#9645,.T.);
#7857=EDGE_CURVE('',#9644,#9621,#9646,.T.);
#7858=EDGE_CURVE('',#9647,#9648,#9649,.T.);
#7859=EDGE_CURVE('',#9650,#9647,#9651,.T.);
#7860=EDGE_CURVE('',#9652,#9650,#9653,.T.);
#7861=EDGE_CURVE('',#9654,#9652,#9655,.T.);
#7862=EDGE_CURVE('',#9656,#9654,#9657,.T.);
#7863=EDGE_CURVE('',#9658,#9656,#9659,.T.);
#7864=EDGE_CURVE('',#9660,#9658,#9661,.T.);
#7865=EDGE_CURVE('',#9662,#9660,#9663,.T.);
#7866=EDGE_CURVE('',#9664,#9662,#9665,.T.);
#7867=EDGE_CURVE('',#9666,#9664,#9667,.T.);
#7868=EDGE_CURVE('',#9668,#9666,#9669,.T.);
#7869=EDGE_CURVE('',#9670,#9668,#9671,.T.);
#7870=EDGE_CURVE('',#9648,#9670,#9672,.T.);
#7871=EDGE_CURVE('',#9673,#9674,#9675,.T.);
#7872=EDGE_CURVE('',#9676,#9673,#9677,.T.);
#7873=EDGE_CURVE('',#9678,#9676,#9679,.T.);
#7874=EDGE_CURVE('',#9680,#9678,#9681,.T.);
#7875=EDGE_CURVE('',#9682,#9680,#9683,.T.);
#7876=EDGE_CURVE('',#9684,#9682,#9685,.T.);
#7877=EDGE_CURVE('',#9686,#9684,#9687,.T.);
#7878=EDGE_CURVE('',#9688,#9686,#9689,.T.);
#7879=EDGE_CURVE('',#9690,#9688,#9691,.T.);
#7880=EDGE_CURVE('',#9692,#9690,#9693,.T.);
#7881=EDGE_CURVE('',#9694,#9692,#9695,.T.);
#7882=EDGE_CURVE('',#9696,#9694,#9697,.T.);
#7883=EDGE_CURVE('',#9674,#9696,#9698,.T.);
#7884=EDGE_CURVE('',#9699,#9700,#9701,.T.);
#7885=EDGE_CURVE('',#9702,#9699,#9703,.T.);
#7886=EDGE_CURVE('',#9704,#9702,#9705,.T.);
#7887=EDGE_CURVE('',#9706,#9704,#9707,.T.);
#7888=EDGE_CURVE('',#9708,#9706,#9709,.T.);
#7889=EDGE_CURVE('',#9710,#9708,#9711,.T.);
#7890=EDGE_CURVE('',#9712,#9710,#9713,.T.);
#7891=EDGE_CURVE('',#9714,#9712,#9715,.T.);
#7892=EDGE_CURVE('',#9716,#9714,#9717,.T.);
#7893=EDGE_CURVE('',#9718,#9716,#9719,.T.);
#7894=EDGE_CURVE('',#9720,#9718,#9721,.T.);
#7895=EDGE_CURVE('',#9722,#9720,#9723,.T.);
#7896=EDGE_CURVE('',#9724,#9722,#9725,.T.);
#7897=EDGE_CURVE('',#9726,#9724,#9727,.T.);
#7898=EDGE_CURVE('',#9728,#9726,#9729,.T.);
#7899=EDGE_CURVE('',#9730,#9728,#9731,.T.);
#7900=EDGE_CURVE('',#9732,#9730,#9733,.T.);
#7901=EDGE_CURVE('',#9734,#9732,#9735,.T.);
#7902=EDGE_CURVE('',#9736,#9734,#9737,.T.);
#7903=EDGE_CURVE('',#9700,#9736,#9738,.T.);
#7904=EDGE_CURVE('',#9739,#9740,#9741,.T.);
#7905=EDGE_CURVE('',#9742,#9739,#9743,.T.);
#7906=EDGE_CURVE('',#9744,#9742,#9745,.T.);
#7907=EDGE_CURVE('',#9746,#9744,#9747,.T.);
#7908=EDGE_CURVE('',#9748,#9746,#9749,.T.);
#7909=EDGE_CURVE('',#9750,#9748,#9751,.T.);
#7910=EDGE_CURVE('',#9752,#9750,#9753,.T.);
#7911=EDGE_CURVE('',#9754,#9752,#9755,.T.);
#7912=EDGE_CURVE('',#9756,#9754,#9757,.T.);
#7913=EDGE_CURVE('',#9758,#9756,#9759,.T.);
#7914=EDGE_CURVE('',#9760,#9758,#9761,.T.);
#7915=EDGE_CURVE('',#9762,#9760,#9763,.T.);
#7916=EDGE_CURVE('',#9764,#9762,#9765,.T.);
#7917=EDGE_CURVE('',#9766,#9764,#9767,.T.);
#7918=EDGE_CURVE('',#9768,#9766,#9769,.T.);
#7919=EDGE_CURVE('',#9770,#9768,#9771,.T.);
#7920=EDGE_CURVE('',#9772,#9770,#9773,.T.);
#7921=EDGE_CURVE('',#9774,#9772,#9775,.T.);
#7922=EDGE_CURVE('',#9776,#9774,#9777,.T.);
#7923=EDGE_CURVE('',#9778,#9776,#9779,.T.);
#7924=EDGE_CURVE('',#9780,#9778,#9781,.T.);
#7925=EDGE_CURVE('',#9782,#9780,#9783,.T.);
#7926=EDGE_CURVE('',#9784,#9782,#9785,.T.);
#7927=EDGE_CURVE('',#9786,#9784,#9787,.T.);
#7928=EDGE_CURVE('',#9788,#9786,#9789,.T.);
#7929=EDGE_CURVE('',#9790,#9788,#9791,.T.);
#7930=EDGE_CURVE('',#9792,#9790,#9793,.T.);
#7931=EDGE_CURVE('',#9794,#9792,#9795,.T.);
#7932=EDGE_CURVE('',#9796,#9794,#9797,.T.);
#7933=EDGE_CURVE('',#9798,#9796,#9799,.T.);
#7934=EDGE_CURVE('',#9800,#9798,#9801,.T.);
#7935=EDGE_CURVE('',#9802,#9800,#9803,.T.);
#7936=EDGE_CURVE('',#9804,#9802,#9805,.T.);
#7937=EDGE_CURVE('',#9806,#9804,#9807,.T.);
#7938=EDGE_CURVE('',#9808,#9806,#9809,.T.);
#7939=EDGE_CURVE('',#9810,#9808,#9811,.T.);
#7940=EDGE_CURVE('',#9812,#9810,#9813,.T.);
#7941=EDGE_CURVE('',#9814,#9812,#9815,.T.);
#7942=EDGE_CURVE('',#9816,#9814,#9817,.T.);
#7943=EDGE_CURVE('',#9818,#9816,#9819,.T.);
#7944=EDGE_CURVE('',#9820,#9818,#9821,.T.);
#7945=EDGE_CURVE('',#9822,#9820,#9823,.T.);
#7946=EDGE_CURVE('',#9824,#9822,#9825,.T.);
#7947=EDGE_CURVE('',#9826,#9824,#9827,.T.);
#7948=EDGE_CURVE('',#9828,#9826,#9829,.T.);
#7949=EDGE_CURVE('',#9830,#9828,#9831,.T.);
#7950=EDGE_CURVE('',#9832,#9830,#9833,.T.);
#7951=EDGE_CURVE('',#9834,#9832,#9835,.T.);
#7952=EDGE_CURVE('',#9836,#9834,#9837,.T.);
#7953=EDGE_CURVE('',#9838,#9836,#9839,.T.);
#7954=EDGE_CURVE('',#9840,#9838,#9841,.T.);
#7955=EDGE_CURVE('',#9842,#9840,#9843,.T.);
#7956=EDGE_CURVE('',#9844,#9842,#9845,.T.);
#7957=EDGE_CURVE('',#9846,#9844,#9847,.T.);
#7958=EDGE_CURVE('',#9848,#9846,#9849,.T.);
#7959=EDGE_CURVE('',#9850,#9848,#9851,.T.);
#7960=EDGE_CURVE('',#9852,#9850,#9853,.T.);
#7961=EDGE_CURVE('',#9854,#9852,#9855,.T.);
#7962=EDGE_CURVE('',#9856,#9854,#9857,.T.);
#7963=EDGE_CURVE('',#9858,#9856,#9859,.T.);
#7964=EDGE_CURVE('',#9860,#9858,#9861,.T.);
#7965=EDGE_CURVE('',#9862,#9860,#9863,.T.);
#7966=EDGE_CURVE('',#9864,#9862,#9865,.T.);
#7967=EDGE_CURVE('',#9866,#9864,#9867,.T.);
#7968=EDGE_CURVE('',#9868,#9866,#9869,.T.);
#7969=EDGE_CURVE('',#9870,#9868,#9871,.T.);
#7970=EDGE_CURVE('',#9872,#9870,#9873,.T.);
#7971=EDGE_CURVE('',#9874,#9872,#9875,.T.);
#7972=EDGE_CURVE('',#9876,#9874,#9877,.T.);
#7973=EDGE_CURVE('',#9878,#9876,#9879,.T.);
#7974=EDGE_CURVE('',#9740,#9878,#9880,.T.);
#7975=EDGE_CURVE('',#9881,#9882,#9883,.T.);
#7976=EDGE_CURVE('',#9884,#9881,#9885,.T.);
#7977=EDGE_CURVE('',#9886,#9884,#9887,.T.);
#7978=EDGE_CURVE('',#9888,#9886,#9889,.T.);
#7979=EDGE_CURVE('',#9890,#9888,#9891,.T.);
#7980=EDGE_CURVE('',#9892,#9890,#9893,.T.);
#7981=EDGE_CURVE('',#9894,#9892,#9895,.T.);
#7982=EDGE_CURVE('',#9896,#9894,#9897,.T.);
#7983=EDGE_CURVE('',#9898,#9896,#9899,.T.);
#7984=EDGE_CURVE('',#9900,#9898,#9901,.T.);
#7985=EDGE_CURVE('',#9902,#9900,#9903,.T.);
#7986=EDGE_CURVE('',#9882,#9902,#9904,.T.);
#7987=EDGE_CURVE('',#9905,#9906,#9907,.T.);
#7988=EDGE_CURVE('',#9908,#9905,#9909,.T.);
#7989=EDGE_CURVE('',#9910,#9908,#9911,.T.);
#7990=EDGE_CURVE('',#9912,#9910,#9913,.T.);
#7991=EDGE_CURVE('',#9914,#9912,#9915,.T.);
#7992=EDGE_CURVE('',#9916,#9914,#9917,.T.);
#7993=EDGE_CURVE('',#9918,#9916,#9919,.T.);
#7994=EDGE_CURVE('',#9920,#9918,#9921,.T.);
#7995=EDGE_CURVE('',#9922,#9920,#9923,.T.);
#7996=EDGE_CURVE('',#9924,#9922,#9925,.T.);
#7997=EDGE_CURVE('',#9926,#9924,#9927,.T.);
#7998=EDGE_CURVE('',#9928,#9926,#9929,.T.);
#7999=EDGE_CURVE('',#9930,#9928,#9931,.T.);
#8000=EDGE_CURVE('',#9932,#9930,#9933,.T.);
#8001=EDGE_CURVE('',#9906,#9932,#9934,.T.);
#8002=EDGE_CURVE('',#9935,#9936,#9937,.T.);
#8003=EDGE_CURVE('',#9936,#9938,#9939,.T.);
#8004=EDGE_CURVE('',#9938,#9940,#9941,.T.);
#8005=EDGE_CURVE('',#9940,#9942,#9943,.T.);
#8006=EDGE_CURVE('',#9942,#9944,#9945,.T.);
#8007=EDGE_CURVE('',#9944,#9946,#9947,.T.);
#8008=EDGE_CURVE('',#9946,#9948,#9949,.T.);
#8009=EDGE_CURVE('',#9948,#9950,#9951,.T.);
#8010=EDGE_CURVE('',#9950,#9952,#9953,.T.);
#8011=EDGE_CURVE('',#9952,#9935,#9954,.T.);
#8012=EDGE_CURVE('',#9955,#9956,#9957,.T.);
#8013=EDGE_CURVE('',#9958,#9955,#9959,.T.);
#8014=EDGE_CURVE('',#9960,#9958,#9961,.T.);
#8015=EDGE_CURVE('',#9962,#9960,#9963,.T.);
#8016=EDGE_CURVE('',#9964,#9962,#9965,.T.);
#8017=EDGE_CURVE('',#9966,#9964,#9967,.T.);
#8018=EDGE_CURVE('',#9968,#9966,#9969,.T.);
#8019=EDGE_CURVE('',#9956,#9968,#9970,.T.);
#8020=EDGE_CURVE('',#9971,#9972,#9973,.T.);
#8021=EDGE_CURVE('',#9974,#9971,#9975,.T.);
#8022=EDGE_CURVE('',#9976,#9974,#9977,.T.);
#8023=EDGE_CURVE('',#9978,#9976,#9979,.T.);
#8024=EDGE_CURVE('',#9980,#9978,#9981,.T.);
#8025=EDGE_CURVE('',#9982,#9980,#9983,.T.);
#8026=EDGE_CURVE('',#9984,#9982,#9985,.T.);
#8027=EDGE_CURVE('',#9986,#9984,#9987,.T.);
#8028=EDGE_CURVE('',#9988,#9986,#9989,.T.);
#8029=EDGE_CURVE('',#9990,#9988,#9991,.T.);
#8030=EDGE_CURVE('',#9992,#9990,#9993,.T.);
#8031=EDGE_CURVE('',#9994,#9992,#9995,.T.);
#8032=EDGE_CURVE('',#9996,#9994,#9997,.T.);
#8033=EDGE_CURVE('',#9998,#9996,#9999,.T.);
#8034=EDGE_CURVE('',#10000,#9998,#10001,.T.);
#8035=EDGE_CURVE('',#10002,#10000,#10003,.T.);
#8036=EDGE_CURVE('',#10004,#10002,#10005,.T.);
#8037=EDGE_CURVE('',#10006,#10004,#10007,.T.);
#8038=EDGE_CURVE('',#10008,#10006,#10009,.T.);
#8039=EDGE_CURVE('',#10010,#10008,#10011,.T.);
#8040=EDGE_CURVE('',#10012,#10010,#10013,.T.);
#8041=EDGE_CURVE('',#10014,#10012,#10015,.T.);
#8042=EDGE_CURVE('',#10016,#10014,#10017,.T.);
#8043=EDGE_CURVE('',#10018,#10016,#10019,.T.);
#8044=EDGE_CURVE('',#10020,#10018,#10021,.T.);
#8045=EDGE_CURVE('',#10022,#10020,#10023,.T.);
#8046=EDGE_CURVE('',#10024,#10022,#10025,.T.);
#8047=EDGE_CURVE('',#10026,#10024,#10027,.T.);
#8048=EDGE_CURVE('',#10028,#10026,#10029,.T.);
#8049=EDGE_CURVE('',#10030,#10028,#10031,.T.);
#8050=EDGE_CURVE('',#10032,#10030,#10033,.T.);
#8051=EDGE_CURVE('',#10034,#10032,#10035,.T.);
#8052=EDGE_CURVE('',#10036,#10034,#10037,.T.);
#8053=EDGE_CURVE('',#10038,#10036,#10039,.T.);
#8054=EDGE_CURVE('',#10040,#10038,#10041,.T.);
#8055=EDGE_CURVE('',#10042,#10040,#10043,.T.);
#8056=EDGE_CURVE('',#10044,#10042,#10045,.T.);
#8057=EDGE_CURVE('',#10046,#10044,#10047,.T.);
#8058=EDGE_CURVE('',#10048,#10046,#10049,.T.);
#8059=EDGE_CURVE('',#10050,#10048,#10051,.T.);
#8060=EDGE_CURVE('',#10052,#10050,#10053,.T.);
#8061=EDGE_CURVE('',#10054,#10052,#10055,.T.);
#8062=EDGE_CURVE('',#10056,#10054,#10057,.T.);
#8063=EDGE_CURVE('',#10058,#10056,#10059,.T.);
#8064=EDGE_CURVE('',#10060,#10058,#10061,.T.);
#8065=EDGE_CURVE('',#10062,#10060,#10063,.T.);
#8066=EDGE_CURVE('',#10064,#10062,#10065,.T.);
#8067=EDGE_CURVE('',#10066,#10064,#10067,.T.);
#8068=EDGE_CURVE('',#10068,#10066,#10069,.T.);
#8069=EDGE_CURVE('',#9972,#10068,#10070,.T.);
#8070=EDGE_CURVE('',#10071,#10072,#10073,.T.);
#8071=EDGE_CURVE('',#10072,#10074,#10075,.T.);
#8072=EDGE_CURVE('',#10074,#10076,#10077,.T.);
#8073=EDGE_CURVE('',#10076,#10078,#10079,.T.);
#8074=EDGE_CURVE('',#10078,#10080,#10081,.T.);
#8075=EDGE_CURVE('',#10080,#10082,#10083,.T.);
#8076=EDGE_CURVE('',#10082,#10084,#10085,.T.);
#8077=EDGE_CURVE('',#10084,#10086,#10087,.T.);
#8078=EDGE_CURVE('',#10086,#10088,#10089,.T.);
#8079=EDGE_CURVE('',#10088,#10090,#10091,.T.);
#8080=EDGE_CURVE('',#10090,#10092,#10093,.T.);
#8081=EDGE_CURVE('',#10092,#10094,#10095,.T.);
#8082=EDGE_CURVE('',#10094,#10096,#10097,.T.);
#8083=EDGE_CURVE('',#10096,#10098,#10099,.T.);
#8084=EDGE_CURVE('',#10098,#10100,#10101,.T.);
#8085=EDGE_CURVE('',#10100,#10102,#10103,.T.);
#8086=EDGE_CURVE('',#10102,#10104,#10105,.T.);
#8087=EDGE_CURVE('',#10104,#10106,#10107,.T.);
#8088=EDGE_CURVE('',#10106,#10108,#10109,.T.);
#8089=EDGE_CURVE('',#10108,#10110,#10111,.T.);
#8090=EDGE_CURVE('',#10110,#10112,#10113,.T.);
#8091=EDGE_CURVE('',#10112,#10114,#10115,.T.);
#8092=EDGE_CURVE('',#10114,#10116,#10117,.T.);
#8093=EDGE_CURVE('',#10116,#10118,#10119,.T.);
#8094=EDGE_CURVE('',#10118,#10120,#10121,.T.);
#8095=EDGE_CURVE('',#10120,#10122,#10123,.T.);
#8096=EDGE_CURVE('',#10122,#10124,#10125,.T.);
#8097=EDGE_CURVE('',#10124,#10126,#10127,.T.);
#8098=EDGE_CURVE('',#10126,#10128,#10129,.T.);
#8099=EDGE_CURVE('',#10128,#10130,#10131,.T.);
#8100=EDGE_CURVE('',#10130,#10132,#10133,.T.);
#8101=EDGE_CURVE('',#10132,#10134,#10135,.T.);
#8102=EDGE_CURVE('',#10134,#10136,#10137,.T.);
#8103=EDGE_CURVE('',#10136,#10138,#10139,.T.);
#8104=EDGE_CURVE('',#10138,#10140,#10141,.T.);
#8105=EDGE_CURVE('',#10140,#10142,#10143,.T.);
#8106=EDGE_CURVE('',#10142,#10144,#10145,.T.);
#8107=EDGE_CURVE('',#10144,#10146,#10147,.T.);
#8108=EDGE_CURVE('',#10146,#10148,#10149,.T.);
#8109=EDGE_CURVE('',#10148,#10150,#10151,.T.);
#8110=EDGE_CURVE('',#10150,#10152,#10153,.T.);
#8111=EDGE_CURVE('',#10152,#10154,#10155,.T.);
#8112=EDGE_CURVE('',#10154,#10156,#10157,.T.);
#8113=EDGE_CURVE('',#10156,#10158,#10159,.T.);
#8114=EDGE_CURVE('',#10158,#10160,#10161,.T.);
#8115=EDGE_CURVE('',#10160,#10162,#10163,.T.);
#8116=EDGE_CURVE('',#10162,#10164,#10165,.T.);
#8117=EDGE_CURVE('',#10164,#10166,#10167,.T.);
#8118=EDGE_CURVE('',#10166,#10168,#10169,.T.);
#8119=EDGE_CURVE('',#10168,#10170,#10171,.T.);
#8120=EDGE_CURVE('',#10170,#10172,#10173,.T.);
#8121=EDGE_CURVE('',#10172,#10174,#10175,.T.);
#8122=EDGE_CURVE('',#10174,#10176,#10177,.T.);
#8123=EDGE_CURVE('',#10176,#10178,#10179,.T.);
#8124=EDGE_CURVE('',#10178,#10180,#10181,.T.);
#8125=EDGE_CURVE('',#10180,#10182,#10183,.T.);
#8126=EDGE_CURVE('',#10182,#10184,#10185,.T.);
#8127=EDGE_CURVE('',#10184,#10186,#10187,.T.);
#8128=EDGE_CURVE('',#10186,#10188,#10189,.T.);
#8129=EDGE_CURVE('',#10188,#10190,#10191,.T.);
#8130=EDGE_CURVE('',#10190,#10192,#10193,.T.);
#8131=EDGE_CURVE('',#10192,#10194,#10195,.T.);
#8132=EDGE_CURVE('',#10194,#10196,#10197,.T.);
#8133=EDGE_CURVE('',#10196,#10198,#10199,.T.);
#8134=EDGE_CURVE('',#10198,#10200,#10201,.T.);
#8135=EDGE_CURVE('',#10200,#10202,#10203,.T.);
#8136=EDGE_CURVE('',#10202,#10204,#10205,.T.);
#8137=EDGE_CURVE('',#10204,#10206,#10207,.T.);
#8138=EDGE_CURVE('',#10206,#10208,#10209,.T.);
#8139=EDGE_CURVE('',#10208,#10210,#10211,.T.);
#8140=EDGE_CURVE('',#10210,#10071,#10212,.T.);
#8141=EDGE_CURVE('',#10134,#9739,#10213,.T.);
#8142=EDGE_CURVE('',#10136,#9740,#10214,.T.);
#8143=EDGE_CURVE('',#10132,#9742,#10215,.T.);
#8144=EDGE_CURVE('',#10130,#9744,#10216,.T.);
#8145=EDGE_CURVE('',#10128,#9746,#10217,.T.);
#8146=EDGE_CURVE('',#10126,#9748,#10218,.T.);
#8147=EDGE_CURVE('',#10124,#9750,#10219,.T.);
#8148=EDGE_CURVE('',#10122,#9752,#10220,.T.);
#8149=EDGE_CURVE('',#10120,#9754,#10221,.T.);
#8150=EDGE_CURVE('',#10118,#9756,#10222,.T.);
#8151=EDGE_CURVE('',#10116,#9758,#10223,.T.);
#8152=EDGE_CURVE('',#10114,#9760,#10224,.T.);
#8153=EDGE_CURVE('',#10112,#9762,#10225,.T.);
#8154=EDGE_CURVE('',#10110,#9764,#10226,.T.);
#8155=EDGE_CURVE('',#10108,#9766,#10227,.T.);
#8156=EDGE_CURVE('',#10106,#9768,#10228,.T.);
#8157=EDGE_CURVE('',#10104,#9770,#10229,.T.);
#8158=EDGE_CURVE('',#10102,#9772,#10230,.T.);
#8159=EDGE_CURVE('',#10100,#9774,#10231,.T.);
#8160=EDGE_CURVE('',#10098,#9776,#10232,.T.);
#8161=EDGE_CURVE('',#10096,#9778,#10233,.T.);
#8162=EDGE_CURVE('',#10094,#9780,#10234,.T.);
#8163=EDGE_CURVE('',#10092,#9782,#10235,.T.);
#8164=EDGE_CURVE('',#10090,#9784,#10236,.T.);
#8165=EDGE_CURVE('',#10088,#9786,#10237,.T.);
#8166=EDGE_CURVE('',#10086,#9788,#10238,.T.);
#8167=EDGE_CURVE('',#10084,#9790,#10239,.T.);
#8168=EDGE_CURVE('',#10082,#9792,#10240,.T.);
#8169=EDGE_CURVE('',#10080,#9794,#10241,.T.);
#8170=EDGE_CURVE('',#10078,#9796,#10242,.T.);
#8171=EDGE_CURVE('',#10076,#9798,#10243,.T.);
#8172=EDGE_CURVE('',#10074,#9800,#10244,.T.);
#8173=EDGE_CURVE('',#10072,#9802,#10245,.T.);
#8174=EDGE_CURVE('',#10071,#9804,#10246,.T.);
#8175=EDGE_CURVE('',#10210,#9806,#10247,.T.);
#8176=EDGE_CURVE('',#10208,#9808,#10248,.T.);
#8177=EDGE_CURVE('',#10206,#9810,#10249,.T.);
#8178=EDGE_CURVE('',#10204,#9812,#10250,.T.);
#8179=EDGE_CURVE('',#10202,#9814,#10251,.T.);
#8180=EDGE_CURVE('',#10200,#9816,#10252,.T.);
#8181=EDGE_CURVE('',#10198,#9818,#10253,.T.);
#8182=EDGE_CURVE('',#10196,#9820,#10254,.T.);
#8183=EDGE_CURVE('',#10194,#9822,#10255,.T.);
#8184=EDGE_CURVE('',#10192,#9824,#10256,.T.);
#8185=EDGE_CURVE('',#10190,#9826,#10257,.T.);
#8186=EDGE_CURVE('',#10188,#9828,#10258,.T.);
#8187=EDGE_CURVE('',#10186,#9830,#10259,.T.);
#8188=EDGE_CURVE('',#10184,#9832,#10260,.T.);
#8189=EDGE_CURVE('',#10182,#9834,#10261,.T.);
#8190=EDGE_CURVE('',#10180,#9836,#10262,.T.);
#8191=EDGE_CURVE('',#10178,#9838,#10263,.T.);
#8192=EDGE_CURVE('',#10176,#9840,#10264,.T.);
#8193=EDGE_CURVE('',#10174,#9842,#10265,.T.);
#8194=EDGE_CURVE('',#10172,#9844,#10266,.T.);
#8195=EDGE_CURVE('',#10170,#9846,#10267,.T.);
#8196=EDGE_CURVE('',#10168,#9848,#10268,.T.);
#8197=EDGE_CURVE('',#10166,#9850,#10269,.T.);
#8198=EDGE_CURVE('',#10164,#9852,#10270,.T.);
#8199=EDGE_CURVE('',#10162,#9854,#10271,.T.);
#8200=EDGE_CURVE('',#10160,#9856,#10272,.T.);
#8201=EDGE_CURVE('',#10158,#9858,#10273,.T.);
#8202=EDGE_CURVE('',#10156,#9860,#10274,.T.);
#8203=EDGE_CURVE('',#10154,#9862,#10275,.T.);
#8204=EDGE_CURVE('',#10152,#9864,#10276,.T.);
#8205=EDGE_CURVE('',#10150,#9866,#10277,.T.);
#8206=EDGE_CURVE('',#10148,#9868,#10278,.T.);
#8207=EDGE_CURVE('',#10146,#9870,#10279,.T.);
#8208=EDGE_CURVE('',#10144,#9872,#10280,.T.);
#8209=EDGE_CURVE('',#10142,#9874,#10281,.T.);
#8210=EDGE_CURVE('',#10140,#9876,#10282,.T.);
#8211=EDGE_CURVE('',#10138,#9878,#10283,.T.);
#8212=EDGE_CURVE('',#10284,#10285,#10286,.T.);
#8213=EDGE_CURVE('',#10285,#10287,#10288,.T.);
#8214=EDGE_CURVE('',#10287,#10289,#10290,.T.);
#8215=EDGE_CURVE('',#10289,#10291,#10292,.T.);
#8216=EDGE_CURVE('',#10291,#10293,#10294,.T.);
#8217=EDGE_CURVE('',#10293,#10295,#10296,.T.);
#8218=EDGE_CURVE('',#10295,#10297,#10298,.T.);
#8219=EDGE_CURVE('',#10297,#10299,#10300,.T.);
#8220=EDGE_CURVE('',#10299,#10301,#10302,.T.);
#8221=EDGE_CURVE('',#10301,#10303,#10304,.T.);
#8222=EDGE_CURVE('',#10303,#10305,#10306,.T.);
#8223=EDGE_CURVE('',#10305,#10284,#10307,.T.);
#8224=EDGE_CURVE('',#10289,#9881,#10308,.T.);
#8225=EDGE_CURVE('',#10291,#9882,#10309,.T.);
#8226=EDGE_CURVE('',#10287,#9884,#10310,.T.);
#8227=EDGE_CURVE('',#10285,#9886,#10311,.T.);
#8228=EDGE_CURVE('',#10284,#9888,#10312,.T.);
#8229=EDGE_CURVE('',#10305,#9890,#10313,.T.);
#8230=EDGE_CURVE('',#10303,#9892,#10314,.T.);
#8231=EDGE_CURVE('',#10301,#9894,#10315,.T.);
#8232=EDGE_CURVE('',#10299,#9896,#10316,.T.);
#8233=EDGE_CURVE('',#10297,#9898,#10317,.T.);
#8234=EDGE_CURVE('',#10295,#9900,#10318,.T.);
#8235=EDGE_CURVE('',#10293,#9902,#10319,.T.);
#8236=EDGE_CURVE('',#10320,#10321,#10322,.T.);
#8237=EDGE_CURVE('',#10323,#10320,#10324,.T.);
#8238=EDGE_CURVE('',#10325,#10323,#10326,.T.);
#8239=EDGE_CURVE('',#10327,#10325,#10328,.T.);
#8240=EDGE_CURVE('',#10329,#10327,#10330,.T.);
#8241=EDGE_CURVE('',#10331,#10329,#10332,.T.);
#8242=EDGE_CURVE('',#10333,#10331,#10334,.T.);
#8243=EDGE_CURVE('',#10335,#10333,#10336,.T.);
#8244=EDGE_CURVE('',#10337,#10335,#10338,.T.);
#8245=EDGE_CURVE('',#10321,#10337,#10339,.T.);
#8246=EDGE_CURVE('',#9936,#10321,#10340,.T.);
#8247=EDGE_CURVE('',#9938,#10337,#10341,.T.);
#8248=EDGE_CURVE('',#9940,#10335,#10342,.T.);
#8249=EDGE_CURVE('',#9942,#10333,#10343,.T.);
#8250=EDGE_CURVE('',#10344,#10345,#10346,.T.);
#8251=EDGE_CURVE('',#10344,#9637,#10347,.T.);
#8252=EDGE_CURVE('',#9635,#10345,#10348,.T.);
#8253=EDGE_CURVE('',#9944,#10331,#10349,.T.);
#8254=EDGE_CURVE('',#9946,#10329,#10350,.T.);
#8255=EDGE_CURVE('',#9948,#10327,#10351,.T.);
#8256=EDGE_CURVE('',#9950,#10325,#10352,.T.);
#8257=EDGE_CURVE('',#9952,#10323,#10353,.T.);
#8258=EDGE_CURVE('',#9935,#10320,#10354,.T.);
#8259=EDGE_CURVE('',#10355,#10356,#10357,.T.);
#8260=EDGE_CURVE('',#10356,#10358,#10359,.T.);
#8261=EDGE_CURVE('',#10358,#10360,#10361,.T.);
#8262=EDGE_CURVE('',#10360,#10362,#10363,.T.);
#8263=EDGE_CURVE('',#10362,#10364,#10365,.T.);
#8264=EDGE_CURVE('',#10364,#10366,#10367,.T.);
#8265=EDGE_CURVE('',#10366,#10368,#10369,.T.);
#8266=EDGE_CURVE('',#10368,#10370,#10371,.T.);
#8267=EDGE_CURVE('',#10370,#10372,#10373,.T.);
#8268=EDGE_CURVE('',#10372,#10374,#10375,.T.);
#8269=EDGE_CURVE('',#10374,#10376,#10377,.T.);
#8270=EDGE_CURVE('',#10376,#10378,#10379,.T.);
#8271=EDGE_CURVE('',#10378,#10380,#10381,.T.);
#8272=EDGE_CURVE('',#10380,#10382,#10383,.T.);
#8273=EDGE_CURVE('',#10382,#10355,#10384,.T.);
#8274=EDGE_CURVE('',#10380,#9906,#10385,.T.);
#8275=EDGE_CURVE('',#10382,#9932,#10386,.T.);
#8276=EDGE_CURVE('',#10355,#9930,#10387,.T.);
#8277=EDGE_CURVE('',#10356,#9928,#10388,.T.);
#8278=EDGE_CURVE('',#10358,#9926,#10389,.T.);
#8279=EDGE_CURVE('',#10360,#9924,#10390,.T.);
#8280=EDGE_CURVE('',#10362,#9922,#10391,.T.);
#8281=EDGE_CURVE('',#10364,#9920,#10392,.T.);
#8282=EDGE_CURVE('',#10366,#9918,#10393,.T.);
#8283=EDGE_CURVE('',#10368,#9916,#10394,.T.);
#8284=EDGE_CURVE('',#10370,#9914,#10395,.T.);
#8285=EDGE_CURVE('',#10372,#9912,#10396,.T.);
#8286=EDGE_CURVE('',#10374,#9910,#10397,.T.);
#8287=EDGE_CURVE('',#10376,#9908,#10398,.T.);
#8288=EDGE_CURVE('',#10378,#9905,#10399,.T.);
#8289=EDGE_CURVE('',#10400,#10401,#10402,.T.);
#8290=EDGE_CURVE('',#10401,#10403,#10404,.T.);
#8291=EDGE_CURVE('',#10403,#10405,#10406,.T.);
#8292=EDGE_CURVE('',#10405,#10407,#10408,.T.);
#8293=EDGE_CURVE('',#10407,#10409,#10410,.T.);
#8294=EDGE_CURVE('',#10409,#10411,#10412,.T.);
#8295=EDGE_CURVE('',#10411,#10413,#10414,.T.);
#8296=EDGE_CURVE('',#10413,#10415,#10416,.T.);
#8297=EDGE_CURVE('',#10415,#10417,#10418,.T.);
#8298=EDGE_CURVE('',#10417,#10419,#10420,.T.);
#8299=EDGE_CURVE('',#10419,#10421,#10422,.T.);
#8300=EDGE_CURVE('',#10421,#10423,#10424,.T.);
#8301=EDGE_CURVE('',#10423,#10425,#10426,.T.);
#8302=EDGE_CURVE('',#10425,#10427,#10428,.T.);
#8303=EDGE_CURVE('',#10427,#10429,#10430,.T.);
#8304=EDGE_CURVE('',#10429,#10431,#10432,.T.);
#8305=EDGE_CURVE('',#10431,#10433,#10434,.T.);
#8306=EDGE_CURVE('',#10433,#10435,#10436,.T.);
#8307=EDGE_CURVE('',#10435,#10437,#10438,.T.);
#8308=EDGE_CURVE('',#10437,#10439,#10440,.T.);
#8309=EDGE_CURVE('',#10439,#10441,#10442,.T.);
#8310=EDGE_CURVE('',#10441,#10443,#10444,.T.);
#8311=EDGE_CURVE('',#10443,#10445,#10446,.T.);
#8312=EDGE_CURVE('',#10445,#10447,#10448,.T.);
#8313=EDGE_CURVE('',#10447,#10449,#10450,.T.);
#8314=EDGE_CURVE('',#10449,#10451,#10452,.T.);
#8315=EDGE_CURVE('',#10451,#10453,#10454,.T.);
#8316=EDGE_CURVE('',#10453,#10455,#10456,.T.);
#8317=EDGE_CURVE('',#10455,#10457,#10458,.T.);
#8318=EDGE_CURVE('',#10457,#10459,#10460,.T.);
#8319=EDGE_CURVE('',#10459,#10461,#10462,.T.);
#8320=EDGE_CURVE('',#10461,#10463,#10464,.T.);
#8321=EDGE_CURVE('',#10463,#10465,#10466,.T.);
#8322=EDGE_CURVE('',#10465,#10467,#10468,.T.);
#8323=EDGE_CURVE('',#10467,#10469,#10470,.T.);
#8324=EDGE_CURVE('',#10469,#10471,#10472,.T.);
#8325=EDGE_CURVE('',#10471,#10473,#10474,.T.);
#8326=EDGE_CURVE('',#10473,#10475,#10476,.T.);
#8327=EDGE_CURVE('',#10475,#10477,#10478,.T.);
#8328=EDGE_CURVE('',#10477,#10479,#10480,.T.);
#8329=EDGE_CURVE('',#10479,#10481,#10482,.T.);
#8330=EDGE_CURVE('',#10481,#10483,#10484,.T.);
#8331=EDGE_CURVE('',#10483,#10485,#10486,.T.);
#8332=EDGE_CURVE('',#10485,#10487,#10488,.T.);
#8333=EDGE_CURVE('',#10487,#10489,#10490,.T.);
#8334=EDGE_CURVE('',#10489,#10491,#10492,.T.);
#8335=EDGE_CURVE('',#10491,#10493,#10494,.T.);
#8336=EDGE_CURVE('',#10493,#10495,#10496,.T.);
#8337=EDGE_CURVE('',#10495,#10497,#10498,.T.);
#8338=EDGE_CURVE('',#10497,#10400,#10499,.T.);
#8339=EDGE_CURVE('',#10411,#9971,#10500,.T.);
#8340=EDGE_CURVE('',#10413,#9972,#10501,.T.);
#8341=EDGE_CURVE('',#10409,#9974,#10502,.T.);
#8342=EDGE_CURVE('',#10407,#9976,#10503,.T.);
#8343=EDGE_CURVE('',#10405,#9978,#10504,.T.);
#8344=EDGE_CURVE('',#10403,#9980,#10505,.T.);
#8345=EDGE_CURVE('',#10401,#9982,#10506,.T.);
#8346=EDGE_CURVE('',#10400,#9984,#10507,.T.);
#8347=EDGE_CURVE('',#10497,#9986,#10508,.T.);
#8348=EDGE_CURVE('',#10495,#9988,#10509,.T.);
#8349=EDGE_CURVE('',#10493,#9990,#10510,.T.);
#8350=EDGE_CURVE('',#10491,#9992,#10511,.T.);
#8351=EDGE_CURVE('',#10489,#9994,#10512,.T.);
#8352=EDGE_CURVE('',#10487,#9996,#10513,.T.);
#8353=EDGE_CURVE('',#10485,#9998,#10514,.T.);
#8354=EDGE_CURVE('',#10483,#10000,#10515,.T.);
#8355=EDGE_CURVE('',#10481,#10002,#10516,.T.);
#8356=EDGE_CURVE('',#10479,#10004,#10517,.T.);
#8357=EDGE_CURVE('',#10477,#10006,#10518,.T.);
#8358=EDGE_CURVE('',#10475,#10008,#10519,.T.);
#8359=EDGE_CURVE('',#10473,#10010,#10520,.T.);
#8360=EDGE_CURVE('',#10471,#10012,#10521,.T.);
#8361=EDGE_CURVE('',#10469,#10014,#10522,.T.);
#8362=EDGE_CURVE('',#10467,#10016,#10523,.T.);
#8363=EDGE_CURVE('',#10465,#10018,#10524,.T.);
#8364=EDGE_CURVE('',#10463,#10020,#10525,.T.);
#8365=EDGE_CURVE('',#10461,#10022,#10526,.T.);
#8366=EDGE_CURVE('',#10459,#10024,#10527,.T.);
#8367=EDGE_CURVE('',#10457,#10026,#10528,.T.);
#8368=EDGE_CURVE('',#10455,#10028,#10529,.T.);
#8369=EDGE_CURVE('',#10453,#10030,#10530,.T.);
#8370=EDGE_CURVE('',#10451,#10032,#10531,.T.);
#8371=EDGE_CURVE('',#10449,#10034,#10532,.T.);
#8372=EDGE_CURVE('',#10447,#10036,#10533,.T.);
#8373=EDGE_CURVE('',#10445,#10038,#10534,.T.);
#8374=EDGE_CURVE('',#10443,#10040,#10535,.T.);
#8375=EDGE_CURVE('',#10441,#10042,#10536,.T.);
#8376=EDGE_CURVE('',#10439,#10044,#10537,.T.);
#8377=EDGE_CURVE('',#10437,#10046,#10538,.T.);
#8378=EDGE_CURVE('',#10435,#10048,#10539,.T.);
#8379=EDGE_CURVE('',#10433,#10050,#10540,.T.);
#8380=EDGE_CURVE('',#10431,#10052,#10541,.T.);
#8381=EDGE_CURVE('',#10429,#10054,#10542,.T.);
#8382=EDGE_CURVE('',#10427,#10056,#10543,.T.);
#8383=EDGE_CURVE('',#10425,#10058,#10544,.T.);
#8384=EDGE_CURVE('',#10423,#10060,#10545,.T.);
#8385=EDGE_CURVE('',#10421,#10062,#10546,.T.);
#8386=EDGE_CURVE('',#10419,#10064,#10547,.T.);
#8387=EDGE_CURVE('',#10417,#10066,#10548,.T.);
#8388=EDGE_CURVE('',#10415,#10068,#10549,.T.);
#8389=EDGE_CURVE('',#10550,#9955,#10551,.T.);
#8390=EDGE_CURVE('',#10552,#10550,#10553,.T.);
#8391=EDGE_CURVE('',#10552,#9958,#10554,.T.);
#8392=EDGE_CURVE('',#10555,#10552,#10556,.T.);
#8393=EDGE_CURVE('',#10555,#9960,#10557,.T.);
#8394=EDGE_CURVE('',#10558,#10555,#10559,.T.);
#8395=EDGE_CURVE('',#10558,#9962,#10560,.T.);
#8396=EDGE_CURVE('',#10561,#10558,#10562,.T.);
#8397=EDGE_CURVE('',#10561,#9964,#10563,.T.);
#8398=EDGE_CURVE('',#10564,#10561,#10565,.T.);
#8399=EDGE_CURVE('',#10564,#9966,#10566,.T.);
#8400=EDGE_CURVE('',#10567,#10564,#10568,.T.);
#8401=EDGE_CURVE('',#10567,#9968,#10569,.T.);
#8402=EDGE_CURVE('',#10570,#10567,#10571,.T.);
#8403=EDGE_CURVE('',#10570,#9956,#10572,.T.);
#8404=EDGE_CURVE('',#10550,#10570,#10573,.T.);
#8405=EDGE_CURVE('',#10574,#10575,#10576,.T.);
#8406=EDGE_CURVE('',#10575,#10574,#10577,.T.);
#8407=EDGE_CURVE('',#10578,#10579,#10580,.T.);
#8408=EDGE_CURVE('',#10579,#10581,#10582,.T.);
#8409=EDGE_CURVE('',#10581,#10583,#10584,.T.);
#8410=EDGE_CURVE('',#10583,#10585,#10586,.T.);
#8411=EDGE_CURVE('',#10585,#10587,#10588,.T.);
#8412=EDGE_CURVE('',#10589,#10587,#10590,.T.);
#8413=EDGE_CURVE('',#10589,#10591,#10592,.T.);
#8414=EDGE_CURVE('',#10593,#10591,#10594,.T.);
#8415=EDGE_CURVE('',#10593,#10595,#10596,.T.);
#8416=EDGE_CURVE('',#10595,#10597,#10598,.T.);
#8417=EDGE_CURVE('',#10597,#10599,#10600,.T.);
#8418=EDGE_CURVE('',#10599,#10578,#10601,.T.);
#8419=EDGE_CURVE('',#10602,#10603,#10604,.T.);
#8420=EDGE_CURVE('',#10605,#10602,#10606,.T.);
#8421=EDGE_CURVE('',#10605,#10607,#10608,.T.);
#8422=EDGE_CURVE('',#10609,#10607,#10610,.T.);
#8423=EDGE_CURVE('',#10609,#10611,#10612,.T.);
#8424=EDGE_CURVE('',#10613,#10611,#10614,.T.);
#8425=EDGE_CURVE('',#10613,#10615,#10616,.T.);
#8426=EDGE_CURVE('',#10603,#10615,#10617,.T.);
#8427=EDGE_CURVE('',#10618,#10619,#10620,.T.);
#8428=EDGE_CURVE('',#10574,#10618,#10621,.T.);
#8429=EDGE_CURVE('',#10575,#10619,#10622,.T.);
#8430=EDGE_CURVE('',#10619,#10618,#10623,.T.);
#8431=EDGE_CURVE('',#10624,#10625,#10626,.T.);
#8432=EDGE_CURVE('',#10627,#10624,#10628,.T.);
#8433=EDGE_CURVE('',#10629,#10627,#10630,.T.);
#8434=EDGE_CURVE('',#10631,#10629,#10632,.T.);
#8435=EDGE_CURVE('',#10633,#10631,#10634,.T.);
#8436=EDGE_CURVE('',#10633,#10635,#10636,.T.);
#8437=EDGE_CURVE('',#10637,#10635,#10638,.T.);
#8438=EDGE_CURVE('',#10637,#10639,#10640,.T.);
#8439=EDGE_CURVE('',#10641,#10639,#10642,.T.);
#8440=EDGE_CURVE('',#10643,#10641,#10644,.T.);
#8441=EDGE_CURVE('',#10645,#10643,#10646,.T.);
#8442=EDGE_CURVE('',#10625,#10645,#10647,.T.);
#8443=EDGE_CURVE('',#10631,#10595,#10648,.T.);
#8444=EDGE_CURVE('',#10593,#10633,#10649,.T.);
#8445=EDGE_CURVE('',#10627,#10599,#10650,.T.);
#8446=EDGE_CURVE('',#10629,#10597,#10651,.T.);
#8447=EDGE_CURVE('',#10624,#10578,#10652,.T.);
#8448=EDGE_CURVE('',#10625,#10579,#10653,.T.);
#8449=EDGE_CURVE('',#10645,#10581,#10654,.T.);
#8450=EDGE_CURVE('',#10643,#10583,#10655,.T.);
#8451=EDGE_CURVE('',#10641,#10585,#10656,.T.);
#8452=EDGE_CURVE('',#10587,#10639,#10657,.T.);
#8453=EDGE_CURVE('',#10589,#10637,#10658,.T.);
#8454=EDGE_CURVE('',#10591,#10635,#10659,.T.);
#8455=EDGE_CURVE('',#10660,#10661,#10662,.T.);
#8456=EDGE_CURVE('',#10660,#10663,#10664,.T.);
#8457=EDGE_CURVE('',#10663,#10665,#10666,.T.);
#8458=EDGE_CURVE('',#10665,#10667,#10668,.T.);
#8459=EDGE_CURVE('',#10669,#10667,#10670,.T.);
#8460=EDGE_CURVE('',#10669,#10671,#10672,.T.);
#8461=EDGE_CURVE('',#10673,#10671,#10674,.T.);
#8462=EDGE_CURVE('',#10673,#10661,#10675,.T.);
#8463=EDGE_CURVE('',#10609,#10673,#10676,.T.);
#8464=EDGE_CURVE('',#10607,#10661,#10677,.T.);
#8465=EDGE_CURVE('',#10605,#10660,#10678,.T.);
#8466=EDGE_CURVE('',#10615,#10667,#10679,.T.);
#8467=EDGE_CURVE('',#10603,#10665,#10680,.T.);
#8468=EDGE_CURVE('',#10681,#10344,#10682,.T.);
#8469=EDGE_CURVE('',#9639,#10681,#10683,.T.);
#8470=EDGE_CURVE('',#10613,#10669,#10684,.T.);
#8471=EDGE_CURVE('',#10611,#10671,#10685,.T.);
#8472=EDGE_CURVE('',#10602,#10663,#10686,.T.);
#8473=EDGE_CURVE('',#9627,#10687,#10688,.T.);
#8474=EDGE_CURVE('',#9641,#10687,#10689,.T.);
#8475=EDGE_CURVE('',#10690,#10691,#10692,.T.);
#8476=EDGE_CURVE('',#10691,#10693,#10694,.T.);
#8477=EDGE_CURVE('',#10693,#10695,#10696,.T.);
#8478=EDGE_CURVE('',#10695,#10697,#10698,.T.);
#8479=EDGE_CURVE('',#10697,#10699,#10700,.T.);
#8480=EDGE_CURVE('',#10699,#10701,#10702,.T.);
#8481=EDGE_CURVE('',#10701,#10703,#10704,.T.);
#8482=EDGE_CURVE('',#10703,#10705,#10706,.T.);
#8483=EDGE_CURVE('',#10705,#10707,#10708,.T.);
#8484=EDGE_CURVE('',#10707,#10709,#10710,.T.);
#8485=EDGE_CURVE('',#10709,#10711,#10712,.T.);
#8486=EDGE_CURVE('',#10711,#10713,#10714,.T.);
#8487=EDGE_CURVE('',#10713,#10690,#10715,.T.);
#8488=EDGE_CURVE('',#10690,#9673,#10716,.T.);
#8489=EDGE_CURVE('',#10691,#9674,#10717,.T.);
#8490=EDGE_CURVE('',#10713,#9676,#10718,.T.);
#8491=EDGE_CURVE('',#10711,#9678,#10719,.T.);
#8492=EDGE_CURVE('',#10709,#9680,#10720,.T.);
#8493=EDGE_CURVE('',#10707,#9682,#10721,.T.);
#8494=EDGE_CURVE('',#10705,#9684,#10722,.T.);
#8495=EDGE_CURVE('',#10703,#9686,#10723,.T.);
#8496=EDGE_CURVE('',#10701,#9688,#10724,.T.);
#8497=EDGE_CURVE('',#10699,#9690,#10725,.T.);
#8498=EDGE_CURVE('',#10697,#9692,#10726,.T.);
#8499=EDGE_CURVE('',#10695,#9694,#10727,.T.);
#8500=EDGE_CURVE('',#10693,#9696,#10728,.T.);
#8501=EDGE_CURVE('',#10729,#10730,#10731,.T.);
#8502=EDGE_CURVE('',#10730,#10732,#10733,.T.);
#8503=EDGE_CURVE('',#10732,#10734,#10735,.T.);
#8504=EDGE_CURVE('',#10734,#10736,#10737,.T.);
#8505=EDGE_CURVE('',#10736,#10738,#10739,.T.);
#8506=EDGE_CURVE('',#10738,#10740,#10741,.T.);
#8507=EDGE_CURVE('',#10740,#10742,#10743,.T.);
#8508=EDGE_CURVE('',#10742,#10744,#10745,.T.);
#8509=EDGE_CURVE('',#10744,#10746,#10747,.T.);
#8510=EDGE_CURVE('',#10746,#10748,#10749,.T.);
#8511=EDGE_CURVE('',#10748,#10750,#10751,.T.);
#8512=EDGE_CURVE('',#10750,#10752,#10753,.T.);
#8513=EDGE_CURVE('',#10752,#10754,#10755,.T.);
#8514=EDGE_CURVE('',#10754,#10756,#10757,.T.);
#8515=EDGE_CURVE('',#10756,#10758,#10759,.T.);
#8516=EDGE_CURVE('',#10758,#10760,#10761,.T.);
#8517=EDGE_CURVE('',#10760,#10762,#10763,.T.);
#8518=EDGE_CURVE('',#10762,#10764,#10765,.T.);
#8519=EDGE_CURVE('',#10764,#10766,#10767,.T.);
#8520=EDGE_CURVE('',#10766,#10729,#10768,.T.);
#8521=EDGE_CURVE('',#10769,#10770,#10771,.T.);
#8522=EDGE_CURVE('',#10770,#10772,#10773,.T.);
#8523=EDGE_CURVE('',#10772,#10774,#10775,.T.);
#8524=EDGE_CURVE('',#10774,#10776,#10777,.T.);
#8525=EDGE_CURVE('',#10776,#10778,#10779,.T.);
#8526=EDGE_CURVE('',#10778,#10780,#10781,.T.);
#8527=EDGE_CURVE('',#10780,#10782,#10783,.T.);
#8528=EDGE_CURVE('',#10782,#10784,#10785,.T.);
#8529=EDGE_CURVE('',#10784,#10786,#10787,.T.);
#8530=EDGE_CURVE('',#10786,#10788,#10789,.T.);
#8531=EDGE_CURVE('',#10788,#10790,#10791,.T.);
#8532=EDGE_CURVE('',#10790,#10792,#10793,.T.);
#8533=EDGE_CURVE('',#10792,#10794,#10795,.T.);
#8534=EDGE_CURVE('',#10794,#10796,#10797,.T.);
#8535=EDGE_CURVE('',#10796,#10798,#10799,.T.);
#8536=EDGE_CURVE('',#10798,#10800,#10801,.T.);
#8537=EDGE_CURVE('',#10800,#10802,#10803,.T.);
#8538=EDGE_CURVE('',#10802,#10769,#10804,.T.);
#8539=EDGE_CURVE('',#10770,#10805,#10806,.T.);
#8540=EDGE_CURVE('',#10805,#10807,#10808,.T.);
#8541=EDGE_CURVE('',#10772,#10807,#10809,.T.);
#8542=EDGE_CURVE('',#10807,#10810,#10811,.T.);
#8543=EDGE_CURVE('',#10774,#10810,#10812,.T.);
#8544=EDGE_CURVE('',#10810,#10813,#10814,.T.);
#8545=EDGE_CURVE('',#10776,#10813,#10815,.T.);
#8546=EDGE_CURVE('',#10813,#10816,#10817,.T.);
#8547=EDGE_CURVE('',#10778,#10816,#10818,.T.);
#8548=EDGE_CURVE('',#10816,#10819,#10820,.T.);
#8549=EDGE_CURVE('',#10780,#10819,#10821,.T.);
#8550=EDGE_CURVE('',#10819,#10822,#10823,.T.);
#8551=EDGE_CURVE('',#10782,#10822,#10824,.T.);
#8552=EDGE_CURVE('',#10822,#10825,#10826,.T.);
#8553=EDGE_CURVE('',#10784,#10825,#10827,.T.);
#8554=EDGE_CURVE('',#10825,#10828,#10829,.T.);
#8555=EDGE_CURVE('',#10786,#10828,#10830,.T.);
#8556=EDGE_CURVE('',#10828,#10831,#10832,.T.);
#8557=EDGE_CURVE('',#10788,#10831,#10833,.T.);
#8558=EDGE_CURVE('',#10831,#10834,#10835,.T.);
#8559=EDGE_CURVE('',#10790,#10834,#10836,.T.);
#8560=EDGE_CURVE('',#10834,#10837,#10838,.T.);
#8561=EDGE_CURVE('',#10792,#10837,#10839,.T.);
#8562=EDGE_CURVE('',#10837,#10840,#10841,.T.);
#8563=EDGE_CURVE('',#10794,#10840,#10842,.T.);
#8564=EDGE_CURVE('',#10840,#10843,#10844,.T.);
#8565=EDGE_CURVE('',#10796,#10843,#10845,.T.);
#8566=EDGE_CURVE('',#10843,#10846,#10847,.T.);
#8567=EDGE_CURVE('',#10798,#10846,#10848,.T.);
#8568=EDGE_CURVE('',#10846,#10849,#10850,.T.);
#8569=EDGE_CURVE('',#10800,#10849,#10851,.T.);
#8570=EDGE_CURVE('',#10849,#10852,#10853,.T.);
#8571=EDGE_CURVE('',#10802,#10852,#10854,.T.);
#8572=EDGE_CURVE('',#10852,#10855,#10856,.T.);
#8573=EDGE_CURVE('',#10769,#10855,#10857,.T.);
#8574=EDGE_CURVE('',#10855,#10805,#10858,.T.);
#8575=EDGE_CURVE('',#10766,#9699,#10859,.T.);
#8576=EDGE_CURVE('',#10729,#9700,#10860,.T.);
#8577=EDGE_CURVE('',#10764,#9702,#10861,.T.);
#8578=EDGE_CURVE('',#10762,#9704,#10862,.T.);
#8579=EDGE_CURVE('',#10760,#9706,#10863,.T.);
#8580=EDGE_CURVE('',#10758,#9708,#10864,.T.);
#8581=EDGE_CURVE('',#10756,#9710,#10865,.T.);
#8582=EDGE_CURVE('',#10754,#9712,#10866,.T.);
#8583=EDGE_CURVE('',#10752,#9714,#10867,.T.);
#8584=EDGE_CURVE('',#10750,#9716,#10868,.T.);
#8585=EDGE_CURVE('',#10748,#9718,#10869,.T.);
#8586=EDGE_CURVE('',#10746,#9720,#10870,.T.);
#8587=EDGE_CURVE('',#10744,#9722,#10871,.T.);
#8588=EDGE_CURVE('',#10742,#9724,#10872,.T.);
#8589=EDGE_CURVE('',#10740,#9726,#10873,.T.);
#8590=EDGE_CURVE('',#10738,#9728,#10874,.T.);
#8591=EDGE_CURVE('',#10736,#9730,#10875,.T.);
#8592=EDGE_CURVE('',#10734,#9732,#10876,.T.);
#8593=EDGE_CURVE('',#10732,#9734,#10877,.T.);
#8594=EDGE_CURVE('',#10730,#9736,#10878,.T.);
#8595=EDGE_CURVE('',#10879,#10880,#10881,.T.);
#8596=EDGE_CURVE('',#10880,#10882,#10883,.T.);
#8597=EDGE_CURVE('',#10882,#10884,#10885,.T.);
#8598=EDGE_CURVE('',#10884,#10886,#10887,.T.);
#8599=EDGE_CURVE('',#10886,#10888,#10889,.T.);
#8600=EDGE_CURVE('',#10888,#10890,#10891,.T.);
#8601=EDGE_CURVE('',#10890,#10892,#10893,.T.);
#8602=EDGE_CURVE('',#10892,#10894,#10895,.T.);
#8603=EDGE_CURVE('',#10894,#10896,#10897,.T.);
#8604=EDGE_CURVE('',#10896,#10898,#10899,.T.);
#8605=EDGE_CURVE('',#10898,#10900,#10901,.T.);
#8606=EDGE_CURVE('',#10900,#10902,#10903,.T.);
#8607=EDGE_CURVE('',#10902,#10879,#10904,.T.);
#8608=EDGE_CURVE('',#10892,#9647,#10905,.T.);
#8609=EDGE_CURVE('',#10894,#9648,#10906,.T.);
#8610=EDGE_CURVE('',#10890,#9650,#10907,.T.);
#8611=EDGE_CURVE('',#10888,#9652,#10908,.T.);
#8612=EDGE_CURVE('',#10886,#9654,#10909,.T.);
#8613=EDGE_CURVE('',#10884,#9656,#10910,.T.);
#8614=EDGE_CURVE('',#10882,#9658,#10911,.T.);
#8615=EDGE_CURVE('',#10880,#9660,#10912,.T.);
#8616=EDGE_CURVE('',#10879,#9662,#10913,.T.);
#8617=EDGE_CURVE('',#10902,#9664,#10914,.T.);
#8618=EDGE_CURVE('',#10900,#9666,#10915,.T.);
#8619=EDGE_CURVE('',#10898,#9668,#10916,.T.);
#8620=EDGE_CURVE('',#10896,#9670,#10917,.T.);
#8621=EDGE_CURVE('',#10345,#9502,#10918,.T.);
#8622=EDGE_CURVE('',#10687,#10681,#10919,.T.);
#8623=EDGE_CURVE('',#9619,#9561,#10920,.T.);
#8624=EDGE_CURVE('',#9623,#10921,#10922,.T.);
#8625=EDGE_CURVE('',#10921,#9644,#10923,.T.);
#8626=EDGE_CURVE('',#10921,#9626,#10924,.T.);
#8627=EDGE_CURVE('',#10925,#10926,#10927,.T.);
#8628=EDGE_CURVE('',#10926,#9556,#10928,.T.);
#8629=EDGE_CURVE('',#9584,#10929,#10930,.T.);
#8630=EDGE_CURVE('',#10931,#10929,#10932,.T.);
#8631=EDGE_CURVE('',#10933,#10931,#10934,.T.);
#8632=EDGE_CURVE('',#10935,#10933,#10936,.T.);
#8633=EDGE_CURVE('',#10937,#10935,#10938,.T.);
#8634=EDGE_CURVE('',#10939,#10937,#10940,.T.);
#8635=EDGE_CURVE('',#10939,#10941,#10942,.T.);
#8636=EDGE_CURVE('',#10943,#10941,#10944,.T.);
#8637=EDGE_CURVE('',#10943,#10925,#10945,.T.);
#8638=EDGE_CURVE('',#10946,#9589,#10947,.T.);
#8639=EDGE_CURVE('',#9524,#9594,#10948,.T.);
#8640=EDGE_CURVE('',#10949,#9532,#10950,.T.);
#8641=EDGE_CURVE('',#10949,#10951,#10952,.T.);
#8642=EDGE_CURVE('',#10953,#10951,#10954,.T.);
#8643=EDGE_CURVE('',#10946,#10953,#10955,.T.);
#8644=EDGE_CURVE('',#9530,#10956,#10957,.T.);
#8645=EDGE_CURVE('',#10956,#10949,#10958,.T.);
#8646=EDGE_CURVE('',#9602,#10959,#10960,.T.);
#8647=EDGE_CURVE('',#10961,#9510,#10962,.T.);
#8648=EDGE_CURVE('',#10959,#10961,#10963,.T.);
#8649=EDGE_CURVE('',#10964,#10925,#10965,.T.);
#8650=EDGE_CURVE('',#10966,#10943,#10967,.T.);
#8651=EDGE_CURVE('',#10966,#10964,#10968,.T.);
#8652=EDGE_CURVE('',#10926,#10969,#10970,.T.);
#8653=EDGE_CURVE('',#10964,#10969,#10971,.T.);
#8654=EDGE_CURVE('',#10972,#10959,#10973,.T.);
#8655=EDGE_CURVE('',#10972,#9604,#10974,.T.);
#8656=EDGE_CURVE('',#10975,#10976,#10977,.T.);
#8657=EDGE_CURVE('',#10975,#10978,#10979,.T.);
#8658=EDGE_CURVE('',#10978,#10980,#10981,.T.);
#8659=EDGE_CURVE('',#10980,#10976,#10982,.T.);
#8660=EDGE_CURVE('',#10983,#10941,#10984,.T.);
#8661=EDGE_CURVE('',#10966,#10983,#10985,.T.);
#8662=EDGE_CURVE('',#10939,#10986,#10987,.T.);
#8663=EDGE_CURVE('',#10986,#10983,#10988,.T.);
#8664=EDGE_CURVE('',#10937,#10989,#10990,.T.);
#8665=EDGE_CURVE('',#10986,#10989,#10991,.T.);
#8666=EDGE_CURVE('',#10935,#10992,#10993,.T.);
#8667=EDGE_CURVE('',#10989,#10992,#10994,.T.);
#8668=EDGE_CURVE('',#9546,#9543,#10995,.T.);
#8669=EDGE_CURVE('',#9468,#9465,#10996,.T.);
#8670=EDGE_CURVE('',#10933,#10997,#10998,.T.);
#8671=EDGE_CURVE('',#10992,#10997,#10999,.T.);
#8672=EDGE_CURVE('',#9548,#9544,#11000,.T.);
#8673=EDGE_CURVE('',#9484,#9481,#11001,.T.);
#8674=EDGE_CURVE('',#9474,#9573,#11002,.T.);
#8675=EDGE_CURVE('',#9572,#9473,#11003,.T.);
#8676=EDGE_CURVE('',#9476,#9478,#11004,.T.);
#8677=EDGE_CURVE('',#9528,#10931,#11005,.T.);
#8678=EDGE_CURVE('',#9526,#11006,#11007,.T.);
#8679=EDGE_CURVE('',#11006,#11008,#11009,.T.);
#8680=EDGE_CURVE('',#11010,#11008,#11011,.T.);
#8681=EDGE_CURVE('',#11012,#11010,#11013,.T.);
#8682=EDGE_CURVE('',#11012,#11014,#11015,.T.);
#8683=EDGE_CURVE('',#11014,#11016,#11017,.T.);
#8684=EDGE_CURVE('',#11018,#11016,#11019,.T.);
#8685=EDGE_CURVE('',#10997,#11018,#11020,.T.);
#8686=EDGE_CURVE('',#9462,#9461,#11021,.T.);
#8687=EDGE_CURVE('',#9512,#11022,#11023,.T.);
#8688=EDGE_CURVE('',#11024,#9608,#11025,.T.);
#8689=EDGE_CURVE('',#11022,#11024,#11026,.T.);
#8690=EDGE_CURVE('',#11027,#11028,#11029,.T.);
#8691=EDGE_CURVE('',#11027,#11012,#11030,.T.);
#8692=EDGE_CURVE('',#11010,#11031,#11032,.T.);
#8693=EDGE_CURVE('',#11031,#11033,#11034,.T.);
#8694=EDGE_CURVE('',#11033,#11028,#11035,.T.);
#8695=EDGE_CURVE('',#11036,#11037,#11038,.T.);
#8696=EDGE_CURVE('',#11036,#11039,#11040,.T.);
#8697=EDGE_CURVE('',#11041,#11039,#11042,.T.);
#8698=EDGE_CURVE('',#11037,#11041,#11043,.T.);
#8699=EDGE_CURVE('',#11044,#10951,#11045,.T.);
#8700=EDGE_CURVE('',#11008,#10956,#11046,.T.);
#8701=EDGE_CURVE('',#11044,#11006,#11047,.T.);
#8702=EDGE_CURVE('',#9508,#11048,#11049,.T.);
#8703=EDGE_CURVE('',#11048,#11022,#11050,.T.);
#8704=EDGE_CURVE('',#11051,#11052,#11053,.T.);
#8705=EDGE_CURVE('',#11052,#11054,#11055,.T.);
#8706=EDGE_CURVE('',#11056,#11054,#11057,.T.);
#8707=EDGE_CURVE('',#11056,#11051,#11058,.T.);
#8708=EDGE_CURVE('',#10961,#11022,#11059,.T.);
#8709=EDGE_CURVE('',#11024,#11060,#11061,.T.);
#8710=EDGE_CURVE('',#11060,#10972,#11062,.T.);
#8711=EDGE_CURVE('',#9606,#11060,#11063,.T.);
#8712=EDGE_CURVE('',#11064,#10953,#11065,.T.);
#8713=EDGE_CURVE('',#11064,#11066,#11067,.T.);
#8714=EDGE_CURVE('',#11066,#10946,#11068,.T.);
#8715=EDGE_CURVE('',#11069,#9577,#11070,.T.);
#8716=EDGE_CURVE('',#11069,#11071,#11072,.T.);
#8717=EDGE_CURVE('',#9579,#11071,#11073,.T.);
#8718=EDGE_CURVE('',#11074,#9507,#11075,.T.);
#8719=EDGE_CURVE('',#11074,#11048,#11076,.T.);
#8720=EDGE_CURVE('',#11077,#11078,#11079,.T.);
#8721=EDGE_CURVE('',#11077,#11080,#11081,.T.);
#8722=EDGE_CURVE('',#11082,#11080,#11083,.T.);
#8723=EDGE_CURVE('',#11078,#11082,#11084,.T.);
#8724=EDGE_CURVE('',#9486,#9482,#11085,.T.);
#8725=EDGE_CURVE('',#9523,#11044,#11086,.T.);
#8726=EDGE_CURVE('',#11036,#9520,#11087,.T.);
#8727=EDGE_CURVE('',#11064,#11037,#11088,.T.);
#8728=EDGE_CURVE('',#11089,#11090,#11091,.T.);
#8729=EDGE_CURVE('',#11090,#11092,#11093,.T.);
#8730=EDGE_CURVE('',#11092,#11094,#11095,.T.);
#8731=EDGE_CURVE('',#11089,#11094,#11096,.T.);
#8732=EDGE_CURVE('',#11066,#11041,#11097,.T.);
#8733=EDGE_CURVE('',#11098,#11054,#11099,.T.);
#8734=EDGE_CURVE('',#11100,#11052,#11101,.T.);
#8735=EDGE_CURVE('',#11098,#11100,#11102,.T.);
#8736=EDGE_CURVE('',#11074,#10961,#11103,.T.);
#8737=EDGE_CURVE('',#11104,#11071,#11105,.T.);
#8738=EDGE_CURVE('',#9581,#11104,#11106,.T.);
#8739=EDGE_CURVE('',#10980,#11080,#11107,.T.);
#8740=EDGE_CURVE('',#11108,#10978,#11109,.T.);
#8741=EDGE_CURVE('',#11110,#11108,#11111,.T.);
#8742=EDGE_CURVE('',#11082,#11110,#11112,.T.);
#8743=EDGE_CURVE('',#11113,#11056,#11114,.T.);
#8744=EDGE_CURVE('',#11113,#11115,#11116,.T.);
#8745=EDGE_CURVE('',#11051,#11115,#11117,.T.);
#8746=EDGE_CURVE('',#9518,#9576,#11118,.T.);
#8747=EDGE_CURVE('',#11119,#11104,#11120,.T.);
#8748=EDGE_CURVE('',#11119,#11039,#11121,.T.);
#8749=EDGE_CURVE('',#11069,#11119,#11122,.T.);
#8750=EDGE_CURVE('',#11123,#11124,#11125,.T.);
#8751=EDGE_CURVE('',#11126,#11124,#11127,.T.);
#8752=EDGE_CURVE('',#11126,#11128,#11129,.T.);
#8753=EDGE_CURVE('',#11128,#11123,#11130,.T.);
#8754=EDGE_CURVE('',#11131,#11132,#11133,.T.);
#8755=EDGE_CURVE('',#11131,#11134,#11135,.T.);
#8756=EDGE_CURVE('',#11134,#11098,#11136,.T.);
#8757=EDGE_CURVE('',#11028,#11100,#11137,.T.);
#8758=EDGE_CURVE('',#11138,#11033,#11139,.T.);
#8759=EDGE_CURVE('',#11138,#11132,#11140,.T.);
#8760=EDGE_CURVE('',#11094,#11141,#11142,.T.);
#8761=EDGE_CURVE('',#11092,#11143,#11144,.T.);
#8762=EDGE_CURVE('',#11141,#11143,#11145,.T.);
#8763=EDGE_CURVE('',#9458,#9454,#11146,.T.);
#8764=EDGE_CURVE('',#9470,#9466,#11147,.T.);
#8765=EDGE_CURVE('',#11148,#11149,#11150,.T.);
#8766=EDGE_CURVE('',#11151,#11148,#11152,.T.);
#8767=EDGE_CURVE('',#11153,#11151,#11154,.T.);
#8768=EDGE_CURVE('',#10969,#11153,#11155,.T.);
#8769=EDGE_CURVE('',#11018,#11156,#11157,.T.);
#8770=EDGE_CURVE('',#11149,#11156,#11158,.T.);
#8771=EDGE_CURVE('',#11159,#11160,#11161,.T.);
#8772=EDGE_CURVE('',#11160,#11162,#11163,.T.);
#8773=EDGE_CURVE('',#11164,#11162,#11165,.T.);
#8774=EDGE_CURVE('',#11159,#11164,#11166,.T.);
#8775=EDGE_CURVE('',#11167,#11168,#11169,.T.);
#8776=EDGE_CURVE('',#11167,#11170,#11171,.T.);
#8777=EDGE_CURVE('',#11170,#11172,#11173,.T.);
#8778=EDGE_CURVE('',#11168,#11172,#11174,.T.);
#8779=EDGE_CURVE('',#11175,#11123,#11176,.T.);
#8780=EDGE_CURVE('',#11175,#11177,#11178,.T.);
#8781=EDGE_CURVE('',#11124,#11177,#11179,.T.);
#8782=EDGE_CURVE('',#11180,#11110,#11181,.T.);
#8783=EDGE_CURVE('',#11182,#11108,#11183,.T.);
#8784=EDGE_CURVE('',#11180,#11182,#11184,.T.);
#8785=EDGE_CURVE('',#11078,#11185,#11186,.T.);
#8786=EDGE_CURVE('',#11082,#11187,#11188,.T.);
#8787=EDGE_CURVE('',#11185,#11187,#11189,.T.);
#8788=EDGE_CURVE('',#11190,#11132,#11191,.T.);
#8789=EDGE_CURVE('',#11027,#11190,#11192,.T.);
#8790=EDGE_CURVE('',#11175,#11115,#11193,.T.);
#8791=EDGE_CURVE('',#11128,#11131,#11194,.T.);
#8792=EDGE_CURVE('',#11195,#11138,#11196,.T.);
#8793=EDGE_CURVE('',#11016,#11195,#11197,.T.);
#8794=EDGE_CURVE('',#11190,#11014,#11198,.T.);
#8795=EDGE_CURVE('',#11199,#11080,#11200,.T.);
#8796=EDGE_CURVE('',#10976,#11199,#11201,.T.);
#8797=EDGE_CURVE('',#11153,#11167,#11202,.T.);
#8798=EDGE_CURVE('',#11170,#11151,#11203,.T.);
#8799=EDGE_CURVE('',#11204,#11185,#11205,.T.);
#8800=EDGE_CURVE('',#11199,#11187,#11206,.T.);
#8801=EDGE_CURVE('',#11204,#11199,#11207,.T.);
#8802=EDGE_CURVE('',#11208,#11172,#11209,.T.);
#8803=EDGE_CURVE('',#11210,#11208,#11211,.T.);
#8804=EDGE_CURVE('',#11210,#11168,#11212,.T.);
#8805=EDGE_CURVE('',#9456,#9453,#11213,.T.);
#8806=EDGE_CURVE('',#11187,#11180,#11214,.T.);
#8807=EDGE_CURVE('',#11182,#10975,#11215,.T.);
#8808=EDGE_CURVE('',#11216,#11217,#11218,.T.);
#8809=EDGE_CURVE('',#11148,#11217,#11219,.T.);
#8810=EDGE_CURVE('',#11149,#11216,#11220,.T.);
#8811=EDGE_CURVE('',#11164,#11216,#11221,.T.);
#8812=EDGE_CURVE('',#11162,#11217,#11222,.T.);
#8813=EDGE_CURVE('',#10929,#11156,#11223,.T.);
#8814=EDGE_CURVE('',#11031,#11195,#11224,.T.);
#8815=EDGE_CURVE('',#11159,#11210,#11225,.T.);
#8816=EDGE_CURVE('',#11160,#11208,#11226,.T.);
#8817=EDGE_CURVE('',#11126,#11134,#11227,.T.);
#8818=EDGE_CURVE('',#11143,#11228,#11229,.T.);
#8819=EDGE_CURVE('',#11228,#11090,#11230,.T.);
#8820=EDGE_CURVE('',#11204,#11077,#11231,.T.);
#8821=EDGE_CURVE('',#11232,#11177,#11233,.T.);
#8822=EDGE_CURVE('',#11228,#11232,#11234,.T.);
#8823=EDGE_CURVE('',#11113,#11089,#11235,.T.);
#8824=EDGE_CURVE('',#11141,#11232,#11236,.T.);
#8825=VERTEX_POINT('',#11237);
#8826=VERTEX_POINT('',#11238);
#8827=LINE('',#11239,#11240);
#8828=VERTEX_POINT('',#11241);
#8829=CIRCLE('',#11242,0.2);
#8830=VERTEX_POINT('',#11243);
#8831=LINE('',#11244,#11245);
#8832=CIRCLE('',#11246,0.2);
#8833=VERTEX_POINT('',#11247);
#8834=VERTEX_POINT('',#11248);
#8835=LINE('',#11249,#11250);
#8836=VERTEX_POINT('',#11251);
#8837=CIRCLE('',#11252,0.7);
#8838=VERTEX_POINT('',#11253);
#8839=LINE('',#11254,#11255);
#8840=CIRCLE('',#11256,0.7);
#8841=VERTEX_POINT('',#11257);
#8842=VERTEX_POINT('',#11258);
#8843=LINE('',#11259,#11260);
#8844=VERTEX_POINT('',#11261);
#8845=CIRCLE('',#11262,0.5);
#8846=VERTEX_POINT('',#11263);
#8847=LINE('',#11264,#11265);
#8848=CIRCLE('',#11266,0.5);
#8849=VERTEX_POINT('',#11267);
#8850=VERTEX_POINT('',#11268);
#8851=LINE('',#11269,#11270);
#8852=VERTEX_POINT('',#11271);
#8853=CIRCLE('',#11272,0.7);
#8854=VERTEX_POINT('',#11273);
#8855=LINE('',#11274,#11275);
#8856=CIRCLE('',#11276,0.7);
#8857=VERTEX_POINT('',#11277);
#8858=VERTEX_POINT('',#11278);
#8859=LINE('',#11279,#11280);
#8860=VERTEX_POINT('',#11281);
#8861=CIRCLE('',#11282,0.2);
#8862=VERTEX_POINT('',#11283);
#8863=LINE('',#11284,#11285);
#8864=CIRCLE('',#11286,0.2);
#8865=VERTEX_POINT('',#11287);
#8866=VERTEX_POINT('',#11288);
#8867=LINE('',#11289,#11290);
#8868=VERTEX_POINT('',#11291);
#8869=LINE('',#11292,#11293);
#8870=VERTEX_POINT('',#11294);
#8871=LINE('',#11295,#11296);
#8872=VERTEX_POINT('',#11297);
#8873=LINE('',#11298,#11299);
#8874=VERTEX_POINT('',#11300);
#8875=LINE('',#11301,#11302);
#8876=VERTEX_POINT('',#11303);
#8877=LINE('',#11304,#11305);
#8878=VERTEX_POINT('',#11306);
#8879=LINE('',#11307,#11308);
#8880=LINE('',#11309,#11310);
#8881=VERTEX_POINT('',#11311);
#8882=VERTEX_POINT('',#11312);
#8883=LINE('',#11313,#11314);
#8884=VERTEX_POINT('',#11315);
#8885=LINE('',#11316,#11317);
#8886=VERTEX_POINT('',#11318);
#8887=LINE('',#11319,#11320);
#8888=LINE('',#11321,#11322);
#8889=VERTEX_POINT('',#11323);
#8890=LINE('',#11324,#11325);
#8891=CIRCLE('',#11326,0.2);
#8892=LINE('',#11327,#11328);
#8893=VERTEX_POINT('',#11329);
#8894=CIRCLE('',#11330,0.7);
#8895=LINE('',#11331,#11332);
#8896=VERTEX_POINT('',#11333);
#8897=VERTEX_POINT('',#11334);
#8898=LINE('',#11335,#11336);
#8899=VERTEX_POINT('',#11337);
#8900=LINE('',#11338,#11339);
#8901=VERTEX_POINT('',#11340);
#8902=LINE('',#11341,#11342);
#8903=LINE('',#11343,#11344);
#8904=VERTEX_POINT('',#11345);
#8905=VERTEX_POINT('',#11346);
#8906=LINE('',#11347,#11348);
#8907=VERTEX_POINT('',#11349);
#8908=LINE('',#11350,#11351);
#8909=VERTEX_POINT('',#11352);
#8910=LINE('',#11353,#11354);
#8911=LINE('',#11355,#11356);
#8912=VERTEX_POINT('',#11357);
#8913=VERTEX_POINT('',#11358);
#8914=LINE('',#11359,#11360);
#8915=LINE('',#11361,#11362);
#8916=LINE('',#11363,#11364);
#8917=VERTEX_POINT('',#11365);
#8918=VERTEX_POINT('',#11366);
#8919=LINE('',#11367,#11368);
#8920=VERTEX_POINT('',#11369);
#8921=LINE('',#11370,#11371);
#8922=VERTEX_POINT('',#11372);
#8923=LINE('',#11373,#11374);
#8924=VERTEX_POINT('',#11375);
#8925=LINE('',#11376,#11377);
#8926=VERTEX_POINT('',#11378);
#8927=LINE('',#11379,#11380);
#8928=LINE('',#11381,#11382);
#8929=CIRCLE('',#11383,0.5);
#8930=VERTEX_POINT('',#11384);
#8931=LINE('',#11385,#11386);
#8932=LINE('',#11387,#11388);
#8933=VERTEX_POINT('',#11389);
#8934=LINE('',#11390,#11391);
#8935=LINE('',#11392,#11393);
#8936=VERTEX_POINT('',#11394);
#8937=VERTEX_POINT('',#11395);
#8938=LINE('',#11396,#11397);
#8939=VERTEX_POINT('',#11398);
#8940=LINE('',#11399,#11400);
#8941=LINE('',#11401,#11402);
#8942=VERTEX_POINT('',#11403);
#8943=LINE('',#11404,#11405);
#8944=LINE('',#11406,#11407);
#8945=LINE('',#11408,#11409);
#8946=LINE('',#11410,#11411);
#8947=VERTEX_POINT('',#11412);
#8948=LINE('',#11413,#11414);
#8949=VERTEX_POINT('',#11415);
#8950=LINE('',#11416,#11417);
#8951=LINE('',#11418,#11419);
#8952=VERTEX_POINT('',#11420);
#8953=VERTEX_POINT('',#11421);
#8954=LINE('',#11422,#11423);
#8955=CIRCLE('',#11424,0.2);
#8956=VERTEX_POINT('',#11425);
#8957=LINE('',#11426,#11427);
#8958=LINE('',#11428,#11429);
#8959=CIRCLE('',#11430,0.7);
#8960=LINE('',#11431,#11432);
#8961=VERTEX_POINT('',#11433);
#8962=LINE('',#11434,#11435);
#8963=LINE('',#11436,#11437);
#8964=VERTEX_POINT('',#11438);
#8965=LINE('',#11439,#11440);
#8966=LINE('',#11441,#11442);
#8967=CIRCLE('',#11443,0.5);
#8968=LINE('',#11444,#11445);
#8969=VERTEX_POINT('',#11446);
#8970=LINE('',#11447,#11448);
#8971=LINE('',#11449,#11450);
#8972=VERTEX_POINT('',#11451);
#8973=LINE('',#11452,#11453);
#8974=CIRCLE('',#11454,0.2);
#8975=VERTEX_POINT('',#11455);
#8976=LINE('',#11456,#11457);
#8977=VERTEX_POINT('',#11458);
#8978=LINE('',#11459,#11460);
#8979=LINE('',#11461,#11462);
#8980=VERTEX_POINT('',#11463);
#8981=LINE('',#11464,#11465);
#8982=VERTEX_POINT('',#11466);
#8983=LINE('',#11467,#11468);
#8984=LINE('',#11469,#11470);
#8985=VERTEX_POINT('',#11471);
#8986=LINE('',#11472,#11473);
#8987=LINE('',#11474,#11475);
#8988=CIRCLE('',#11476,0.7);
#8989=LINE('',#11477,#11478);
#8990=LINE('',#11479,#11480);
#8991=VERTEX_POINT('',#11481);
#8992=CIRCLE('',#11482,0.7);
#8993=LINE('',#11483,#11484);
#8994=LINE('',#11485,#11486);
#8995=VERTEX_POINT('',#11487);
#8996=LINE('',#11488,#11489);
#8997=CIRCLE('',#11490,0.2);
#8998=LINE('',#11491,#11492);
#8999=LINE('',#11493,#11494);
#9000=LINE('',#11495,#11496);
#9001=LINE('',#11497,#11498);
#9002=LINE('',#11499,#11500);
#9003=LINE('',#11501,#11502);
#9004=LINE('',#11503,#11504);
#9005=LINE('',#11505,#11506);
#9006=LINE('',#11507,#11508);
#9007=VERTEX_POINT('',#11509);
#9008=VERTEX_POINT('',#11510);
#9009=LINE('',#11511,#11512);
#9010=VERTEX_POINT('',#11513);
#9011=LINE('',#11514,#11515);
#9012=VERTEX_POINT('',#11516);
#9013=LINE('',#11517,#11518);
#9014=VERTEX_POINT('',#11519);
#9015=LINE('',#11520,#11521);
#9016=VERTEX_POINT('',#11522);
#9017=LINE('',#11523,#11524);
#9018=LINE('',#11525,#11526);
#9019=VERTEX_POINT('',#11527);
#9020=LINE('',#11528,#11529);
#9021=VERTEX_POINT('',#11530);
#9022=LINE('',#11531,#11532);
#9023=CIRCLE('',#11533,1.5);
#9024=VERTEX_POINT('',#11534);
#9025=CIRCLE('',#11535,1.5);
#9026=VERTEX_POINT('',#11536);
#9027=LINE('',#11537,#11538);
#9028=LINE('',#11539,#11540);
#9029=VERTEX_POINT('',#11541);
#9030=LINE('',#11542,#11543);
#9031=VERTEX_POINT('',#11544);
#9032=LINE('',#11545,#11546);
#9033=LINE('',#11547,#11548);
#9034=LINE('',#11549,#11550);
#9035=LINE('',#11551,#11552);
#9036=LINE('',#11553,#11554);
#9037=VERTEX_POINT('',#11555);
#9038=CIRCLE('',#11556,1.5);
#9039=CIRCLE('',#11557,1.5);
#9040=VERTEX_POINT('',#11558);
#9041=CIRCLE('',#11559,1.5);
#9042=CIRCLE('',#11560,1.5);
#9043=VERTEX_POINT('',#11561);
#9044=LINE('',#11562,#11563);
#9045=VERTEX_POINT('',#11564);
#9046=ELLIPSE('',#11565,2.12132034355964,1.5);
#9047=VERTEX_POINT('',#11566);
#9048=CIRCLE('',#11567,1.5);
#9049=VERTEX_POINT('',#11568);
#9050=ELLIPSE('',#11569,2.12132034355964,1.5);
#9051=LINE('',#11570,#11571);
#9052=VERTEX_POINT('',#11572);
#9053=ELLIPSE('',#11573,2.12132034355964,1.5);
#9054=VERTEX_POINT('',#11574);
#9055=CIRCLE('',#11575,1.5);
#9056=ELLIPSE('',#11576,2.12132034355964,1.5);
#9057=VERTEX_POINT('',#11577);
#9058=LINE('',#11578,#11579);
#9059=VERTEX_POINT('',#11580);
#9060=LINE('',#11581,#11582);
#9061=LINE('',#11583,#11584);
#9062=VERTEX_POINT('',#11585);
#9063=VERTEX_POINT('',#11586);
#9064=LINE('',#11587,#11588);
#9065=VERTEX_POINT('',#11589);
#9066=LINE('',#11590,#11591);
#9067=VERTEX_POINT('',#11592);
#9068=LINE('',#11593,#11594);
#9069=LINE('',#11595,#11596);
#9070=VERTEX_POINT('',#11597);
#9071=VERTEX_POINT('',#11598);
#9072=LINE('',#11599,#11600);
#9073=VERTEX_POINT('',#11601);
#9074=LINE('',#11602,#11603);
#9075=VERTEX_POINT('',#11604);
#9076=LINE('',#11605,#11606);
#9077=LINE('',#11607,#11608);
#9078=VERTEX_POINT('',#11609);
#9079=VERTEX_POINT('',#11610);
#9080=LINE('',#11611,#11612);
#9081=VERTEX_POINT('',#11613);
#9082=LINE('',#11614,#11615);
#9083=VERTEX_POINT('',#11616);
#9084=LINE('',#11617,#11618);
#9085=LINE('',#11619,#11620);
#9086=VERTEX_POINT('',#11621);
#9087=LINE('',#11622,#11623);
#9088=LINE('',#11624,#11625);
#9089=LINE('',#11626,#11627);
#9090=LINE('',#11628,#11629);
#9091=LINE('',#11630,#11631);
#9092=LINE('',#11632,#11633);
#9093=LINE('',#11634,#11635);
#9094=VERTEX_POINT('',#11636);
#9095=LINE('',#11637,#11638);
#9096=LINE('',#11639,#11640);
#9097=LINE('',#11641,#11642);
#9098=LINE('',#11643,#11644);
#9099=VERTEX_POINT('',#11645);
#9100=VERTEX_POINT('',#11646);
#9101=CIRCLE('',#11647,1.5);
#9102=VERTEX_POINT('',#11648);
#9103=LINE('',#11649,#11650);
#9104=VERTEX_POINT('',#11651);
#9105=CIRCLE('',#11652,1.5);
#9106=LINE('',#11653,#11654);
#9107=VERTEX_POINT('',#11655);
#9108=VERTEX_POINT('',#11656);
#9109=CIRCLE('',#11657,1.85);
#9110=VERTEX_POINT('',#11658);
#9111=LINE('',#11659,#11660);
#9112=VERTEX_POINT('',#11661);
#9113=CIRCLE('',#11662,1.85);
#9114=LINE('',#11663,#11664);
#9115=VERTEX_POINT('',#11665);
#9116=LINE('',#11666,#11667);
#9117=VERTEX_POINT('',#11668);
#9118=LINE('',#11669,#11670);
#9119=LINE('',#11671,#11672);
#9120=CIRCLE('',#11673,1.5);
#9121=VERTEX_POINT('',#11674);
#9122=CIRCLE('',#11675,1.85);
#9123=CIRCLE('',#11676,1.85);
#9124=VERTEX_POINT('',#11677);
#9125=VERTEX_POINT('',#11678);
#9126=LINE('',#11679,#11680);
#9127=VERTEX_POINT('',#11681);
#9128=CIRCLE('',#11682,1.85);
#9129=CIRCLE('',#11683,1.85);
#9130=VERTEX_POINT('',#11684);
#9131=VERTEX_POINT('',#11685);
#9132=CIRCLE('',#11686,1.85);
#9133=CIRCLE('',#11687,1.85);
#9134=CIRCLE('',#11688,1.5);
#9135=LINE('',#11689,#11690);
#9136=LINE('',#11691,#11692);
#9137=LINE('',#11693,#11694);
#9138=LINE('',#11695,#11696);
#9139=VERTEX_POINT('',#11697);
#9140=VERTEX_POINT('',#11698);
#9141=LINE('',#11699,#11700);
#9142=VERTEX_POINT('',#11701);
#9143=CIRCLE('',#11702,0.2);
#9144=VERTEX_POINT('',#11703);
#9145=LINE('',#11704,#11705);
#9146=CIRCLE('',#11706,0.2);
#9147=VERTEX_POINT('',#11707);
#9148=VERTEX_POINT('',#11708);
#9149=LINE('',#11709,#11710);
#9150=VERTEX_POINT('',#11711);
#9151=CIRCLE('',#11712,0.7);
#9152=VERTEX_POINT('',#11713);
#9153=LINE('',#11714,#11715);
#9154=CIRCLE('',#11716,0.7);
#9155=VERTEX_POINT('',#11717);
#9156=VERTEX_POINT('',#11718);
#9157=LINE('',#11719,#11720);
#9158=VERTEX_POINT('',#11721);
#9159=CIRCLE('',#11722,0.5);
#9160=VERTEX_POINT('',#11723);
#9161=LINE('',#11724,#11725);
#9162=CIRCLE('',#11726,0.5);
#9163=VERTEX_POINT('',#11727);
#9164=VERTEX_POINT('',#11728);
#9165=LINE('',#11729,#11730);
#9166=VERTEX_POINT('',#11731);
#9167=CIRCLE('',#11732,0.7);
#9168=VERTEX_POINT('',#11733);
#9169=LINE('',#11734,#11735);
#9170=CIRCLE('',#11736,0.7);
#9171=VERTEX_POINT('',#11737);
#9172=VERTEX_POINT('',#11738);
#9173=LINE('',#11739,#11740);
#9174=VERTEX_POINT('',#11741);
#9175=CIRCLE('',#11742,0.2);
#9176=VERTEX_POINT('',#11743);
#9177=LINE('',#11744,#11745);
#9178=CIRCLE('',#11746,0.2);
#9179=VERTEX_POINT('',#11747);
#9180=VERTEX_POINT('',#11748);
#9181=LINE('',#11749,#11750);
#9182=VERTEX_POINT('',#11751);
#9183=LINE('',#11752,#11753);
#9184=VERTEX_POINT('',#11754);
#9185=LINE('',#11755,#11756);
#9186=VERTEX_POINT('',#11757);
#9187=LINE('',#11758,#11759);
#9188=VERTEX_POINT('',#11760);
#9189=LINE('',#11761,#11762);
#9190=VERTEX_POINT('',#11763);
#9191=LINE('',#11764,#11765);
#9192=VERTEX_POINT('',#11766);
#9193=LINE('',#11767,#11768);
#9194=LINE('',#11769,#11770);
#9195=VERTEX_POINT('',#11771);
#9196=VERTEX_POINT('',#11772);
#9197=LINE('',#11773,#11774);
#9198=VERTEX_POINT('',#11775);
#9199=LINE('',#11776,#11777);
#9200=VERTEX_POINT('',#11778);
#9201=LINE('',#11779,#11780);
#9202=LINE('',#11781,#11782);
#9203=VERTEX_POINT('',#11783);
#9204=LINE('',#11784,#11785);
#9205=CIRCLE('',#11786,0.2);
#9206=LINE('',#11787,#11788);
#9207=VERTEX_POINT('',#11789);
#9208=CIRCLE('',#11790,0.7);
#9209=LINE('',#11791,#11792);
#9210=VERTEX_POINT('',#11793);
#9211=VERTEX_POINT('',#11794);
#9212=LINE('',#11795,#11796);
#9213=VERTEX_POINT('',#11797);
#9214=LINE('',#11798,#11799);
#9215=VERTEX_POINT('',#11800);
#9216=LINE('',#11801,#11802);
#9217=LINE('',#11803,#11804);
#9218=VERTEX_POINT('',#11805);
#9219=VERTEX_POINT('',#11806);
#9220=LINE('',#11807,#11808);
#9221=VERTEX_POINT('',#11809);
#9222=LINE('',#11810,#11811);
#9223=VERTEX_POINT('',#11812);
#9224=LINE('',#11813,#11814);
#9225=LINE('',#11815,#11816);
#9226=VERTEX_POINT('',#11817);
#9227=VERTEX_POINT('',#11818);
#9228=LINE('',#11819,#11820);
#9229=LINE('',#11821,#11822);
#9230=LINE('',#11823,#11824);
#9231=VERTEX_POINT('',#11825);
#9232=VERTEX_POINT('',#11826);
#9233=LINE('',#11827,#11828);
#9234=VERTEX_POINT('',#11829);
#9235=LINE('',#11830,#11831);
#9236=VERTEX_POINT('',#11832);
#9237=LINE('',#11833,#11834);
#9238=VERTEX_POINT('',#11835);
#9239=LINE('',#11836,#11837);
#9240=VERTEX_POINT('',#11838);
#9241=LINE('',#11839,#11840);
#9242=LINE('',#11841,#11842);
#9243=CIRCLE('',#11843,0.5);
#9244=VERTEX_POINT('',#11844);
#9245=LINE('',#11845,#11846);
#9246=LINE('',#11847,#11848);
#9247=VERTEX_POINT('',#11849);
#9248=LINE('',#11850,#11851);
#9249=LINE('',#11852,#11853);
#9250=VERTEX_POINT('',#11854);
#9251=VERTEX_POINT('',#11855);
#9252=LINE('',#11856,#11857);
#9253=VERTEX_POINT('',#11858);
#9254=LINE('',#11859,#11860);
#9255=LINE('',#11861,#11862);
#9256=VERTEX_POINT('',#11863);
#9257=LINE('',#11864,#11865);
#9258=LINE('',#11866,#11867);
#9259=LINE('',#11868,#11869);
#9260=LINE('',#11870,#11871);
#9261=VERTEX_POINT('',#11872);
#9262=LINE('',#11873,#11874);
#9263=VERTEX_POINT('',#11875);
#9264=LINE('',#11876,#11877);
#9265=LINE('',#11878,#11879);
#9266=VERTEX_POINT('',#11880);
#9267=VERTEX_POINT('',#11881);
#9268=LINE('',#11882,#11883);
#9269=CIRCLE('',#11884,0.2);
#9270=VERTEX_POINT('',#11885);
#9271=LINE('',#11886,#11887);
#9272=LINE('',#11888,#11889);
#9273=CIRCLE('',#11890,0.7);
#9274=LINE('',#11891,#11892);
#9275=VERTEX_POINT('',#11893);
#9276=LINE('',#11894,#11895);
#9277=LINE('',#11896,#11897);
#9278=VERTEX_POINT('',#11898);
#9279=LINE('',#11899,#11900);
#9280=LINE('',#11901,#11902);
#9281=CIRCLE('',#11903,0.5);
#9282=LINE('',#11904,#11905);
#9283=VERTEX_POINT('',#11906);
#9284=LINE('',#11907,#11908);
#9285=LINE('',#11909,#11910);
#9286=VERTEX_POINT('',#11911);
#9287=LINE('',#11912,#11913);
#9288=CIRCLE('',#11914,0.2);
#9289=VERTEX_POINT('',#11915);
#9290=LINE('',#11916,#11917);
#9291=VERTEX_POINT('',#11918);
#9292=LINE('',#11919,#11920);
#9293=LINE('',#11921,#11922);
#9294=VERTEX_POINT('',#11923);
#9295=LINE('',#11924,#11925);
#9296=VERTEX_POINT('',#11926);
#9297=LINE('',#11927,#11928);
#9298=LINE('',#11929,#11930);
#9299=VERTEX_POINT('',#11931);
#9300=LINE('',#11932,#11933);
#9301=LINE('',#11934,#11935);
#9302=CIRCLE('',#11936,0.7);
#9303=LINE('',#11937,#11938);
#9304=LINE('',#11939,#11940);
#9305=VERTEX_POINT('',#11941);
#9306=CIRCLE('',#11942,0.7);
#9307=LINE('',#11943,#11944);
#9308=LINE('',#11945,#11946);
#9309=VERTEX_POINT('',#11947);
#9310=LINE('',#11948,#11949);
#9311=CIRCLE('',#11950,0.2);
#9312=LINE('',#11951,#11952);
#9313=LINE('',#11953,#11954);
#9314=LINE('',#11955,#11956);
#9315=LINE('',#11957,#11958);
#9316=LINE('',#11959,#11960);
#9317=LINE('',#11961,#11962);
#9318=LINE('',#11963,#11964);
#9319=LINE('',#11965,#11966);
#9320=LINE('',#11967,#11968);
#9321=VERTEX_POINT('',#11969);
#9322=VERTEX_POINT('',#11970);
#9323=LINE('',#11971,#11972);
#9324=VERTEX_POINT('',#11973);
#9325=LINE('',#11974,#11975);
#9326=VERTEX_POINT('',#11976);
#9327=LINE('',#11977,#11978);
#9328=VERTEX_POINT('',#11979);
#9329=LINE('',#11980,#11981);
#9330=VERTEX_POINT('',#11982);
#9331=LINE('',#11983,#11984);
#9332=LINE('',#11985,#11986);
#9333=VERTEX_POINT('',#11987);
#9334=LINE('',#11988,#11989);
#9335=VERTEX_POINT('',#11990);
#9336=LINE('',#11991,#11992);
#9337=CIRCLE('',#11993,1.5);
#9338=VERTEX_POINT('',#11994);
#9339=CIRCLE('',#11995,1.5);
#9340=VERTEX_POINT('',#11996);
#9341=LINE('',#11997,#11998);
#9342=LINE('',#11999,#12000);
#9343=VERTEX_POINT('',#12001);
#9344=LINE('',#12002,#12003);
#9345=VERTEX_POINT('',#12004);
#9346=LINE('',#12005,#12006);
#9347=LINE('',#12007,#12008);
#9348=LINE('',#12009,#12010);
#9349=LINE('',#12011,#12012);
#9350=LINE('',#12013,#12014);
#9351=VERTEX_POINT('',#12015);
#9352=CIRCLE('',#12016,1.5);
#9353=CIRCLE('',#12017,1.5);
#9354=VERTEX_POINT('',#12018);
#9355=CIRCLE('',#12019,1.5);
#9356=CIRCLE('',#12020,1.5);
#9357=VERTEX_POINT('',#12021);
#9358=LINE('',#12022,#12023);
#9359=VERTEX_POINT('',#12024);
#9360=ELLIPSE('',#12025,2.12132034355964,1.5);
#9361=VERTEX_POINT('',#12026);
#9362=CIRCLE('',#12027,1.5);
#9363=VERTEX_POINT('',#12028);
#9364=ELLIPSE('',#12029,2.12132034355964,1.5);
#9365=LINE('',#12030,#12031);
#9366=VERTEX_POINT('',#12032);
#9367=ELLIPSE('',#12033,2.12132034355964,1.5);
#9368=VERTEX_POINT('',#12034);
#9369=CIRCLE('',#12035,1.5);
#9370=ELLIPSE('',#12036,2.12132034355964,1.5);
#9371=VERTEX_POINT('',#12037);
#9372=LINE('',#12038,#12039);
#9373=VERTEX_POINT('',#12040);
#9374=LINE('',#12041,#12042);
#9375=LINE('',#12043,#12044);
#9376=VERTEX_POINT('',#12045);
#9377=VERTEX_POINT('',#12046);
#9378=LINE('',#12047,#12048);
#9379=VERTEX_POINT('',#12049);
#9380=LINE('',#12050,#12051);
#9381=VERTEX_POINT('',#12052);
#9382=LINE('',#12053,#12054);
#9383=LINE('',#12055,#12056);
#9384=VERTEX_POINT('',#12057);
#9385=VERTEX_POINT('',#12058);
#9386=LINE('',#12059,#12060);
#9387=VERTEX_POINT('',#12061);
#9388=LINE('',#12062,#12063);
#9389=VERTEX_POINT('',#12064);
#9390=LINE('',#12065,#12066);
#9391=LINE('',#12067,#12068);
#9392=VERTEX_POINT('',#12069);
#9393=VERTEX_POINT('',#12070);
#9394=LINE('',#12071,#12072);
#9395=VERTEX_POINT('',#12073);
#9396=LINE('',#12074,#12075);
#9397=VERTEX_POINT('',#12076);
#9398=LINE('',#12077,#12078);
#9399=LINE('',#12079,#12080);
#9400=VERTEX_POINT('',#12081);
#9401=LINE('',#12082,#12083);
#9402=LINE('',#12084,#12085);
#9403=LINE('',#12086,#12087);
#9404=LINE('',#12088,#12089);
#9405=LINE('',#12090,#12091);
#9406=LINE('',#12092,#12093);
#9407=LINE('',#12094,#12095);
#9408=VERTEX_POINT('',#12096);
#9409=LINE('',#12097,#12098);
#9410=LINE('',#12099,#12100);
#9411=LINE('',#12101,#12102);
#9412=LINE('',#12103,#12104);
#9413=VERTEX_POINT('',#12105);
#9414=VERTEX_POINT('',#12106);
#9415=CIRCLE('',#12107,1.5);
#9416=VERTEX_POINT('',#12108);
#9417=LINE('',#12109,#12110);
#9418=VERTEX_POINT('',#12111);
#9419=CIRCLE('',#12112,1.5);
#9420=LINE('',#12113,#12114);
#9421=VERTEX_POINT('',#12115);
#9422=VERTEX_POINT('',#12116);
#9423=CIRCLE('',#12117,1.85);
#9424=VERTEX_POINT('',#12118);
#9425=LINE('',#12119,#12120);
#9426=VERTEX_POINT('',#12121);
#9427=CIRCLE('',#12122,1.85);
#9428=LINE('',#12123,#12124);
#9429=VERTEX_POINT('',#12125);
#9430=LINE('',#12126,#12127);
#9431=VERTEX_POINT('',#12128);
#9432=LINE('',#12129,#12130);
#9433=LINE('',#12131,#12132);
#9434=CIRCLE('',#12133,1.5);
#9435=VERTEX_POINT('',#12134);
#9436=CIRCLE('',#12135,1.85);
#9437=CIRCLE('',#12136,1.85);
#9438=VERTEX_POINT('',#12137);
#9439=VERTEX_POINT('',#12138);
#9440=LINE('',#12139,#12140);
#9441=VERTEX_POINT('',#12141);
#9442=CIRCLE('',#12142,1.85);
#9443=CIRCLE('',#12143,1.85);
#9444=VERTEX_POINT('',#12144);
#9445=VERTEX_POINT('',#12145);
#9446=CIRCLE('',#12146,1.85);
#9447=CIRCLE('',#12147,1.85);
#9448=CIRCLE('',#12148,1.5);
#9449=LINE('',#12149,#12150);
#9450=LINE('',#12151,#12152);
#9451=LINE('',#12153,#12154);
#9452=LINE('',#12155,#12156);
#9453=VERTEX_POINT('',#12157);
#9454=VERTEX_POINT('',#12158);
#9455=LINE('',#12159,#12160);
#9456=VERTEX_POINT('',#12161);
#9457=CIRCLE('',#12162,1.5);
#9458=VERTEX_POINT('',#12163);
#9459=LINE('',#12164,#12165);
#9460=CIRCLE('',#12166,1.5);
#9461=VERTEX_POINT('',#12167);
#9462=VERTEX_POINT('',#12168);
#9463=CIRCLE('',#12169,0.49);
#9464=CIRCLE('',#12170,0.39880492636073);
#9465=VERTEX_POINT('',#12171);
#9466=VERTEX_POINT('',#12172);
#9467=LINE('',#12173,#12174);
#9468=VERTEX_POINT('',#12175);
#9469=CIRCLE('',#12176,1.915);
#9470=VERTEX_POINT('',#12177);
#9471=LINE('',#12178,#12179);
#9472=CIRCLE('',#12180,1.915);
#9473=VERTEX_POINT('',#12181);
#9474=VERTEX_POINT('',#12182);
#9475=CIRCLE('',#12183,0.489993622407476);
#9476=VERTEX_POINT('',#12184);
#9477=CIRCLE('',#12185,0.39880492636073);
#9478=VERTEX_POINT('',#12186);
#9479=CIRCLE('',#12187,0.489974489131832);
#9480=CIRCLE('',#12188,0.39880492636073);
#9481=VERTEX_POINT('',#12189);
#9482=VERTEX_POINT('',#12190);
#9483=LINE('',#12191,#12192);
#9484=VERTEX_POINT('',#12193);
#9485=CIRCLE('',#12194,1.5);
#9486=VERTEX_POINT('',#12195);
#9487=LINE('',#12196,#12197);
#9488=CIRCLE('',#12198,1.5);
#9489=VERTEX_POINT('',#12199);
#9490=VERTEX_POINT('',#12200);
#9491=LINE('',#12201,#12202);
#9492=VERTEX_POINT('',#12203);
#9493=LINE('',#12204,#12205);
#9494=VERTEX_POINT('',#12206);
#9495=LINE('',#12207,#12208);
#9496=LINE('',#12209,#12210);
#9497=VERTEX_POINT('',#12211);
#9498=CIRCLE('',#12212,0.5);
#9499=VERTEX_POINT('',#12213);
#9500=LINE('',#12214,#12215);
#9501=CIRCLE('',#12216,0.5);
#9502=VERTEX_POINT('',#12217);
#9503=LINE('',#12218,#12219);
#9504=VERTEX_POINT('',#12220);
#9505=LINE('',#12221,#12222);
#9506=LINE('',#12223,#12224);
#9507=VERTEX_POINT('',#12225);
#9508=VERTEX_POINT('',#12226);
#9509=LINE('',#12227,#12228);
#9510=VERTEX_POINT('',#12229);
#9511=LINE('',#12230,#12231);
#9512=VERTEX_POINT('',#12232);
#9513=LINE('',#12233,#12234);
#9514=LINE('',#12235,#12236);
#9515=VERTEX_POINT('',#12237);
#9516=VERTEX_POINT('',#12238);
#9517=LINE('',#12239,#12240);
#9518=VERTEX_POINT('',#12241);
#9519=LINE('',#12242,#12243);
#9520=VERTEX_POINT('',#12244);
#9521=LINE('',#12245,#12246);
#9522=LINE('',#12247,#12248);
#9523=VERTEX_POINT('',#12249);
#9524=VERTEX_POINT('',#12250);
#9525=LINE('',#12251,#12252);
#9526=VERTEX_POINT('',#12253);
#9527=LINE('',#12254,#12255);
#9528=VERTEX_POINT('',#12256);
#9529=LINE('',#12257,#12258);
#9530=VERTEX_POINT('',#12259);
#9531=LINE('',#12260,#12261);
#9532=VERTEX_POINT('',#12262);
#9533=LINE('',#12263,#12264);
#9534=LINE('',#12265,#12266);
#9535=VERTEX_POINT('',#12267);
#9536=VERTEX_POINT('',#12268);
#9537=LINE('',#12269,#12270);
#9538=VERTEX_POINT('',#12271);
#9539=LINE('',#12272,#12273);
#9540=VERTEX_POINT('',#12274);
#9541=LINE('',#12275,#12276);
#9542=LINE('',#12277,#12278);
#9543=VERTEX_POINT('',#12279);
#9544=VERTEX_POINT('',#12280);
#9545=LINE('',#12281,#12282);
#9546=VERTEX_POINT('',#12283);
#9547=CIRCLE('',#12284,1.915);
#9548=VERTEX_POINT('',#12285);
#9549=LINE('',#12286,#12287);
#9550=CIRCLE('',#12288,1.915);
#9551=VERTEX_POINT('',#12289);
#9552=VERTEX_POINT('',#12290);
#9553=LINE('',#12291,#12292);
#9554=VERTEX_POINT('',#12293);
#9555=LINE('',#12294,#12295);
#9556=VERTEX_POINT('',#12296);
#9557=LINE('',#12297,#12298);
#9558=LINE('',#12299,#12300);
#9559=VERTEX_POINT('',#12301);
#9560=CIRCLE('',#12302,0.5);
#9561=VERTEX_POINT('',#12303);
#9562=LINE('',#12304,#12305);
#9563=CIRCLE('',#12306,0.5);
#9564=VERTEX_POINT('',#12307);
#9565=VERTEX_POINT('',#12308);
#9566=LINE('',#12309,#12310);
#9567=VERTEX_POINT('',#12311);
#9568=LINE('',#12312,#12313);
#9569=VERTEX_POINT('',#12314);
#9570=LINE('',#12315,#12316);
#9571=LINE('',#12317,#12318);
#9572=VERTEX_POINT('',#12319);
#9573=VERTEX_POINT('',#12320);
#9574=CIRCLE('',#12321,0.49);
#9575=CIRCLE('',#12322,0.39880492636073);
#9576=VERTEX_POINT('',#12323);
#9577=VERTEX_POINT('',#12324);
#9578=LINE('',#12325,#12326);
#9579=VERTEX_POINT('',#12327);
#9580=LINE('',#12328,#12329);
#9581=VERTEX_POINT('',#12330);
#9582=LINE('',#12331,#12332);
#9583=LINE('',#12333,#12334);
#9584=VERTEX_POINT('',#12335);
#9585=VERTEX_POINT('',#12336);
#9586=LINE('',#12337,#12338);
#9587=LINE('',#12339,#12340);
#9588=LINE('',#12341,#12342);
#9589=VERTEX_POINT('',#12343);
#9590=VERTEX_POINT('',#12344);
#9591=LINE('',#12345,#12346);
#9592=VERTEX_POINT('',#12347);
#9593=LINE('',#12348,#12349);
#9594=VERTEX_POINT('',#12350);
#9595=LINE('',#12351,#12352);
#9596=LINE('',#12353,#12354);
#9597=VERTEX_POINT('',#12355);
#9598=LINE('',#12356,#12357);
#9599=VERTEX_POINT('',#12358);
#9600=LINE('',#12359,#12360);
#9601=LINE('',#12361,#12362);
#9602=VERTEX_POINT('',#12363);
#9603=LINE('',#12364,#12365);
#9604=VERTEX_POINT('',#12366);
#9605=LINE('',#12367,#12368);
#9606=VERTEX_POINT('',#12369);
#9607=LINE('',#12370,#12371);
#9608=VERTEX_POINT('',#12372);
#9609=ELLIPSE('',#12373,0.519639221020896,0.5);
#9610=LINE('',#12374,#12375);
#9611=LINE('',#12376,#12377);
#9612=LINE('',#12378,#12379);
#9613=LINE('',#12380,#12381);
#9614=LINE('',#12382,#12383);
#9615=LINE('',#12384,#12385);
#9616=LINE('',#12386,#12387);
#9617=LINE('',#12388,#12389);
#9618=VERTEX_POINT('',#12390);
#9619=VERTEX_POINT('',#12391);
#9620=LINE('',#12392,#12393);
#9621=VERTEX_POINT('',#12394);
#9622=CIRCLE('',#12395,0.5);
#9623=VERTEX_POINT('',#12396);
#9624=LINE('',#12397,#12398);
#9625=CIRCLE('',#12399,0.5);
#9626=VERTEX_POINT('',#12400);
#9627=VERTEX_POINT('',#12401);
#9628=CIRCLE('',#12402,0.5);
#9629=VERTEX_POINT('',#12403);
#9630=LINE('',#12404,#12405);
#9631=VERTEX_POINT('',#12406);
#9632=CIRCLE('',#12407,0.5);
#9633=LINE('',#12408,#12409);
#9634=LINE('',#12410,#12411);
#9635=VERTEX_POINT('',#12412);
#9636=CIRCLE('',#12413,0.5);
#9637=VERTEX_POINT('',#12414);
#9638=LINE('',#12415,#12416);
#9639=VERTEX_POINT('',#12417);
#9640=LINE('',#12418,#12419);
#9641=VERTEX_POINT('',#12420);
#9642=CIRCLE('',#12421,0.5);
#9643=LINE('',#12422,#12423);
#9644=VERTEX_POINT('',#12424);
#9645=LINE('',#12425,#12426);
#9646=LINE('',#12427,#12428);
#9647=VERTEX_POINT('',#12429);
#9648=VERTEX_POINT('',#12430);
#9649=LINE('',#12431,#12432);
#9650=VERTEX_POINT('',#12433);
#9651=LINE('',#12434,#12435);
#9652=VERTEX_POINT('',#12436);
#9653=LINE('',#12437,#12438);
#9654=VERTEX_POINT('',#12439);
#9655=LINE('',#12440,#12441);
#9656=VERTEX_POINT('',#12442);
#9657=LINE('',#12443,#12444);
#9658=VERTEX_POINT('',#12445);
#9659=LINE('',#12446,#12447);
#9660=VERTEX_POINT('',#12448);
#9661=LINE('',#12449,#12450);
#9662=VERTEX_POINT('',#12451);
#9663=LINE('',#12452,#12453);
#9664=VERTEX_POINT('',#12454);
#9665=LINE('',#12455,#12456);
#9666=VERTEX_POINT('',#12457);
#9667=LINE('',#12458,#12459);
#9668=VERTEX_POINT('',#12460);
#9669=LINE('',#12461,#12462);
#9670=VERTEX_POINT('',#12463);
#9671=LINE('',#12464,#12465);
#9672=LINE('',#12466,#12467);
#9673=VERTEX_POINT('',#12468);
#9674=VERTEX_POINT('',#12469);
#9675=LINE('',#12470,#12471);
#9676=VERTEX_POINT('',#12472);
#9677=LINE('',#12473,#12474);
#9678=VERTEX_POINT('',#12475);
#9679=LINE('',#12476,#12477);
#9680=VERTEX_POINT('',#12478);
#9681=LINE('',#12479,#12480);
#9682=VERTEX_POINT('',#12481);
#9683=LINE('',#12482,#12483);
#9684=VERTEX_POINT('',#12484);
#9685=LINE('',#12485,#12486);
#9686=VERTEX_POINT('',#12487);
#9687=LINE('',#12488,#12489);
#9688=VERTEX_POINT('',#12490);
#9689=LINE('',#12491,#12492);
#9690=VERTEX_POINT('',#12493);
#9691=LINE('',#12494,#12495);
#9692=VERTEX_POINT('',#12496);
#9693=LINE('',#12497,#12498);
#9694=VERTEX_POINT('',#12499);
#9695=LINE('',#12500,#12501);
#9696=VERTEX_POINT('',#12502);
#9697=LINE('',#12503,#12504);
#9698=LINE('',#12505,#12506);
#9699=VERTEX_POINT('',#12507);
#9700=VERTEX_POINT('',#12508);
#9701=LINE('',#12509,#12510);
#9702=VERTEX_POINT('',#12511);
#9703=LINE('',#12512,#12513);
#9704=VERTEX_POINT('',#12514);
#9705=LINE('',#12515,#12516);
#9706=VERTEX_POINT('',#12517);
#9707=LINE('',#12518,#12519);
#9708=VERTEX_POINT('',#12520);
#9709=LINE('',#12521,#12522);
#9710=VERTEX_POINT('',#12523);
#9711=LINE('',#12524,#12525);
#9712=VERTEX_POINT('',#12526);
#9713=LINE('',#12527,#12528);
#9714=VERTEX_POINT('',#12529);
#9715=LINE('',#12530,#12531);
#9716=VERTEX_POINT('',#12532);
#9717=LINE('',#12533,#12534);
#9718=VERTEX_POINT('',#12535);
#9719=LINE('',#12536,#12537);
#9720=VERTEX_POINT('',#12538);
#9721=LINE('',#12539,#12540);
#9722=VERTEX_POINT('',#12541);
#9723=LINE('',#12542,#12543);
#9724=VERTEX_POINT('',#12544);
#9725=LINE('',#12545,#12546);
#9726=VERTEX_POINT('',#12547);
#9727=LINE('',#12548,#12549);
#9728=VERTEX_POINT('',#12550);
#9729=LINE('',#12551,#12552);
#9730=VERTEX_POINT('',#12553);
#9731=LINE('',#12554,#12555);
#9732=VERTEX_POINT('',#12556);
#9733=LINE('',#12557,#12558);
#9734=VERTEX_POINT('',#12559);
#9735=LINE('',#12560,#12561);
#9736=VERTEX_POINT('',#12562);
#9737=LINE('',#12563,#12564);
#9738=LINE('',#12565,#12566);
#9739=VERTEX_POINT('',#12567);
#9740=VERTEX_POINT('',#12568);
#9741=LINE('',#12569,#12570);
#9742=VERTEX_POINT('',#12571);
#9743=LINE('',#12572,#12573);
#9744=VERTEX_POINT('',#12574);
#9745=LINE('',#12575,#12576);
#9746=VERTEX_POINT('',#12577);
#9747=LINE('',#12578,#12579);
#9748=VERTEX_POINT('',#12580);
#9749=LINE('',#12581,#12582);
#9750=VERTEX_POINT('',#12583);
#9751=LINE('',#12584,#12585);
#9752=VERTEX_POINT('',#12586);
#9753=LINE('',#12587,#12588);
#9754=VERTEX_POINT('',#12589);
#9755=LINE('',#12590,#12591);
#9756=VERTEX_POINT('',#12592);
#9757=LINE('',#12593,#12594);
#9758=VERTEX_POINT('',#12595);
#9759=LINE('',#12596,#12597);
#9760=VERTEX_POINT('',#12598);
#9761=LINE('',#12599,#12600);
#9762=VERTEX_POINT('',#12601);
#9763=LINE('',#12602,#12603);
#9764=VERTEX_POINT('',#12604);
#9765=LINE('',#12605,#12606);
#9766=VERTEX_POINT('',#12607);
#9767=LINE('',#12608,#12609);
#9768=VERTEX_POINT('',#12610);
#9769=LINE('',#12611,#12612);
#9770=VERTEX_POINT('',#12613);
#9771=LINE('',#12614,#12615);
#9772=VERTEX_POINT('',#12616);
#9773=LINE('',#12617,#12618);
#9774=VERTEX_POINT('',#12619);
#9775=LINE('',#12620,#12621);
#9776=VERTEX_POINT('',#12622);
#9777=LINE('',#12623,#12624);
#9778=VERTEX_POINT('',#12625);
#9779=LINE('',#12626,#12627);
#9780=VERTEX_POINT('',#12628);
#9781=LINE('',#12629,#12630);
#9782=VERTEX_POINT('',#12631);
#9783=LINE('',#12632,#12633);
#9784=VERTEX_POINT('',#12634);
#9785=LINE('',#12635,#12636);
#9786=VERTEX_POINT('',#12637);
#9787=LINE('',#12638,#12639);
#9788=VERTEX_POINT('',#12640);
#9789=LINE('',#12641,#12642);
#9790=VERTEX_POINT('',#12643);
#9791=LINE('',#12644,#12645);
#9792=VERTEX_POINT('',#12646);
#9793=LINE('',#12647,#12648);
#9794=VERTEX_POINT('',#12649);
#9795=LINE('',#12650,#12651);
#9796=VERTEX_POINT('',#12652);
#9797=LINE('',#12653,#12654);
#9798=VERTEX_POINT('',#12655);
#9799=LINE('',#12656,#12657);
#9800=VERTEX_POINT('',#12658);
#9801=LINE('',#12659,#12660);
#9802=VERTEX_POINT('',#12661);
#9803=LINE('',#12662,#12663);
#9804=VERTEX_POINT('',#12664);
#9805=LINE('',#12665,#12666);
#9806=VERTEX_POINT('',#12667);
#9807=LINE('',#12668,#12669);
#9808=VERTEX_POINT('',#12670);
#9809=LINE('',#12671,#12672);
#9810=VERTEX_POINT('',#12673);
#9811=LINE('',#12674,#12675);
#9812=VERTEX_POINT('',#12676);
#9813=LINE('',#12677,#12678);
#9814=VERTEX_POINT('',#12679);
#9815=LINE('',#12680,#12681);
#9816=VERTEX_POINT('',#12682);
#9817=LINE('',#12683,#12684);
#9818=VERTEX_POINT('',#12685);
#9819=LINE('',#12686,#12687);
#9820=VERTEX_POINT('',#12688);
#9821=LINE('',#12689,#12690);
#9822=VERTEX_POINT('',#12691);
#9823=LINE('',#12692,#12693);
#9824=VERTEX_POINT('',#12694);
#9825=LINE('',#12695,#12696);
#9826=VERTEX_POINT('',#12697);
#9827=LINE('',#12698,#12699);
#9828=VERTEX_POINT('',#12700);
#9829=LINE('',#12701,#12702);
#9830=VERTEX_POINT('',#12703);
#9831=LINE('',#12704,#12705);
#9832=VERTEX_POINT('',#12706);
#9833=LINE('',#12707,#12708);
#9834=VERTEX_POINT('',#12709);
#9835=LINE('',#12710,#12711);
#9836=VERTEX_POINT('',#12712);
#9837=LINE('',#12713,#12714);
#9838=VERTEX_POINT('',#12715);
#9839=LINE('',#12716,#12717);
#9840=VERTEX_POINT('',#12718);
#9841=LINE('',#12719,#12720);
#9842=VERTEX_POINT('',#12721);
#9843=LINE('',#12722,#12723);
#9844=VERTEX_POINT('',#12724);
#9845=LINE('',#12725,#12726);
#9846=VERTEX_POINT('',#12727);
#9847=LINE('',#12728,#12729);
#9848=VERTEX_POINT('',#12730);
#9849=LINE('',#12731,#12732);
#9850=VERTEX_POINT('',#12733);
#9851=LINE('',#12734,#12735);
#9852=VERTEX_POINT('',#12736);
#9853=LINE('',#12737,#12738);
#9854=VERTEX_POINT('',#12739);
#9855=LINE('',#12740,#12741);
#9856=VERTEX_POINT('',#12742);
#9857=LINE('',#12743,#12744);
#9858=VERTEX_POINT('',#12745);
#9859=LINE('',#12746,#12747);
#9860=VERTEX_POINT('',#12748);
#9861=LINE('',#12749,#12750);
#9862=VERTEX_POINT('',#12751);
#9863=LINE('',#12752,#12753);
#9864=VERTEX_POINT('',#12754);
#9865=LINE('',#12755,#12756);
#9866=VERTEX_POINT('',#12757);
#9867=LINE('',#12758,#12759);
#9868=VERTEX_POINT('',#12760);
#9869=LINE('',#12761,#12762);
#9870=VERTEX_POINT('',#12763);
#9871=LINE('',#12764,#12765);
#9872=VERTEX_POINT('',#12766);
#9873=LINE('',#12767,#12768);
#9874=VERTEX_POINT('',#12769);
#9875=LINE('',#12770,#12771);
#9876=VERTEX_POINT('',#12772);
#9877=LINE('',#12773,#12774);
#9878=VERTEX_POINT('',#12775);
#9879=LINE('',#12776,#12777);
#9880=LINE('',#12778,#12779);
#9881=VERTEX_POINT('',#12780);
#9882=VERTEX_POINT('',#12781);
#9883=LINE('',#12782,#12783);
#9884=VERTEX_POINT('',#12784);
#9885=LINE('',#12785,#12786);
#9886=VERTEX_POINT('',#12787);
#9887=LINE('',#12788,#12789);
#9888=VERTEX_POINT('',#12790);
#9889=LINE('',#12791,#12792);
#9890=VERTEX_POINT('',#12793);
#9891=LINE('',#12794,#12795);
#9892=VERTEX_POINT('',#12796);
#9893=LINE('',#12797,#12798);
#9894=VERTEX_POINT('',#12799);
#9895=LINE('',#12800,#12801);
#9896=VERTEX_POINT('',#12802);
#9897=LINE('',#12803,#12804);
#9898=VERTEX_POINT('',#12805);
#9899=LINE('',#12806,#12807);
#9900=VERTEX_POINT('',#12808);
#9901=LINE('',#12809,#12810);
#9902=VERTEX_POINT('',#12811);
#9903=LINE('',#12812,#12813);
#9904=LINE('',#12814,#12815);
#9905=VERTEX_POINT('',#12816);
#9906=VERTEX_POINT('',#12817);
#9907=LINE('',#12818,#12819);
#9908=VERTEX_POINT('',#12820);
#9909=LINE('',#12821,#12822);
#9910=VERTEX_POINT('',#12823);
#9911=LINE('',#12824,#12825);
#9912=VERTEX_POINT('',#12826);
#9913=LINE('',#12827,#12828);
#9914=VERTEX_POINT('',#12829);
#9915=LINE('',#12830,#12831);
#9916=VERTEX_POINT('',#12832);
#9917=LINE('',#12833,#12834);
#9918=VERTEX_POINT('',#12835);
#9919=LINE('',#12836,#12837);
#9920=VERTEX_POINT('',#12838);
#9921=LINE('',#12839,#12840);
#9922=VERTEX_POINT('',#12841);
#9923=LINE('',#12842,#12843);
#9924=VERTEX_POINT('',#12844);
#9925=LINE('',#12845,#12846);
#9926=VERTEX_POINT('',#12847);
#9927=LINE('',#12848,#12849);
#9928=VERTEX_POINT('',#12850);
#9929=LINE('',#12851,#12852);
#9930=VERTEX_POINT('',#12853);
#9931=LINE('',#12854,#12855);
#9932=VERTEX_POINT('',#12856);
#9933=LINE('',#12857,#12858);
#9934=LINE('',#12859,#12860);
#9935=VERTEX_POINT('',#12861);
#9936=VERTEX_POINT('',#12862);
#9937=LINE('',#12863,#12864);
#9938=VERTEX_POINT('',#12865);
#9939=LINE('',#12866,#12867);
#9940=VERTEX_POINT('',#12868);
#9941=LINE('',#12869,#12870);
#9942=VERTEX_POINT('',#12871);
#9943=LINE('',#12872,#12873);
#9944=VERTEX_POINT('',#12874);
#9945=LINE('',#12875,#12876);
#9946=VERTEX_POINT('',#12877);
#9947=LINE('',#12878,#12879);
#9948=VERTEX_POINT('',#12880);
#9949=LINE('',#12881,#12882);
#9950=VERTEX_POINT('',#12883);
#9951=LINE('',#12884,#12885);
#9952=VERTEX_POINT('',#12886);
#9953=LINE('',#12887,#12888);
#9954=LINE('',#12889,#12890);
#9955=VERTEX_POINT('',#12891);
#9956=VERTEX_POINT('',#12892);
#9957=LINE('',#12893,#12894);
#9958=VERTEX_POINT('',#12895);
#9959=CIRCLE('',#12896,0.1112);
#9960=VERTEX_POINT('',#12897);
#9961=LINE('',#12898,#12899);
#9962=VERTEX_POINT('',#12900);
#9963=CIRCLE('',#12901,0.1112);
#9964=VERTEX_POINT('',#12902);
#9965=LINE('',#12903,#12904);
#9966=VERTEX_POINT('',#12905);
#9967=CIRCLE('',#12906,0.1112);
#9968=VERTEX_POINT('',#12907);
#9969=LINE('',#12908,#12909);
#9970=CIRCLE('',#12910,0.1112);
#9971=VERTEX_POINT('',#12911);
#9972=VERTEX_POINT('',#12912);
#9973=LINE('',#12913,#12914);
#9974=VERTEX_POINT('',#12915);
#9975=LINE('',#12916,#12917);
#9976=VERTEX_POINT('',#12918);
#9977=LINE('',#12919,#12920);
#9978=VERTEX_POINT('',#12921);
#9979=LINE('',#12922,#12923);
#9980=VERTEX_POINT('',#12924);
#9981=LINE('',#12925,#12926);
#9982=VERTEX_POINT('',#12927);
#9983=LINE('',#12928,#12929);
#9984=VERTEX_POINT('',#12930);
#9985=LINE('',#12931,#12932);
#9986=VERTEX_POINT('',#12933);
#9987=LINE('',#12934,#12935);
#9988=VERTEX_POINT('',#12936);
#9989=LINE('',#12937,#12938);
#9990=VERTEX_POINT('',#12939);
#9991=LINE('',#12940,#12941);
#9992=VERTEX_POINT('',#12942);
#9993=LINE('',#12943,#12944);
#9994=VERTEX_POINT('',#12945);
#9995=LINE('',#12946,#12947);
#9996=VERTEX_POINT('',#12948);
#9997=LINE('',#12949,#12950);
#9998=VERTEX_POINT('',#12951);
#9999=LINE('',#12952,#12953);
#10000=VERTEX_POINT('',#12954);
#10001=LINE('',#12955,#12956);
#10002=VERTEX_POINT('',#12957);
#10003=LINE('',#12958,#12959);
#10004=VERTEX_POINT('',#12960);
#10005=LINE('',#12961,#12962);
#10006=VERTEX_POINT('',#12963);
#10007=LINE('',#12964,#12965);
#10008=VERTEX_POINT('',#12966);
#10009=LINE('',#12967,#12968);
#10010=VERTEX_POINT('',#12969);
#10011=LINE('',#12970,#12971);
#10012=VERTEX_POINT('',#12972);
#10013=LINE('',#12973,#12974);
#10014=VERTEX_POINT('',#12975);
#10015=LINE('',#12976,#12977);
#10016=VERTEX_POINT('',#12978);
#10017=LINE('',#12979,#12980);
#10018=VERTEX_POINT('',#12981);
#10019=LINE('',#12982,#12983);
#10020=VERTEX_POINT('',#12984);
#10021=LINE('',#12985,#12986);
#10022=VERTEX_POINT('',#12987);
#10023=LINE('',#12988,#12989);
#10024=VERTEX_POINT('',#12990);
#10025=LINE('',#12991,#12992);
#10026=VERTEX_POINT('',#12993);
#10027=LINE('',#12994,#12995);
#10028=VERTEX_POINT('',#12996);
#10029=LINE('',#12997,#12998);
#10030=VERTEX_POINT('',#12999);
#10031=LINE('',#13000,#13001);
#10032=VERTEX_POINT('',#13002);
#10033=LINE('',#13003,#13004);
#10034=VERTEX_POINT('',#13005);
#10035=LINE('',#13006,#13007);
#10036=VERTEX_POINT('',#13008);
#10037=LINE('',#13009,#13010);
#10038=VERTEX_POINT('',#13011);
#10039=LINE('',#13012,#13013);
#10040=VERTEX_POINT('',#13014);
#10041=LINE('',#13015,#13016);
#10042=VERTEX_POINT('',#13017);
#10043=LINE('',#13018,#13019);
#10044=VERTEX_POINT('',#13020);
#10045=LINE('',#13021,#13022);
#10046=VERTEX_POINT('',#13023);
#10047=LINE('',#13024,#13025);
#10048=VERTEX_POINT('',#13026);
#10049=LINE('',#13027,#13028);
#10050=VERTEX_POINT('',#13029);
#10051=LINE('',#13030,#13031);
#10052=VERTEX_POINT('',#13032);
#10053=LINE('',#13033,#13034);
#10054=VERTEX_POINT('',#13035);
#10055=LINE('',#13036,#13037);
#10056=VERTEX_POINT('',#13038);
#10057=LINE('',#13039,#13040);
#10058=VERTEX_POINT('',#13041);
#10059=LINE('',#13042,#13043);
#10060=VERTEX_POINT('',#13044);
#10061=LINE('',#13045,#13046);
#10062=VERTEX_POINT('',#13047);
#10063=LINE('',#13048,#13049);
#10064=VERTEX_POINT('',#13050);
#10065=LINE('',#13051,#13052);
#10066=VERTEX_POINT('',#13053);
#10067=LINE('',#13054,#13055);
#10068=VERTEX_POINT('',#13056);
#10069=LINE('',#13057,#13058);
#10070=LINE('',#13059,#13060);
#10071=VERTEX_POINT('',#13061);
#10072=VERTEX_POINT('',#13062);
#10073=LINE('',#13063,#13064);
#10074=VERTEX_POINT('',#13065);
#10075=LINE('',#13066,#13067);
#10076=VERTEX_POINT('',#13068);
#10077=LINE('',#13069,#13070);
#10078=VERTEX_POINT('',#13071);
#10079=LINE('',#13072,#13073);
#10080=VERTEX_POINT('',#13074);
#10081=LINE('',#13075,#13076);
#10082=VERTEX_POINT('',#13077);
#10083=LINE('',#13078,#13079);
#10084=VERTEX_POINT('',#13080);
#10085=LINE('',#13081,#13082);
#10086=VERTEX_POINT('',#13083);
#10087=LINE('',#13084,#13085);
#10088=VERTEX_POINT('',#13086);
#10089=LINE('',#13087,#13088);
#10090=VERTEX_POINT('',#13089);
#10091=LINE('',#13090,#13091);
#10092=VERTEX_POINT('',#13092);
#10093=LINE('',#13093,#13094);
#10094=VERTEX_POINT('',#13095);
#10095=LINE('',#13096,#13097);
#10096=VERTEX_POINT('',#13098);
#10097=LINE('',#13099,#13100);
#10098=VERTEX_POINT('',#13101);
#10099=LINE('',#13102,#13103);
#10100=VERTEX_POINT('',#13104);
#10101=LINE('',#13105,#13106);
#10102=VERTEX_POINT('',#13107);
#10103=LINE('',#13108,#13109);
#10104=VERTEX_POINT('',#13110);
#10105=LINE('',#13111,#13112);
#10106=VERTEX_POINT('',#13113);
#10107=LINE('',#13114,#13115);
#10108=VERTEX_POINT('',#13116);
#10109=LINE('',#13117,#13118);
#10110=VERTEX_POINT('',#13119);
#10111=LINE('',#13120,#13121);
#10112=VERTEX_POINT('',#13122);
#10113=LINE('',#13123,#13124);
#10114=VERTEX_POINT('',#13125);
#10115=LINE('',#13126,#13127);
#10116=VERTEX_POINT('',#13128);
#10117=LINE('',#13129,#13130);
#10118=VERTEX_POINT('',#13131);
#10119=LINE('',#13132,#13133);
#10120=VERTEX_POINT('',#13134);
#10121=LINE('',#13135,#13136);
#10122=VERTEX_POINT('',#13137);
#10123=LINE('',#13138,#13139);
#10124=VERTEX_POINT('',#13140);
#10125=LINE('',#13141,#13142);
#10126=VERTEX_POINT('',#13143);
#10127=LINE('',#13144,#13145);
#10128=VERTEX_POINT('',#13146);
#10129=LINE('',#13147,#13148);
#10130=VERTEX_POINT('',#13149);
#10131=LINE('',#13150,#13151);
#10132=VERTEX_POINT('',#13152);
#10133=LINE('',#13153,#13154);
#10134=VERTEX_POINT('',#13155);
#10135=LINE('',#13156,#13157);
#10136=VERTEX_POINT('',#13158);
#10137=LINE('',#13159,#13160);
#10138=VERTEX_POINT('',#13161);
#10139=LINE('',#13162,#13163);
#10140=VERTEX_POINT('',#13164);
#10141=LINE('',#13165,#13166);
#10142=VERTEX_POINT('',#13167);
#10143=LINE('',#13168,#13169);
#10144=VERTEX_POINT('',#13170);
#10145=LINE('',#13171,#13172);
#10146=VERTEX_POINT('',#13173);
#10147=LINE('',#13174,#13175);
#10148=VERTEX_POINT('',#13176);
#10149=LINE('',#13177,#13178);
#10150=VERTEX_POINT('',#13179);
#10151=LINE('',#13180,#13181);
#10152=VERTEX_POINT('',#13182);
#10153=LINE('',#13183,#13184);
#10154=VERTEX_POINT('',#13185);
#10155=LINE('',#13186,#13187);
#10156=VERTEX_POINT('',#13188);
#10157=LINE('',#13189,#13190);
#10158=VERTEX_POINT('',#13191);
#10159=LINE('',#13192,#13193);
#10160=VERTEX_POINT('',#13194);
#10161=LINE('',#13195,#13196);
#10162=VERTEX_POINT('',#13197);
#10163=LINE('',#13198,#13199);
#10164=VERTEX_POINT('',#13200);
#10165=LINE('',#13201,#13202);
#10166=VERTEX_POINT('',#13203);
#10167=LINE('',#13204,#13205);
#10168=VERTEX_POINT('',#13206);
#10169=LINE('',#13207,#13208);
#10170=VERTEX_POINT('',#13209);
#10171=LINE('',#13210,#13211);
#10172=VERTEX_POINT('',#13212);
#10173=LINE('',#13213,#13214);
#10174=VERTEX_POINT('',#13215);
#10175=LINE('',#13216,#13217);
#10176=VERTEX_POINT('',#13218);
#10177=LINE('',#13219,#13220);
#10178=VERTEX_POINT('',#13221);
#10179=LINE('',#13222,#13223);
#10180=VERTEX_POINT('',#13224);
#10181=LINE('',#13225,#13226);
#10182=VERTEX_POINT('',#13227);
#10183=LINE('',#13228,#13229);
#10184=VERTEX_POINT('',#13230);
#10185=LINE('',#13231,#13232);
#10186=VERTEX_POINT('',#13233);
#10187=LINE('',#13234,#13235);
#10188=VERTEX_POINT('',#13236);
#10189=LINE('',#13237,#13238);
#10190=VERTEX_POINT('',#13239);
#10191=LINE('',#13240,#13241);
#10192=VERTEX_POINT('',#13242);
#10193=LINE('',#13243,#13244);
#10194=VERTEX_POINT('',#13245);
#10195=LINE('',#13246,#13247);
#10196=VERTEX_POINT('',#13248);
#10197=LINE('',#13249,#13250);
#10198=VERTEX_POINT('',#13251);
#10199=LINE('',#13252,#13253);
#10200=VERTEX_POINT('',#13254);
#10201=LINE('',#13255,#13256);
#10202=VERTEX_POINT('',#13257);
#10203=LINE('',#13258,#13259);
#10204=VERTEX_POINT('',#13260);
#10205=LINE('',#13261,#13262);
#10206=VERTEX_POINT('',#13263);
#10207=LINE('',#13264,#13265);
#10208=VERTEX_POINT('',#13266);
#10209=LINE('',#13267,#13268);
#10210=VERTEX_POINT('',#13269);
#10211=LINE('',#13270,#13271);
#10212=LINE('',#13272,#13273);
#10213=LINE('',#13274,#13275);
#10214=LINE('',#13276,#13277);
#10215=LINE('',#13278,#13279);
#10216=LINE('',#13280,#13281);
#10217=LINE('',#13282,#13283);
#10218=LINE('',#13284,#13285);
#10219=LINE('',#13286,#13287);
#10220=LINE('',#13288,#13289);
#10221=LINE('',#13290,#13291);
#10222=LINE('',#13292,#13293);
#10223=LINE('',#13294,#13295);
#10224=LINE('',#13296,#13297);
#10225=LINE('',#13298,#13299);
#10226=LINE('',#13300,#13301);
#10227=LINE('',#13302,#13303);
#10228=LINE('',#13304,#13305);
#10229=LINE('',#13306,#13307);
#10230=LINE('',#13308,#13309);
#10231=LINE('',#13310,#13311);
#10232=LINE('',#13312,#13313);
#10233=LINE('',#13314,#13315);
#10234=LINE('',#13316,#13317);
#10235=LINE('',#13318,#13319);
#10236=LINE('',#13320,#13321);
#10237=LINE('',#13322,#13323);
#10238=LINE('',#13324,#13325);
#10239=LINE('',#13326,#13327);
#10240=LINE('',#13328,#13329);
#10241=LINE('',#13330,#13331);
#10242=LINE('',#13332,#13333);
#10243=LINE('',#13334,#13335);
#10244=LINE('',#13336,#13337);
#10245=LINE('',#13338,#13339);
#10246=LINE('',#13340,#13341);
#10247=LINE('',#13342,#13343);
#10248=LINE('',#13344,#13345);
#10249=LINE('',#13346,#13347);
#10250=LINE('',#13348,#13349);
#10251=LINE('',#13350,#13351);
#10252=LINE('',#13352,#13353);
#10253=LINE('',#13354,#13355);
#10254=LINE('',#13356,#13357);
#10255=LINE('',#13358,#13359);
#10256=LINE('',#13360,#13361);
#10257=LINE('',#13362,#13363);
#10258=LINE('',#13364,#13365);
#10259=LINE('',#13366,#13367);
#10260=LINE('',#13368,#13369);
#10261=LINE('',#13370,#13371);
#10262=LINE('',#13372,#13373);
#10263=LINE('',#13374,#13375);
#10264=LINE('',#13376,#13377);
#10265=LINE('',#13378,#13379);
#10266=LINE('',#13380,#13381);
#10267=LINE('',#13382,#13383);
#10268=LINE('',#13384,#13385);
#10269=LINE('',#13386,#13387);
#10270=LINE('',#13388,#13389);
#10271=LINE('',#13390,#13391);
#10272=LINE('',#13392,#13393);
#10273=LINE('',#13394,#13395);
#10274=LINE('',#13396,#13397);
#10275=LINE('',#13398,#13399);
#10276=LINE('',#13400,#13401);
#10277=LINE('',#13402,#13403);
#10278=LINE('',#13404,#13405);
#10279=LINE('',#13406,#13407);
#10280=LINE('',#13408,#13409);
#10281=LINE('',#13410,#13411);
#10282=LINE('',#13412,#13413);
#10283=LINE('',#13414,#13415);
#10284=VERTEX_POINT('',#13416);
#10285=VERTEX_POINT('',#13417);
#10286=LINE('',#13418,#13419);
#10287=VERTEX_POINT('',#13420);
#10288=LINE('',#13421,#13422);
#10289=VERTEX_POINT('',#13423);
#10290=LINE('',#13424,#13425);
#10291=VERTEX_POINT('',#13426);
#10292=LINE('',#13427,#13428);
#10293=VERTEX_POINT('',#13429);
#10294=LINE('',#13430,#13431);
#10295=VERTEX_POINT('',#13432);
#10296=LINE('',#13433,#13434);
#10297=VERTEX_POINT('',#13435);
#10298=LINE('',#13436,#13437);
#10299=VERTEX_POINT('',#13438);
#10300=LINE('',#13439,#13440);
#10301=VERTEX_POINT('',#13441);
#10302=LINE('',#13442,#13443);
#10303=VERTEX_POINT('',#13444);
#10304=LINE('',#13445,#13446);
#10305=VERTEX_POINT('',#13447);
#10306=LINE('',#13448,#13449);
#10307=LINE('',#13450,#13451);
#10308=LINE('',#13452,#13453);
#10309=LINE('',#13454,#13455);
#10310=LINE('',#13456,#13457);
#10311=LINE('',#13458,#13459);
#10312=LINE('',#13460,#13461);
#10313=LINE('',#13462,#13463);
#10314=LINE('',#13464,#13465);
#10315=LINE('',#13466,#13467);
#10316=LINE('',#13468,#13469);
#10317=LINE('',#13470,#13471);
#10318=LINE('',#13472,#13473);
#10319=LINE('',#13474,#13475);
#10320=VERTEX_POINT('',#13476);
#10321=VERTEX_POINT('',#13477);
#10322=LINE('',#13478,#13479);
#10323=VERTEX_POINT('',#13480);
#10324=LINE('',#13481,#13482);
#10325=VERTEX_POINT('',#13483);
#10326=LINE('',#13484,#13485);
#10327=VERTEX_POINT('',#13486);
#10328=LINE('',#13487,#13488);
#10329=VERTEX_POINT('',#13489);
#10330=LINE('',#13490,#13491);
#10331=VERTEX_POINT('',#13492);
#10332=LINE('',#13493,#13494);
#10333=VERTEX_POINT('',#13495);
#10334=LINE('',#13496,#13497);
#10335=VERTEX_POINT('',#13498);
#10336=LINE('',#13499,#13500);
#10337=VERTEX_POINT('',#13501);
#10338=LINE('',#13502,#13503);
#10339=LINE('',#13504,#13505);
#10340=LINE('',#13506,#13507);
#10341=LINE('',#13508,#13509);
#10342=LINE('',#13510,#13511);
#10343=LINE('',#13512,#13513);
#10344=VERTEX_POINT('',#13514);
#10345=VERTEX_POINT('',#13515);
#10346=LINE('',#13516,#13517);
#10347=LINE('',#13518,#13519);
#10348=LINE('',#13520,#13521);
#10349=LINE('',#13522,#13523);
#10350=LINE('',#13524,#13525);
#10351=LINE('',#13526,#13527);
#10352=LINE('',#13528,#13529);
#10353=LINE('',#13530,#13531);
#10354=LINE('',#13532,#13533);
#10355=VERTEX_POINT('',#13534);
#10356=VERTEX_POINT('',#13535);
#10357=LINE('',#13536,#13537);
#10358=VERTEX_POINT('',#13538);
#10359=LINE('',#13539,#13540);
#10360=VERTEX_POINT('',#13541);
#10361=LINE('',#13542,#13543);
#10362=VERTEX_POINT('',#13544);
#10363=LINE('',#13545,#13546);
#10364=VERTEX_POINT('',#13547);
#10365=LINE('',#13548,#13549);
#10366=VERTEX_POINT('',#13550);
#10367=LINE('',#13551,#13552);
#10368=VERTEX_POINT('',#13553);
#10369=LINE('',#13554,#13555);
#10370=VERTEX_POINT('',#13556);
#10371=LINE('',#13557,#13558);
#10372=VERTEX_POINT('',#13559);
#10373=LINE('',#13560,#13561);
#10374=VERTEX_POINT('',#13562);
#10375=LINE('',#13563,#13564);
#10376=VERTEX_POINT('',#13565);
#10377=LINE('',#13566,#13567);
#10378=VERTEX_POINT('',#13568);
#10379=LINE('',#13569,#13570);
#10380=VERTEX_POINT('',#13571);
#10381=LINE('',#13572,#13573);
#10382=VERTEX_POINT('',#13574);
#10383=LINE('',#13575,#13576);
#10384=LINE('',#13577,#13578);
#10385=LINE('',#13579,#13580);
#10386=LINE('',#13581,#13582);
#10387=LINE('',#13583,#13584);
#10388=LINE('',#13585,#13586);
#10389=LINE('',#13587,#13588);
#10390=LINE('',#13589,#13590);
#10391=LINE('',#13591,#13592);
#10392=LINE('',#13593,#13594);
#10393=LINE('',#13595,#13596);
#10394=LINE('',#13597,#13598);
#10395=LINE('',#13599,#13600);
#10396=LINE('',#13601,#13602);
#10397=LINE('',#13603,#13604);
#10398=LINE('',#13605,#13606);
#10399=LINE('',#13607,#13608);
#10400=VERTEX_POINT('',#13609);
#10401=VERTEX_POINT('',#13610);
#10402=LINE('',#13611,#13612);
#10403=VERTEX_POINT('',#13613);
#10404=LINE('',#13614,#13615);
#10405=VERTEX_POINT('',#13616);
#10406=LINE('',#13617,#13618);
#10407=VERTEX_POINT('',#13619);
#10408=LINE('',#13620,#13621);
#10409=VERTEX_POINT('',#13622);
#10410=LINE('',#13623,#13624);
#10411=VERTEX_POINT('',#13625);
#10412=LINE('',#13626,#13627);
#10413=VERTEX_POINT('',#13628);
#10414=LINE('',#13629,#13630);
#10415=VERTEX_POINT('',#13631);
#10416=LINE('',#13632,#13633);
#10417=VERTEX_POINT('',#13634);
#10418=LINE('',#13635,#13636);
#10419=VERTEX_POINT('',#13637);
#10420=LINE('',#13638,#13639);
#10421=VERTEX_POINT('',#13640);
#10422=LINE('',#13641,#13642);
#10423=VERTEX_POINT('',#13643);
#10424=LINE('',#13644,#13645);
#10425=VERTEX_POINT('',#13646);
#10426=LINE('',#13647,#13648);
#10427=VERTEX_POINT('',#13649);
#10428=LINE('',#13650,#13651);
#10429=VERTEX_POINT('',#13652);
#10430=LINE('',#13653,#13654);
#10431=VERTEX_POINT('',#13655);
#10432=LINE('',#13656,#13657);
#10433=VERTEX_POINT('',#13658);
#10434=LINE('',#13659,#13660);
#10435=VERTEX_POINT('',#13661);
#10436=LINE('',#13662,#13663);
#10437=VERTEX_POINT('',#13664);
#10438=LINE('',#13665,#13666);
#10439=VERTEX_POINT('',#13667);
#10440=LINE('',#13668,#13669);
#10441=VERTEX_POINT('',#13670);
#10442=LINE('',#13671,#13672);
#10443=VERTEX_POINT('',#13673);
#10444=LINE('',#13674,#13675);
#10445=VERTEX_POINT('',#13676);
#10446=LINE('',#13677,#13678);
#10447=VERTEX_POINT('',#13679);
#10448=LINE('',#13680,#13681);
#10449=VERTEX_POINT('',#13682);
#10450=LINE('',#13683,#13684);
#10451=VERTEX_POINT('',#13685);
#10452=LINE('',#13686,#13687);
#10453=VERTEX_POINT('',#13688);
#10454=LINE('',#13689,#13690);
#10455=VERTEX_POINT('',#13691);
#10456=LINE('',#13692,#13693);
#10457=VERTEX_POINT('',#13694);
#10458=LINE('',#13695,#13696);
#10459=VERTEX_POINT('',#13697);
#10460=LINE('',#13698,#13699);
#10461=VERTEX_POINT('',#13700);
#10462=LINE('',#13701,#13702);
#10463=VERTEX_POINT('',#13703);
#10464=LINE('',#13704,#13705);
#10465=VERTEX_POINT('',#13706);
#10466=LINE('',#13707,#13708);
#10467=VERTEX_POINT('',#13709);
#10468=LINE('',#13710,#13711);
#10469=VERTEX_POINT('',#13712);
#10470=LINE('',#13713,#13714);
#10471=VERTEX_POINT('',#13715);
#10472=LINE('',#13716,#13717);
#10473=VERTEX_POINT('',#13718);
#10474=LINE('',#13719,#13720);
#10475=VERTEX_POINT('',#13721);
#10476=LINE('',#13722,#13723);
#10477=VERTEX_POINT('',#13724);
#10478=LINE('',#13725,#13726);
#10479=VERTEX_POINT('',#13727);
#10480=LINE('',#13728,#13729);
#10481=VERTEX_POINT('',#13730);
#10482=LINE('',#13731,#13732);
#10483=VERTEX_POINT('',#13733);
#10484=LINE('',#13734,#13735);
#10485=VERTEX_POINT('',#13736);
#10486=LINE('',#13737,#13738);
#10487=VERTEX_POINT('',#13739);
#10488=LINE('',#13740,#13741);
#10489=VERTEX_POINT('',#13742);
#10490=LINE('',#13743,#13744);
#10491=VERTEX_POINT('',#13745);
#10492=LINE('',#13746,#13747);
#10493=VERTEX_POINT('',#13748);
#10494=LINE('',#13749,#13750);
#10495=VERTEX_POINT('',#13751);
#10496=LINE('',#13752,#13753);
#10497=VERTEX_POINT('',#13754);
#10498=LINE('',#13755,#13756);
#10499=LINE('',#13757,#13758);
#10500=LINE('',#13759,#13760);
#10501=LINE('',#13761,#13762);
#10502=LINE('',#13763,#13764);
#10503=LINE('',#13765,#13766);
#10504=LINE('',#13767,#13768);
#10505=LINE('',#13769,#13770);
#10506=LINE('',#13771,#13772);
#10507=LINE('',#13773,#13774);
#10508=LINE('',#13775,#13776);
#10509=LINE('',#13777,#13778);
#10510=LINE('',#13779,#13780);
#10511=LINE('',#13781,#13782);
#10512=LINE('',#13783,#13784);
#10513=LINE('',#13785,#13786);
#10514=LINE('',#13787,#13788);
#10515=LINE('',#13789,#13790);
#10516=LINE('',#13791,#13792);
#10517=LINE('',#13793,#13794);
#10518=LINE('',#13795,#13796);
#10519=LINE('',#13797,#13798);
#10520=LINE('',#13799,#13800);
#10521=LINE('',#13801,#13802);
#10522=LINE('',#13803,#13804);
#10523=LINE('',#13805,#13806);
#10524=LINE('',#13807,#13808);
#10525=LINE('',#13809,#13810);
#10526=LINE('',#13811,#13812);
#10527=LINE('',#13813,#13814);
#10528=LINE('',#13815,#13816);
#10529=LINE('',#13817,#13818);
#10530=LINE('',#13819,#13820);
#10531=LINE('',#13821,#13822);
#10532=LINE('',#13823,#13824);
#10533=LINE('',#13825,#13826);
#10534=LINE('',#13827,#13828);
#10535=LINE('',#13829,#13830);
#10536=LINE('',#13831,#13832);
#10537=LINE('',#13833,#13834);
#10538=LINE('',#13835,#13836);
#10539=LINE('',#13837,#13838);
#10540=LINE('',#13839,#13840);
#10541=LINE('',#13841,#13842);
#10542=LINE('',#13843,#13844);
#10543=LINE('',#13845,#13846);
#10544=LINE('',#13847,#13848);
#10545=LINE('',#13849,#13850);
#10546=LINE('',#13851,#13852);
#10547=LINE('',#13853,#13854);
#10548=LINE('',#13855,#13856);
#10549=LINE('',#13857,#13858);
#10550=VERTEX_POINT('',#13859);
#10551=LINE('',#13860,#13861);
#10552=VERTEX_POINT('',#13862);
#10553=CIRCLE('',#13863,0.1112);
#10554=LINE('',#13864,#13865);
#10555=VERTEX_POINT('',#13866);
#10556=LINE('',#13867,#13868);
#10557=LINE('',#13869,#13870);
#10558=VERTEX_POINT('',#13871);
#10559=CIRCLE('',#13872,0.1112);
#10560=LINE('',#13873,#13874);
#10561=VERTEX_POINT('',#13875);
#10562=LINE('',#13876,#13877);
#10563=LINE('',#13878,#13879);
#10564=VERTEX_POINT('',#13880);
#10565=CIRCLE('',#13881,0.1112);
#10566=LINE('',#13882,#13883);
#10567=VERTEX_POINT('',#13884);
#10568=LINE('',#13885,#13886);
#10569=LINE('',#13887,#13888);
#10570=VERTEX_POINT('',#13889);
#10571=CIRCLE('',#13890,0.1112);
#10572=LINE('',#13891,#13892);
#10573=LINE('',#13893,#13894);
#10574=VERTEX_POINT('',#13895);
#10575=VERTEX_POINT('',#13896);
#10576=B_SPLINE_CURVE_WITH_KNOTS('',3,(#13897,#13898,#13899,#13900,#13901,#13902,#13903,#13904,#13905,#13906,#13907,#13908,#13909,#13910,#13911,#13912,#13913,#13914),.UNSPECIFIED.,.F.,.F.,(4,2,2,2,2,2,2,2,4),(7.50000000000073,8.0,9.00000000000005,10.0,11.0,12.0,13.0,14.0,14.9999999999998),.UNSPECIFIED.);
#10577=B_SPLINE_CURVE_WITH_KNOTS('',3,(#13915,#13916,#13917,#13918,#13919,#13920,#13921,#13922,#13923,#13924,#13925,#13926,#13927,#13928,#13929,#13930,#13931,#13932),.UNSPECIFIED.,.F.,.F.,(4,2,2,2,2,2,2,2,4),(0.0,1.0,2.0,3.00000000000003,4.0,5.0,6.00000000000007,7.0,7.50000000000012),.UNSPECIFIED.);
#10578=VERTEX_POINT('',#13933);
#10579=VERTEX_POINT('',#13934);
#10580=LINE('',#13935,#13936);
#10581=VERTEX_POINT('',#13937);
#10582=CIRCLE('',#13938,0.0834);
#10583=VERTEX_POINT('',#13939);
#10584=LINE('',#13940,#13941);
#10585=VERTEX_POINT('',#13942);
#10586=CIRCLE('',#13943,0.0834);
#10587=VERTEX_POINT('',#13944);
#10588=LINE('',#13945,#13946);
#10589=VERTEX_POINT('',#13947);
#10590=CIRCLE('',#13948,0.08374);
#10591=VERTEX_POINT('',#13949);
#10592=B_SPLINE_CURVE_WITH_KNOTS('',3,(#13950,#13951,#13952,#13953,#13954,#13955,#13956,#13957,#13958,#13959,#13960,#13961,#13962,#13963),.UNSPECIFIED.,.F.,.F.,(4,2,2,2,2,2,4),(0.00108847687190752,1.0,2.0,2.99999999999884,4.0,5.0,5.99891152312578),.UNSPECIFIED.);
#10593=VERTEX_POINT('',#13964);
#10594=CIRCLE('',#13965,0.08374);
#10595=VERTEX_POINT('',#13966);
#10596=LINE('',#13967,#13968);
#10597=VERTEX_POINT('',#13969);
#10598=CIRCLE('',#13970,0.0834);
#10599=VERTEX_POINT('',#13971);
#10600=LINE('',#13972,#13973);
#10601=CIRCLE('',#13974,0.0834);
#10602=VERTEX_POINT('',#13975);
#10603=VERTEX_POINT('',#13976);
#10604=B_SPLINE_CURVE_WITH_KNOTS('',3,(#13977,#13978,#13979,#13980,#13981,#13982,#13983,#13984,#13985,#13986,#13987,#13988,#13989,#13990,#13991,#13992,#13993,#13994,#13995,#13996,#13997,#13998),.UNSPECIFIED.,.F.,.F.,(4,2,2,2,2,2,2,2,2,2,4),(-0.0321134173828924,0.0,1.0,2.0,3.0,4.00000000000083,5.0,6.0,7.0,8.0,8.03211341738627),.UNSPECIFIED.);
#10605=VERTEX_POINT('',#13999);
#10606=CIRCLE('',#14000,0.0834);
#10607=VERTEX_POINT('',#14001);
#10608=LINE('',#14002,#14003);
#10609=VERTEX_POINT('',#14004);
#10610=CIRCLE('',#14005,0.08374);
#10611=VERTEX_POINT('',#14006);
#10612=B_SPLINE_CURVE_WITH_KNOTS('',3,(#14007,#14008,#14009,#14010,#14011,#14012,#14013,#14014,#14015,#14016,#14017,#14018,#14019,#14020),.UNSPECIFIED.,.F.,.F.,(4,2,2,2,2,2,4),(0.00108847656173971,1.0,2.0,3.00000000000421,4.0,5.0,5.99891152314868),.UNSPECIFIED.);
#10613=VERTEX_POINT('',#14021);
#10614=CIRCLE('',#14022,0.08374);
#10615=VERTEX_POINT('',#14023);
#10616=LINE('',#14024,#14025);
#10617=CIRCLE('',#14026,0.0834);
#10618=VERTEX_POINT('',#14027);
#10619=VERTEX_POINT('',#14028);
#10620=B_SPLINE_CURVE_WITH_KNOTS('',3,(#14029,#14030,#14031,#14032,#14033,#14034,#14035,#14036,#14037,#14038,#14039,#14040,#14041,#14042,#14043,#14044,#14045,#14046),.UNSPECIFIED.,.F.,.F.,(4,2,2,2,2,2,2,2,4),(7.50000000000075,8.0,9.0,10.0,11.0,12.0,13.0,14.0,14.9999999999999),.UNSPECIFIED.);
#10621=LINE('',#14047,#14048);
#10622=LINE('',#14049,#14050);
#10623=B_SPLINE_CURVE_WITH_KNOTS('',3,(#14051,#14052,#14053,#14054,#14055,#14056,#14057,#14058,#14059,#14060,#14061,#14062,#14063,#14064,#14065,#14066,#14067,#14068),.UNSPECIFIED.,.F.,.F.,(4,2,2,2,2,2,2,2,4),(0.0,1.0,2.0,3.00000000000001,4.0,5.0,6.00000000000001,7.0,7.49999999999953),.UNSPECIFIED.);
#10624=VERTEX_POINT('',#14069);
#10625=VERTEX_POINT('',#14070);
#10626=LINE('',#14071,#14072);
#10627=VERTEX_POINT('',#14073);
#10628=CIRCLE('',#14074,0.0834);
#10629=VERTEX_POINT('',#14075);
#10630=LINE('',#14076,#14077);
#10631=VERTEX_POINT('',#14078);
#10632=CIRCLE('',#14079,0.0834);
#10633=VERTEX_POINT('',#14080);
#10634=LINE('',#14081,#14082);
#10635=VERTEX_POINT('',#14083);
#10636=CIRCLE('',#14084,0.08374);
#10637=VERTEX_POINT('',#14085);
#10638=B_SPLINE_CURVE_WITH_KNOTS('',3,(#14086,#14087,#14088,#14089,#14090,#14091,#14092,#14093,#14094,#14095,#14096,#14097,#14098,#14099),.UNSPECIFIED.,.F.,.F.,(4,2,2,2,2,2,4),(0.00108847687438995,1.0,2.0,3.00000000000008,4.0,5.0,5.99891152312578),.UNSPECIFIED.);
#10639=VERTEX_POINT('',#14100);
#10640=CIRCLE('',#14101,0.08374);
#10641=VERTEX_POINT('',#14102);
#10642=LINE('',#14103,#14104);
#10643=VERTEX_POINT('',#14105);
#10644=CIRCLE('',#14106,0.0834);
#10645=VERTEX_POINT('',#14107);
#10646=LINE('',#14108,#14109);
#10647=CIRCLE('',#14110,0.0834);
#10648=LINE('',#14111,#14112);
#10649=LINE('',#14113,#14114);
#10650=LINE('',#14115,#14116);
#10651=LINE('',#14117,#14118);
#10652=LINE('',#14119,#14120);
#10653=LINE('',#14121,#14122);
#10654=LINE('',#14123,#14124);
#10655=LINE('',#14125,#14126);
#10656=LINE('',#14127,#14128);
#10657=LINE('',#14129,#14130);
#10658=LINE('',#14131,#14132);
#10659=LINE('',#14133,#14134);
#10660=VERTEX_POINT('',#14135);
#10661=VERTEX_POINT('',#14136);
#10662=LINE('',#14137,#14138);
#10663=VERTEX_POINT('',#14139);
#10664=CIRCLE('',#14140,0.0834);
#10665=VERTEX_POINT('',#14141);
#10666=B_SPLINE_CURVE_WITH_KNOTS('',3,(#14142,#14143,#14144,#14145,#14146,#14147,#14148,#14149,#14150,#14151,#14152,#14153,#14154,#14155,#14156,#14157,#14158,#14159,#14160,#14161,#14162,#14163),.UNSPECIFIED.,.F.,.F.,(4,2,2,2,2,2,2,2,2,2,4),(-0.0321134173828924,0.0,1.0,2.0,3.0,4.00000000000083,5.0,6.0,7.0,8.0,8.03211341738627),.UNSPECIFIED.);
#10667=VERTEX_POINT('',#14164);
#10668=CIRCLE('',#14165,0.0834);
#10669=VERTEX_POINT('',#14166);
#10670=LINE('',#14167,#14168);
#10671=VERTEX_POINT('',#14169);
#10672=CIRCLE('',#14170,0.08374);
#10673=VERTEX_POINT('',#14171);
#10674=B_SPLINE_CURVE_WITH_KNOTS('',3,(#14172,#14173,#14174,#14175,#14176,#14177,#14178,#14179,#14180,#14181,#14182,#14183,#14184,#14185),.UNSPECIFIED.,.F.,.F.,(4,2,2,2,2,2,4),(0.00108847625239314,1.0,2.0,3.00000000000421,4.0,5.0,5.9989115231516),.UNSPECIFIED.);
#10675=CIRCLE('',#14186,0.08374);
#10676=LINE('',#14187,#14188);
#10677=LINE('',#14189,#14190);
#10678=LINE('',#14191,#14192);
#10679=LINE('',#14193,#14194);
#10680=LINE('',#14195,#14196);
#10681=VERTEX_POINT('',#14197);
#10682=LINE('',#14198,#14199);
#10683=LINE('',#14200,#14201);
#10684=LINE('',#14202,#14203);
#10685=LINE('',#14204,#14205);
#10686=LINE('',#14206,#14207);
#10687=VERTEX_POINT('',#14208);
#10688=LINE('',#14209,#14210);
#10689=LINE('',#14211,#14212);
#10690=VERTEX_POINT('',#14213);
#10691=VERTEX_POINT('',#14214);
#10692=LINE('',#14215,#14216);
#10693=VERTEX_POINT('',#14217);
#10694=LINE('',#14218,#14219);
#10695=VERTEX_POINT('',#14220);
#10696=LINE('',#14221,#14222);
#10697=VERTEX_POINT('',#14223);
#10698=LINE('',#14224,#14225);
#10699=VERTEX_POINT('',#14226);
#10700=LINE('',#14227,#14228);
#10701=VERTEX_POINT('',#14229);
#10702=LINE('',#14230,#14231);
#10703=VERTEX_POINT('',#14232);
#10704=LINE('',#14233,#14234);
#10705=VERTEX_POINT('',#14235);
#10706=LINE('',#14236,#14237);
#10707=VERTEX_POINT('',#14238);
#10708=LINE('',#14239,#14240);
#10709=VERTEX_POINT('',#14241);
#10710=LINE('',#14242,#14243);
#10711=VERTEX_POINT('',#14244);
#10712=LINE('',#14245,#14246);
#10713=VERTEX_POINT('',#14247);
#10714=LINE('',#14248,#14249);
#10715=LINE('',#14250,#14251);
#10716=LINE('',#14252,#14253);
#10717=LINE('',#14254,#14255);
#10718=LINE('',#14256,#14257);
#10719=LINE('',#14258,#14259);
#10720=LINE('',#14260,#14261);
#10721=LINE('',#14262,#14263);
#10722=LINE('',#14264,#14265);
#10723=LINE('',#14266,#14267);
#10724=LINE('',#14268,#14269);
#10725=LINE('',#14270,#14271);
#10726=LINE('',#14272,#14273);
#10727=LINE('',#14274,#14275);
#10728=LINE('',#14276,#14277);
#10729=VERTEX_POINT('',#14278);
#10730=VERTEX_POINT('',#14279);
#10731=LINE('',#14280,#14281);
#10732=VERTEX_POINT('',#14282);
#10733=LINE('',#14283,#14284);
#10734=VERTEX_POINT('',#14285);
#10735=LINE('',#14286,#14287);
#10736=VERTEX_POINT('',#14288);
#10737=LINE('',#14289,#14290);
#10738=VERTEX_POINT('',#14291);
#10739=LINE('',#14292,#14293);
#10740=VERTEX_POINT('',#14294);
#10741=LINE('',#14295,#14296);
#10742=VERTEX_POINT('',#14297);
#10743=LINE('',#14298,#14299);
#10744=VERTEX_POINT('',#14300);
#10745=LINE('',#14301,#14302);
#10746=VERTEX_POINT('',#14303);
#10747=LINE('',#14304,#14305);
#10748=VERTEX_POINT('',#14306);
#10749=LINE('',#14307,#14308);
#10750=VERTEX_POINT('',#14309);
#10751=LINE('',#14310,#14311);
#10752=VERTEX_POINT('',#14312);
#10753=LINE('',#14313,#14314);
#10754=VERTEX_POINT('',#14315);
#10755=LINE('',#14316,#14317);
#10756=VERTEX_POINT('',#14318);
#10757=LINE('',#14319,#14320);
#10758=VERTEX_POINT('',#14321);
#10759=LINE('',#14322,#14323);
#10760=VERTEX_POINT('',#14324);
#10761=LINE('',#14325,#14326);
#10762=VERTEX_POINT('',#14327);
#10763=LINE('',#14328,#14329);
#10764=VERTEX_POINT('',#14330);
#10765=LINE('',#14331,#14332);
#10766=VERTEX_POINT('',#14333);
#10767=LINE('',#14334,#14335);
#10768=LINE('',#14336,#14337);
#10769=VERTEX_POINT('',#14338);
#10770=VERTEX_POINT('',#14339);
#10771=LINE('',#14340,#14341);
#10772=VERTEX_POINT('',#14342);
#10773=LINE('',#14343,#14344);
#10774=VERTEX_POINT('',#14345);
#10775=LINE('',#14346,#14347);
#10776=VERTEX_POINT('',#14348);
#10777=LINE('',#14349,#14350);
#10778=VERTEX_POINT('',#14351);
#10779=LINE('',#14352,#14353);
#10780=VERTEX_POINT('',#14354);
#10781=LINE('',#14355,#14356);
#10782=VERTEX_POINT('',#14357);
#10783=LINE('',#14358,#14359);
#10784=VERTEX_POINT('',#14360);
#10785=LINE('',#14361,#14362);
#10786=VERTEX_POINT('',#14363);
#10787=LINE('',#14364,#14365);
#10788=VERTEX_POINT('',#14366);
#10789=LINE('',#14367,#14368);
#10790=VERTEX_POINT('',#14369);
#10791=LINE('',#14370,#14371);
#10792=VERTEX_POINT('',#14372);
#10793=LINE('',#14373,#14374);
#10794=VERTEX_POINT('',#14375);
#10795=LINE('',#14376,#14377);
#10796=VERTEX_POINT('',#14378);
#10797=LINE('',#14379,#14380);
#10798=VERTEX_POINT('',#14381);
#10799=LINE('',#14382,#14383);
#10800=VERTEX_POINT('',#14384);
#10801=LINE('',#14385,#14386);
#10802=VERTEX_POINT('',#14387);
#10803=LINE('',#14388,#14389);
#10804=LINE('',#14390,#14391);
#10805=VERTEX_POINT('',#14392);
#10806=LINE('',#14393,#14394);
#10807=VERTEX_POINT('',#14395);
#10808=LINE('',#14396,#14397);
#10809=LINE('',#14398,#14399);
#10810=VERTEX_POINT('',#14400);
#10811=LINE('',#14401,#14402);
#10812=LINE('',#14403,#14404);
#10813=VERTEX_POINT('',#14405);
#10814=LINE('',#14406,#14407);
#10815=LINE('',#14408,#14409);
#10816=VERTEX_POINT('',#14410);
#10817=LINE('',#14411,#14412);
#10818=LINE('',#14413,#14414);
#10819=VERTEX_POINT('',#14415);
#10820=LINE('',#14416,#14417);
#10821=LINE('',#14418,#14419);
#10822=VERTEX_POINT('',#14420);
#10823=LINE('',#14421,#14422);
#10824=LINE('',#14423,#14424);
#10825=VERTEX_POINT('',#14425);
#10826=LINE('',#14426,#14427);
#10827=LINE('',#14428,#14429);
#10828=VERTEX_POINT('',#14430);
#10829=LINE('',#14431,#14432);
#10830=LINE('',#14433,#14434);
#10831=VERTEX_POINT('',#14435);
#10832=LINE('',#14436,#14437);
#10833=LINE('',#14438,#14439);
#10834=VERTEX_POINT('',#14440);
#10835=LINE('',#14441,#14442);
#10836=LINE('',#14443,#14444);
#10837=VERTEX_POINT('',#14445);
#10838=LINE('',#14446,#14447);
#10839=LINE('',#14448,#14449);
#10840=VERTEX_POINT('',#14450);
#10841=LINE('',#14451,#14452);
#10842=LINE('',#14453,#14454);
#10843=VERTEX_POINT('',#14455);
#10844=LINE('',#14456,#14457);
#10845=LINE('',#14458,#14459);
#10846=VERTEX_POINT('',#14460);
#10847=LINE('',#14461,#14462);
#10848=LINE('',#14463,#14464);
#10849=VERTEX_POINT('',#14465);
#10850=LINE('',#14466,#14467);
#10851=LINE('',#14468,#14469);
#10852=VERTEX_POINT('',#14470);
#10853=LINE('',#14471,#14472);
#10854=LINE('',#14473,#14474);
#10855=VERTEX_POINT('',#14475);
#10856=LINE('',#14476,#14477);
#10857=LINE('',#14478,#14479);
#10858=LINE('',#14480,#14481);
#10859=LINE('',#14482,#14483);
#10860=LINE('',#14484,#14485);
#10861=LINE('',#14486,#14487);
#10862=LINE('',#14488,#14489);
#10863=LINE('',#14490,#14491);
#10864=LINE('',#14492,#14493);
#10865=LINE('',#14494,#14495);
#10866=LINE('',#14496,#14497);
#10867=LINE('',#14498,#14499);
#10868=LINE('',#14500,#14501);
#10869=LINE('',#14502,#14503);
#10870=LINE('',#14504,#14505);
#10871=LINE('',#14506,#14507);
#10872=LINE('',#14508,#14509);
#10873=LINE('',#14510,#14511);
#10874=LINE('',#14512,#14513);
#10875=LINE('',#14514,#14515);
#10876=LINE('',#14516,#14517);
#10877=LINE('',#14518,#14519);
#10878=LINE('',#14520,#14521);
#10879=VERTEX_POINT('',#14522);
#10880=VERTEX_POINT('',#14523);
#10881=LINE('',#14524,#14525);
#10882=VERTEX_POINT('',#14526);
#10883=LINE('',#14527,#14528);
#10884=VERTEX_POINT('',#14529);
#10885=LINE('',#14530,#14531);
#10886=VERTEX_POINT('',#14532);
#10887=LINE('',#14533,#14534);
#10888=VERTEX_POINT('',#14535);
#10889=LINE('',#14536,#14537);
#10890=VERTEX_POINT('',#14538);
#10891=LINE('',#14539,#14540);
#10892=VERTEX_POINT('',#14541);
#10893=LINE('',#14542,#14543);
#10894=VERTEX_POINT('',#14544);
#10895=LINE('',#14545,#14546);
#10896=VERTEX_POINT('',#14547);
#10897=LINE('',#14548,#14549);
#10898=VERTEX_POINT('',#14550);
#10899=LINE('',#14551,#14552);
#10900=VERTEX_POINT('',#14553);
#10901=LINE('',#14554,#14555);
#10902=VERTEX_POINT('',#14556);
#10903=LINE('',#14557,#14558);
#10904=LINE('',#14559,#14560);
#10905=LINE('',#14561,#14562);
#10906=LINE('',#14563,#14564);
#10907=LINE('',#14565,#14566);
#10908=LINE('',#14567,#14568);
#10909=LINE('',#14569,#14570);
#10910=LINE('',#14571,#14572);
#10911=LINE('',#14573,#14574);
#10912=LINE('',#14575,#14576);
#10913=LINE('',#14577,#14578);
#10914=LINE('',#14579,#14580);
#10915=LINE('',#14581,#14582);
#10916=LINE('',#14583,#14584);
#10917=LINE('',#14585,#14586);
#10918=CIRCLE('',#14587,0.5);
#10919=CIRCLE('',#14588,0.5);
#10920=LINE('',#14589,#14590);
#10921=VERTEX_POINT('',#14591);
#10922=LINE('',#14592,#14593);
#10923=LINE('',#14594,#14595);
#10924=LINE('',#14596,#14597);
#10925=VERTEX_POINT('',#14598);
#10926=VERTEX_POINT('',#14599);
#10927=LINE('',#14600,#14601);
#10928=LINE('',#14602,#14603);
#10929=VERTEX_POINT('',#14604);
#10930=LINE('',#14605,#14606);
#10931=VERTEX_POINT('',#14607);
#10932=LINE('',#14608,#14609);
#10933=VERTEX_POINT('',#14610);
#10934=LINE('',#14611,#14612);
#10935=VERTEX_POINT('',#14613);
#10936=CIRCLE('',#14614,0.5);
#10937=VERTEX_POINT('',#14615);
#10938=LINE('',#14616,#14617);
#10939=VERTEX_POINT('',#14618);
#10940=CIRCLE('',#14619,0.5);
#10941=VERTEX_POINT('',#14620);
#10942=LINE('',#14621,#14622);
#10943=VERTEX_POINT('',#14623);
#10944=LINE('',#14624,#14625);
#10945=CIRCLE('',#14626,0.3);
#10946=VERTEX_POINT('',#14627);
#10947=LINE('',#14628,#14629);
#10948=LINE('',#14630,#14631);
#10949=VERTEX_POINT('',#14632);
#10950=LINE('',#14633,#14634);
#10951=VERTEX_POINT('',#14635);
#10952=LINE('',#14636,#14637);
#10953=VERTEX_POINT('',#14638);
#10954=LINE('',#14639,#14640);
#10955=LINE('',#14641,#14642);
#10956=VERTEX_POINT('',#14643);
#10957=LINE('',#14644,#14645);
#10958=LINE('',#14646,#14647);
#10959=VERTEX_POINT('',#14648);
#10960=LINE('',#14649,#14650);
#10961=VERTEX_POINT('',#14651);
#10962=LINE('',#14652,#14653);
#10963=LINE('',#14654,#14655);
#10964=VERTEX_POINT('',#14656);
#10965=LINE('',#14657,#14658);
#10966=VERTEX_POINT('',#14659);
#10967=LINE('',#14660,#14661);
#10968=CIRCLE('',#14662,0.3);
#10969=VERTEX_POINT('',#14663);
#10970=LINE('',#14664,#14665);
#10971=LINE('',#14666,#14667);
#10972=VERTEX_POINT('',#14668);
#10973=LINE('',#14669,#14670);
#10974=LINE('',#14671,#14672);
#10975=VERTEX_POINT('',#14673);
#10976=VERTEX_POINT('',#14674);
#10977=LINE('',#14675,#14676);
#10978=VERTEX_POINT('',#14677);
#10979=LINE('',#14678,#14679);
#10980=VERTEX_POINT('',#14680);
#10981=LINE('',#14681,#14682);
#10982=LINE('',#14683,#14684);
#10983=VERTEX_POINT('',#14685);
#10984=LINE('',#14686,#14687);
#10985=LINE('',#14688,#14689);
#10986=VERTEX_POINT('',#14690);
#10987=LINE('',#14691,#14692);
#10988=LINE('',#14693,#14694);
#10989=VERTEX_POINT('',#14695);
#10990=LINE('',#14696,#14697);
#10991=CIRCLE('',#14698,0.5);
#10992=VERTEX_POINT('',#14699);
#10993=LINE('',#14700,#14701);
#10994=LINE('',#14702,#14703);
#10995=CIRCLE('',#14704,1.915);
#10996=CIRCLE('',#14705,1.915);
#10997=VERTEX_POINT('',#14706);
#10998=LINE('',#14707,#14708);
#10999=CIRCLE('',#14709,0.5);
#11000=CIRCLE('',#14710,1.915);
#11001=CIRCLE('',#14711,1.5);
#11002=CIRCLE('',#14712,0.39880492636073);
#11003=CIRCLE('',#14713,0.39880492636073);
#11004=CIRCLE('',#14714,0.39880492636073);
#11005=LINE('',#14715,#14716);
#11006=VERTEX_POINT('',#14717);
#11007=LINE('',#14718,#14719);
#11008=VERTEX_POINT('',#14720);
#11009=LINE('',#14721,#14722);
#11010=VERTEX_POINT('',#14723);
#11011=LINE('',#14724,#14725);
#11012=VERTEX_POINT('',#14726);
#11013=LINE('',#14727,#14728);
#11014=VERTEX_POINT('',#14729);
#11015=LINE('',#14730,#14731);
#11016=VERTEX_POINT('',#14732);
#11017=LINE('',#14733,#14734);
#11018=VERTEX_POINT('',#14735);
#11019=LINE('',#14736,#14737);
#11020=LINE('',#14738,#14739);
#11021=CIRCLE('',#14740,0.39880492636073);
#11022=VERTEX_POINT('',#14741);
#11023=LINE('',#14742,#14743);
#11024=VERTEX_POINT('',#14744);
#11025=LINE('',#14745,#14746);
#11026=LINE('',#14747,#14748);
#11027=VERTEX_POINT('',#14749);
#11028=VERTEX_POINT('',#14750);
#11029=LINE('',#14751,#14752);
#11030=LINE('',#14753,#14754);
#11031=VERTEX_POINT('',#14755);
#11032=LINE('',#14756,#14757);
#11033=VERTEX_POINT('',#14758);
#11034=LINE('',#14759,#14760);
#11035=LINE('',#14761,#14762);
#11036=VERTEX_POINT('',#14763);
#11037=VERTEX_POINT('',#14764);
#11038=LINE('',#14765,#14766);
#11039=VERTEX_POINT('',#14767);
#11040=LINE('',#14768,#14769);
#11041=VERTEX_POINT('',#14770);
#11042=LINE('',#14771,#14772);
#11043=LINE('',#14773,#14774);
#11044=VERTEX_POINT('',#14775);
#11045=LINE('',#14776,#14777);
#11046=LINE('',#14778,#14779);
#11047=LINE('',#14780,#14781);
#11048=VERTEX_POINT('',#14782);
#11049=LINE('',#14783,#14784);
#11050=LINE('',#14785,#14786);
#11051=VERTEX_POINT('',#14787);
#11052=VERTEX_POINT('',#14788);
#11053=LINE('',#14789,#14790);
#11054=VERTEX_POINT('',#14791);
#11055=LINE('',#14792,#14793);
#11056=VERTEX_POINT('',#14794);
#11057=LINE('',#14795,#14796);
#11058=LINE('',#14797,#14798);
#11059=LINE('',#14799,#14800);
#11060=VERTEX_POINT('',#14801);
#11061=ELLIPSE('',#14802,0.534415436248022,0.5);
#11062=LINE('',#14803,#14804);
#11063=LINE('',#14805,#14806);
#11064=VERTEX_POINT('',#14807);
#11065=LINE('',#14808,#14809);
#11066=VERTEX_POINT('',#14810);
#11067=LINE('',#14811,#14812);
#11068=LINE('',#14813,#14814);
#11069=VERTEX_POINT('',#14815);
#11070=LINE('',#14816,#14817);
#11071=VERTEX_POINT('',#14818);
#11072=LINE('',#14819,#14820);
#11073=LINE('',#14821,#14822);
#11074=VERTEX_POINT('',#14823);
#11075=LINE('',#14824,#14825);
#11076=LINE('',#14826,#14827);
#11077=VERTEX_POINT('',#14828);
#11078=VERTEX_POINT('',#14829);
#11079=LINE('',#14830,#14831);
#11080=VERTEX_POINT('',#14832);
#11081=LINE('',#14833,#14834);
#11082=VERTEX_POINT('',#14835);
#11083=LINE('',#14836,#14837);
#11084=LINE('',#14838,#14839);
#11085=CIRCLE('',#14840,1.5);
#11086=LINE('',#14841,#14842);
#11087=LINE('',#14843,#14844);
#11088=LINE('',#14845,#14846);
#11089=VERTEX_POINT('',#14847);
#11090=VERTEX_POINT('',#14848);
#11091=LINE('',#14849,#14850);
#11092=VERTEX_POINT('',#14851);
#11093=LINE('',#14852,#14853);
#11094=VERTEX_POINT('',#14854);
#11095=LINE('',#14855,#14856);
#11096=LINE('',#14857,#14858);
#11097=LINE('',#14859,#14860);
#11098=VERTEX_POINT('',#14861);
#11099=LINE('',#14862,#14863);
#11100=VERTEX_POINT('',#14864);
#11101=LINE('',#14865,#14866);
#11102=LINE('',#14867,#14868);
#11103=LINE('',#14869,#14870);
#11104=VERTEX_POINT('',#14871);
#11105=LINE('',#14872,#14873);
#11106=LINE('',#14874,#14875);
#11107=LINE('',#14876,#14877);
#11108=VERTEX_POINT('',#14878);
#11109=LINE('',#14879,#14880);
#11110=VERTEX_POINT('',#14881);
#11111=ELLIPSE('',#14882,0.534415436248022,0.5);
#11112=LINE('',#14883,#14884);
#11113=VERTEX_POINT('',#14885);
#11114=LINE('',#14886,#14887);
#11115=VERTEX_POINT('',#14888);
#11116=LINE('',#14889,#14890);
#11117=LINE('',#14891,#14892);
#11118=LINE('',#14893,#14894);
#11119=VERTEX_POINT('',#14895);
#11120=LINE('',#14896,#14897);
#11121=LINE('',#14898,#14899);
#11122=LINE('',#14900,#14901);
#11123=VERTEX_POINT('',#14902);
#11124=VERTEX_POINT('',#14903);
#11125=LINE('',#14904,#14905);
#11126=VERTEX_POINT('',#14906);
#11127=LINE('',#14907,#14908);
#11128=VERTEX_POINT('',#14909);
#11129=LINE('',#14910,#14911);
#11130=LINE('',#14912,#14913);
#11131=VERTEX_POINT('',#14914);
#11132=VERTEX_POINT('',#14915);
#11133=LINE('',#14916,#14917);
#11134=VERTEX_POINT('',#14918);
#11135=LINE('',#14919,#14920);
#11136=LINE('',#14921,#14922);
#11137=LINE('',#14923,#14924);
#11138=VERTEX_POINT('',#14925);
#11139=LINE('',#14926,#14927);
#11140=LINE('',#14928,#14929);
#11141=VERTEX_POINT('',#14930);
#11142=LINE('',#14931,#14932);
#11143=VERTEX_POINT('',#14933);
#11144=LINE('',#14934,#14935);
#11145=LINE('',#14936,#14937);
#11146=CIRCLE('',#14938,1.5);
#11147=CIRCLE('',#14939,1.915);
#11148=VERTEX_POINT('',#14940);
#11149=VERTEX_POINT('',#14941);
#11150=LINE('',#14942,#14943);
#11151=VERTEX_POINT('',#14944);
#11152=LINE('',#14945,#14946);
#11153=VERTEX_POINT('',#14947);
#11154=LINE('',#14948,#14949);
#11155=LINE('',#14950,#14951);
#11156=VERTEX_POINT('',#14952);
#11157=LINE('',#14953,#14954);
#11158=LINE('',#14955,#14956);
#11159=VERTEX_POINT('',#14957);
#11160=VERTEX_POINT('',#14958);
#11161=LINE('',#14959,#14960);
#11162=VERTEX_POINT('',#14961);
#11163=LINE('',#14962,#14963);
#11164=VERTEX_POINT('',#14964);
#11165=LINE('',#14965,#14966);
#11166=LINE('',#14967,#14968);
#11167=VERTEX_POINT('',#14969);
#11168=VERTEX_POINT('',#14970);
#11169=LINE('',#14971,#14972);
#11170=VERTEX_POINT('',#14973);
#11171=LINE('',#14974,#14975);
#11172=VERTEX_POINT('',#14976);
#11173=LINE('',#14977,#14978);
#11174=LINE('',#14979,#14980);
#11175=VERTEX_POINT('',#14981);
#11176=LINE('',#14982,#14983);
#11177=VERTEX_POINT('',#14984);
#11178=LINE('',#14985,#14986);
#11179=LINE('',#14987,#14988);
#11180=VERTEX_POINT('',#14989);
#11181=LINE('',#14990,#14991);
#11182=VERTEX_POINT('',#14992);
#11183=LINE('',#14993,#14994);
#11184=ELLIPSE('',#14995,0.534415436248022,0.5);
#11185=VERTEX_POINT('',#14996);
#11186=LINE('',#14997,#14998);
#11187=VERTEX_POINT('',#14999);
#11188=LINE('',#15000,#15001);
#11189=LINE('',#15002,#15003);
#11190=VERTEX_POINT('',#15004);
#11191=LINE('',#15005,#15006);
#11192=LINE('',#15007,#15008);
#11193=LINE('',#15009,#15010);
#11194=LINE('',#15011,#15012);
#11195=VERTEX_POINT('',#15013);
#11196=LINE('',#15014,#15015);
#11197=LINE('',#15016,#15017);
#11198=LINE('',#15018,#15019);
#11199=VERTEX_POINT('',#15020);
#11200=LINE('',#15021,#15022);
#11201=LINE('',#15023,#15024);
#11202=LINE('',#15025,#15026);
#11203=LINE('',#15027,#15028);
#11204=VERTEX_POINT('',#15029);
#11205=LINE('',#15030,#15031);
#11206=LINE('',#15032,#15033);
#11207=LINE('',#15034,#15035);
#11208=VERTEX_POINT('',#15036);
#11209=LINE('',#15037,#15038);
#11210=VERTEX_POINT('',#15039);
#11211=LINE('',#15040,#15041);
#11212=LINE('',#15042,#15043);
#11213=CIRCLE('',#15044,1.5);
#11214=LINE('',#15045,#15046);
#11215=LINE('',#15047,#15048);
#11216=VERTEX_POINT('',#15049);
#11217=VERTEX_POINT('',#15050);
#11218=LINE('',#15051,#15052);
#11219=LINE('',#15053,#15054);
#11220=LINE('',#15055,#15056);
#11221=LINE('',#15057,#15058);
#11222=LINE('',#15059,#15060);
#11223=LINE('',#15061,#15062);
#11224=LINE('',#15063,#15064);
#11225=LINE('',#15065,#15066);
#11226=LINE('',#15067,#15068);
#11227=LINE('',#15069,#15070);
#11228=VERTEX_POINT('',#15071);
#11229=LINE('',#15072,#15073);
#11230=LINE('',#15074,#15075);
#11231=LINE('',#15076,#15077);
#11232=VERTEX_POINT('',#15078);
#11233=LINE('',#15079,#15080);
#11234=LINE('',#15081,#15082);
#11235=LINE('',#15083,#15084);
#11236=LINE('',#15085,#15086);
#11237=CARTESIAN_POINT('',(6.495,6.80126875424628,3.49999597561617));
#11238=CARTESIAN_POINT('',(8.745,6.80126875424628,3.49999597561617));
#11239=CARTESIAN_POINT('',(7.62,6.80126875424628,3.49999597561617));
#11240=VECTOR('',#15087,1.0);
#11241=CARTESIAN_POINT('',(6.495,6.99999999999999,3.3000000000001));
#11242=AXIS2_PLACEMENT_3D('',#15088,#15089,#15090);
#11243=CARTESIAN_POINT('',(8.745,6.99999999999999,3.3000000000001));
#11244=CARTESIAN_POINT('',(8.745,6.99999999999999,3.3));
#11245=VECTOR('',#15091,1.0);
#11246=AXIS2_PLACEMENT_3D('',#15092,#15093,#15094);
#11247=CARTESIAN_POINT('',(8.745,6.804440639862,3.99998591465659));
#11248=CARTESIAN_POINT('',(6.495,6.804440639862,3.99998591465659));
#11249=CARTESIAN_POINT('',(7.62,6.804440639862,3.99998591465659));
#11250=VECTOR('',#15095,1.0);
#11251=CARTESIAN_POINT('',(8.745,7.49999999999999,3.30000000000002));
#11252=AXIS2_PLACEMENT_3D('',#15096,#15097,#15098);
#11253=CARTESIAN_POINT('',(6.495,7.49999999999999,3.3000000000001));
#11254=CARTESIAN_POINT('',(8.745,7.49999999999999,3.30000000000002));
#11255=VECTOR('',#15099,1.0);
#11256=AXIS2_PLACEMENT_3D('',#15100,#15101,#15102);
#11257=CARTESIAN_POINT('',(8.12,3.80001006095958,0.103171885615752));
#11258=CARTESIAN_POINT('',(7.12,3.80001006095958,0.103171885615752));
#11259=CARTESIAN_POINT('',(7.62,3.80001006095958,0.103171885615752));
#11260=VECTOR('',#15103,1.0);
#11261=CARTESIAN_POINT('',(8.12,4.29999999999999,0.600000000000033));
#11262=AXIS2_PLACEMENT_3D('',#15104,#15105,#15106);
#11263=CARTESIAN_POINT('',(7.12,4.29999999999999,0.600000000000033));
#11264=CARTESIAN_POINT('',(8.12,4.29999999999999,0.600000000000033));
#11265=VECTOR('',#15107,1.0);
#11266=AXIS2_PLACEMENT_3D('',#15108,#15109,#15110);
#11267=CARTESIAN_POINT('',(6.82,6.804440639862,0.100014085343448));
#11268=CARTESIAN_POINT('',(8.42,6.804440639862,0.100014085343448));
#11269=CARTESIAN_POINT('',(7.62000000000001,6.804440639862,0.100014085343447));
#11270=VECTOR('',#15111,1.0);
#11271=CARTESIAN_POINT('',(6.82,7.49999999999999,0.800000000000033));
#11272=AXIS2_PLACEMENT_3D('',#15112,#15113,#15114);
#11273=CARTESIAN_POINT('',(8.42,7.49999999999999,0.800000000000033));
#11274=CARTESIAN_POINT('',(6.82,7.49999999999999,0.800000000000033));
#11275=VECTOR('',#15115,1.0);
#11276=AXIS2_PLACEMENT_3D('',#15116,#15117,#15118);
#11277=CARTESIAN_POINT('',(6.82,6.99999597561616,0.798731245753746));
#11278=CARTESIAN_POINT('',(8.42,6.99999597561616,0.798731245753746));
#11279=CARTESIAN_POINT('',(7.62,6.99999597561616,0.798731245753746));
#11280=VECTOR('',#15119,1.0);
#11281=CARTESIAN_POINT('',(6.82,6.79999999999999,0.600000000000033));
#11282=AXIS2_PLACEMENT_3D('',#15120,#15121,#15122);
#11283=CARTESIAN_POINT('',(8.42000000000001,6.79999999999999,0.600000000000033));
#11284=CARTESIAN_POINT('',(8.42000000000001,6.79999999999999,0.600000000000033));
#11285=VECTOR('',#15123,1.0);
#11286=AXIS2_PLACEMENT_3D('',#15124,#15125,#15126);
#11287=CARTESIAN_POINT('',(6.82,4.69999999999999,0.100000000000022));
#11288=CARTESIAN_POINT('',(6.82,6.79999999999999,0.100000000000033));
#11289=CARTESIAN_POINT('',(6.82,4.69999999999999,0.100000000000022));
#11290=VECTOR('',#15127,1.0);
#11291=CARTESIAN_POINT('',(8.42000000000001,6.79999999999999,0.100000000000033));
#11292=CARTESIAN_POINT('',(6.82,6.79999999999999,0.100000000000033));
#11293=VECTOR('',#15128,1.0);
#11294=CARTESIAN_POINT('',(8.42000000000001,4.69999999999999,0.100000000000022));
#11295=CARTESIAN_POINT('',(8.42000000000001,4.69999999999999,0.100000000000033));
#11296=VECTOR('',#15129,1.0);
#11297=CARTESIAN_POINT('',(8.12,4.69999999999999,0.100000000000022));
#11298=CARTESIAN_POINT('',(8.42000000000001,4.69999999999999,0.100000000000022));
#11299=VECTOR('',#15130,1.0);
#11300=CARTESIAN_POINT('',(8.12,4.29999999999999,0.100000000000022));
#11301=CARTESIAN_POINT('',(8.12,4.69999999999999,0.100000000000022));
#11302=VECTOR('',#15131,1.0);
#11303=CARTESIAN_POINT('',(7.12,4.29999999999999,0.100000000000022));
#11304=CARTESIAN_POINT('',(7.12,4.29999999999999,0.100000000000033));
#11305=VECTOR('',#15132,1.0);
#11306=CARTESIAN_POINT('',(7.12,4.69999999999999,0.100000000000022));
#11307=CARTESIAN_POINT('',(7.12,4.29999999999999,0.100000000000022));
#11308=VECTOR('',#15133,1.0);
#11309=CARTESIAN_POINT('',(7.12,4.69999999999999,0.100000000000022));
#11310=VECTOR('',#15134,1.0);
#11311=CARTESIAN_POINT('',(8.745,2.0,3.5));
#11312=CARTESIAN_POINT('',(8.745,2.0,4.0));
#11313=CARTESIAN_POINT('',(8.745,2.0,3.5));
#11314=VECTOR('',#15135,1.0);
#11315=CARTESIAN_POINT('',(6.495,2.0,3.99999999999999));
#11316=CARTESIAN_POINT('',(8.745,2.0,4.0));
#11317=VECTOR('',#15136,1.0);
#11318=CARTESIAN_POINT('',(6.495,2.0,3.5));
#11319=CARTESIAN_POINT('',(6.495,2.0,3.99999999999999));
#11320=VECTOR('',#15137,1.0);
#11321=CARTESIAN_POINT('',(6.495,2.0,3.5));
#11322=VECTOR('',#15138,1.0);
#11323=CARTESIAN_POINT('',(8.745,6.79999999999999,3.5));
#11324=CARTESIAN_POINT('',(8.745,2.0,3.5));
#11325=VECTOR('',#15139,1.0);
#11326=AXIS2_PLACEMENT_3D('',#15140,#15141,#15142);
#11327=CARTESIAN_POINT('',(8.745,6.99999999999999,3.3000000000001));
#11328=VECTOR('',#15143,1.0);
#11329=CARTESIAN_POINT('',(8.745,6.79999999999999,4.0));
#11330=AXIS2_PLACEMENT_3D('',#15144,#15145,#15146);
#11331=CARTESIAN_POINT('',(8.745,6.79999999999999,4.0));
#11332=VECTOR('',#15147,1.0);
#11333=CARTESIAN_POINT('',(6.87,7.49999999999999,2.9));
#11334=CARTESIAN_POINT('',(8.37,7.49999999999999,2.9));
#11335=CARTESIAN_POINT('',(6.87,7.49999999999999,2.9));
#11336=VECTOR('',#15148,1.0);
#11337=CARTESIAN_POINT('',(8.37,7.74999999999999,2.9));
#11338=CARTESIAN_POINT('',(8.37,7.49999999999999,2.9));
#11339=VECTOR('',#15149,1.0);
#11340=CARTESIAN_POINT('',(6.87,7.74999999999999,2.9));
#11341=CARTESIAN_POINT('',(8.37,7.74999999999999,2.9));
#11342=VECTOR('',#15150,1.0);
#11343=CARTESIAN_POINT('',(6.87,7.49999999999999,2.9));
#11344=VECTOR('',#15151,1.0);
#11345=CARTESIAN_POINT('',(5.71999999999999,6.99999999999999,3.29999999999978));
#11346=CARTESIAN_POINT('',(5.72,6.99999999999999,1.3));
#11347=CARTESIAN_POINT('',(5.71999999999999,6.99999999999999,3.29999999999978));
#11348=VECTOR('',#15152,1.0);
#11349=CARTESIAN_POINT('',(5.71999999999999,7.49999999999999,3.29999999999978));
#11350=CARTESIAN_POINT('',(5.71999999999999,6.99999999999999,3.29999999999978));
#11351=VECTOR('',#15153,1.0);
#11352=CARTESIAN_POINT('',(5.72,7.49999999999999,1.3));
#11353=CARTESIAN_POINT('',(5.72,7.49999999999999,1.3));
#11354=VECTOR('',#15154,1.0);
#11355=CARTESIAN_POINT('',(5.72,7.49999999999999,1.3));
#11356=VECTOR('',#15155,1.0);
#11357=CARTESIAN_POINT('',(8.37,7.74999999999999,2.1));
#11358=CARTESIAN_POINT('',(6.87,7.74999999999999,2.1));
#11359=CARTESIAN_POINT('',(8.37,7.74999999999999,2.1));
#11360=VECTOR('',#15156,1.0);
#11361=CARTESIAN_POINT('',(6.87,7.74999999999999,2.9));
#11362=VECTOR('',#15157,1.0);
#11363=CARTESIAN_POINT('',(8.37,7.74999999999999,2.1));
#11364=VECTOR('',#15158,1.0);
#11365=CARTESIAN_POINT('',(7.34169466264294,3.79999999999999,-3.5));
#11366=CARTESIAN_POINT('',(7.12,3.79999999999999,-2.5));
#11367=CARTESIAN_POINT('',(7.34169466264294,3.79999999999999,-3.5));
#11368=VECTOR('',#15159,1.0);
#11369=CARTESIAN_POINT('',(7.89830533735706,3.79999999999999,-3.5));
#11370=CARTESIAN_POINT('',(7.34169466264294,3.79999999999999,-3.5));
#11371=VECTOR('',#15160,1.0);
#11372=CARTESIAN_POINT('',(8.12,3.79999999999999,-2.5));
#11373=CARTESIAN_POINT('',(8.12,3.79999999999999,-2.5));
#11374=VECTOR('',#15161,1.0);
#11375=CARTESIAN_POINT('',(8.12,3.79999999999999,0.100000000000033));
#11376=CARTESIAN_POINT('',(8.12,3.79999999999999,0.100000000000033));
#11377=VECTOR('',#15162,1.0);
#11378=CARTESIAN_POINT('',(7.12,3.79999999999999,0.100000000000022));
#11379=CARTESIAN_POINT('',(8.12,3.79999999999999,0.100000000000033));
#11380=VECTOR('',#15163,1.0);
#11381=CARTESIAN_POINT('',(7.12,3.79999999999999,-2.5));
#11382=VECTOR('',#15164,1.0);
#11383=AXIS2_PLACEMENT_3D('',#15165,#15166,#15167);
#11384=CARTESIAN_POINT('',(7.12,4.69999999999999,0.600000000000033));
#11385=CARTESIAN_POINT('',(7.12,4.29999999999999,0.600000000000033));
#11386=VECTOR('',#15168,1.0);
#11387=CARTESIAN_POINT('',(7.12,4.69999999999999,0.100000000000022));
#11388=VECTOR('',#15169,1.0);
#11389=CARTESIAN_POINT('',(7.12,4.29999999999999,-2.5));
#11390=CARTESIAN_POINT('',(7.12,4.29999999999999,0.100000000000033));
#11391=VECTOR('',#15170,1.0);
#11392=CARTESIAN_POINT('',(7.12,3.79999999999999,-2.5));
#11393=VECTOR('',#15171,1.0);
#11394=CARTESIAN_POINT('',(9.52,7.49999999999999,3.3000000000001));
#11395=CARTESIAN_POINT('',(9.52,7.49999999999999,1.3));
#11396=CARTESIAN_POINT('',(9.52,7.49999999999999,3.3000000000001));
#11397=VECTOR('',#15172,1.0);
#11398=CARTESIAN_POINT('',(8.42,7.49999999999999,1.3));
#11399=CARTESIAN_POINT('',(8.42,7.49999999999999,1.3));
#11400=VECTOR('',#15173,1.0);
#11401=CARTESIAN_POINT('',(8.42,7.49999999999999,0.800000000000033));
#11402=VECTOR('',#15174,1.0);
#11403=CARTESIAN_POINT('',(6.82,7.49999999999999,1.3));
#11404=CARTESIAN_POINT('',(6.82,7.49999999999999,1.3));
#11405=VECTOR('',#15175,1.0);
#11406=CARTESIAN_POINT('',(5.72,7.49999999999999,1.3));
#11407=VECTOR('',#15176,1.0);
#11408=CARTESIAN_POINT('',(5.71999999999999,7.49999999999999,3.29999999999978));
#11409=VECTOR('',#15177,1.0);
#11410=CARTESIAN_POINT('',(9.52,7.49999999999999,3.3000000000001));
#11411=VECTOR('',#15178,1.0);
#11412=CARTESIAN_POINT('',(6.87,7.49999999999999,2.1));
#11413=CARTESIAN_POINT('',(6.87,7.49999999999999,2.1));
#11414=VECTOR('',#15179,1.0);
#11415=CARTESIAN_POINT('',(8.37,7.49999999999999,2.1));
#11416=CARTESIAN_POINT('',(6.87,7.49999999999999,2.1));
#11417=VECTOR('',#15180,1.0);
#11418=CARTESIAN_POINT('',(8.37,7.49999999999999,2.9));
#11419=VECTOR('',#15181,1.0);
#11420=CARTESIAN_POINT('',(8.42,6.99999999999999,1.3));
#11421=CARTESIAN_POINT('',(8.42,6.99999999999999,0.800000000000033));
#11422=CARTESIAN_POINT('',(8.42,6.99999999999999,1.3));
#11423=VECTOR('',#15182,1.0);
#11424=AXIS2_PLACEMENT_3D('',#15183,#15184,#15185);
#11425=CARTESIAN_POINT('',(8.42000000000001,4.69999999999999,0.600000000000033));
#11426=CARTESIAN_POINT('',(8.42000000000001,6.79999999999999,0.600000000000033));
#11427=VECTOR('',#15186,1.0);
#11428=CARTESIAN_POINT('',(8.42000000000001,4.69999999999999,0.600000000000033));
#11429=VECTOR('',#15187,1.0);
#11430=AXIS2_PLACEMENT_3D('',#15188,#15189,#15190);
#11431=CARTESIAN_POINT('',(8.42,6.99999999999999,1.3));
#11432=VECTOR('',#15191,1.0);
#11433=CARTESIAN_POINT('',(8.12,4.29999999999999,-2.5));
#11434=CARTESIAN_POINT('',(8.12,3.79999999999999,-2.5));
#11435=VECTOR('',#15192,1.0);
#11436=CARTESIAN_POINT('',(8.12,4.29999999999999,-2.5));
#11437=VECTOR('',#15193,1.0);
#11438=CARTESIAN_POINT('',(8.12,4.69999999999999,0.600000000000033));
#11439=CARTESIAN_POINT('',(8.12,4.69999999999999,0.100000000000022));
#11440=VECTOR('',#15194,1.0);
#11441=CARTESIAN_POINT('',(8.12,4.69999999999999,0.600000000000033));
#11442=VECTOR('',#15195,1.0);
#11443=AXIS2_PLACEMENT_3D('',#15196,#15197,#15198);
#11444=CARTESIAN_POINT('',(6.87,7.49999999999999,2.1));
#11445=VECTOR('',#15199,1.0);
#11446=CARTESIAN_POINT('',(6.82,4.69999999999999,0.600000000000033));
#11447=CARTESIAN_POINT('',(7.12,4.69999999999999,0.600000000000033));
#11448=VECTOR('',#15200,1.0);
#11449=CARTESIAN_POINT('',(6.82,4.69999999999999,0.100000000000022));
#11450=VECTOR('',#15201,1.0);
#11451=CARTESIAN_POINT('',(6.82,6.99999999999999,0.800000000000033));
#11452=CARTESIAN_POINT('',(8.42,6.99999999999999,0.800000000000033));
#11453=VECTOR('',#15202,1.0);
#11454=AXIS2_PLACEMENT_3D('',#15203,#15204,#15205);
#11455=CARTESIAN_POINT('',(7.34169466264294,4.29999999999999,-3.5));
#11456=CARTESIAN_POINT('',(7.34169466264294,4.29999999999999,-3.5));
#11457=VECTOR('',#15206,1.0);
#11458=CARTESIAN_POINT('',(7.89830533735706,4.29999999999999,-3.5));
#11459=CARTESIAN_POINT('',(7.89830533735706,4.29999999999999,-3.5));
#11460=VECTOR('',#15207,1.0);
#11461=CARTESIAN_POINT('',(7.89830533735706,3.79999999999999,-3.5));
#11462=VECTOR('',#15208,1.0);
#11463=CARTESIAN_POINT('',(9.52,6.99999999999999,3.3000000000001));
#11464=CARTESIAN_POINT('',(9.52,6.99999999999999,3.3000000000001));
#11465=VECTOR('',#15209,1.0);
#11466=CARTESIAN_POINT('',(9.52,6.99999999999999,1.3));
#11467=CARTESIAN_POINT('',(9.52,6.99999999999999,1.3));
#11468=VECTOR('',#15210,1.0);
#11469=CARTESIAN_POINT('',(9.52,7.49999999999999,1.3));
#11470=VECTOR('',#15211,1.0);
#11471=CARTESIAN_POINT('',(6.82,6.99999999999999,1.3));
#11472=CARTESIAN_POINT('',(6.82,6.99999999999999,1.3));
#11473=VECTOR('',#15212,1.0);
#11474=CARTESIAN_POINT('',(6.82,6.99999999999999,1.3));
#11475=VECTOR('',#15213,1.0);
#11476=AXIS2_PLACEMENT_3D('',#15214,#15215,#15216);
#11477=CARTESIAN_POINT('',(8.42000000000001,4.69999999999999,0.600000000000033));
#11478=VECTOR('',#15217,1.0);
#11479=CARTESIAN_POINT('',(8.37,7.74999999999999,2.1));
#11480=VECTOR('',#15218,1.0);
#11481=CARTESIAN_POINT('',(6.495,6.79999999999999,4.0));
#11482=AXIS2_PLACEMENT_3D('',#15219,#15220,#15221);
#11483=CARTESIAN_POINT('',(8.745,6.79999999999999,4.0));
#11484=VECTOR('',#15222,1.0);
#11485=CARTESIAN_POINT('',(7.89830533735706,4.29999999999999,-3.5));
#11486=VECTOR('',#15223,1.0);
#11487=CARTESIAN_POINT('',(6.495,6.79999999999999,3.5));
#11488=CARTESIAN_POINT('',(8.745,6.79999999999999,3.5));
#11489=VECTOR('',#15224,1.0);
#11490=AXIS2_PLACEMENT_3D('',#15225,#15226,#15227);
#11491=CARTESIAN_POINT('',(9.52,6.99999999999999,1.3));
#11492=VECTOR('',#15228,1.0);
#11493=CARTESIAN_POINT('',(6.495,6.99999999999999,3.3000000000001));
#11494=VECTOR('',#15229,1.0);
#11495=CARTESIAN_POINT('',(6.495,7.49999999999999,3.3000000000001));
#11496=VECTOR('',#15230,1.0);
#11497=CARTESIAN_POINT('',(6.495,2.0,4.0));
#11498=VECTOR('',#15231,1.0);
#11499=CARTESIAN_POINT('',(7.12,4.29999999999999,-2.5));
#11500=VECTOR('',#15232,1.0);
#11501=CARTESIAN_POINT('',(6.82,4.69999999999999,0.600000000000033));
#11502=VECTOR('',#15233,1.0);
#11503=CARTESIAN_POINT('',(8.745,6.99999999999999,3.3000000000001));
#11504=VECTOR('',#15234,1.0);
#11505=CARTESIAN_POINT('',(6.82,6.99999999999999,0.800000000000033));
#11506=VECTOR('',#15235,1.0);
#11507=CARTESIAN_POINT('',(6.495,2.0,3.5));
#11508=VECTOR('',#15236,1.0);
#11509=CARTESIAN_POINT('',(8.87,1.82999999999999,2.0));
#11510=CARTESIAN_POINT('',(8.87,1.82999999999999,4.1508509304298));
#11511=CARTESIAN_POINT('',(8.87,1.82999999999999,-25.039574132492));
#11512=VECTOR('',#15237,1.0);
#11513=CARTESIAN_POINT('',(8.87,3.25084380241114,4.1508509304298));
#11514=CARTESIAN_POINT('',(8.87,1.82999999999999,4.1508509304298));
#11515=VECTOR('',#15238,1.0);
#11516=CARTESIAN_POINT('',(8.87,4.90915619758884,4.1508509304298));
#11517=CARTESIAN_POINT('',(8.87,1.82999999999999,4.1508509304298));
#11518=VECTOR('',#15239,1.0);
#11519=CARTESIAN_POINT('',(8.87,6.32999999999999,4.1508509304298));
#11520=CARTESIAN_POINT('',(8.87,1.82999999999999,4.1508509304298));
#11521=VECTOR('',#15240,1.0);
#11522=CARTESIAN_POINT('',(8.87,6.32999999999999,2.0));
#11523=CARTESIAN_POINT('',(8.87,6.32999999999999,-25.039574132492));
#11524=VECTOR('',#15241,1.0);
#11525=CARTESIAN_POINT('',(8.87,1.82999999999999,2.0));
#11526=VECTOR('',#15242,1.0);
#11527=CARTESIAN_POINT('',(6.37000000000001,1.82999999999999,4.1508509304298));
#11528=CARTESIAN_POINT('',(15.0928038783777,1.82999999999999,4.1508509304298));
#11529=VECTOR('',#15243,1.0);
#11530=CARTESIAN_POINT('',(6.37000000000001,3.25084380241115,4.1508509304298));
#11531=CARTESIAN_POINT('',(6.37000000000001,1.82999999999999,4.1508509304298));
#11532=VECTOR('',#15244,1.0);
#11533=AXIS2_PLACEMENT_3D('',#15245,#15246,#15247);
#11534=CARTESIAN_POINT('',(6.37000000000001,4.90915619758884,4.1508509304298));
#11535=AXIS2_PLACEMENT_3D('',#15248,#15249,#15250);
#11536=CARTESIAN_POINT('',(6.37000000000001,6.32999999999999,4.1508509304298));
#11537=CARTESIAN_POINT('',(6.37000000000001,1.82999999999999,4.1508509304298));
#11538=VECTOR('',#15251,1.0);
#11539=CARTESIAN_POINT('',(15.0928038783777,6.32999999999999,4.1508509304298));
#11540=VECTOR('',#15252,1.0);
#11541=CARTESIAN_POINT('',(6.37000000000001,1.82999999999999,2.0));
#11542=CARTESIAN_POINT('',(6.37,1.82999999999999,-25.039574132492));
#11543=VECTOR('',#15253,1.0);
#11544=CARTESIAN_POINT('',(6.37000000000001,6.32999999999999,2.0));
#11545=CARTESIAN_POINT('',(6.37000000000001,1.82999999999999,2.0));
#11546=VECTOR('',#15254,1.0);
#11547=CARTESIAN_POINT('',(6.37,6.32999999999999,-25.039574132492));
#11548=VECTOR('',#15255,1.0);
#11549=CARTESIAN_POINT('',(6.37000000000001,1.82999999999999,4.1508509304298));
#11550=VECTOR('',#15256,1.0);
#11551=CARTESIAN_POINT('',(15.0928038783777,1.82999999999999,2.0));
#11552=VECTOR('',#15257,1.0);
#11553=CARTESIAN_POINT('',(15.0928038783777,6.32999999999999,2.0));
#11554=VECTOR('',#15258,1.0);
#11555=CARTESIAN_POINT('',(6.12000000000001,4.07999999999999,4.1508509304298));
#11556=AXIS2_PLACEMENT_3D('',#15259,#15260,#15261);
#11557=AXIS2_PLACEMENT_3D('',#15262,#15263,#15264);
#11558=CARTESIAN_POINT('',(9.12,4.07999999999999,4.1508509304298));
#11559=AXIS2_PLACEMENT_3D('',#15265,#15266,#15267);
#11560=AXIS2_PLACEMENT_3D('',#15268,#15269,#15270);
#11561=CARTESIAN_POINT('',(9.12,4.07999999999999,5.6508509304298));
#11562=CARTESIAN_POINT('',(9.12,4.07999999999999,5.7508509304298));
#11563=VECTOR('',#15271,1.0);
#11564=CARTESIAN_POINT('',(9.02,4.61851648071344,5.7508509304298));
#11565=AXIS2_PLACEMENT_3D('',#15272,#15273,#15274);
#11566=CARTESIAN_POINT('',(6.22000000000001,4.61851648071345,5.7508509304298));
#11567=AXIS2_PLACEMENT_3D('',#15275,#15276,#15277);
#11568=CARTESIAN_POINT('',(6.12000000000001,4.07999999999999,5.6508509304298));
#11569=AXIS2_PLACEMENT_3D('',#15278,#15279,#15280);
#11570=CARTESIAN_POINT('',(6.12000000000001,4.07999999999999,5.7508509304298));
#11571=VECTOR('',#15281,1.0);
#11572=CARTESIAN_POINT('',(6.22000000000001,3.54148351928654,5.7508509304298));
#11573=AXIS2_PLACEMENT_3D('',#15282,#15283,#15284);
#11574=CARTESIAN_POINT('',(9.02,3.54148351928654,5.7508509304298));
#11575=AXIS2_PLACEMENT_3D('',#15285,#15286,#15287);
#11576=AXIS2_PLACEMENT_3D('',#15288,#15289,#15290);
#11577=CARTESIAN_POINT('',(9.02,6.32999999999999,5.7508509304298));
#11578=CARTESIAN_POINT('',(9.02,1.82999999999999,5.7508509304298));
#11579=VECTOR('',#15291,1.0);
#11580=CARTESIAN_POINT('',(6.22000000000001,6.32999999999999,5.7508509304298));
#11581=CARTESIAN_POINT('',(15.0928038783777,6.32999999999999,5.7508509304298));
#11582=VECTOR('',#15292,1.0);
#11583=CARTESIAN_POINT('',(6.22000000000001,1.82999999999999,5.7508509304298));
#11584=VECTOR('',#15293,1.0);
#11585=CARTESIAN_POINT('',(5.72,6.32999999999999,1.65));
#11586=CARTESIAN_POINT('',(5.71999999999999,1.83,1.65));
#11587=CARTESIAN_POINT('',(5.72000000000001,4.07999999999999,1.65));
#11588=VECTOR('',#15294,1.0);
#11589=CARTESIAN_POINT('',(5.72000000000001,1.83,5.2508509304298));
#11590=CARTESIAN_POINT('',(5.72,1.83,-25.039574132492));
#11591=VECTOR('',#15295,1.0);
#11592=CARTESIAN_POINT('',(5.72,6.32999999999999,5.2508509304298));
#11593=CARTESIAN_POINT('',(5.72000000000001,4.07999999999999,5.2508509304298));
#11594=VECTOR('',#15296,1.0);
#11595=CARTESIAN_POINT('',(5.72,6.32999999999999,-25.039574132492));
#11596=VECTOR('',#15297,1.0);
#11597=CARTESIAN_POINT('',(9.02,6.32999999999999,1.15));
#11598=CARTESIAN_POINT('',(9.02,1.82999999999999,1.15));
#11599=CARTESIAN_POINT('',(9.02,4.07999999999999,1.15));
#11600=VECTOR('',#15298,1.0);
#11601=CARTESIAN_POINT('',(6.21999999999999,1.82999999999999,1.15));
#11602=CARTESIAN_POINT('',(15.0928038783777,1.82999999999999,1.15));
#11603=VECTOR('',#15299,1.0);
#11604=CARTESIAN_POINT('',(6.22000000000001,6.32999999999999,1.15));
#11605=CARTESIAN_POINT('',(6.22,4.07999999999999,1.15));
#11606=VECTOR('',#15300,1.0);
#11607=CARTESIAN_POINT('',(15.0928038783777,6.32999999999999,1.15));
#11608=VECTOR('',#15301,1.0);
#11609=CARTESIAN_POINT('',(9.52,6.32999999999999,1.65));
#11610=CARTESIAN_POINT('',(9.52,1.82999999999999,1.65));
#11611=CARTESIAN_POINT('',(9.52,4.07999999999999,1.65));
#11612=VECTOR('',#15302,1.0);
#11613=CARTESIAN_POINT('',(9.52000000000001,6.32999999999999,5.2508509304298));
#11614=CARTESIAN_POINT('',(9.52,6.32999999999999,-25.039574132492));
#11615=VECTOR('',#15303,1.0);
#11616=CARTESIAN_POINT('',(9.52,1.82999999999999,5.2508509304298));
#11617=CARTESIAN_POINT('',(9.52000000000001,4.07999999999999,5.2508509304298));
#11618=VECTOR('',#15304,1.0);
#11619=CARTESIAN_POINT('',(9.52,1.82999999999999,-25.039574132492));
#11620=VECTOR('',#15305,1.0);
#11621=CARTESIAN_POINT('',(6.22000000000001,1.82999999999999,5.7508509304298));
#11622=CARTESIAN_POINT('',(6.22000000000001,1.82999999999999,5.7508509304298));
#11623=VECTOR('',#15306,1.0);
#11624=CARTESIAN_POINT('',(-24.5704250629218,6.33,-25.039574132492));
#11625=VECTOR('',#15307,1.0);
#11626=CARTESIAN_POINT('',(-24.5704250629218,1.83,-25.039574132492));
#11627=VECTOR('',#15308,1.0);
#11628=CARTESIAN_POINT('',(32.409574132492,6.32999999999999,-25.039574132492));
#11629=VECTOR('',#15309,1.0);
#11630=CARTESIAN_POINT('',(32.409574132492,1.82999999999999,-25.039574132492));
#11631=VECTOR('',#15310,1.0);
#11632=CARTESIAN_POINT('',(-17.1695741324921,6.33,-25.039574132492));
#11633=VECTOR('',#15311,1.0);
#11634=CARTESIAN_POINT('',(-17.1695741324921,1.83,-25.039574132492));
#11635=VECTOR('',#15312,1.0);
#11636=CARTESIAN_POINT('',(9.02,1.82999999999999,5.7508509304298));
#11637=CARTESIAN_POINT('',(9.02,1.82999999999999,5.7508509304298));
#11638=VECTOR('',#15313,1.0);
#11639=CARTESIAN_POINT('',(39.8104250629217,1.82999999999999,-25.039574132492));
#11640=VECTOR('',#15314,1.0);
#11641=CARTESIAN_POINT('',(39.8104250629217,6.32999999999999,-25.039574132492));
#11642=VECTOR('',#15315,1.0);
#11643=CARTESIAN_POINT('',(15.0928038783777,1.82999999999999,5.7508509304298));
#11644=VECTOR('',#15316,1.0);
#11645=CARTESIAN_POINT('',(8.68066017177974,3.0193398282202,7.7));
#11646=CARTESIAN_POINT('',(6.55933982822009,5.14066017177984,7.7));
#11647=AXIS2_PLACEMENT_3D('',#15317,#15318,#15319);
#11648=CARTESIAN_POINT('',(8.68066017177974,3.0193398282202,4.15));
#11649=CARTESIAN_POINT('',(8.68066017177974,3.0193398282202,6.0394337567298));
#11650=VECTOR('',#15320,1.0);
#11651=CARTESIAN_POINT('',(6.55933982822009,5.14066017177984,4.15));
#11652=AXIS2_PLACEMENT_3D('',#15321,#15322,#15323);
#11653=CARTESIAN_POINT('',(6.55933982822009,5.14066017177984,6.0394337567298));
#11654=VECTOR('',#15324,1.0);
#11655=CARTESIAN_POINT('',(6.5829641155487,2.54798936871822,8.1));
#11656=CARTESIAN_POINT('',(6.08798936871811,3.0429641155488,8.1));
#11657=AXIS2_PLACEMENT_3D('',#15325,#15326,#15327);
#11658=CARTESIAN_POINT('',(9.15201063128174,5.11703588445126,8.1));
#11659=CARTESIAN_POINT('',(6.2977086221248,2.26273387529432,8.1));
#11660=VECTOR('',#15328,1.0);
#11661=CARTESIAN_POINT('',(8.65703588445116,5.61201063128184,8.1));
#11662=AXIS2_PLACEMENT_3D('',#15329,#15330,#15331);
#11663=CARTESIAN_POINT('',(5.80273387529421,2.7577086221249,8.1));
#11664=VECTOR('',#15332,1.0);
#11665=CARTESIAN_POINT('',(6.08798936871811,3.0429641155488,9.0));
#11666=CARTESIAN_POINT('',(6.08798936871811,3.0429641155488,8.35));
#11667=VECTOR('',#15333,1.0);
#11668=CARTESIAN_POINT('',(8.65703588445116,5.61201063128184,9.0));
#11669=CARTESIAN_POINT('',(8.65703588445116,5.61201063128184,8.35));
#11670=VECTOR('',#15334,1.0);
#11671=CARTESIAN_POINT('',(7.37251262658462,4.32748737341531,9.0));
#11672=VECTOR('',#15335,1.0);
#11673=AXIS2_PLACEMENT_3D('',#15336,#15337,#15338);
#11674=CARTESIAN_POINT('',(6.31185245480481,5.38814754519513,9.0));
#11675=AXIS2_PLACEMENT_3D('',#15339,#15340,#15341);
#11676=AXIS2_PLACEMENT_3D('',#15342,#15343,#15344);
#11677=CARTESIAN_POINT('',(9.15201063128174,5.11703588445126,9.0));
#11678=CARTESIAN_POINT('',(6.5829641155487,2.54798936871822,9.0));
#11679=CARTESIAN_POINT('',(7.86748737341521,3.83251262658473,9.0));
#11680=VECTOR('',#15345,1.0);
#11681=CARTESIAN_POINT('',(8.92814754519503,2.77185245480491,9.0));
#11682=AXIS2_PLACEMENT_3D('',#15346,#15347,#15348);
#11683=AXIS2_PLACEMENT_3D('',#15349,#15350,#15351);
#11684=CARTESIAN_POINT('',(6.31185245480481,5.38814754519513,7.7));
#11685=CARTESIAN_POINT('',(8.92814754519503,2.77185245480491,7.7));
#11686=AXIS2_PLACEMENT_3D('',#15352,#15353,#15354);
#11687=AXIS2_PLACEMENT_3D('',#15355,#15356,#15357);
#11688=AXIS2_PLACEMENT_3D('',#15358,#15359,#15360);
#11689=CARTESIAN_POINT('',(6.31185245480481,5.38814754519513,8.35));
#11690=VECTOR('',#15361,1.0);
#11691=CARTESIAN_POINT('',(9.15201063128174,5.11703588445126,8.35));
#11692=VECTOR('',#15362,1.0);
#11693=CARTESIAN_POINT('',(8.92814754519503,2.77185245480491,8.35));
#11694=VECTOR('',#15363,1.0);
#11695=CARTESIAN_POINT('',(6.5829641155487,2.54798936871822,8.35));
#11696=VECTOR('',#15364,1.0);
#11697=CARTESIAN_POINT('',(1.415,6.80126875424628,3.49999597561617));
#11698=CARTESIAN_POINT('',(3.665,6.80126875424628,3.49999597561617));
#11699=CARTESIAN_POINT('',(2.54,6.80126875424628,3.49999597561617));
#11700=VECTOR('',#15365,1.0);
#11701=CARTESIAN_POINT('',(1.415,6.99999999999999,3.3000000000001));
#11702=AXIS2_PLACEMENT_3D('',#15366,#15367,#15368);
#11703=CARTESIAN_POINT('',(3.665,6.99999999999999,3.3000000000001));
#11704=CARTESIAN_POINT('',(3.665,6.99999999999999,3.3));
#11705=VECTOR('',#15369,1.0);
#11706=AXIS2_PLACEMENT_3D('',#15370,#15371,#15372);
#11707=CARTESIAN_POINT('',(3.665,6.804440639862,3.99998591465659));
#11708=CARTESIAN_POINT('',(1.415,6.804440639862,3.99998591465659));
#11709=CARTESIAN_POINT('',(2.54,6.804440639862,3.99998591465659));
#11710=VECTOR('',#15373,1.0);
#11711=CARTESIAN_POINT('',(3.665,7.49999999999999,3.30000000000002));
#11712=AXIS2_PLACEMENT_3D('',#15374,#15375,#15376);
#11713=CARTESIAN_POINT('',(1.415,7.49999999999999,3.3000000000001));
#11714=CARTESIAN_POINT('',(3.665,7.49999999999999,3.30000000000002));
#11715=VECTOR('',#15377,1.0);
#11716=AXIS2_PLACEMENT_3D('',#15378,#15379,#15380);
#11717=CARTESIAN_POINT('',(3.04,3.80001006095958,0.103171885615752));
#11718=CARTESIAN_POINT('',(2.04,3.80001006095958,0.103171885615752));
#11719=CARTESIAN_POINT('',(2.54,3.80001006095958,0.103171885615752));
#11720=VECTOR('',#15381,1.0);
#11721=CARTESIAN_POINT('',(3.04,4.29999999999999,0.600000000000033));
#11722=AXIS2_PLACEMENT_3D('',#15382,#15383,#15384);
#11723=CARTESIAN_POINT('',(2.04,4.29999999999999,0.600000000000033));
#11724=CARTESIAN_POINT('',(3.04,4.29999999999999,0.600000000000033));
#11725=VECTOR('',#15385,1.0);
#11726=AXIS2_PLACEMENT_3D('',#15386,#15387,#15388);
#11727=CARTESIAN_POINT('',(1.74,6.804440639862,0.100014085343448));
#11728=CARTESIAN_POINT('',(3.34,6.804440639862,0.100014085343448));
#11729=CARTESIAN_POINT('',(2.54000000000001,6.804440639862,0.100014085343447));
#11730=VECTOR('',#15389,1.0);
#11731=CARTESIAN_POINT('',(1.74,7.49999999999999,0.800000000000033));
#11732=AXIS2_PLACEMENT_3D('',#15390,#15391,#15392);
#11733=CARTESIAN_POINT('',(3.34,7.49999999999999,0.800000000000033));
#11734=CARTESIAN_POINT('',(1.74,7.49999999999999,0.800000000000033));
#11735=VECTOR('',#15393,1.0);
#11736=AXIS2_PLACEMENT_3D('',#15394,#15395,#15396);
#11737=CARTESIAN_POINT('',(1.74,6.99999597561616,0.798731245753746));
#11738=CARTESIAN_POINT('',(3.34,6.99999597561616,0.798731245753746));
#11739=CARTESIAN_POINT('',(2.54,6.99999597561616,0.798731245753746));
#11740=VECTOR('',#15397,1.0);
#11741=CARTESIAN_POINT('',(1.74,6.79999999999999,0.600000000000033));
#11742=AXIS2_PLACEMENT_3D('',#15398,#15399,#15400);
#11743=CARTESIAN_POINT('',(3.34000000000001,6.79999999999999,0.600000000000033));
#11744=CARTESIAN_POINT('',(3.34000000000001,6.79999999999999,0.600000000000033));
#11745=VECTOR('',#15401,1.0);
#11746=AXIS2_PLACEMENT_3D('',#15402,#15403,#15404);
#11747=CARTESIAN_POINT('',(1.74,4.69999999999999,0.100000000000022));
#11748=CARTESIAN_POINT('',(1.74,6.79999999999999,0.100000000000033));
#11749=CARTESIAN_POINT('',(1.74,4.69999999999999,0.100000000000022));
#11750=VECTOR('',#15405,1.0);
#11751=CARTESIAN_POINT('',(3.34000000000001,6.79999999999999,0.100000000000033));
#11752=CARTESIAN_POINT('',(1.74,6.79999999999999,0.100000000000033));
#11753=VECTOR('',#15406,1.0);
#11754=CARTESIAN_POINT('',(3.34000000000001,4.69999999999999,0.100000000000022));
#11755=CARTESIAN_POINT('',(3.34000000000001,4.69999999999999,0.100000000000033));
#11756=VECTOR('',#15407,1.0);
#11757=CARTESIAN_POINT('',(3.04,4.69999999999999,0.100000000000022));
#11758=CARTESIAN_POINT('',(3.34000000000001,4.69999999999999,0.100000000000022));
#11759=VECTOR('',#15408,1.0);
#11760=CARTESIAN_POINT('',(3.04,4.29999999999999,0.100000000000022));
#11761=CARTESIAN_POINT('',(3.04,4.69999999999999,0.100000000000022));
#11762=VECTOR('',#15409,1.0);
#11763=CARTESIAN_POINT('',(2.04,4.29999999999999,0.100000000000022));
#11764=CARTESIAN_POINT('',(2.04,4.29999999999999,0.100000000000033));
#11765=VECTOR('',#15410,1.0);
#11766=CARTESIAN_POINT('',(2.04,4.69999999999999,0.100000000000022));
#11767=CARTESIAN_POINT('',(2.04,4.29999999999999,0.100000000000022));
#11768=VECTOR('',#15411,1.0);
#11769=CARTESIAN_POINT('',(2.04,4.69999999999999,0.100000000000022));
#11770=VECTOR('',#15412,1.0);
#11771=CARTESIAN_POINT('',(3.665,2.0,3.5));
#11772=CARTESIAN_POINT('',(3.665,2.0,4.0));
#11773=CARTESIAN_POINT('',(3.665,2.0,3.5));
#11774=VECTOR('',#15413,1.0);
#11775=CARTESIAN_POINT('',(1.415,2.0,3.99999999999999));
#11776=CARTESIAN_POINT('',(3.665,2.0,4.0));
#11777=VECTOR('',#15414,1.0);
#11778=CARTESIAN_POINT('',(1.415,2.0,3.5));
#11779=CARTESIAN_POINT('',(1.415,2.0,3.99999999999999));
#11780=VECTOR('',#15415,1.0);
#11781=CARTESIAN_POINT('',(1.415,2.0,3.5));
#11782=VECTOR('',#15416,1.0);
#11783=CARTESIAN_POINT('',(3.665,6.79999999999999,3.5));
#11784=CARTESIAN_POINT('',(3.665,2.0,3.5));
#11785=VECTOR('',#15417,1.0);
#11786=AXIS2_PLACEMENT_3D('',#15418,#15419,#15420);
#11787=CARTESIAN_POINT('',(3.665,6.99999999999999,3.3000000000001));
#11788=VECTOR('',#15421,1.0);
#11789=CARTESIAN_POINT('',(3.665,6.79999999999999,4.0));
#11790=AXIS2_PLACEMENT_3D('',#15422,#15423,#15424);
#11791=CARTESIAN_POINT('',(3.665,6.79999999999999,4.0));
#11792=VECTOR('',#15425,1.0);
#11793=CARTESIAN_POINT('',(1.79,7.49999999999999,2.9));
#11794=CARTESIAN_POINT('',(3.29,7.49999999999999,2.9));
#11795=CARTESIAN_POINT('',(1.79,7.49999999999999,2.9));
#11796=VECTOR('',#15426,1.0);
#11797=CARTESIAN_POINT('',(3.29,7.74999999999999,2.9));
#11798=CARTESIAN_POINT('',(3.29,7.49999999999999,2.9));
#11799=VECTOR('',#15427,1.0);
#11800=CARTESIAN_POINT('',(1.79,7.74999999999999,2.9));
#11801=CARTESIAN_POINT('',(3.29,7.74999999999999,2.9));
#11802=VECTOR('',#15428,1.0);
#11803=CARTESIAN_POINT('',(1.79,7.49999999999999,2.9));
#11804=VECTOR('',#15429,1.0);
#11805=CARTESIAN_POINT('',(0.639999999999989,6.99999999999999,3.29999999999978));
#11806=CARTESIAN_POINT('',(0.64,6.99999999999999,1.3));
#11807=CARTESIAN_POINT('',(0.639999999999989,6.99999999999999,3.29999999999978));
#11808=VECTOR('',#15430,1.0);
#11809=CARTESIAN_POINT('',(0.639999999999989,7.49999999999999,3.29999999999978));
#11810=CARTESIAN_POINT('',(0.639999999999989,6.99999999999999,3.29999999999978));
#11811=VECTOR('',#15431,1.0);
#11812=CARTESIAN_POINT('',(0.64,7.49999999999999,1.3));
#11813=CARTESIAN_POINT('',(0.64,7.49999999999999,1.3));
#11814=VECTOR('',#15432,1.0);
#11815=CARTESIAN_POINT('',(0.64,7.49999999999999,1.3));
#11816=VECTOR('',#15433,1.0);
#11817=CARTESIAN_POINT('',(3.29,7.74999999999999,2.1));
#11818=CARTESIAN_POINT('',(1.79,7.74999999999999,2.1));
#11819=CARTESIAN_POINT('',(3.29,7.74999999999999,2.1));
#11820=VECTOR('',#15434,1.0);
#11821=CARTESIAN_POINT('',(1.79,7.74999999999999,2.9));
#11822=VECTOR('',#15435,1.0);
#11823=CARTESIAN_POINT('',(3.29,7.74999999999999,2.1));
#11824=VECTOR('',#15436,1.0);
#11825=CARTESIAN_POINT('',(2.26169466264294,3.79999999999999,-3.5));
#11826=CARTESIAN_POINT('',(2.04,3.79999999999999,-2.5));
#11827=CARTESIAN_POINT('',(2.26169466264294,3.79999999999999,-3.5));
#11828=VECTOR('',#15437,1.0);
#11829=CARTESIAN_POINT('',(2.81830533735706,3.79999999999999,-3.5));
#11830=CARTESIAN_POINT('',(2.26169466264294,3.79999999999999,-3.5));
#11831=VECTOR('',#15438,1.0);
#11832=CARTESIAN_POINT('',(3.04,3.79999999999999,-2.5));
#11833=CARTESIAN_POINT('',(3.04,3.79999999999999,-2.5));
#11834=VECTOR('',#15439,1.0);
#11835=CARTESIAN_POINT('',(3.04,3.79999999999999,0.100000000000033));
#11836=CARTESIAN_POINT('',(3.04,3.79999999999999,0.100000000000033));
#11837=VECTOR('',#15440,1.0);
#11838=CARTESIAN_POINT('',(2.04,3.79999999999999,0.100000000000022));
#11839=CARTESIAN_POINT('',(3.04,3.79999999999999,0.100000000000033));
#11840=VECTOR('',#15441,1.0);
#11841=CARTESIAN_POINT('',(2.04,3.79999999999999,-2.5));
#11842=VECTOR('',#15442,1.0);
#11843=AXIS2_PLACEMENT_3D('',#15443,#15444,#15445);
#11844=CARTESIAN_POINT('',(2.04,4.69999999999999,0.600000000000033));
#11845=CARTESIAN_POINT('',(2.04,4.29999999999999,0.600000000000033));
#11846=VECTOR('',#15446,1.0);
#11847=CARTESIAN_POINT('',(2.04,4.69999999999999,0.100000000000022));
#11848=VECTOR('',#15447,1.0);
#11849=CARTESIAN_POINT('',(2.04,4.29999999999999,-2.5));
#11850=CARTESIAN_POINT('',(2.04,4.29999999999999,0.100000000000033));
#11851=VECTOR('',#15448,1.0);
#11852=CARTESIAN_POINT('',(2.04,3.79999999999999,-2.5));
#11853=VECTOR('',#15449,1.0);
#11854=CARTESIAN_POINT('',(4.44,7.49999999999999,3.3000000000001));
#11855=CARTESIAN_POINT('',(4.44,7.49999999999999,1.3));
#11856=CARTESIAN_POINT('',(4.44,7.49999999999999,3.3000000000001));
#11857=VECTOR('',#15450,1.0);
#11858=CARTESIAN_POINT('',(3.34,7.49999999999999,1.3));
#11859=CARTESIAN_POINT('',(3.34,7.49999999999999,1.3));
#11860=VECTOR('',#15451,1.0);
#11861=CARTESIAN_POINT('',(3.34,7.49999999999999,0.800000000000033));
#11862=VECTOR('',#15452,1.0);
#11863=CARTESIAN_POINT('',(1.74,7.49999999999999,1.3));
#11864=CARTESIAN_POINT('',(1.74,7.49999999999999,1.3));
#11865=VECTOR('',#15453,1.0);
#11866=CARTESIAN_POINT('',(0.64,7.49999999999999,1.3));
#11867=VECTOR('',#15454,1.0);
#11868=CARTESIAN_POINT('',(0.639999999999989,7.49999999999999,3.29999999999978));
#11869=VECTOR('',#15455,1.0);
#11870=CARTESIAN_POINT('',(4.44,7.49999999999999,3.3000000000001));
#11871=VECTOR('',#15456,1.0);
#11872=CARTESIAN_POINT('',(1.79,7.49999999999999,2.1));
#11873=CARTESIAN_POINT('',(1.79,7.49999999999999,2.1));
#11874=VECTOR('',#15457,1.0);
#11875=CARTESIAN_POINT('',(3.29,7.49999999999999,2.1));
#11876=CARTESIAN_POINT('',(1.79,7.49999999999999,2.1));
#11877=VECTOR('',#15458,1.0);
#11878=CARTESIAN_POINT('',(3.29,7.49999999999999,2.9));
#11879=VECTOR('',#15459,1.0);
#11880=CARTESIAN_POINT('',(3.34,6.99999999999999,1.3));
#11881=CARTESIAN_POINT('',(3.34,6.99999999999999,0.800000000000033));
#11882=CARTESIAN_POINT('',(3.34,6.99999999999999,1.3));
#11883=VECTOR('',#15460,1.0);
#11884=AXIS2_PLACEMENT_3D('',#15461,#15462,#15463);
#11885=CARTESIAN_POINT('',(3.34000000000001,4.69999999999999,0.600000000000033));
#11886=CARTESIAN_POINT('',(3.34000000000001,6.79999999999999,0.600000000000033));
#11887=VECTOR('',#15464,1.0);
#11888=CARTESIAN_POINT('',(3.34000000000001,4.69999999999999,0.600000000000033));
#11889=VECTOR('',#15465,1.0);
#11890=AXIS2_PLACEMENT_3D('',#15466,#15467,#15468);
#11891=CARTESIAN_POINT('',(3.34,6.99999999999999,1.3));
#11892=VECTOR('',#15469,1.0);
#11893=CARTESIAN_POINT('',(3.04,4.29999999999999,-2.5));
#11894=CARTESIAN_POINT('',(3.04,3.79999999999999,-2.5));
#11895=VECTOR('',#15470,1.0);
#11896=CARTESIAN_POINT('',(3.04,4.29999999999999,-2.5));
#11897=VECTOR('',#15471,1.0);
#11898=CARTESIAN_POINT('',(3.04,4.69999999999999,0.600000000000033));
#11899=CARTESIAN_POINT('',(3.04,4.69999999999999,0.100000000000022));
#11900=VECTOR('',#15472,1.0);
#11901=CARTESIAN_POINT('',(3.04,4.69999999999999,0.600000000000033));
#11902=VECTOR('',#15473,1.0);
#11903=AXIS2_PLACEMENT_3D('',#15474,#15475,#15476);
#11904=CARTESIAN_POINT('',(1.79,7.49999999999999,2.1));
#11905=VECTOR('',#15477,1.0);
#11906=CARTESIAN_POINT('',(1.74,4.69999999999999,0.600000000000033));
#11907=CARTESIAN_POINT('',(2.04,4.69999999999999,0.600000000000033));
#11908=VECTOR('',#15478,1.0);
#11909=CARTESIAN_POINT('',(1.74,4.69999999999999,0.100000000000022));
#11910=VECTOR('',#15479,1.0);
#11911=CARTESIAN_POINT('',(1.74,6.99999999999999,0.800000000000033));
#11912=CARTESIAN_POINT('',(3.34,6.99999999999999,0.800000000000033));
#11913=VECTOR('',#15480,1.0);
#11914=AXIS2_PLACEMENT_3D('',#15481,#15482,#15483);
#11915=CARTESIAN_POINT('',(2.26169466264294,4.29999999999999,-3.5));
#11916=CARTESIAN_POINT('',(2.26169466264294,4.29999999999999,-3.5));
#11917=VECTOR('',#15484,1.0);
#11918=CARTESIAN_POINT('',(2.81830533735706,4.29999999999999,-3.5));
#11919=CARTESIAN_POINT('',(2.81830533735706,4.29999999999999,-3.5));
#11920=VECTOR('',#15485,1.0);
#11921=CARTESIAN_POINT('',(2.81830533735706,3.79999999999999,-3.5));
#11922=VECTOR('',#15486,1.0);
#11923=CARTESIAN_POINT('',(4.44,6.99999999999999,3.3000000000001));
#11924=CARTESIAN_POINT('',(4.44,6.99999999999999,3.3000000000001));
#11925=VECTOR('',#15487,1.0);
#11926=CARTESIAN_POINT('',(4.44,6.99999999999999,1.3));
#11927=CARTESIAN_POINT('',(4.44,6.99999999999999,1.3));
#11928=VECTOR('',#15488,1.0);
#11929=CARTESIAN_POINT('',(4.44,7.49999999999999,1.3));
#11930=VECTOR('',#15489,1.0);
#11931=CARTESIAN_POINT('',(1.74,6.99999999999999,1.3));
#11932=CARTESIAN_POINT('',(1.74,6.99999999999999,1.3));
#11933=VECTOR('',#15490,1.0);
#11934=CARTESIAN_POINT('',(1.74,6.99999999999999,1.3));
#11935=VECTOR('',#15491,1.0);
#11936=AXIS2_PLACEMENT_3D('',#15492,#15493,#15494);
#11937=CARTESIAN_POINT('',(3.34000000000001,4.69999999999999,0.600000000000033));
#11938=VECTOR('',#15495,1.0);
#11939=CARTESIAN_POINT('',(3.29,7.74999999999999,2.1));
#11940=VECTOR('',#15496,1.0);
#11941=CARTESIAN_POINT('',(1.415,6.79999999999999,4.0));
#11942=AXIS2_PLACEMENT_3D('',#15497,#15498,#15499);
#11943=CARTESIAN_POINT('',(3.665,6.79999999999999,4.0));
#11944=VECTOR('',#15500,1.0);
#11945=CARTESIAN_POINT('',(2.81830533735706,4.29999999999999,-3.5));
#11946=VECTOR('',#15501,1.0);
#11947=CARTESIAN_POINT('',(1.415,6.79999999999999,3.5));
#11948=CARTESIAN_POINT('',(3.665,6.79999999999999,3.5));
#11949=VECTOR('',#15502,1.0);
#11950=AXIS2_PLACEMENT_3D('',#15503,#15504,#15505);
#11951=CARTESIAN_POINT('',(4.44,6.99999999999999,1.3));
#11952=VECTOR('',#15506,1.0);
#11953=CARTESIAN_POINT('',(1.415,6.99999999999999,3.3000000000001));
#11954=VECTOR('',#15507,1.0);
#11955=CARTESIAN_POINT('',(1.415,7.49999999999999,3.3000000000001));
#11956=VECTOR('',#15508,1.0);
#11957=CARTESIAN_POINT('',(1.415,2.0,4.0));
#11958=VECTOR('',#15509,1.0);
#11959=CARTESIAN_POINT('',(2.04,4.29999999999999,-2.5));
#11960=VECTOR('',#15510,1.0);
#11961=CARTESIAN_POINT('',(1.74,4.69999999999999,0.600000000000033));
#11962=VECTOR('',#15511,1.0);
#11963=CARTESIAN_POINT('',(3.665,6.99999999999999,3.3000000000001));
#11964=VECTOR('',#15512,1.0);
#11965=CARTESIAN_POINT('',(1.74,6.99999999999999,0.800000000000033));
#11966=VECTOR('',#15513,1.0);
#11967=CARTESIAN_POINT('',(1.415,2.0,3.5));
#11968=VECTOR('',#15514,1.0);
#11969=CARTESIAN_POINT('',(3.79,1.82999999999999,2.0));
#11970=CARTESIAN_POINT('',(3.79,1.82999999999999,4.1508509304298));
#11971=CARTESIAN_POINT('',(3.79,1.82999999999999,-25.039574132492));
#11972=VECTOR('',#15515,1.0);
#11973=CARTESIAN_POINT('',(3.79,3.25084380241114,4.1508509304298));
#11974=CARTESIAN_POINT('',(3.79,1.82999999999999,4.1508509304298));
#11975=VECTOR('',#15516,1.0);
#11976=CARTESIAN_POINT('',(3.79,4.90915619758884,4.1508509304298));
#11977=CARTESIAN_POINT('',(3.79,1.82999999999999,4.1508509304298));
#11978=VECTOR('',#15517,1.0);
#11979=CARTESIAN_POINT('',(3.79,6.32999999999999,4.1508509304298));
#11980=CARTESIAN_POINT('',(3.79,1.82999999999999,4.1508509304298));
#11981=VECTOR('',#15518,1.0);
#11982=CARTESIAN_POINT('',(3.79,6.32999999999999,2.0));
#11983=CARTESIAN_POINT('',(3.79,6.32999999999999,-25.039574132492));
#11984=VECTOR('',#15519,1.0);
#11985=CARTESIAN_POINT('',(3.79,1.82999999999999,2.0));
#11986=VECTOR('',#15520,1.0);
#11987=CARTESIAN_POINT('',(1.29000000000001,1.82999999999999,4.1508509304298));
#11988=CARTESIAN_POINT('',(10.0128038783777,1.82999999999999,4.1508509304298));
#11989=VECTOR('',#15521,1.0);
#11990=CARTESIAN_POINT('',(1.29000000000001,3.25084380241115,4.1508509304298));
#11991=CARTESIAN_POINT('',(1.29000000000001,1.82999999999999,4.1508509304298));
#11992=VECTOR('',#15522,1.0);
#11993=AXIS2_PLACEMENT_3D('',#15523,#15524,#15525);
#11994=CARTESIAN_POINT('',(1.29000000000001,4.90915619758884,4.1508509304298));
#11995=AXIS2_PLACEMENT_3D('',#15526,#15527,#15528);
#11996=CARTESIAN_POINT('',(1.29000000000001,6.32999999999999,4.1508509304298));
#11997=CARTESIAN_POINT('',(1.29000000000001,1.82999999999999,4.1508509304298));
#11998=VECTOR('',#15529,1.0);
#11999=CARTESIAN_POINT('',(10.0128038783777,6.32999999999999,4.1508509304298));
#12000=VECTOR('',#15530,1.0);
#12001=CARTESIAN_POINT('',(1.29000000000001,1.82999999999999,2.0));
#12002=CARTESIAN_POINT('',(1.29,1.82999999999999,-25.039574132492));
#12003=VECTOR('',#15531,1.0);
#12004=CARTESIAN_POINT('',(1.29000000000001,6.32999999999999,2.0));
#12005=CARTESIAN_POINT('',(1.29000000000001,1.82999999999999,2.0));
#12006=VECTOR('',#15532,1.0);
#12007=CARTESIAN_POINT('',(1.29,6.32999999999999,-25.039574132492));
#12008=VECTOR('',#15533,1.0);
#12009=CARTESIAN_POINT('',(1.29000000000001,1.82999999999999,4.1508509304298));
#12010=VECTOR('',#15534,1.0);
#12011=CARTESIAN_POINT('',(10.0128038783777,1.82999999999999,2.0));
#12012=VECTOR('',#15535,1.0);
#12013=CARTESIAN_POINT('',(10.0128038783777,6.32999999999999,2.0));
#12014=VECTOR('',#15536,1.0);
#12015=CARTESIAN_POINT('',(1.04000000000001,4.07999999999999,4.1508509304298));
#12016=AXIS2_PLACEMENT_3D('',#15537,#15538,#15539);
#12017=AXIS2_PLACEMENT_3D('',#15540,#15541,#15542);
#12018=CARTESIAN_POINT('',(4.04,4.07999999999999,4.1508509304298));
#12019=AXIS2_PLACEMENT_3D('',#15543,#15544,#15545);
#12020=AXIS2_PLACEMENT_3D('',#15546,#15547,#15548);
#12021=CARTESIAN_POINT('',(4.04000000000001,4.07999999999999,5.6508509304298));
#12022=CARTESIAN_POINT('',(4.04000000000001,4.07999999999999,5.7508509304298));
#12023=VECTOR('',#15549,1.0);
#12024=CARTESIAN_POINT('',(3.94,4.61851648071344,5.7508509304298));
#12025=AXIS2_PLACEMENT_3D('',#15550,#15551,#15552);
#12026=CARTESIAN_POINT('',(1.14000000000001,4.61851648071345,5.7508509304298));
#12027=AXIS2_PLACEMENT_3D('',#15553,#15554,#15555);
#12028=CARTESIAN_POINT('',(1.04000000000001,4.07999999999999,5.6508509304298));
#12029=AXIS2_PLACEMENT_3D('',#15556,#15557,#15558);
#12030=CARTESIAN_POINT('',(1.04000000000001,4.07999999999999,5.7508509304298));
#12031=VECTOR('',#15559,1.0);
#12032=CARTESIAN_POINT('',(1.14000000000001,3.54148351928654,5.7508509304298));
#12033=AXIS2_PLACEMENT_3D('',#15560,#15561,#15562);
#12034=CARTESIAN_POINT('',(3.94,3.54148351928654,5.7508509304298));
#12035=AXIS2_PLACEMENT_3D('',#15563,#15564,#15565);
#12036=AXIS2_PLACEMENT_3D('',#15566,#15567,#15568);
#12037=CARTESIAN_POINT('',(3.94,6.32999999999999,5.7508509304298));
#12038=CARTESIAN_POINT('',(3.94,1.82999999999999,5.7508509304298));
#12039=VECTOR('',#15569,1.0);
#12040=CARTESIAN_POINT('',(1.14000000000001,6.32999999999999,5.7508509304298));
#12041=CARTESIAN_POINT('',(10.0128038783777,6.32999999999999,5.7508509304298));
#12042=VECTOR('',#15570,1.0);
#12043=CARTESIAN_POINT('',(1.14000000000001,1.82999999999999,5.7508509304298));
#12044=VECTOR('',#15571,1.0);
#12045=CARTESIAN_POINT('',(0.639999999999996,6.32999999999999,1.65));
#12046=CARTESIAN_POINT('',(0.639999999999995,1.83,1.65));
#12047=CARTESIAN_POINT('',(0.640000000000005,4.07999999999999,1.65));
#12048=VECTOR('',#15572,1.0);
#12049=CARTESIAN_POINT('',(0.640000000000005,1.83,5.2508509304298));
#12050=CARTESIAN_POINT('',(0.64,1.83,-25.039574132492));
#12051=VECTOR('',#15573,1.0);
#12052=CARTESIAN_POINT('',(0.639999999999996,6.32999999999999,5.2508509304298));
#12053=CARTESIAN_POINT('',(0.640000000000005,4.07999999999999,5.2508509304298));
#12054=VECTOR('',#15574,1.0);
#12055=CARTESIAN_POINT('',(0.640000000000002,6.32999999999999,-25.039574132492));
#12056=VECTOR('',#15575,1.0);
#12057=CARTESIAN_POINT('',(3.94,6.32999999999999,1.15));
#12058=CARTESIAN_POINT('',(3.94,1.82999999999999,1.15));
#12059=CARTESIAN_POINT('',(3.94000000000001,4.07999999999999,1.15));
#12060=VECTOR('',#15576,1.0);
#12061=CARTESIAN_POINT('',(1.13999999999999,1.82999999999999,1.15));
#12062=CARTESIAN_POINT('',(10.0128038783777,1.82999999999999,1.15));
#12063=VECTOR('',#15577,1.0);
#12064=CARTESIAN_POINT('',(1.14000000000001,6.32999999999999,1.15));
#12065=CARTESIAN_POINT('',(1.14,4.07999999999999,1.15));
#12066=VECTOR('',#15578,1.0);
#12067=CARTESIAN_POINT('',(10.0128038783777,6.32999999999999,1.15));
#12068=VECTOR('',#15579,1.0);
#12069=CARTESIAN_POINT('',(4.44,6.32999999999999,1.65));
#12070=CARTESIAN_POINT('',(4.44,1.82999999999999,1.65));
#12071=CARTESIAN_POINT('',(4.44,4.07999999999999,1.65));
#12072=VECTOR('',#15580,1.0);
#12073=CARTESIAN_POINT('',(4.44000000000001,6.32999999999999,5.2508509304298));
#12074=CARTESIAN_POINT('',(4.44,6.32999999999999,-25.039574132492));
#12075=VECTOR('',#15581,1.0);
#12076=CARTESIAN_POINT('',(4.44,1.82999999999999,5.2508509304298));
#12077=CARTESIAN_POINT('',(4.44000000000001,4.07999999999999,5.2508509304298));
#12078=VECTOR('',#15582,1.0);
#12079=CARTESIAN_POINT('',(4.44,1.82999999999999,-25.039574132492));
#12080=VECTOR('',#15583,1.0);
#12081=CARTESIAN_POINT('',(1.14000000000001,1.82999999999999,5.7508509304298));
#12082=CARTESIAN_POINT('',(1.14000000000001,1.82999999999999,5.7508509304298));
#12083=VECTOR('',#15584,1.0);
#12084=CARTESIAN_POINT('',(-29.6504250629218,6.33,-25.039574132492));
#12085=VECTOR('',#15585,1.0);
#12086=CARTESIAN_POINT('',(-29.6504250629218,1.83,-25.039574132492));
#12087=VECTOR('',#15586,1.0);
#12088=CARTESIAN_POINT('',(27.329574132492,6.32999999999999,-25.039574132492));
#12089=VECTOR('',#15587,1.0);
#12090=CARTESIAN_POINT('',(27.329574132492,1.82999999999999,-25.039574132492));
#12091=VECTOR('',#15588,1.0);
#12092=CARTESIAN_POINT('',(-22.2495741324921,6.33,-25.039574132492));
#12093=VECTOR('',#15589,1.0);
#12094=CARTESIAN_POINT('',(-22.2495741324921,1.83,-25.039574132492));
#12095=VECTOR('',#15590,1.0);
#12096=CARTESIAN_POINT('',(3.94,1.82999999999999,5.7508509304298));
#12097=CARTESIAN_POINT('',(3.94,1.82999999999999,5.7508509304298));
#12098=VECTOR('',#15591,1.0);
#12099=CARTESIAN_POINT('',(34.7304250629217,1.82999999999999,-25.039574132492));
#12100=VECTOR('',#15592,1.0);
#12101=CARTESIAN_POINT('',(34.7304250629217,6.32999999999999,-25.039574132492));
#12102=VECTOR('',#15593,1.0);
#12103=CARTESIAN_POINT('',(10.0128038783777,1.82999999999999,5.7508509304298));
#12104=VECTOR('',#15594,1.0);
#12105=CARTESIAN_POINT('',(3.60066017177974,3.0193398282202,7.7));
#12106=CARTESIAN_POINT('',(1.4793398282201,5.14066017177984,7.7));
#12107=AXIS2_PLACEMENT_3D('',#15595,#15596,#15597);
#12108=CARTESIAN_POINT('',(3.60066017177974,3.0193398282202,4.15));
#12109=CARTESIAN_POINT('',(3.60066017177974,3.0193398282202,6.0394337567298));
#12110=VECTOR('',#15598,1.0);
#12111=CARTESIAN_POINT('',(1.4793398282201,5.14066017177984,4.15));
#12112=AXIS2_PLACEMENT_3D('',#15599,#15600,#15601);
#12113=CARTESIAN_POINT('',(1.4793398282201,5.14066017177984,6.0394337567298));
#12114=VECTOR('',#15602,1.0);
#12115=CARTESIAN_POINT('',(1.5029641155487,2.54798936871822,8.1));
#12116=CARTESIAN_POINT('',(1.00798936871811,3.0429641155488,8.1));
#12117=AXIS2_PLACEMENT_3D('',#15603,#15604,#15605);
#12118=CARTESIAN_POINT('',(4.07201063128174,5.11703588445126,8.1));
#12119=CARTESIAN_POINT('',(1.2177086221248,2.26273387529432,8.1));
#12120=VECTOR('',#15606,1.0);
#12121=CARTESIAN_POINT('',(3.57703588445116,5.61201063128184,8.1));
#12122=AXIS2_PLACEMENT_3D('',#15607,#15608,#15609);
#12123=CARTESIAN_POINT('',(0.722733875294214,2.7577086221249,8.1));
#12124=VECTOR('',#15610,1.0);
#12125=CARTESIAN_POINT('',(1.00798936871811,3.0429641155488,9.0));
#12126=CARTESIAN_POINT('',(1.00798936871811,3.0429641155488,8.35));
#12127=VECTOR('',#15611,1.0);
#12128=CARTESIAN_POINT('',(3.57703588445116,5.61201063128184,9.0));
#12129=CARTESIAN_POINT('',(3.57703588445116,5.61201063128184,8.35));
#12130=VECTOR('',#15612,1.0);
#12131=CARTESIAN_POINT('',(2.29251262658462,4.32748737341531,9.0));
#12132=VECTOR('',#15613,1.0);
#12133=AXIS2_PLACEMENT_3D('',#15614,#15615,#15616);
#12134=CARTESIAN_POINT('',(1.23185245480481,5.38814754519513,9.0));
#12135=AXIS2_PLACEMENT_3D('',#15617,#15618,#15619);
#12136=AXIS2_PLACEMENT_3D('',#15620,#15621,#15622);
#12137=CARTESIAN_POINT('',(4.07201063128174,5.11703588445126,9.0));
#12138=CARTESIAN_POINT('',(1.5029641155487,2.54798936871822,9.0));
#12139=CARTESIAN_POINT('',(2.78748737341521,3.83251262658473,9.0));
#12140=VECTOR('',#15623,1.0);
#12141=CARTESIAN_POINT('',(3.84814754519503,2.77185245480491,9.0));
#12142=AXIS2_PLACEMENT_3D('',#15624,#15625,#15626);
#12143=AXIS2_PLACEMENT_3D('',#15627,#15628,#15629);
#12144=CARTESIAN_POINT('',(1.23185245480481,5.38814754519513,7.7));
#12145=CARTESIAN_POINT('',(3.84814754519503,2.77185245480491,7.7));
#12146=AXIS2_PLACEMENT_3D('',#15630,#15631,#15632);
#12147=AXIS2_PLACEMENT_3D('',#15633,#15634,#15635);
#12148=AXIS2_PLACEMENT_3D('',#15636,#15637,#15638);
#12149=CARTESIAN_POINT('',(1.23185245480481,5.38814754519513,8.35));
#12150=VECTOR('',#15639,1.0);
#12151=CARTESIAN_POINT('',(4.07201063128174,5.11703588445126,8.35));
#12152=VECTOR('',#15640,1.0);
#12153=CARTESIAN_POINT('',(3.84814754519503,2.77185245480491,8.35));
#12154=VECTOR('',#15641,1.0);
#12155=CARTESIAN_POINT('',(1.5029641155487,2.54798936871822,8.35));
#12156=VECTOR('',#15642,1.0);
#12157=CARTESIAN_POINT('',(2.54,5.58056392235252,7.69999958974634));
#12158=CARTESIAN_POINT('',(2.54,5.58056392235252,7.42));
#12159=CARTESIAN_POINT('',(2.54,5.58056392235252,7.55999958974633));
#12160=VECTOR('',#15643,1.0);
#12161=CARTESIAN_POINT('',(2.54,2.58056392235252,7.69999958974634));
#12162=AXIS2_PLACEMENT_3D('',#15644,#15645,#15646);
#12163=CARTESIAN_POINT('',(2.54,2.58056392235252,7.42));
#12164=CARTESIAN_POINT('',(2.54,2.58056392235252,7.55999958974633));
#12165=VECTOR('',#15647,1.0);
#12166=AXIS2_PLACEMENT_3D('',#15648,#15649,#15650);
#12167=CARTESIAN_POINT('',(2.54,6.65234561212966,9.32890200594168));
#12168=CARTESIAN_POINT('',(2.54,6.85878223257538,8.55847004989541));
#12169=AXIS2_PLACEMENT_3D('',#15651,#15652,#15653);
#12170=AXIS2_PLACEMENT_3D('',#15654,#15655,#15656);
#12171=CARTESIAN_POINT('',(2.54000000000001,2.16556392235252,9.96999999999999));
#12172=CARTESIAN_POINT('',(2.54000000000001,2.16556392235252,7.69999958974634));
#12173=CARTESIAN_POINT('',(2.54000000000001,2.16556392235252,8.83499979487316));
#12174=VECTOR('',#15657,1.0);
#12175=CARTESIAN_POINT('',(2.54,5.99556392235252,9.96999999999999));
#12176=AXIS2_PLACEMENT_3D('',#15658,#15659,#15660);
#12177=CARTESIAN_POINT('',(2.54,5.99556392235252,7.69999958974634));
#12178=CARTESIAN_POINT('',(2.54,5.99556392235252,8.83499979487316));
#12179=VECTOR('',#15661,1.0);
#12180=AXIS2_PLACEMENT_3D('',#15662,#15663,#15664);
#12181=CARTESIAN_POINT('',(7.61750000000081,6.8587802044724,8.5584776188788));
#12182=CARTESIAN_POINT('',(7.61749999999937,6.65234764023264,9.3288944369583));
#12183=AXIS2_PLACEMENT_3D('',#15665,#15666,#15667);
#12184=CARTESIAN_POINT('',(7.61500000000001,6.85877817624985,8.55848518830838));
#12185=AXIS2_PLACEMENT_3D('',#15668,#15669,#15670);
#12186=CARTESIAN_POINT('',(7.61500000000001,6.65234966845519,9.32888686752871));
#12187=AXIS2_PLACEMENT_3D('',#15671,#15672,#15673);
#12188=AXIS2_PLACEMENT_3D('',#15674,#15675,#15676);
#12189=CARTESIAN_POINT('',(7.61750000000001,2.5805660056873,7.69999958974634));
#12190=CARTESIAN_POINT('',(7.61750000000001,2.5805660056873,7.42));
#12191=CARTESIAN_POINT('',(7.61750000000001,2.5805660056873,7.55999958974634));
#12192=VECTOR('',#15677,1.0);
#12193=CARTESIAN_POINT('',(7.61750000000001,5.58056183901774,7.69999958974634));
#12194=AXIS2_PLACEMENT_3D('',#15678,#15679,#15680);
#12195=CARTESIAN_POINT('',(7.61750000000001,5.58056183901774,7.42));
#12196=CARTESIAN_POINT('',(7.61750000000001,5.58056183901774,7.55999958974634));
#12197=VECTOR('',#15681,1.0);
#12198=AXIS2_PLACEMENT_3D('',#15682,#15683,#15684);
#12199=CARTESIAN_POINT('',(0.92000000000001,7.56767197784454,5.91285750358635));
#12200=CARTESIAN_POINT('',(9.07000000000001,7.5676719778445,5.91285750358649));
#12201=CARTESIAN_POINT('',(4.92499999999999,7.56767197784452,5.91285750358642));
#12202=VECTOR('',#15685,1.0);
#12203=CARTESIAN_POINT('',(0.92000000000001,7.59664975263321,5.92062207493942));
#12204=CARTESIAN_POINT('',(0.92000000000001,4.36877513326229,5.05571567741008));
#12205=VECTOR('',#15686,1.0);
#12206=CARTESIAN_POINT('',(9.07000000000001,7.59664975263317,5.92062207493957));
#12207=CARTESIAN_POINT('',(3.39499999999997,7.5966497526332,5.92062207493947));
#12208=VECTOR('',#15687,1.0);
#12209=CARTESIAN_POINT('',(9.07000000000001,4.36877513326229,5.05571567741023));
#12210=VECTOR('',#15688,1.0);
#12211=CARTESIAN_POINT('',(0.420000000000001,7.43826245529328,6.39582041673088));
#12212=AXIS2_PLACEMENT_3D('',#15689,#15690,#15691);
#12213=CARTESIAN_POINT('',(0.42,7.46724023008195,6.40358498808396));
#12214=CARTESIAN_POINT('',(0.42,4.23936561071103,5.53867859055461));
#12215=VECTOR('',#15692,1.0);
#12216=AXIS2_PLACEMENT_3D('',#15693,#15694,#15695);
#12217=CARTESIAN_POINT('',(0.42,7.18461979109281,7.34242772649417));
#12218=CARTESIAN_POINT('',(0.42,7.67009185672266,5.53062131190813));
#12219=VECTOR('',#15696,1.0);
#12220=CARTESIAN_POINT('',(0.42,7.21359756588148,7.35019229784725));
#12221=CARTESIAN_POINT('',(0.42,7.18461979109281,7.34242772649417));
#12222=VECTOR('',#15697,1.0);
#12223=CARTESIAN_POINT('',(0.42,6.60846840417097,9.60856507449246));
#12224=VECTOR('',#15698,1.0);
#12225=CARTESIAN_POINT('',(8.99000000000001,1.83056392235253,1.77000000000001));
#12226=CARTESIAN_POINT('',(8.99000000000001,1.83056392235253,3.72));
#12227=CARTESIAN_POINT('',(8.99000000000001,1.83056392235253,3.92552333105629));
#12228=VECTOR('',#15699,1.0);
#12229=CARTESIAN_POINT('',(8.99000000000001,1.32500000000001,1.77000000000001));
#12230=CARTESIAN_POINT('',(8.99000000000001,4.23936561071103,1.77000000000001));
#12231=VECTOR('',#15700,1.0);
#12232=CARTESIAN_POINT('',(8.99000000000001,1.32500000000001,3.72));
#12233=CARTESIAN_POINT('',(8.99000000000001,1.32500000000001,3.92552333105629));
#12234=VECTOR('',#15701,1.0);
#12235=CARTESIAN_POINT('',(8.99000000000001,4.23936561071103,3.72));
#12236=VECTOR('',#15702,1.0);
#12237=CARTESIAN_POINT('',(8.86500000000001,7.0,0.0));
#12238=CARTESIAN_POINT('',(8.86500000000001,7.0,4.00000000000001));
#12239=CARTESIAN_POINT('',(8.86500000000001,7.0,3.92552333105629));
#12240=VECTOR('',#15703,1.0);
#12241=CARTESIAN_POINT('',(8.86500000000001,6.33056392235253,0.0));
#12242=CARTESIAN_POINT('',(8.86500000000001,4.23936561071103,0.0));
#12243=VECTOR('',#15704,1.0);
#12244=CARTESIAN_POINT('',(8.86500000000001,6.33056392235253,4.00000000000001));
#12245=CARTESIAN_POINT('',(8.86500000000001,6.33056392235253,3.92552333105629));
#12246=VECTOR('',#15705,1.0);
#12247=CARTESIAN_POINT('',(8.86500000000001,4.23936561071103,4.00000000000001));
#12248=VECTOR('',#15706,1.0);
#12249=CARTESIAN_POINT('',(8.51500000000001,7.59500000000001,4.00000000000001));
#12250=CARTESIAN_POINT('',(8.51500000000001,7.5,4.00000000000001));
#12251=CARTESIAN_POINT('',(8.51500000000001,4.23936561071103,4.00000000000001));
#12252=VECTOR('',#15707,1.0);
#12253=CARTESIAN_POINT('',(8.51500000000001,7.59500000000001,5.81086793643175));
#12254=CARTESIAN_POINT('',(8.51500000000001,7.59500000000001,3.92552333105629));
#12255=VECTOR('',#15708,1.0);
#12256=CARTESIAN_POINT('',(8.51500000000001,8.15000000000001,3.73957973823103));
#12257=CARTESIAN_POINT('',(8.51500000000001,8.10017656446474,3.92552333105629));
#12258=VECTOR('',#15709,1.0);
#12259=CARTESIAN_POINT('',(8.51500000000001,8.15000000000001,1.97));
#12260=CARTESIAN_POINT('',(8.51500000000001,8.15000000000001,3.92552333105629));
#12261=VECTOR('',#15710,1.0);
#12262=CARTESIAN_POINT('',(8.51500000000001,7.5,1.97));
#12263=CARTESIAN_POINT('',(8.51500000000001,4.23936561071103,1.97));
#12264=VECTOR('',#15711,1.0);
#12265=CARTESIAN_POINT('',(8.51500000000001,7.5,3.92552333105629));
#12266=VECTOR('',#15712,1.0);
#12267=CARTESIAN_POINT('',(9.97760996648301,1.24,0.0));
#12268=CARTESIAN_POINT('',(9.97760996648301,1.24,4.6));
#12269=CARTESIAN_POINT('',(9.97760996648301,1.24,0.0));
#12270=VECTOR('',#15713,1.0);
#12271=CARTESIAN_POINT('',(9.71239003351701,1.463,4.6));
#12272=CARTESIAN_POINT('',(2.64000000000001,7.40954768153012,4.6));
#12273=VECTOR('',#15714,1.0);
#12274=CARTESIAN_POINT('',(9.71239003351701,1.463,0.0));
#12275=CARTESIAN_POINT('',(9.71239003351701,1.463,0.0));
#12276=VECTOR('',#15715,1.0);
#12277=CARTESIAN_POINT('',(9.74866230999951,1.43250184865396,0.0));
#12278=VECTOR('',#15716,1.0);
#12279=CARTESIAN_POINT('',(7.61750000000001,2.165565554207,9.96999999999999));
#12280=CARTESIAN_POINT('',(7.61750000000001,2.165565554207,7.69999958974634));
#12281=CARTESIAN_POINT('',(7.61750000000001,2.165565554207,10.07736));
#12282=VECTOR('',#15717,1.0);
#12283=CARTESIAN_POINT('',(7.61750000000001,5.99556229049804,9.96999999999999));
#12284=AXIS2_PLACEMENT_3D('',#15718,#15719,#15720);
#12285=CARTESIAN_POINT('',(7.61750000000001,5.99556229049804,7.69999958974634));
#12286=CARTESIAN_POINT('',(7.61750000000001,5.99556229049804,10.07736));
#12287=VECTOR('',#15721,1.0);
#12288=AXIS2_PLACEMENT_3D('',#15722,#15723,#15724);
#12289=CARTESIAN_POINT('',(9.97760996648301,0.620000000000001,0.0));
#12290=CARTESIAN_POINT('',(9.97760996648301,0.620000000000001,4.6));
#12291=CARTESIAN_POINT('',(9.97760996648301,0.620000000000001,0.0));
#12292=VECTOR('',#15725,1.0);
#12293=CARTESIAN_POINT('',(10.155,0.620000000000001,4.6));
#12294=CARTESIAN_POINT('',(2.64000000000001,0.620000000000001,4.6));
#12295=VECTOR('',#15726,1.0);
#12296=CARTESIAN_POINT('',(10.155,0.620000000000001,0.0));
#12297=CARTESIAN_POINT('',(10.155,0.620000000000001,0.0));
#12298=VECTOR('',#15727,1.0);
#12299=CARTESIAN_POINT('',(10.025,0.620000000000001,0.0));
#12300=VECTOR('',#15728,1.0);
#12301=CARTESIAN_POINT('',(9.57000000000001,7.46724023008191,6.4035849880841));
#12302=AXIS2_PLACEMENT_3D('',#15729,#15730,#15731);
#12303=CARTESIAN_POINT('',(9.57000000000001,7.43826245529324,6.39582041673103));
#12304=CARTESIAN_POINT('',(9.57000000000001,4.23936561071103,5.53867859055476));
#12305=VECTOR('',#15732,1.0);
#12306=AXIS2_PLACEMENT_3D('',#15733,#15734,#15735);
#12307=CARTESIAN_POINT('',(9.53500000000001,0.397000000000001,0.0));
#12308=CARTESIAN_POINT('',(9.53500000000001,0.397000000000001,4.6));
#12309=CARTESIAN_POINT('',(9.53500000000001,0.397000000000001,0.0));
#12310=VECTOR('',#15736,1.0);
#12311=CARTESIAN_POINT('',(9.71239003351701,0.397000000000001,4.6));
#12312=CARTESIAN_POINT('',(2.64000000000001,0.397000000000001,4.6));
#12313=VECTOR('',#15737,1.0);
#12314=CARTESIAN_POINT('',(9.71239003351701,0.397000000000001,0.0));
#12315=CARTESIAN_POINT('',(9.71239003351701,0.397000000000001,0.0));
#12316=VECTOR('',#15738,1.0);
#12317=CARTESIAN_POINT('',(9.66500000000001,0.397000000000001,0.0));
#12318=VECTOR('',#15739,1.0);
#12319=CARTESIAN_POINT('',(7.62000000000001,6.85877817624985,8.55848518830838));
#12320=CARTESIAN_POINT('',(7.62000000000001,6.65234966845518,9.32888686752871));
#12321=AXIS2_PLACEMENT_3D('',#15740,#15741,#15742);
#12322=AXIS2_PLACEMENT_3D('',#15743,#15744,#15745);
#12323=CARTESIAN_POINT('',(9.51500000000001,6.33056392235253,0.0));
#12324=CARTESIAN_POINT('',(9.51500000000001,1.83056392235253,0.0));
#12325=CARTESIAN_POINT('',(9.51500000000001,4.23936561071103,0.0));
#12326=VECTOR('',#15746,1.0);
#12327=CARTESIAN_POINT('',(9.51500000000001,1.83056392235252,7.42));
#12328=CARTESIAN_POINT('',(9.51500000000001,1.83056392235253,3.92552333105629));
#12329=VECTOR('',#15747,1.0);
#12330=CARTESIAN_POINT('',(9.51500000000001,6.33056392235252,7.42));
#12331=CARTESIAN_POINT('',(9.51500000000001,4.23936561071103,7.42));
#12332=VECTOR('',#15748,1.0);
#12333=CARTESIAN_POINT('',(9.51500000000001,6.33056392235253,3.92552333105629));
#12334=VECTOR('',#15749,1.0);
#12335=CARTESIAN_POINT('',(10.155,1.24,0.0));
#12336=CARTESIAN_POINT('',(10.155,1.24,4.6));
#12337=CARTESIAN_POINT('',(10.155,1.24,0.0));
#12338=VECTOR('',#15750,1.0);
#12339=CARTESIAN_POINT('',(2.64000000000001,1.24,4.6));
#12340=VECTOR('',#15751,1.0);
#12341=CARTESIAN_POINT('',(10.025,1.24,0.0));
#12342=VECTOR('',#15752,1.0);
#12343=CARTESIAN_POINT('',(9.51500000000001,7.5,0.0));
#12344=CARTESIAN_POINT('',(9.51500000000001,7.0,0.0));
#12345=CARTESIAN_POINT('',(9.51500000000001,4.23936561071103,0.0));
#12346=VECTOR('',#15753,1.0);
#12347=CARTESIAN_POINT('',(9.51500000000001,7.0,4.00000000000001));
#12348=CARTESIAN_POINT('',(9.51500000000001,7.0,3.92552333105629));
#12349=VECTOR('',#15754,1.0);
#12350=CARTESIAN_POINT('',(9.51500000000001,7.5,4.00000000000001));
#12351=CARTESIAN_POINT('',(9.51500000000001,4.23936561071103,4.00000000000001));
#12352=VECTOR('',#15755,1.0);
#12353=CARTESIAN_POINT('',(9.51500000000001,7.5,3.92552333105629));
#12354=VECTOR('',#15756,1.0);
#12355=CARTESIAN_POINT('',(9.53500000000001,1.463,4.6));
#12356=CARTESIAN_POINT('',(2.64000000000001,1.463,4.6));
#12357=VECTOR('',#15757,1.0);
#12358=CARTESIAN_POINT('',(9.53500000000001,1.463,0.0));
#12359=CARTESIAN_POINT('',(9.53500000000001,1.463,0.0));
#12360=VECTOR('',#15758,1.0);
#12361=CARTESIAN_POINT('',(9.66500000000001,1.463,0.0));
#12362=VECTOR('',#15759,1.0);
#12363=CARTESIAN_POINT('',(9.36500000115061,0.0,0.842225011872123));
#12364=CARTESIAN_POINT('',(8.16517954160761,4.23936561071103,3.81066076971902));
#12365=VECTOR('',#15760,1.0);
#12366=CARTESIAN_POINT('',(9.36500000115061,0.0,5.20000000000001));
#12367=CARTESIAN_POINT('',(9.36500000115061,0.0,3.92552333105629));
#12368=VECTOR('',#15761,1.0);
#12369=CARTESIAN_POINT('',(9.21081933052311,0.544771701212477,5.20000000000001));
#12370=CARTESIAN_POINT('',(8.16517954160761,4.23936561071103,5.20000000000004));
#12371=VECTOR('',#15762,1.0);
#12372=CARTESIAN_POINT('',(9.07413171317601,1.02773461435702,4.82940952255126));
#12373=AXIS2_PLACEMENT_3D('',#15763,#15764,#15765);
#12374=CARTESIAN_POINT('',(9.00558579549561,1.26993018941773,3.92552333105629));
#12375=VECTOR('',#15766,1.0);
#12376=CARTESIAN_POINT('',(2.64000000000001,-5.54954768153008,4.6));
#12377=VECTOR('',#15767,1.0);
#12378=CARTESIAN_POINT('',(9.94133769000051,0.589501848653959,0.0));
#12379=VECTOR('',#15768,1.0);
#12380=CARTESIAN_POINT('',(10.155,4.23936561071103,4.6));
#12381=VECTOR('',#15769,1.0);
#12382=CARTESIAN_POINT('',(9.53500000000001,4.23936561071103,4.6));
#12383=VECTOR('',#15770,1.0);
#12384=CARTESIAN_POINT('',(9.53500000000001,0.867969809397432,0.0));
#12385=VECTOR('',#15771,1.0);
#12386=CARTESIAN_POINT('',(2.61500000000001,7.0,4.00000000000001));
#12387=VECTOR('',#15772,1.0);
#12388=CARTESIAN_POINT('',(2.61500000000001,7.0,0.0));
#12389=VECTOR('',#15773,1.0);
#12390=CARTESIAN_POINT('',(9.57000000000001,7.21359756588144,7.35019229784739));
#12391=CARTESIAN_POINT('',(9.57000000000001,7.18461979109277,7.34242772649431));
#12392=CARTESIAN_POINT('',(9.57000000000001,7.18461979109277,7.34242772649431));
#12393=VECTOR('',#15774,1.0);
#12394=CARTESIAN_POINT('',(9.07000000000001,7.08418804333018,7.83315521099192));
#12395=AXIS2_PLACEMENT_3D('',#15775,#15776,#15777);
#12396=CARTESIAN_POINT('',(9.07000000000001,7.05521026854151,7.82539063963885));
#12397=CARTESIAN_POINT('',(9.07000000000001,7.05521026854151,7.82539063963885));
#12398=VECTOR('',#15778,1.0);
#12399=AXIS2_PLACEMENT_3D('',#15779,#15780,#15781);
#12400=CARTESIAN_POINT('',(6.28000000000001,6.73478205644381,9.02124500736594));
#12401=CARTESIAN_POINT('',(5.78000000000001,6.60537253389255,9.50420792051047));
#12402=AXIS2_PLACEMENT_3D('',#15782,#15783,#15784);
#12403=CARTESIAN_POINT('',(6.28000000000001,6.76375983123248,9.02900957871902));
#12404=CARTESIAN_POINT('',(6.28000000000001,4.23936561071103,8.35260018595251));
#12405=VECTOR('',#15785,1.0);
#12406=CARTESIAN_POINT('',(5.78000000000001,6.63435030868122,9.51197249186355));
#12407=AXIS2_PLACEMENT_3D('',#15786,#15787,#15788);
#12408=CARTESIAN_POINT('',(5.78000000000001,4.10995608815977,8.83556309909704));
#12409=VECTOR('',#15789,1.0);
#12410=CARTESIAN_POINT('',(9.57000000000001,6.60846840417097,9.60856507449246));
#12411=VECTOR('',#15790,1.0);
#12412=CARTESIAN_POINT('',(0.91999999999999,7.08418804333022,7.83315521099178));
#12413=AXIS2_PLACEMENT_3D('',#15791,#15792,#15793);
#12414=CARTESIAN_POINT('',(3.71000000000001,7.08418804333021,7.83315521099183));
#12415=CARTESIAN_POINT('',(3.39499999999993,7.08418804333021,7.83315521099182));
#12416=VECTOR('',#15794,1.0);
#12417=CARTESIAN_POINT('',(3.71000000000001,6.76375983123248,9.02900957871902));
#12418=CARTESIAN_POINT('',(3.71000000000001,6.60846840417097,9.60856507449246));
#12419=VECTOR('',#15795,1.0);
#12420=CARTESIAN_POINT('',(4.21000000000001,6.63435030868122,9.51197249186355));
#12421=AXIS2_PLACEMENT_3D('',#15796,#15797,#15798);
#12422=CARTESIAN_POINT('',(7.49500000000001,6.63435030868122,9.51197249186355));
#12423=VECTOR('',#15799,1.0);
#12424=CARTESIAN_POINT('',(6.28000000000001,7.0841880433302,7.83315521099187));
#12425=CARTESIAN_POINT('',(6.28000000000001,6.60846840417097,9.60856507449246));
#12426=VECTOR('',#15800,1.0);
#12427=CARTESIAN_POINT('',(3.39499999999993,7.08418804333021,7.83315521099182));
#12428=VECTOR('',#15801,1.0);
#12429=CARTESIAN_POINT('',(7.53260273019401,7.43119557604442,6.53810546829327));
#12430=CARTESIAN_POINT('',(7.44811577421341,7.43119557604442,6.53810546829328));
#12431=CARTESIAN_POINT('',(7.00287395167501,7.43119557604441,6.53810546829329));
#12432=VECTOR('',#15802,0.75);
#12433=CARTESIAN_POINT('',(7.53260273019401,7.23708129221753,7.26254983801009));
#12434=CARTESIAN_POINT('',(7.53260273019401,8.31118099053827,3.25395519148265));
#12435=VECTOR('',#15803,0.75);
#12436=CARTESIAN_POINT('',(7.41499727510311,7.23708129221752,7.26254983801009));
#12437=CARTESIAN_POINT('',(7.00287395167501,7.23708129221752,7.26254983801012));
#12438=VECTOR('',#15804,0.75);
#12439=CARTESIAN_POINT('',(7.20374527495281,7.39237783520571,6.68297524933838));
#12440=CARTESIAN_POINT('',(5.95388484294551,8.31118099053827,3.25395519148265));
#12441=VECTOR('',#15805,0.75);
#12442=CARTESIAN_POINT('',(6.99249327480241,7.23708129221753,7.26254983801008));
#12443=CARTESIAN_POINT('',(8.45360570696011,8.31118099053827,3.25395519148265));
#12444=VECTOR('',#15806,0.75);
#12445=CARTESIAN_POINT('',(6.87488781971161,7.23708129221752,7.26254983801009));
#12446=CARTESIAN_POINT('',(7.00287395167501,7.23708129221753,7.26254983801009));
#12447=VECTOR('',#15807,0.75);
#12448=CARTESIAN_POINT('',(6.87488781971161,7.43119557604442,6.53810546829327));
#12449=CARTESIAN_POINT('',(6.87488781971141,8.31118099053827,3.25395519148265));
#12450=VECTOR('',#15808,0.75);
#12451=CARTESIAN_POINT('',(6.95937477569231,7.43119557604442,6.53810546829327));
#12452=CARTESIAN_POINT('',(7.00287395167501,7.43119557604442,6.53810546829327));
#12453=VECTOR('',#15809,0.75);
#12454=CARTESIAN_POINT('',(6.95937477569231,7.28062520008338,7.10004176149461));
#12455=CARTESIAN_POINT('',(6.95937477569221,8.31118099053827,3.25395519148265));
#12456=VECTOR('',#15810,0.75);
#12457=CARTESIAN_POINT('',(7.16043234182351,7.43119557604442,6.53810546829328));
#12458=CARTESIAN_POINT('',(8.33548237766111,8.31118099053827,3.25395519148265));
#12459=VECTOR('',#15811,0.75);
#12460=CARTESIAN_POINT('',(7.24705820808211,7.43119557604441,6.53810546829329));
#12461=CARTESIAN_POINT('',(7.00287395167501,7.43119557604442,6.53810546829328));
#12462=VECTOR('',#15812,0.75);
#12463=CARTESIAN_POINT('',(7.44811577421341,7.28062520008338,7.10004176149461));
#12464=CARTESIAN_POINT('',(6.07200817224441,8.31118099053827,3.25395519148265));
#12465=VECTOR('',#15813,0.75);
#12466=CARTESIAN_POINT('',(7.44811577421341,8.31118099053827,3.25395519148265));
#12467=VECTOR('',#15814,0.75);
#12468=CARTESIAN_POINT('',(3.5499144708583,7.27106212368058,7.13573164850655));
#12469=CARTESIAN_POINT('',(3.5499144708583,7.29046924564467,7.06330328330788));
#12470=CARTESIAN_POINT('',(3.54991447085827,8.31118099053827,3.25395519148265));
#12471=VECTOR('',#15815,0.75);
#12472=CARTESIAN_POINT('',(3.53285600123382,7.27106212368058,7.13573164850655));
#12473=CARTESIAN_POINT('',(6.39287395167501,7.27106212368056,7.13573164850661));
#12474=VECTOR('',#15816,0.75);
#12475=CARTESIAN_POINT('',(3.49087280626422,7.26862515548436,7.14482653763124));
#12476=CARTESIAN_POINT('',(6.39287395167501,7.43707552001374,6.51616121865411));
#12477=VECTOR('',#15817,0.75);
#12478=CARTESIAN_POINT('',(3.46548486605986,7.26618990858954,7.15391500277171));
#12479=CARTESIAN_POINT('',(6.39287395167501,7.54698918270579,6.10595784504138));
#12480=VECTOR('',#15818,0.75);
#12481=CARTESIAN_POINT('',(3.43179928854204,7.2613429234132,7.17200419771336));
#12482=CARTESIAN_POINT('',(6.39287395167501,7.68740909344268,5.58190360377702));
#12483=VECTOR('',#15819,0.75);
#12484=CARTESIAN_POINT('',(3.40649417557175,7.25407188023014,7.19914010029653));
#12485=CARTESIAN_POINT('',(7.08550759700491,8.31118099053826,3.25395519148265));
#12486=VECTOR('',#15820,0.75);
#12487=CARTESIAN_POINT('',(3.38121609220563,7.24442805347578,7.2351313517232));
#12488=CARTESIAN_POINT('',(6.17735401141041,8.31118099053827,3.25395519148265));
#12489=VECTOR('',#15821,0.75);
#12490=CARTESIAN_POINT('',(3.37291980124999,7.23708129221752,7.26254983801009));
#12491=CARTESIAN_POINT('',(4.58584115521738,8.31118099053826,3.25395519148265));
#12492=VECTOR('',#15822,0.75);
#12493=CARTESIAN_POINT('',(3.30522552505403,7.23708129221753,7.26254983801006));
#12494=CARTESIAN_POINT('',(6.39287395167501,7.23708129221716,7.26254983801144));
#12495=VECTOR('',#15823,0.75);
#12496=CARTESIAN_POINT('',(3.30522552505403,7.43119557604441,6.5381054682933));
#12497=CARTESIAN_POINT('',(3.30522552505404,8.31118099053827,3.25395519148265));
#12498=VECTOR('',#15824,0.75);
#12499=CARTESIAN_POINT('',(3.3896357444716,7.43119557604441,6.53810546829329));
#12500=CARTESIAN_POINT('',(6.39287395167501,7.4311955760445,6.53810546829297));
#12501=VECTOR('',#15825,0.75);
#12502=CARTESIAN_POINT('',(3.3896357444716,7.29046924564466,7.06330328330788));
#12503=CARTESIAN_POINT('',(3.38963574447156,8.31118099053827,3.25395519148265));
#12504=VECTOR('',#15826,0.75);
#12505=CARTESIAN_POINT('',(6.39287395167501,7.29046924564469,7.06330328330779));
#12506=VECTOR('',#15827,0.75);
#12507=CARTESIAN_POINT('',(5.88750033095331,7.23708129221753,7.26254983801009));
#12508=CARTESIAN_POINT('',(5.88750033095331,7.43119557604441,6.53810546829329));
#12509=CARTESIAN_POINT('',(5.88750033095331,8.31118099053827,3.25395519148265));
#12510=VECTOR('',#15828,0.75);
#12511=CARTESIAN_POINT('',(5.64222598254721,7.23708129221753,7.26254983801008));
#12512=CARTESIAN_POINT('',(7.00287395167501,7.23708129221752,7.26254983801012));
#12513=VECTOR('',#15829,0.75);
#12514=CARTESIAN_POINT('',(5.58374300797081,7.2393782437672,7.25397749812419));
#12515=CARTESIAN_POINT('',(7.00287395167501,7.18364108190196,7.46199141807493));
#12516=VECTOR('',#15830,0.75);
#12517=CARTESIAN_POINT('',(5.53184966433251,7.24429341423032,7.23563383222796));
#12518=CARTESIAN_POINT('',(7.00287395167501,7.10496272900642,7.75562302853693));
#12519=VECTOR('',#15831,0.75);
#12520=CARTESIAN_POINT('',(5.49066447096891,7.24926780361468,7.21706915830891));
#12521=CARTESIAN_POINT('',(7.00287395167501,7.06662161032563,7.89871403147269));
#12522=VECTOR('',#15832,0.75);
#12523=CARTESIAN_POINT('',(5.44783186987061,7.25909814454091,7.18038182651648));
#12524=CARTESIAN_POINT('',(7.00287395167501,6.90220658468165,8.51231926070376));
#12525=VECTOR('',#15833,0.75);
#12526=CARTESIAN_POINT('',(5.41393305241361,7.27143421797153,7.1343429737075));
#12527=CARTESIAN_POINT('',(2.55676896020661,8.31118099053827,3.25395519148265));
#12528=VECTOR('',#15834,0.75);
#12529=CARTESIAN_POINT('',(5.37967527956611,7.28832274252408,7.07131414201251));
#12530=CARTESIAN_POINT('',(3.3048436146313,8.31118099053827,3.25395519148265));
#12531=VECTOR('',#15835,0.75);
#12532=CARTESIAN_POINT('',(5.35642893370531,7.31031300886855,6.98924535074298));
#12533=CARTESIAN_POINT('',(4.29839157761137,8.31118099053827,3.25395519148265));
#12534=VECTOR('',#15836,0.75);
#12535=CARTESIAN_POINT('',(5.34725274454971,7.32632192276732,6.92949927069878));
#12536=CARTESIAN_POINT('',(4.78273892714653,8.31118099053827,3.25395519148265));
#12537=VECTOR('',#15837,0.75);
#12538=CARTESIAN_POINT('',(5.34725274454971,7.34180307027383,6.87172284164502));
#12539=CARTESIAN_POINT('',(5.34725274454991,8.31118099053827,3.25395519148265));
#12540=VECTOR('',#15838,0.75);
#12541=CARTESIAN_POINT('',(5.35520544181781,7.35798790630336,6.81132021127064));
#12542=CARTESIAN_POINT('',(5.82357324135621,8.31118099053827,3.25395519148265));
#12543=VECTOR('',#15839,0.75);
#12544=CARTESIAN_POINT('',(5.38089877145351,7.37980225051707,6.72990797033128));
#12545=CARTESIAN_POINT('',(6.47789351713691,8.31118099053827,3.25395519148265));
#12546=VECTOR('',#15840,0.75);
#12547=CARTESIAN_POINT('',(5.41760352807581,7.39581116441584,6.67016189028705));
#12548=CARTESIAN_POINT('',(7.51633595300451,8.31118099053827,3.25395519148265));
#12549=VECTOR('',#15841,0.75);
#12550=CARTESIAN_POINT('',(5.44945499388271,7.40714097829432,6.62787844925226));
#12551=CARTESIAN_POINT('',(7.99097949259671,8.31118099053827,3.25395519148265));
#12552=VECTOR('',#15842,0.75);
#12553=CARTESIAN_POINT('',(5.49856639427111,7.41896911980888,6.5837352241608));
#12554=CARTESIAN_POINT('',(7.00287395167501,7.78127120302534,5.23160544190895));
#12555=VECTOR('',#15843,0.75);
#12556=CARTESIAN_POINT('',(5.53325132079541,7.42391222372541,6.56528730919722));
#12557=CARTESIAN_POINT('',(7.00287395167501,7.63335471389275,5.78363729462899));
#12558=VECTOR('',#15844,0.75);
#12559=CARTESIAN_POINT('',(5.58573912996051,7.42885532764195,6.5468393942336));
#12560=CARTESIAN_POINT('',(7.00287395167501,7.56231574061992,6.04875835220072));
#12561=VECTOR('',#15845,0.75);
#12562=CARTESIAN_POINT('',(5.64313807916441,7.43119557604442,6.53810546829329));
#12563=CARTESIAN_POINT('',(7.00287395167501,7.48663421642972,6.33120564567278));
#12564=VECTOR('',#15846,0.75);
#12565=CARTESIAN_POINT('',(7.00287395167501,7.43119557604441,6.53810546829329));
#12566=VECTOR('',#15847,0.75);
#12567=CARTESIAN_POINT('',(5.18484499588041,7.35841623649861,6.80972166121955));
#12568=CARTESIAN_POINT('',(5.17620387606521,7.37530619910672,6.74668746262812));
#12569=CARTESIAN_POINT('',(4.69739842264875,8.31118099053827,3.25395519148265));
#12570=VECTOR('',#15848,0.75);
#12571=CARTESIAN_POINT('',(5.10018902519111,7.35841623649861,6.80972166121955));
#12572=CARTESIAN_POINT('',(7.00287395167501,7.35841623649862,6.80972166121951));
#12573=VECTOR('',#15849,0.75);
#12574=CARTESIAN_POINT('',(5.09181605749589,7.37538860150109,6.74637993270569));
#12575=CARTESIAN_POINT('',(4.63016210168657,8.31118099053827,3.25395519148265));
#12576=VECTOR('',#15850,0.75);
#12577=CARTESIAN_POINT('',(5.07493852765603,7.38751869142274,6.70110982081771));
#12578=CARTESIAN_POINT('',(3.78977591831264,8.31118099053827,3.25395519148265));
#12579=VECTOR('',#15851,0.75);
#12580=CARTESIAN_POINT('',(5.04117251610908,7.397231514137,6.66486107296318));
#12581=CARTESIAN_POINT('',(1.86388518354094,8.31118099053827,3.25395519148265));
#12582=VECTOR('',#15852,0.75);
#12583=CARTESIAN_POINT('',(5.00900964304002,7.40192034517237,6.64736211731106));
#12584=CARTESIAN_POINT('',(7.00287395167501,7.11124690842502,7.73217015166286));
#12585=VECTOR('',#15853,0.75);
#12586=CARTESIAN_POINT('',(4.97304976412253,7.40448956765751,6.63777364846058));
#12587=CARTESIAN_POINT('',(7.00287395167501,7.25946488736031,7.17901312368115));
#12588=VECTOR('',#15854,0.75);
#12589=CARTESIAN_POINT('',(4.92301518004867,7.40692775408276,6.6286742128432));
#12590=CARTESIAN_POINT('',(7.00287395167501,7.30557618861473,7.00692340459655));
#12591=VECTOR('',#15855,0.75);
#12592=CARTESIAN_POINT('',(4.88083569316477,7.40693139117934,6.62866063901401));
#12593=CARTESIAN_POINT('',(7.00287395167501,7.40674840986205,6.62934353458696));
#12594=VECTOR('',#15856,0.75);
#12595=CARTESIAN_POINT('',(4.81328664562134,7.40451718901493,6.6376705641513));
#12596=CARTESIAN_POINT('',(7.00287395167501,7.48277301357002,6.34561585092353));
#12597=VECTOR('',#15857,0.75);
#12598=CARTESIAN_POINT('',(4.76229082836677,7.39957995112362,6.65609658681073));
#12599=CARTESIAN_POINT('',(7.00287395167501,7.6165054263996,5.84651969162475));
#12600=VECTOR('',#15858,0.75);
#12601=CARTESIAN_POINT('',(4.72879479242329,7.39473569800857,6.67417558556081));
#12602=CARTESIAN_POINT('',(7.00287395167501,7.72361685486107,5.44677439853524));
#12603=VECTOR('',#15859,0.75);
#12604=CARTESIAN_POINT('',(4.70388705020458,7.38515427001659,6.70993396163597));
#12605=CARTESIAN_POINT('',(7.11117277647311,8.31118099053827,3.25395519148265));
#12606=VECTOR('',#15860,0.75);
#12607=CARTESIAN_POINT('',(4.69531490515528,7.37775889598394,6.73753387326679));
#12608=CARTESIAN_POINT('',(5.77726553421321,8.31118099053827,3.25395519148265));
#12609=VECTOR('',#15861,0.75);
#12610=CARTESIAN_POINT('',(4.70356357303291,7.36813095620558,6.77346583369184));
#12611=CARTESIAN_POINT('',(3.89561226628695,8.31118099053827,3.25395519148265));
#12612=VECTOR('',#15862,0.75);
#12613=CARTESIAN_POINT('',(4.72054612454568,7.36320070685048,6.79186577477905));
#12614=CARTESIAN_POINT('',(1.45516889080161,8.31118099053827,3.25395519148265));
#12615=VECTOR('',#15863,0.75);
#12616=CARTESIAN_POINT('',(4.76454727186167,7.35843467257786,6.80965285683507));
#12617=CARTESIAN_POINT('',(7.00287395167501,7.11598777471183,7.71447699780858));
#12618=VECTOR('',#15864,0.75);
#12619=CARTESIAN_POINT('',(4.98210999783695,7.34141883534022,6.87315682593927));
#12620=CARTESIAN_POINT('',(7.00287395167501,7.18337250465531,7.46299376200521));
#12621=VECTOR('',#15865,0.75);
#12622=CARTESIAN_POINT('',(5.0665163629862,7.33171096966442,6.90938707387442));
#12623=CARTESIAN_POINT('',(7.00287395167501,7.10900383924747,7.74054139979834));
#12624=VECTOR('',#15866,0.75);
#12625=CARTESIAN_POINT('',(5.10275426606126,7.32476372576428,6.93531454108232));
#12626=CARTESIAN_POINT('',(7.00287395167501,6.96048782193869,8.29481072213252));
#12627=VECTOR('',#15867,0.75);
#12628=CARTESIAN_POINT('',(5.14227178527511,7.3171511906849,6.96372490877295));
#12629=CARTESIAN_POINT('',(7.00287395167501,6.95873043092399,8.30136939468813));
#12630=VECTOR('',#15868,0.75);
#12631=CARTESIAN_POINT('',(5.16752500991521,7.30517582952511,7.00841756506028));
#12632=CARTESIAN_POINT('',(3.04609635475972,8.31118099053827,3.25395519148265));
#12633=VECTOR('',#15869,0.75);
#12634=CARTESIAN_POINT('',(5.17633646205581,7.29278660838865,7.05465476780778));
#12635=CARTESIAN_POINT('',(4.45203480824728,8.31118099053827,3.25395519148265));
#12636=VECTOR('',#15870,0.75);
#12637=CARTESIAN_POINT('',(5.17581053658621,7.28771998774155,7.07356365348544));
#12638=CARTESIAN_POINT('',(5.28204785845991,8.31118099053827,3.25395519148265));
#12639=VECTOR('',#15871,0.75);
#12640=CARTESIAN_POINT('',(5.16739572907281,7.28053597339117,7.10037476004335));
#12641=CARTESIAN_POINT('',(6.37461484236611,8.31118099053827,3.25395519148265));
#12642=VECTOR('',#15872,0.75);
#12643=CARTESIAN_POINT('',(5.15030315131121,7.2732763378371,7.12746808877557));
#12644=CARTESIAN_POINT('',(7.59401617978381,8.31118099053827,3.25395519148265));
#12645=VECTOR('',#15873,0.75);
#12646=CARTESIAN_POINT('',(5.11697402248901,7.26129343464489,7.17218889231106));
#12647=CARTESIAN_POINT('',(8.03712092160521,8.31118099053827,3.25395519148264));
#12648=VECTOR('',#15874,0.75);
#12649=CARTESIAN_POINT('',(5.06676014109905,7.24924852953182,7.21714109016539));
#12650=CARTESIAN_POINT('',(7.00287395167501,7.71366805837432,5.48390381249798));
#12651=VECTOR('',#15875,0.75);
#12652=CARTESIAN_POINT('',(5.0327289323845,7.2443210683492,7.23553062565128));
#12653=CARTESIAN_POINT('',(7.00287395167501,7.52958314023523,6.17091807990023));
#12654=VECTOR('',#15876,0.75);
#12655=CARTESIAN_POINT('',(4.98084918763086,7.23946204412745,7.25366475092205));
#12656=CARTESIAN_POINT('',(7.00287395167501,7.42884361013399,6.54688312456865));
#12657=VECTOR('',#15877,0.75);
#12658=CARTESIAN_POINT('',(4.93168242035514,7.23708129221752,7.26254983801009));
#12659=CARTESIAN_POINT('',(7.00287395167501,7.33737247398978,6.88825805208491));
#12660=VECTOR('',#15878,0.75);
#12661=CARTESIAN_POINT('',(4.88071574356757,7.23708129221753,7.26254983801007));
#12662=CARTESIAN_POINT('',(7.00287395167501,7.23708129221735,7.26254983801074));
#12663=VECTOR('',#15879,0.75);
#12664=CARTESIAN_POINT('',(4.83052128915557,7.23952880508111,7.25341559565102));
#12665=CARTESIAN_POINT('',(7.00287395167501,7.13360353608414,7.6487340813531));
#12666=VECTOR('',#15880,0.75);
#12667=CARTESIAN_POINT('',(4.77131757369527,7.24434034243205,7.23545869379478));
#12668=CARTESIAN_POINT('',(7.00287395167501,7.06297981835162,7.91230538415028));
#12669=VECTOR('',#15881,0.75);
#12670=CARTESIAN_POINT('',(4.72879191884947,7.24924741219368,7.21714526012811));
#12671=CARTESIAN_POINT('',(7.00287395167501,6.98683924424898,8.1964658752188));
#12672=VECTOR('',#15882,0.75);
#12673=CARTESIAN_POINT('',(4.67849255875625,7.26123840574166,7.17239426297382));
#12674=CARTESIAN_POINT('',(7.00287395167501,6.70712315986422,9.24038051383694));
#12675=VECTOR('',#15883,0.75);
#12676=CARTESIAN_POINT('',(4.65304418892288,7.27360733891437,7.12623277593785));
#12677=CARTESIAN_POINT('',(2.5182959735999,8.31118099053827,3.25395519148265));
#12678=VECTOR('',#15884,0.75);
#12679=CARTESIAN_POINT('',(4.63595913311924,7.29051154758372,7.06314541032207));
#12680=CARTESIAN_POINT('',(3.60437021162396,8.31118099053827,3.25395519148265));
#12681=VECTOR('',#15885,0.75);
#12682=CARTESIAN_POINT('',(4.72056295731659,7.29046282994523,7.06332722702413));
#12683=CARTESIAN_POINT('',(7.00287395167501,7.28914860091371,7.06823199654256));
#12684=VECTOR('',#15886,0.75);
#12685=CARTESIAN_POINT('',(4.73743235961981,7.27832796580659,7.1086151565325));
#12686=CARTESIAN_POINT('',(3.30160143516764,8.31118099053827,3.25395519148265));
#12687=VECTOR('',#15887,0.75);
#12688=CARTESIAN_POINT('',(4.77956918260152,7.26865976564528,7.14469737075225));
#12689=CARTESIAN_POINT('',(7.00287395167501,6.75852743942978,9.04853713077179));
#12690=VECTOR('',#15888,0.75);
#12691=CARTESIAN_POINT('',(4.83034644635356,7.2637465505239,7.16303373921374));
#12692=CARTESIAN_POINT('',(7.00287395167501,7.05353248615682,7.94756330789725));
#12693=VECTOR('',#15889,0.75);
#12694=CARTESIAN_POINT('',(4.88052633053207,7.26134148018477,7.17200958391516));
#12695=CARTESIAN_POINT('',(7.00287395167501,7.15961953728872,7.55164104304786));
#12696=VECTOR('',#15890,0.75);
#12697=CARTESIAN_POINT('',(4.92317923208379,7.26134148018476,7.17200958391518));
#12698=CARTESIAN_POINT('',(7.00287395167501,7.26134148018447,7.17200958391626));
#12699=VECTOR('',#15891,0.75);
#12700=CARTESIAN_POINT('',(4.9735980680917,7.2637121923762,7.16316196556661));
#12701=CARTESIAN_POINT('',(7.00287395167501,7.35912948991652,6.80705976322523));
#12702=VECTOR('',#15892,0.75);
#12703=CARTESIAN_POINT('',(5.02449480775847,7.26865976564528,7.14469737075225));
#12704=CARTESIAN_POINT('',(7.00287395167501,7.46097416206092,6.42697027230214));
#12705=VECTOR('',#15893,0.75);
#12706=CARTESIAN_POINT('',(5.0493457980183,7.27340119002815,7.12700213405515));
#12707=CARTESIAN_POINT('',(7.00287395167501,7.6461229980334,5.73598540949061));
#12708=VECTOR('',#15894,0.75);
#12709=CARTESIAN_POINT('',(5.08355492510964,7.28319075098621,7.09046699517585));
#12710=CARTESIAN_POINT('',(8.67581497682541,8.31118099053827,3.25395519148264));
#12711=VECTOR('',#15895,0.75);
#12712=CARTESIAN_POINT('',(5.09175376538697,7.29285001043076,7.05441814816531));
#12713=CARTESIAN_POINT('',(5.95611951757371,8.31118099053827,3.25395519148265));
#12714=VECTOR('',#15896,0.75);
#12715=CARTESIAN_POINT('',(5.09188600474627,7.29767964015303,7.03639372466005));
#12716=CARTESIAN_POINT('',(5.11963653158451,8.31118099053827,3.25395519148265));
#12717=VECTOR('',#15897,0.75);
#12718=CARTESIAN_POINT('',(5.07495936675439,7.30745298533905,6.99991910386592));
#12719=CARTESIAN_POINT('',(3.33658419807418,8.31118099053827,3.25395519148265));
#12720=VECTOR('',#15898,0.75);
#12721=CARTESIAN_POINT('',(5.01249516081678,7.31753087873689,6.9623078936719));
#12722=CARTESIAN_POINT('',(7.00287395167501,6.99640576436926,8.1607631360783));
#12723=VECTOR('',#15899,0.75);
#12724=CARTESIAN_POINT('',(4.81374940506778,7.33413843413097,6.90032765315169));
#12725=CARTESIAN_POINT('',(7.00287395167501,7.15121122124383,7.58302130573348));
#12726=VECTOR('',#15900,0.75);
#12727=CARTESIAN_POINT('',(4.71211811558032,7.34384402734254,6.86410588616853));
#12728=CARTESIAN_POINT('',(7.00287395167501,7.125081238793,7.68053972784084));
#12729=VECTOR('',#15901,0.75);
#12730=CARTESIAN_POINT('',(4.66975324439774,7.34874818893672,6.8458033059305));
#12731=CARTESIAN_POINT('',(7.00287395167501,7.0786659097315,7.85376409414841));
#12732=VECTOR('',#15902,0.75);
#12733=CARTESIAN_POINT('',(4.64450497243777,7.35360162646779,6.82769003047319));
#12734=CARTESIAN_POINT('',(7.00287395167501,6.90025588723923,8.51959936266906));
#12735=VECTOR('',#15903,0.75);
#12736=CARTESIAN_POINT('',(4.62762778529875,7.36082354151402,6.80073747659271));
#12737=CARTESIAN_POINT('',(2.40669879160816,8.31118099053827,3.25395519148265));
#12738=VECTOR('',#15904,0.75);
#12739=CARTESIAN_POINT('',(4.61925670047781,7.37293772159157,6.75552674105127));
#12740=CARTESIAN_POINT('',(3.97091616593437,8.31118099053827,3.25395519148265));
#12741=VECTOR('',#15905,0.75);
#12742=CARTESIAN_POINT('',(4.62776280279586,7.38753686168502,6.7010420084757));
#12743=CARTESIAN_POINT('',(5.16591857191661,8.31118099053827,3.25395519148265));
#12744=VECTOR('',#15906,0.75);
#12745=CARTESIAN_POINT('',(4.64436995494065,7.39957338676206,6.65612108534159));
#12746=CARTESIAN_POINT('',(5.90214211720151,8.31118099053827,3.25395519148265));
#12747=VECTOR('',#15907,0.75);
#12748=CARTESIAN_POINT('',(4.66921317440928,7.40920260682371,6.62018434683427));
#12749=CARTESIAN_POINT('',(6.99630164046701,8.31118099053827,3.25395519148265));
#12750=VECTOR('',#15908,0.75);
#12751=CARTESIAN_POINT('',(4.71214873849093,7.41906479188683,6.58337817110503));
#12752=CARTESIAN_POINT('',(7.00287395167501,7.94523829081264,4.6196719395176));
#12753=VECTOR('',#15909,0.75);
#12754=CARTESIAN_POINT('',(4.7710163672318,7.42628670693307,6.55642561722455));
#12755=CARTESIAN_POINT('',(7.00287395167501,7.70009229779671,5.53456924072499));
#12756=VECTOR('',#15910,0.75);
#12757=CARTESIAN_POINT('',(4.83839009829074,7.43119557604442,6.53810546829328));
#12758=CARTESIAN_POINT('',(7.00287395167501,7.58890048213911,5.94954274614501));
#12759=VECTOR('',#15911,0.75);
#12760=CARTESIAN_POINT('',(4.91467498415908,7.43119557604442,6.53810546829328));
#12761=CARTESIAN_POINT('',(7.00287395167501,7.4311955760444,6.53810546829335));
#12762=VECTOR('',#15912,0.75);
#12763=CARTESIAN_POINT('',(4.95680044325807,7.42877166694897,6.5471516201904));
#12764=CARTESIAN_POINT('',(7.00287395167501,7.3110401028765,6.98653179896342));
#12765=VECTOR('',#15913,0.75);
#12766=CARTESIAN_POINT('',(5.02403915681988,7.4239182294179,6.56526489564771));
#12767=CARTESIAN_POINT('',(7.00287395167501,7.28108160223724,7.09833844546774));
#12768=VECTOR('',#15914,0.75);
#12769=CARTESIAN_POINT('',(5.06602959842175,7.41914244688733,6.5830883586977));
#12770=CARTESIAN_POINT('',(7.00287395167501,7.19885547028429,7.40521054762602));
#12771=VECTOR('',#15915,0.75);
#12772=CARTESIAN_POINT('',(5.10869512750917,7.4093579168247,6.61960472201964));
#12773=CARTESIAN_POINT('',(7.00287395167501,6.97496392135642,8.2407851836101));
#12774=VECTOR('',#15916,0.75);
#12775=CARTESIAN_POINT('',(5.15068556911101,7.39258443671733,6.6822042020001));
#12776=CARTESIAN_POINT('',(2.8510867558671,8.31118099053827,3.25395519148265));
#12777=VECTOR('',#15917,0.75);
#12778=CARTESIAN_POINT('',(3.79400618110035,8.31118099053827,3.25395519148265));
#12779=VECTOR('',#15918,0.75);
#12780=CARTESIAN_POINT('',(6.64283440925921,7.23708129221753,7.26254983801009));
#12781=CARTESIAN_POINT('',(6.64283440925921,7.43119557604441,6.53810546829329));
#12782=CARTESIAN_POINT('',(6.64283440925911,8.31118099053827,3.25395519148265));
#12783=VECTOR('',#15919,0.75);
#12784=CARTESIAN_POINT('',(6.54972284639471,7.23708129221753,7.26254983801008));
#12785=CARTESIAN_POINT('',(7.00287395167501,7.23708129221753,7.26254983801007));
#12786=VECTOR('',#15920,0.75);
#12787=CARTESIAN_POINT('',(6.54972284639471,7.32860258233295,6.92098773332508));
#12788=CARTESIAN_POINT('',(6.54972284639471,8.31118099053827,3.25395519148265));
#12789=VECTOR('',#15921,0.75);
#12790=CARTESIAN_POINT('',(6.21614512117351,7.23708129221752,7.2625498380101));
#12791=CARTESIAN_POINT('',(10.1310345810436,8.31118099053827,3.25395519148264));
#12792=VECTOR('',#15922,0.75);
#12793=CARTESIAN_POINT('',(6.10171342130091,7.23708129221752,7.26254983801009));
#12794=CARTESIAN_POINT('',(7.00287395167501,7.23708129221752,7.2625498380101));
#12795=VECTOR('',#15923,0.75);
#12796=CARTESIAN_POINT('',(6.37335502660591,7.31261012158309,6.98067240938159));
#12797=CARTESIAN_POINT('',(9.96474385299461,8.31118099053827,3.25395519148264));
#12798=VECTOR('',#15924,0.75);
#12799=CARTESIAN_POINT('',(6.07769029012311,7.43119557604442,6.53810546829328));
#12800=CARTESIAN_POINT('',(3.88365513744029,8.31118099053827,3.25395519148265));
#12801=VECTOR('',#15925,0.75);
#12802=CARTESIAN_POINT('',(6.19475601839361,7.43119557604442,6.53810546829327));
#12803=CARTESIAN_POINT('',(7.00287395167501,7.43119557604443,6.53810546829323));
#12804=VECTOR('',#15926,0.75);
#12805=CARTESIAN_POINT('',(6.44019047148071,7.33182486826751,6.90896199850078));
#12806=CARTESIAN_POINT('',(4.02129118390916,8.31118099053827,3.25395519148265));
#12807=VECTOR('',#15927,0.75);
#12808=CARTESIAN_POINT('',(6.54972284639471,7.36304788240955,6.79243612335724));
#12809=CARTESIAN_POINT('',(9.87583577692381,8.31118099053827,3.25395519148264));
#12810=VECTOR('',#15928,0.75);
#12811=CARTESIAN_POINT('',(6.54972284639471,7.43119557604442,6.53810546829328));
#12812=CARTESIAN_POINT('',(6.54972284639461,8.31118099053827,3.25395519148265));
#12813=VECTOR('',#15929,0.75);
#12814=CARTESIAN_POINT('',(7.00287395167501,7.4311955760444,6.53810546829334));
#12815=VECTOR('',#15930,0.75);
#12816=CARTESIAN_POINT('',(3.11724368824627,7.47008689819902,6.39296107803879));
#12817=CARTESIAN_POINT('',(3.09081561903874,7.46757033483061,6.40235302039016));
#12818=CARTESIAN_POINT('',(6.39287395167501,7.78200265203873,5.22887563702779));
#12819=VECTOR('',#15931,0.75);
#12820=CARTESIAN_POINT('',(3.11724368824627,7.45539016812754,6.44781002137067));
#12821=CARTESIAN_POINT('',(3.11724368824645,8.31118099053827,3.25395519148265));
#12822=VECTOR('',#15932,0.75);
#12823=CARTESIAN_POINT('',(3.10009169631025,7.45302459856123,6.45663844718095));
#12824=CARTESIAN_POINT('',(6.39287395167501,7.90715876098428,4.76178667956538));
#12825=VECTOR('',#15933,0.75);
#12826=CARTESIAN_POINT('',(3.08311472470011,7.44572656479287,6.48387507999986));
#12827=CARTESIAN_POINT('',(5.09636866159306,8.31118099053827,3.25395519148265));
#12828=VECTOR('',#15934,0.75);
#12829=CARTESIAN_POINT('',(3.07487936436667,7.43850021253973,6.51084419376194));
#12830=CARTESIAN_POINT('',(4.06941165550536,8.31118099053827,3.25395519148265));
#12831=VECTOR('',#15935,0.75);
#12832=CARTESIAN_POINT('',(3.07487936436667,7.43119557604442,6.53810546829328));
#12833=CARTESIAN_POINT('',(3.07487936436782,8.31118099053827,3.25395519148265));
#12834=VECTOR('',#15936,0.75);
#12835=CARTESIAN_POINT('',(3.11710407279548,7.43119557604442,6.53810546829328));
#12836=CARTESIAN_POINT('',(6.39287395167501,7.4311955760444,6.53810546829334));
#12837=VECTOR('',#15937,0.75);
#12838=CARTESIAN_POINT('',(3.11710407279547,7.40207252273686,6.64679418290861));
#12839=CARTESIAN_POINT('',(3.11710407279575,8.31118099053827,3.25395519148265));
#12840=VECTOR('',#15938,0.75);
#12841=CARTESIAN_POINT('',(3.01583723331538,7.40207252273686,6.64679418290862));
#12842=CARTESIAN_POINT('',(6.39287395167501,7.4020725227369,6.64679418290846));
#12843=VECTOR('',#15939,0.75);
#12844=CARTESIAN_POINT('',(3.01583723331537,7.43847341637692,6.510944198403));
#12845=CARTESIAN_POINT('',(3.01583723331519,8.31118099053827,3.25395519148265));
#12846=VECTOR('',#15940,0.75);
#12847=CARTESIAN_POINT('',(3.02413287487934,7.44572656479287,6.48387507999986));
#12848=CARTESIAN_POINT('',(4.01397884165228,8.31118099053826,3.25395519148265));
#12849=VECTOR('',#15941,0.75);
#12850=CARTESIAN_POINT('',(3.03235883019558,7.45050803519283,6.4660303895323));
#12851=CARTESIAN_POINT('',(4.51304503764771,8.31118099053827,3.25395519148265));
#12852=VECTOR('',#15942,0.75);
#12853=CARTESIAN_POINT('',(3.04863572050222,7.45770540642647,6.43916943440744));
#12854=CARTESIAN_POINT('',(4.97877493536729,8.31118099053826,3.25395519148265));
#12855=VECTOR('',#15943,0.75);
#12856=CARTESIAN_POINT('',(3.06646307713083,7.46268820189591,6.42057338855176));
#12857=CARTESIAN_POINT('',(6.10218542068291,8.31118099053827,3.25395519148265));
#12858=VECTOR('',#15944,0.75);
#12859=CARTESIAN_POINT('',(6.39287395167501,8.12955822090101,3.93178059558026));
#12860=VECTOR('',#15945,0.75);
#12861=CARTESIAN_POINT('',(4.37389647589731,7.43169532542447,6.53624037821589));
#12862=CARTESIAN_POINT('',(4.44963498192491,7.43169532542447,6.53624037821589));
#12863=CARTESIAN_POINT('',(7.00287395167501,7.43169532542447,6.53624037821589));
#12864=VECTOR('',#15946,1.0);
#12865=CARTESIAN_POINT('',(4.44963498192491,7.23758181033341,7.26068187897149));
#12866=CARTESIAN_POINT('',(4.44963498192491,8.31118099053827,3.25395519148265));
#12867=VECTOR('',#15947,1.0);
#12868=CARTESIAN_POINT('',(4.3694412696604,7.23758181033341,7.26068187897149));
#12869=CARTESIAN_POINT('',(7.00287395167501,7.23758181033341,7.26068187897149));
#12870=VECTOR('',#15948,1.0);
#12871=CARTESIAN_POINT('',(4.05757683307619,7.39189008806641,6.68479554644351));
#12872=CARTESIAN_POINT('',(2.19964579030698,8.31118099053827,3.25395519148265));
#12873=VECTOR('',#15949,1.0);
#12874=CARTESIAN_POINT('',(4.05757683307619,7.23758181033341,7.26068187897149));
#12875=CARTESIAN_POINT('',(4.05757683307619,8.31118099053827,3.25395519148265));
#12876=VECTOR('',#15950,1.0);
#12877=CARTESIAN_POINT('',(3.98183832704859,7.23758181033341,7.26068187897149));
#12878=CARTESIAN_POINT('',(7.00287395167501,7.23758181033341,7.26068187897149));
#12879=VECTOR('',#15951,1.0);
#12880=CARTESIAN_POINT('',(3.98183832704859,7.43169532542447,6.53624037821589));
#12881=CARTESIAN_POINT('',(3.98183832704859,8.31118099053827,3.25395519148265));
#12882=VECTOR('',#15952,1.0);
#12883=CARTESIAN_POINT('',(4.06648724555002,7.43169532542447,6.53624037821589));
#12884=CARTESIAN_POINT('',(7.00287395167501,7.43169532542447,6.53624037821589));
#12885=VECTOR('',#15953,1.0);
#12886=CARTESIAN_POINT('',(4.37389647589731,7.27959145165909,7.10389976313632));
#12887=CARTESIAN_POINT('',(2.28900449825886,8.31118099053827,3.25395519148265));
#12888=VECTOR('',#15954,1.0);
#12889=CARTESIAN_POINT('',(4.37389647589731,8.31118099053827,3.25395519148265));
#12890=VECTOR('',#15955,1.0);
#12891=CARTESIAN_POINT('',(5.77754273504271,6.69885824898288,9.27122558116616));
#12892=CARTESIAN_POINT('',(5.77754273504271,7.0554073655148,7.9405661628752));
#12893=CARTESIAN_POINT('',(5.77754273504271,8.74925811501822,1.61902910528977));
#12894=VECTOR('',#15956,1.0);
#12895=CARTESIAN_POINT('',(5.66634273504271,6.67007757116748,9.3786365330495));
#12896=AXIS2_PLACEMENT_3D('',#15957,#15958,#15959);
#12897=CARTESIAN_POINT('',(4.32365726495726,6.67007757116748,9.3786365330495));
#12898=CARTESIAN_POINT('',(4.87970800394267,6.67007757116748,9.3786365330495));
#12899=VECTOR('',#15960,1.0);
#12900=CARTESIAN_POINT('',(4.21245726495726,6.69885824898288,9.27122558116616));
#12901=AXIS2_PLACEMENT_3D('',#15961,#15962,#15963);
#12902=CARTESIAN_POINT('',(4.21245726495726,7.0554073655148,7.9405661628752));
#12903=CARTESIAN_POINT('',(4.21245726495726,8.74925811501822,1.61902910528977));
#12904=VECTOR('',#15964,1.0);
#12905=CARTESIAN_POINT('',(4.32365726495726,7.0841880433302,7.83315521099185));
#12906=AXIS2_PLACEMENT_3D('',#15965,#15966,#15967);
#12907=CARTESIAN_POINT('',(5.66634273504271,7.0841880433302,7.83315521099185));
#12908=CARTESIAN_POINT('',(4.87970800394267,7.0841880433302,7.83315521099185));
#12909=VECTOR('',#15968,1.0);
#12910=AXIS2_PLACEMENT_3D('',#15969,#15970,#15971);
#12911=CARTESIAN_POINT('',(2.81899625817968,7.37778040474307,6.73745360148491));
#12912=CARTESIAN_POINT('',(2.8024600145046,7.39226948703006,6.68337961023481));
#12913=CARTESIAN_POINT('',(1.7537155711462,8.31118099053827,3.25395519148265));
#12914=VECTOR('',#15972,0.75);
#12915=CARTESIAN_POINT('',(2.73502314576714,7.37536555769524,6.74646593335993));
#12916=CARTESIAN_POINT('',(6.39287395167501,7.48055577830615,6.35389068558061));
#12917=VECTOR('',#15973,0.75);
#12918=CARTESIAN_POINT('',(2.7178409550735,7.38766270189266,6.70057236642714));
#12919=CARTESIAN_POINT('',(1.42745457838119,8.31118099053827,3.25395519148265));
#12920=VECTOR('',#15974,0.75);
#12921=CARTESIAN_POINT('',(2.70117552199471,7.39475863706398,6.67408997584056));
#12922=CARTESIAN_POINT('',(0.54887634859459,8.31118099053827,3.25395519148265));
#12923=VECTOR('',#15975,0.75);
#12924=CARTESIAN_POINT('',(2.66771546643341,7.40200317820748,6.6470529802155));
#12925=CARTESIAN_POINT('',(6.39287395167501,6.59545747887525,9.65712250874954));
#12926=VECTOR('',#15976,0.75);
#12927=CARTESIAN_POINT('',(2.62559972082344,7.40694432678228,6.62861236268661));
#12928=CARTESIAN_POINT('',(6.39287395167501,6.96495614808469,8.27813470193081));
#12929=VECTOR('',#15977,0.75);
#12930=CARTESIAN_POINT('',(2.58296721759862,7.40694432678227,6.62861236268663));
#12931=CARTESIAN_POINT('',(6.39287395167501,7.40694432678258,6.62861236268547));
#12932=VECTOR('',#15978,0.75);
#12933=CARTESIAN_POINT('',(2.54085147198865,7.40207748119356,6.64677567769628));
#12934=CARTESIAN_POINT('',(6.39287395167501,7.8472126281876,4.98550869287986));
#12935=VECTOR('',#15979,0.75);
#12936=CARTESIAN_POINT('',(2.5070038482162,7.39483294005007,6.67381267332132));
#12937=CARTESIAN_POINT('',(6.39287395167501,8.22654112825402,3.56983545787307));
#12938=VECTOR('',#15980,0.75);
#12939=CARTESIAN_POINT('',(2.49033841513741,7.38762555039961,6.70071101768676));
#12940=CARTESIAN_POINT('',(4.62584823611913,8.31118099053827,3.25395519148265));
#12941=VECTOR('',#15981,0.75);
#12942=CARTESIAN_POINT('',(2.47302703504007,7.37543986068132,6.74618863084071));
#12943=CARTESIAN_POINT('',(3.80237077726145,8.31118099053826,3.25395519148265));
#12944=VECTOR('',#15982,0.75);
#12945=CARTESIAN_POINT('',(2.47302703504007,7.3558981753404,6.81911919339853));
#12946=CARTESIAN_POINT('',(2.47302703504018,8.31118099053827,3.25395519148265));
#12947=VECTOR('',#15983,0.75);
#12948=CARTESIAN_POINT('',(2.49008003632999,7.34389824308733,6.86390355025438));
#12949=CARTESIAN_POINT('',(1.11548278093555,8.31118099053827,3.25395519148265));
#12950=VECTOR('',#15984,0.75);
#12951=CARTESIAN_POINT('',(2.50713303761991,7.33657939895775,6.89121784839866));
#12952=CARTESIAN_POINT('',(0.23629874956434,8.31118099053827,3.25395519148265));
#12953=VECTOR('',#15985,0.75);
#12954=CARTESIAN_POINT('',(2.54033471437379,7.3293720093073,6.91811619276409));
#12955=CARTESIAN_POINT('',(6.39287395167501,6.49306631207627,10.0392515454896));
#12956=VECTOR('',#15986,0.75);
#12957=CARTESIAN_POINT('',(2.58232127058006,7.32439370923946,6.93669546155259));
#12958=CARTESIAN_POINT('',(6.39287395167501,6.87258064370454,8.62288477765235));
#12959=VECTOR('',#15987,0.75);
#12960=CARTESIAN_POINT('',(2.625341342016,7.32439370923946,6.9366954615526));
#12961=CARTESIAN_POINT('',(6.39287395167501,7.32439370923932,6.9366954615531));
#12962=VECTOR('',#15988,0.75);
#12963=CARTESIAN_POINT('',(2.67598358827095,7.32929770632121,6.91839349528333));
#12964=CARTESIAN_POINT('',(6.39287395167501,7.68922683354782,5.57511970534967));
#12965=VECTOR('',#15989,0.75);
#12966=CARTESIAN_POINT('',(2.70983121204337,7.33661655045079,6.89107919713905));
#12967=CARTESIAN_POINT('',(6.39287395167501,8.13299788330848,3.91894360071469));
#12968=VECTOR('',#15990,0.75);
#12969=CARTESIAN_POINT('',(2.72610907691104,7.34386109159429,6.86404220151399));
#12970=CARTESIAN_POINT('',(4.89959422758198,8.31118099053826,3.25395519148265));
#12971=VECTOR('',#15991,0.75);
#12972=CARTESIAN_POINT('',(2.81085732574584,7.34386109159429,6.864042201514));
#12973=CARTESIAN_POINT('',(6.39287395167501,7.34386109159417,6.86404220151444));
#12974=VECTOR('',#15992,0.75);
#12975=CARTESIAN_POINT('',(2.76014798551627,7.23708129221752,7.2625498380101));
#12976=CARTESIAN_POINT('',(3.27023404449489,8.31118099053826,3.25395519148265));
#12977=VECTOR('',#15993,0.75);
#12978=CARTESIAN_POINT('',(2.41425516616283,7.23708129221753,7.26254983801009));
#12979=CARTESIAN_POINT('',(6.39287395167501,7.23708129221749,7.26254983801021));
#12980=VECTOR('',#15994,0.75);
#12981=CARTESIAN_POINT('',(2.41425516616283,7.26135476581801,7.17196000125689));
#12982=CARTESIAN_POINT('',(2.41425516616276,8.31118099053827,3.25395519148265));
#12983=VECTOR('',#15995,0.75);
#12984=CARTESIAN_POINT('',(2.69264688183582,7.26135476581801,7.1719600012569));
#12985=CARTESIAN_POINT('',(6.39287395167501,7.26135476581796,7.17196000125706));
#12986=VECTOR('',#15996,0.75);
#12987=CARTESIAN_POINT('',(2.71807367513207,7.31479381930391,6.97252273853915));
#12988=CARTESIAN_POINT('',(3.19216385812326,8.31118099053827,3.25395519148265));
#12989=VECTOR('',#15997,0.75);
#12990=CARTESIAN_POINT('',(2.67607352004119,7.30736547603693,7.00024569302757));
#12991=CARTESIAN_POINT('',(6.39287395167501,7.96473613100932,4.54690500926574));
#12992=VECTOR('',#15998,0.75);
#12993=CARTESIAN_POINT('',(2.6259888280549,7.30258578282288,7.01808375094699));
#12994=CARTESIAN_POINT('',(6.39287395167501,7.662067982861,5.67647791598806));
#12995=VECTOR('',#15999,0.75);
#12996=CARTESIAN_POINT('',(2.58283802819491,7.30258578282288,7.01808375094699));
#12997=CARTESIAN_POINT('',(6.39287395167501,7.30258578282301,7.01808375094648));
#12998=VECTOR('',#16000,0.75);
#12999=CARTESIAN_POINT('',(2.54085147198865,7.30500062987072,7.00907141907195));
#13000=CARTESIAN_POINT('',(6.39287395167501,7.08345244983946,7.835900483273));
#13001=VECTOR('',#16001,0.75);
#13002=CARTESIAN_POINT('',(2.49860653697495,7.30983032396638,6.99104675532193));
#13003=CARTESIAN_POINT('',(6.39287395167501,6.86461433929034,8.65261543047469));
#13004=VECTOR('',#16002,0.75);
#13005=CARTESIAN_POINT('',(2.4477059119126,7.32450516371859,6.93627950777376));
#13006=CARTESIAN_POINT('',(-0.97464262252226,8.31118099053827,3.25395519148265));
#13007=VECTOR('',#16003,0.75);
#13008=CARTESIAN_POINT('',(2.42251397818883,7.33413843413097,6.90032765315169));
#13009=CARTESIAN_POINT('',(-0.13254679272813,8.31118099053827,3.25395519148265));
#13010=VECTOR('',#16004,0.75);
#13011=CARTESIAN_POINT('',(2.40597773451375,7.34386109159429,6.86404220151398));
#13012=CARTESIAN_POINT('',(0.76076523772154,8.31118099053827,3.25395519148265));
#13013=VECTOR('',#16005,0.75);
#13014=CARTESIAN_POINT('',(2.38879554382011,7.35842447686737,6.80969090774467));
#13015=CARTESIAN_POINT('',(1.26471321024579,8.31118099053827,3.25395519148265));
#13016=VECTOR('',#16006,0.75);
#13017=CARTESIAN_POINT('',(2.38879554382012,7.37774325325003,6.73759225274452));
#13018=CARTESIAN_POINT('',(2.38879554382049,8.31118099053827,3.25395519148265));
#13019=VECTOR('',#16007,0.75);
#13020=CARTESIAN_POINT('',(2.40584854511004,7.39238094150919,6.68296365645597));
#13021=CARTESIAN_POINT('',(3.47625653193571,8.31118099053826,3.25395519148265));
#13022=VECTOR('',#16008,0.75);
#13023=CARTESIAN_POINT('',(2.42251397818883,7.40211463268661,6.64663702643665));
#13024=CARTESIAN_POINT('',(3.97896201776703,8.31118099053827,3.25395519148265));
#13025=VECTOR('',#16009,0.75);
#13026=CARTESIAN_POINT('',(2.44744753310517,7.4116625663988,6.61100365271544));
#13027=CARTESIAN_POINT('',(4.79645756004899,8.31118099053827,3.25395519148265));
#13028=VECTOR('',#16010,0.75);
#13029=CARTESIAN_POINT('',(2.4734146032512,7.41905571351448,6.58341205205192));
#13030=CARTESIAN_POINT('',(5.60684063753281,8.31118099053827,3.25395519148265));
#13031=VECTOR('',#16011,0.75);
#13032=CARTESIAN_POINT('',(2.49899410518608,7.42392255910319,6.56524873704227));
#13033=CARTESIAN_POINT('',(6.39287395167501,8.16478577067351,3.80030959000313));
#13034=VECTOR('',#16012,0.75);
#13035=CARTESIAN_POINT('',(2.54085147198865,7.4287151017058,6.54736272455188));
#13036=CARTESIAN_POINT('',(6.39287395167501,7.8697600897289,4.90136042082605));
#13037=VECTOR('',#16013,0.75);
#13038=CARTESIAN_POINT('',(2.58270883879121,7.43119557604442,6.53810546829328));
#13039=CARTESIAN_POINT('',(6.39287395167501,7.65698657797227,5.69544197720663));
#13040=VECTOR('',#16014,0.75);
#13041=CARTESIAN_POINT('',(2.625341342016,7.43119557604442,6.53810546829326));
#13042=CARTESIAN_POINT('',(6.39287395167501,7.43119557604483,6.53810546829171));
#13043=VECTOR('',#16015,0.75);
#13044=CARTESIAN_POINT('',(2.66706951941485,7.42878940469189,6.54708542203262));
#13045=CARTESIAN_POINT('',(6.39287395167501,7.2139483920029,7.34888299693748));
#13046=VECTOR('',#16016,0.75);
#13047=CARTESIAN_POINT('',(2.70957283323597,7.42388540761014,6.5653873883019));
#13048=CARTESIAN_POINT('',(6.39287395167501,6.99890918076671,8.1514202588905));
#13049=VECTOR('',#16017,0.75);
#13050=CARTESIAN_POINT('',(2.73502314576716,7.41905571351447,6.58341205205193));
#13051=CARTESIAN_POINT('',(6.39287395167501,6.7249070495848,9.17401013384354));
#13052=VECTOR('',#16018,0.75);
#13053=CARTESIAN_POINT('',(2.76008589008718,7.41181117237097,6.61044904767699));
#13054=CARTESIAN_POINT('',(-0.35131555762302,8.31118099053827,3.25395519148265));
#13055=VECTOR('',#16019,0.75);
#13056=CARTESIAN_POINT('',(2.78540701321466,7.40222608716573,6.64622107265784));
#13057=CARTESIAN_POINT('',(0.38420154317592,8.31118099053827,3.25395519148265));
#13058=VECTOR('',#16020,0.75);
#13059=CARTESIAN_POINT('',(1.22860961967711,8.31118099053827,3.25395519148265));
#13060=VECTOR('',#16021,0.75);
#13061=CARTESIAN_POINT('',(4.8305212891555,7.22503991768679,7.24953330997447));
#13062=CARTESIAN_POINT('',(4.88071574356757,7.2225924048232,7.25866755233354));
#13063=CARTESIAN_POINT('',(8.87625000000001,7.02776766563544,7.98576337755365));
#13064=VECTOR('',#16022,0.75);
#13065=CARTESIAN_POINT('',(4.93168242035514,7.2225924048232,7.25866755233356));
#13066=CARTESIAN_POINT('',(8.87625000000001,7.22259240482288,7.25866755233477));
#13067=VECTOR('',#16023,0.75);
#13068=CARTESIAN_POINT('',(4.98084918763085,7.22497315673312,7.24978246524551));
#13069=CARTESIAN_POINT('',(8.87625000000001,7.41359615226079,6.54583186246039));
#13070=VECTOR('',#16024,0.75);
#13071=CARTESIAN_POINT('',(5.0327289323845,7.22983218095487,7.23164833997474));
#13072=CARTESIAN_POINT('',(8.87625000000001,7.58981394364523,5.88817811181609));
#13073=VECTOR('',#16025,0.75);
#13074=CARTESIAN_POINT('',(5.06676014109905,7.23475964213749,7.21325880448885));
#13075=CARTESIAN_POINT('',(8.87625000000001,7.78634491090632,5.15471455673703));
#13076=VECTOR('',#16026,0.75);
#13077=CARTESIAN_POINT('',(5.11697402248901,7.24680454725056,7.16830660663453));
#13078=CARTESIAN_POINT('',(8.87625000000001,8.14854966612102,3.8029480075327));
#13079=VECTOR('',#16027,0.75);
#13080=CARTESIAN_POINT('',(5.15030315131121,7.25878745044277,7.12358580309902));
#13081=CARTESIAN_POINT('',(33.2800222203239,17.3723341388891,-30.6206842829031));
#13082=VECTOR('',#16028,0.75);
#13083=CARTESIAN_POINT('',(5.16739572907281,7.26604708599685,7.09649247436681));
#13084=CARTESIAN_POINT('',(28.9623226294999,17.3723341388891,-30.6206842829031));
#13085=VECTOR('',#16029,0.75);
#13086=CARTESIAN_POINT('',(5.17581053658621,7.27323110034722,7.0696813678089));
#13087=CARTESIAN_POINT('',(17.0051310226972,17.3723341388892,-30.6206842829031));
#13088=VECTOR('',#16030,0.75);
#13089=CARTESIAN_POINT('',(5.17633646205581,7.27829772099432,7.05077248213123));
#13090=CARTESIAN_POINT('',(6.22411785577981,17.3723341388892,-30.6206842829031));
#13091=VECTOR('',#16031,0.75);
#13092=CARTESIAN_POINT('',(5.16752500991521,7.29068694213079,7.00453527938375));
#13093=CARTESIAN_POINT('',(-2.00273620294896,17.3723341388892,-30.6206842829031));
#13094=VECTOR('',#16032,0.75);
#13095=CARTESIAN_POINT('',(5.14227178527511,7.30266230329058,6.95984262309641));
#13096=CARTESIAN_POINT('',(-16.0923015627754,17.3723341388892,-30.6206842829031));
#13097=VECTOR('',#16033,0.75);
#13098=CARTESIAN_POINT('',(5.10275426606126,7.31027483836995,6.93143225540578));
#13099=CARTESIAN_POINT('',(8.87625000000001,6.58336006188668,9.64431513401395));
#13100=VECTOR('',#16034,0.75);
#13101=CARTESIAN_POINT('',(5.0665163629862,7.31722208227009,6.90550478819789));
#13102=CARTESIAN_POINT('',(8.87625000000001,6.58685010914371,9.63129010032987));
#13103=VECTOR('',#16035,0.75);
#13104=CARTESIAN_POINT('',(4.98210999783696,7.3269299479459,6.86927454026274));
#13105=CARTESIAN_POINT('',(8.87625000000001,6.87905154449934,8.54077949753815));
#13106=VECTOR('',#16036,0.75);
#13107=CARTESIAN_POINT('',(4.76454727186167,7.34394578518354,6.80577057115853));
#13108=CARTESIAN_POINT('',(8.87625000000001,7.02236466839096,8.00592763778317));
#13109=VECTOR('',#16037,0.75);
#13110=CARTESIAN_POINT('',(4.72054612454568,7.34871181945615,6.78798348910252));
#13111=CARTESIAN_POINT('',(8.87625000000001,6.89858203181597,8.46789072657592));
#13112=VECTOR('',#16038,0.75);
#13113=CARTESIAN_POINT('',(4.70356357303292,7.35364206881125,6.76958354801531));
#13114=CARTESIAN_POINT('',(-29.8064463506535,17.3723341388892,-30.6206842829031));
#13115=VECTOR('',#16039,0.75);
#13116=CARTESIAN_POINT('',(4.69531490515529,7.36327000858961,6.73365158759026));
#13117=CARTESIAN_POINT('',(-3.87987850873602,17.3723341388892,-30.6206842829031));
#13118=VECTOR('',#16040,0.75);
#13119=CARTESIAN_POINT('',(4.70388705020459,7.37066538262226,6.70605167595943));
#13120=CARTESIAN_POINT('',(16.2970471710164,17.3723341388891,-30.6206842829031));
#13121=VECTOR('',#16041,0.75);
#13122=CARTESIAN_POINT('',(4.72879479242328,7.38024681061425,6.67029329988428));
#13123=CARTESIAN_POINT('',(30.7040811075242,17.3723341388891,-30.6206842829031));
#13124=VECTOR('',#16042,0.75);
#13125=CARTESIAN_POINT('',(4.76229082836678,7.3850910637293,6.6522143011342));
#13126=CARTESIAN_POINT('',(8.87625000000001,7.98005876575771,4.43176460830166));
#13127=VECTOR('',#16043,0.75);
#13128=CARTESIAN_POINT('',(4.81328664562133,7.39002830162061,6.63378827847477));
#13129=CARTESIAN_POINT('',(8.87625000000001,7.78339030078454,5.16574131182811));
#13130=VECTOR('',#16044,0.75);
#13131=CARTESIAN_POINT('',(4.88083569316477,7.39244250378501,6.62477835333747));
#13132=CARTESIAN_POINT('',(8.87625000000001,7.53523856410018,6.09185620112059));
#13133=VECTOR('',#16045,0.75);
#13134=CARTESIAN_POINT('',(4.92301518004867,7.39243886668844,6.62479192716667));
#13135=CARTESIAN_POINT('',(8.87625000000001,7.39209798305356,6.62606412221149));
#13136=VECTOR('',#16046,0.75);
#13137=CARTESIAN_POINT('',(4.97304976412261,7.39000068026318,6.63389136278406));
#13138=CARTESIAN_POINT('',(8.87625000000001,7.19979764357717,7.34373875945015));
#13139=VECTOR('',#16047,0.75);
#13140=CARTESIAN_POINT('',(5.00900964304002,7.38743145777805,6.64347983163452));
#13141=CARTESIAN_POINT('',(8.87625000000001,7.11112905689041,7.67465443000044));
#13142=VECTOR('',#16048,0.75);
#13143=CARTESIAN_POINT('',(5.04117251610909,7.38274262674267,6.66097878728665));
#13144=CARTESIAN_POINT('',(8.87625000000001,6.82364984013366,8.74754147305677));
#13145=VECTOR('',#16049,0.75);
#13146=CARTESIAN_POINT('',(5.07493852765603,7.37302980402841,6.69722753514117));
#13147=CARTESIAN_POINT('',(-29.6870081860131,17.3723341388892,-30.6206842829031));
#13148=VECTOR('',#16050,0.75);
#13149=CARTESIAN_POINT('',(5.0918160574959,7.36089971410676,6.74249764702916));
#13150=CARTESIAN_POINT('',(-8.83786495356629,17.3723341388892,-30.6206842829031));
#13151=VECTOR('',#16051,0.75);
#13152=CARTESIAN_POINT('',(5.10018902519111,7.34392734910428,6.80583937554302));
#13153=CARTESIAN_POINT('',(0.15288049906315,17.3723341388892,-30.6206842829031));
#13154=VECTOR('',#16052,0.75);
#13155=CARTESIAN_POINT('',(5.18484499588041,7.34392734910429,6.80583937554302));
#13156=CARTESIAN_POINT('',(8.87625000000001,7.34392734910431,6.80583937554293));
#13157=VECTOR('',#16053,0.75);
#13158=CARTESIAN_POINT('',(5.17620387606521,7.3608173117124,6.74280517695158));
#13159=CARTESIAN_POINT('',(0.0541844588198304,17.3723341388892,-30.6206842829031));
#13160=VECTOR('',#16054,0.75);
#13161=CARTESIAN_POINT('',(5.15068556911101,7.378095549323,6.67832191632356));
#13162=CARTESIAN_POINT('',(-9.60985042128231,17.3723341388892,-30.6206842829031));
#13163=VECTOR('',#16055,0.75);
#13164=CARTESIAN_POINT('',(5.10869512750917,7.39486902943037,6.6157224363431));
#13165=CARTESIAN_POINT('',(-19.8687194180352,17.3723341388892,-30.6206842829031));
#13166=VECTOR('',#16056,0.75);
#13167=CARTESIAN_POINT('',(5.06602959842175,7.40465355949301,6.57920607302117));
#13168=CARTESIAN_POINT('',(8.87625000000001,6.5308517606659,9.84027878198904));
#13169=VECTOR('',#16057,0.75);
#13170=CARTESIAN_POINT('',(5.02403915681992,7.40942934202357,6.56138260997119));
#13171=CARTESIAN_POINT('',(8.87625000000001,6.97129817342642,8.19651039155527));
#13172=VECTOR('',#16058,0.75);
#13173=CARTESIAN_POINT('',(4.95680044325807,7.41428277955465,6.54326933451387));
#13174=CARTESIAN_POINT('',(8.87625000000001,7.13136833083697,7.59912043132356));
#13175=VECTOR('',#16059,0.75);
#13176=CARTESIAN_POINT('',(4.91467498415907,7.41670668865009,6.53422318261675));
#13177=CARTESIAN_POINT('',(8.87625000000001,7.18875670499274,7.38494410321049));
#13178=VECTOR('',#16060,0.75);
#13179=CARTESIAN_POINT('',(4.83839009829071,7.4167066886501,6.53422318261675));
#13180=CARTESIAN_POINT('',(8.87625000000001,7.41670668865006,6.53422318261687));
#13181=VECTOR('',#16061,0.75);
#13182=CARTESIAN_POINT('',(4.7710163672318,7.41179781953874,6.55254333154801));
#13183=CARTESIAN_POINT('',(8.87625000000001,7.71090630378094,5.43625527138121));
#13184=VECTOR('',#16062,0.75);
#13185=CARTESIAN_POINT('',(4.71214873849093,7.40457590449251,6.5794958854285));
#13186=CARTESIAN_POINT('',(8.87625000000001,7.91543027722256,4.67296141113117));
#13187=VECTOR('',#16063,0.75);
#13188=CARTESIAN_POINT('',(4.66921317440927,7.39471371942938,6.61630206115775));
#13189=CARTESIAN_POINT('',(8.87625000000001,8.36105890735958,3.00985272215252));
#13190=VECTOR('',#16064,0.75);
#13191=CARTESIAN_POINT('',(4.64436995494065,7.38508449936773,6.65223879966507));
#13192=CARTESIAN_POINT('',(30.411299477194,17.3723341388892,-30.6206842829031));
#13193=VECTOR('',#16065,0.75);
#13194=CARTESIAN_POINT('',(4.62776280279586,7.37304797429068,6.69715972279917));
#13195=CARTESIAN_POINT('',(18.4240757429409,17.3723341388891,-30.6206842829031));
#13196=VECTOR('',#16066,0.75);
#13197=CARTESIAN_POINT('',(4.61925670047781,7.35844883419724,6.75164445537473));
#13198=CARTESIAN_POINT('',(10.453787532958,17.3723341388891,-30.6206842829031));
#13199=VECTOR('',#16067,0.75);
#13200=CARTESIAN_POINT('',(4.62762778529875,7.34633465411969,6.79685519091617));
#13201=CARTESIAN_POINT('',(-2.30049211753308,17.3723341388892,-30.6206842829031));
#13202=VECTOR('',#16068,0.75);
#13203=CARTESIAN_POINT('',(4.64450497243777,7.33911273907347,6.82380774479665));
#13204=CARTESIAN_POINT('',(-18.8025383793516,17.3723341388892,-30.6206842829031));
#13205=VECTOR('',#16069,0.75);
#13206=CARTESIAN_POINT('',(4.66975324439774,7.3342593015424,6.84192102025396));
#13207=CARTESIAN_POINT('',(8.87625000000001,6.52565072586149,9.85968930813102));
#13208=VECTOR('',#16070,0.75);
#13209=CARTESIAN_POINT('',(4.71211811558032,7.32935513994821,6.86022360049199));
#13210=CARTESIAN_POINT('',(8.87625000000001,6.84731482941164,8.65922253071073));
#13211=VECTOR('',#16071,0.75);
#13212=CARTESIAN_POINT('',(4.81374940506767,7.31964954673666,6.89644536747512));
#13213=CARTESIAN_POINT('',(8.87625000000001,6.93168853202343,8.34433558574086));
#13214=VECTOR('',#16072,0.75);
#13215=CARTESIAN_POINT('',(5.01249516081678,7.30304199134256,6.95842560799537));
#13216=CARTESIAN_POINT('',(8.87625000000001,6.98017963748226,8.16336431645334));
#13217=VECTOR('',#16073,0.75);
#13218=CARTESIAN_POINT('',(5.0749593667544,7.29296409794472,6.99603681818939));
#13219=CARTESIAN_POINT('',(8.87625000000001,6.67966883226351,9.28488590975311));
#13220=VECTOR('',#16074,0.75);
#13221=CARTESIAN_POINT('',(5.09188600474627,7.2831907527587,7.03251143898352));
#13222=CARTESIAN_POINT('',(-12.3816887534097,17.3723341388892,-30.6206842829031));
#13223=VECTOR('',#16075,0.75);
#13224=CARTESIAN_POINT('',(5.09175376538697,7.27836112303643,7.05053586248878));
#13225=CARTESIAN_POINT('',(5.36813531038881,17.3723341388892,-30.6206842829031));
#13226=VECTOR('',#16076,0.75);
#13227=CARTESIAN_POINT('',(5.08355492510964,7.26870186359188,7.08658470949932));
#13228=CARTESIAN_POINT('',(13.6595816610664,17.3723341388892,-30.6206842829031));
#13229=VECTOR('',#16077,0.75);
#13230=CARTESIAN_POINT('',(5.0493457980183,7.25891230263382,7.12311984837861));
#13231=CARTESIAN_POINT('',(40.3901883962519,17.3723341388891,-30.6206842829031));
#13232=VECTOR('',#16078,0.75);
#13233=CARTESIAN_POINT('',(5.02449480775847,7.25417087825095,7.14081508507572));
#13234=CARTESIAN_POINT('',(8.87625000000001,7.98906336319343,4.39815899316982));
#13235=VECTOR('',#16079,0.75);
#13236=CARTESIAN_POINT('',(4.9735980680917,7.24922330498188,7.15927967989007));
#13237=CARTESIAN_POINT('',(8.87625000000001,7.62859252397772,5.74345447976987));
#13238=VECTOR('',#16080,0.75);
#13239=CARTESIAN_POINT('',(4.92317923208377,7.24685259279044,7.16812729823865));
#13240=CARTESIAN_POINT('',(8.87625000000001,7.4327274325358,6.4744329524602));
#13241=VECTOR('',#16081,0.75);
#13242=CARTESIAN_POINT('',(4.88052633053207,7.24685259279044,7.16812729823863));
#13243=CARTESIAN_POINT('',(8.87625000000001,7.24685259278989,7.1681272982407));
#13244=VECTOR('',#16082,0.75);
#13245=CARTESIAN_POINT('',(4.83034644635356,7.24925766312957,7.15915145353721));
#13246=CARTESIAN_POINT('',(8.87625000000001,7.05534165891471,7.88285583366785));
#13247=VECTOR('',#16083,0.75);
#13248=CARTESIAN_POINT('',(4.77956918260153,7.25417087825095,7.14081508507571));
#13249=CARTESIAN_POINT('',(8.87625000000001,6.85777547109013,8.62018288448687));
#13250=VECTOR('',#16084,0.75);
#13251=CARTESIAN_POINT('',(4.73743235961981,7.26383907841226,7.10473287085597));
#13252=CARTESIAN_POINT('',(8.87625000000001,6.3141965912292,10.6488468820492));
#13253=VECTOR('',#16085,0.75);
#13254=CARTESIAN_POINT('',(4.72056295731659,7.2759739425509,7.05944494134759));
#13255=CARTESIAN_POINT('',(-9.31499277732087,17.3723341388892,-30.6206842829031));
#13256=VECTOR('',#16086,0.75);
#13257=CARTESIAN_POINT('',(4.63595913311924,7.2760226601894,7.05926312464554));
#13258=CARTESIAN_POINT('',(8.87625000000001,7.27358096255347,7.06837566427952));
#13259=VECTOR('',#16087,0.75);
#13260=CARTESIAN_POINT('',(4.65304418892288,7.25911845152004,7.12235049026132));
#13261=CARTESIAN_POINT('',(-5.56836621558824,17.3723341388892,-30.6206842829031));
#13262=VECTOR('',#16088,0.75);
#13263=CARTESIAN_POINT('',(4.67849255875625,7.24674951834733,7.16851197729728));
#13264=CARTESIAN_POINT('',(-16.1543164316928,17.3723341388892,-30.6206842829031));
#13265=VECTOR('',#16089,0.75);
#13266=CARTESIAN_POINT('',(4.72879191884947,7.23475852479935,7.21326297445158));
#13267=CARTESIAN_POINT('',(8.87625000000001,6.24603534821375,10.9032281040899));
#13268=VECTOR('',#16090,0.75);
#13269=CARTESIAN_POINT('',(4.77131757369527,7.22985145503772,7.23157640811825));
#13270=CARTESIAN_POINT('',(8.87625000000001,6.75617997706336,8.99934243001484));
#13271=VECTOR('',#16091,0.75);
#13272=CARTESIAN_POINT('',(8.87625000000001,6.89624003320872,8.47663118436938));
#13273=VECTOR('',#16092,0.75);
#13274=CARTESIAN_POINT('',(5.18484499588041,7.33668290540712,6.80389823270474));
#13275=VECTOR('',#16093,0.75);
#13276=CARTESIAN_POINT('',(5.17620387606521,7.35357286801523,6.74086403411331));
#13277=VECTOR('',#16094,0.75);
#13278=CARTESIAN_POINT('',(5.10018902519111,7.33668290540711,6.80389823270475));
#13279=VECTOR('',#16095,0.75);
#13280=CARTESIAN_POINT('',(5.09181605749589,7.35365527040959,6.74055650419088));
#13281=VECTOR('',#16096,0.75);
#13282=CARTESIAN_POINT('',(5.07493852765603,7.36578536033124,6.6952863923029));
#13283=VECTOR('',#16097,0.75);
#13284=CARTESIAN_POINT('',(5.04117251610908,7.37549818304551,6.65903764444837));
#13285=VECTOR('',#16098,0.75);
#13286=CARTESIAN_POINT('',(5.00900964304002,7.38018701408088,6.64153868879625));
#13287=VECTOR('',#16099,0.75);
#13288=CARTESIAN_POINT('',(4.97304976412253,7.38275623656601,6.63195021994577));
#13289=VECTOR('',#16100,0.75);
#13290=CARTESIAN_POINT('',(4.92301518004867,7.38519442299127,6.6228507843284));
#13291=VECTOR('',#16101,0.75);
#13292=CARTESIAN_POINT('',(4.88083569316477,7.38519806008784,6.6228372104992));
#13293=VECTOR('',#16102,0.75);
#13294=CARTESIAN_POINT('',(4.81328664562134,7.38278385792344,6.6318471356365));
#13295=VECTOR('',#16103,0.75);
#13296=CARTESIAN_POINT('',(4.76229082836677,7.37784662003213,6.65027315829593));
#13297=VECTOR('',#16104,0.75);
#13298=CARTESIAN_POINT('',(4.72879479242329,7.37300236691708,6.668352157046));
#13299=VECTOR('',#16105,0.75);
#13300=CARTESIAN_POINT('',(4.70388705020458,7.36342093892509,6.70411053312117));
#13301=VECTOR('',#16106,0.75);
#13302=CARTESIAN_POINT('',(4.69531490515528,7.35602556489244,6.73171044475198));
#13303=VECTOR('',#16107,0.75);
#13304=CARTESIAN_POINT('',(4.70356357303291,7.34639762511409,6.76764240517703));
#13305=VECTOR('',#16108,0.75);
#13306=CARTESIAN_POINT('',(4.72054612454568,7.34146737575899,6.78604234626424));
#13307=VECTOR('',#16109,0.75);
#13308=CARTESIAN_POINT('',(4.76454727186167,7.33670134148637,6.80382942832027));
#13309=VECTOR('',#16110,0.75);
#13310=CARTESIAN_POINT('',(4.98210999783695,7.31968550424873,6.86733339742446));
#13311=VECTOR('',#16111,0.75);
#13312=CARTESIAN_POINT('',(5.0665163629862,7.30997763857292,6.90356364535962));
#13313=VECTOR('',#16112,0.75);
#13314=CARTESIAN_POINT('',(5.10275426606126,7.30303039467278,6.92949111256751));
#13315=VECTOR('',#16113,0.75);
#13316=CARTESIAN_POINT('',(5.14227178527511,7.29541785959341,6.95790148025815));
#13317=VECTOR('',#16114,0.75);
#13318=CARTESIAN_POINT('',(5.16752500991521,7.28344249843361,7.00259413654548));
#13319=VECTOR('',#16115,0.75);
#13320=CARTESIAN_POINT('',(5.17633646205581,7.27105327729715,7.04883133929297));
#13321=VECTOR('',#16116,0.75);
#13322=CARTESIAN_POINT('',(5.17581053658621,7.26598665665005,7.06774022497062));
#13323=VECTOR('',#16117,0.75);
#13324=CARTESIAN_POINT('',(5.16739572907281,7.25880264229967,7.09455133152854));
#13325=VECTOR('',#16118,0.75);
#13326=CARTESIAN_POINT('',(5.15030315131121,7.25154300674561,7.12164466026076));
#13327=VECTOR('',#16119,0.75);
#13328=CARTESIAN_POINT('',(5.11697402248901,7.2395601035534,7.16636546379626));
#13329=VECTOR('',#16120,0.75);
#13330=CARTESIAN_POINT('',(5.06676014109905,7.22751519844032,7.21131766165059));
#13331=VECTOR('',#16121,0.75);
#13332=CARTESIAN_POINT('',(5.0327289323845,7.2225877372577,7.22970719713647));
#13333=VECTOR('',#16122,0.75);
#13334=CARTESIAN_POINT('',(4.98084918763086,7.21772871303595,7.24784132240724));
#13335=VECTOR('',#16123,0.75);
#13336=CARTESIAN_POINT('',(4.93168242035514,7.21534796112603,7.25672640949529));
#13337=VECTOR('',#16124,0.75);
#13338=CARTESIAN_POINT('',(4.88071574356757,7.21534796112603,7.25672640949528));
#13339=VECTOR('',#16125,0.75);
#13340=CARTESIAN_POINT('',(4.83052128915557,7.21779547398962,7.24759216713621));
#13341=VECTOR('',#16126,0.75);
#13342=CARTESIAN_POINT('',(4.77131757369527,7.22260701134055,7.22963526527998));
#13343=VECTOR('',#16127,0.75);
#13344=CARTESIAN_POINT('',(4.72879191884947,7.22751408110218,7.2113218316133));
#13345=VECTOR('',#16128,0.75);
#13346=CARTESIAN_POINT('',(4.67849255875625,7.23950507465016,7.16657083445901));
#13347=VECTOR('',#16129,0.75);
#13348=CARTESIAN_POINT('',(4.65304418892288,7.25187400782287,7.12040934742304));
#13349=VECTOR('',#16130,0.75);
#13350=CARTESIAN_POINT('',(4.63595913311924,7.26877821649223,7.05732198180726));
#13351=VECTOR('',#16131,0.75);
#13352=CARTESIAN_POINT('',(4.72056295731659,7.26872949885374,7.05750379850932));
#13353=VECTOR('',#16132,0.75);
#13354=CARTESIAN_POINT('',(4.73743235961981,7.25659463471509,7.1027917280177));
#13355=VECTOR('',#16133,0.75);
#13356=CARTESIAN_POINT('',(4.77956918260152,7.24692643455378,7.13887394223744));
#13357=VECTOR('',#16134,0.75);
#13358=CARTESIAN_POINT('',(4.83034644635356,7.24201321943241,7.15721031069894));
#13359=VECTOR('',#16135,0.75);
#13360=CARTESIAN_POINT('',(4.88052633053207,7.23960814909328,7.16618615540035));
#13361=VECTOR('',#16136,0.75);
#13362=CARTESIAN_POINT('',(4.92317923208378,7.23960814909327,7.16618615540038));
#13363=VECTOR('',#16137,0.75);
#13364=CARTESIAN_POINT('',(4.97359806809171,7.24197886128471,7.1573385370518));
#13365=VECTOR('',#16138,0.75);
#13366=CARTESIAN_POINT('',(5.02449480775846,7.24692643455378,7.13887394223744));
#13367=VECTOR('',#16139,0.75);
#13368=CARTESIAN_POINT('',(5.0493457980183,7.25166785893665,7.12117870554034));
#13369=VECTOR('',#16140,0.75);
#13370=CARTESIAN_POINT('',(5.08355492510964,7.26145741989472,7.08464356666105));
#13371=VECTOR('',#16141,0.75);
#13372=CARTESIAN_POINT('',(5.09175376538697,7.27111667933926,7.04859471965051));
#13373=VECTOR('',#16142,0.75);
#13374=CARTESIAN_POINT('',(5.09188600474627,7.27594630906154,7.03057029614524));
#13375=VECTOR('',#16143,0.75);
#13376=CARTESIAN_POINT('',(5.07495936675439,7.28571965424755,6.99409567535112));
#13377=VECTOR('',#16144,0.75);
#13378=CARTESIAN_POINT('',(5.01249516081678,7.2957975476454,6.9564844651571));
#13379=VECTOR('',#16145,0.75);
#13380=CARTESIAN_POINT('',(4.81374940506778,7.31240510303947,6.89450422463689));
#13381=VECTOR('',#16146,0.75);
#13382=CARTESIAN_POINT('',(4.71211811558032,7.32211069625104,6.85828245765373));
#13383=VECTOR('',#16147,0.75);
#13384=CARTESIAN_POINT('',(4.66975324439773,7.32701485784523,6.83997987741569));
#13385=VECTOR('',#16148,0.75);
#13386=CARTESIAN_POINT('',(4.64450497243777,7.3318682953763,6.82186660195838));
#13387=VECTOR('',#16149,0.75);
#13388=CARTESIAN_POINT('',(4.62762778529875,7.33909021042252,6.79491404807791));
#13389=VECTOR('',#16150,0.75);
#13390=CARTESIAN_POINT('',(4.61925670047781,7.35120439050007,6.74970331253646));
#13391=VECTOR('',#16151,0.75);
#13392=CARTESIAN_POINT('',(4.62776280279586,7.36580353059352,6.69521857996089));
#13393=VECTOR('',#16152,0.75);
#13394=CARTESIAN_POINT('',(4.64436995494065,7.37784005567057,6.65029765682678));
#13395=VECTOR('',#16153,0.75);
#13396=CARTESIAN_POINT('',(4.66921317440928,7.38746927573221,6.61436091831947));
#13397=VECTOR('',#16154,0.75);
#13398=CARTESIAN_POINT('',(4.71214873849093,7.39733146079534,6.57755474259023));
#13399=VECTOR('',#16155,0.75);
#13400=CARTESIAN_POINT('',(4.7710163672318,7.40455337584157,6.55060218870975));
#13401=VECTOR('',#16156,0.75);
#13402=CARTESIAN_POINT('',(4.83839009829074,7.40946224495292,6.53228203977847));
#13403=VECTOR('',#16157,0.75);
#13404=CARTESIAN_POINT('',(4.91467498415907,7.40946224495292,6.53228203977848));
#13405=VECTOR('',#16158,0.75);
#13406=CARTESIAN_POINT('',(4.95680044325807,7.40703833585748,6.54132819167559));
#13407=VECTOR('',#16159,0.75);
#13408=CARTESIAN_POINT('',(5.02403915681987,7.40218489832641,6.55944146713291));
#13409=VECTOR('',#16160,0.75);
#13410=CARTESIAN_POINT('',(5.06602959842175,7.39740911579584,6.5772649301829));
#13411=VECTOR('',#16161,0.75);
#13412=CARTESIAN_POINT('',(5.10869512750917,7.38762458573321,6.61378129350483));
#13413=VECTOR('',#16162,0.75);
#13414=CARTESIAN_POINT('',(5.15068556911101,7.37085110562583,6.67638077348529));
#13415=VECTOR('',#16163,0.75);
#13416=CARTESIAN_POINT('',(6.21614512117351,7.2225924048232,7.25866755233356));
#13417=CARTESIAN_POINT('',(6.54972284639471,7.31411369493862,6.91710544764855));
#13418=CARTESIAN_POINT('',(43.2100265990482,17.3723341388891,-30.6206842829031));
#13419=VECTOR('',#16164,0.75);
#13420=CARTESIAN_POINT('',(6.54972284639471,7.2225924048232,7.25866755233355));
#13421=CARTESIAN_POINT('',(6.54972284639511,17.3723341388891,-30.6206842829031));
#13422=VECTOR('',#16165,0.75);
#13423=CARTESIAN_POINT('',(6.64283440925921,7.2225924048232,7.25866755233354));
#13424=CARTESIAN_POINT('',(8.87625000000001,7.22259240482322,7.25866755233347));
#13425=VECTOR('',#16166,0.75);
#13426=CARTESIAN_POINT('',(6.64283440925921,7.41670668865009,6.53422318261675));
#13427=CARTESIAN_POINT('',(6.64283440925801,17.3723341388891,-30.6206842829031));
#13428=VECTOR('',#16167,0.75);
#13429=CARTESIAN_POINT('',(6.54972284639471,7.41670668865009,6.53422318261675));
#13430=CARTESIAN_POINT('',(8.87625000000001,7.41670668865,6.53422318261707));
#13431=VECTOR('',#16168,0.75);
#13432=CARTESIAN_POINT('',(6.54972284639471,7.34855899501522,6.7885538376807));
#13433=CARTESIAN_POINT('',(6.54972284639381,17.3723341388891,-30.6206842829031));
#13434=VECTOR('',#16169,0.75);
#13435=CARTESIAN_POINT('',(6.44019047148071,7.31733598087318,6.90507971282424));
#13436=CARTESIAN_POINT('',(41.7137813872434,17.3723341388891,-30.6206842829031));
#13437=VECTOR('',#16170,0.75);
#13438=CARTESIAN_POINT('',(6.19475601839361,7.4167066886501,6.53422318261674));
#13439=CARTESIAN_POINT('',(-18.3945221809141,17.3723341388892,-30.6206842829031));
#13440=VECTOR('',#16171,0.75);
#13441=CARTESIAN_POINT('',(6.07769029012311,7.41670668865009,6.53422318261674));
#13442=CARTESIAN_POINT('',(8.87625000000001,7.41670668865013,6.53422318261659));
#13443=VECTOR('',#16172,0.75);
#13444=CARTESIAN_POINT('',(6.37335502660591,7.29812123418876,6.97679012370506));
#13445=CARTESIAN_POINT('',(-18.7443081578876,17.3723341388892,-30.6206842829031));
#13446=VECTOR('',#16173,0.75);
#13447=CARTESIAN_POINT('',(6.10171342130091,7.2225924048232,7.25866755233356));
#13448=CARTESIAN_POINT('',(42.6055512436442,17.3723341388891,-30.6206842829031));
#13449=VECTOR('',#16174,0.75);
#13450=CARTESIAN_POINT('',(8.87625000000001,7.2225924048232,7.25866755233357));
#13451=VECTOR('',#16175,0.75);
#13452=CARTESIAN_POINT('',(6.64283440925921,7.21534796112603,7.25672640949528));
#13453=VECTOR('',#16176,0.75);
#13454=CARTESIAN_POINT('',(6.64283440925921,7.40946224495292,6.53228203977849));
#13455=VECTOR('',#16177,0.75);
#13456=CARTESIAN_POINT('',(6.54972284639471,7.21534796112603,7.25672640949528));
#13457=VECTOR('',#16178,0.75);
#13458=CARTESIAN_POINT('',(6.54972284639471,7.30686925124145,6.91516430481027));
#13459=VECTOR('',#16179,0.75);
#13460=CARTESIAN_POINT('',(6.21614512117351,7.21534796112603,7.25672640949529));
#13461=VECTOR('',#16180,0.75);
#13462=CARTESIAN_POINT('',(6.10171342130091,7.21534796112603,7.25672640949529));
#13463=VECTOR('',#16181,0.75);
#13464=CARTESIAN_POINT('',(6.37335502660591,7.2908767904916,6.97484898086678));
#13465=VECTOR('',#16182,0.75);
#13466=CARTESIAN_POINT('',(6.07769029012311,7.40946224495292,6.53228203977848));
#13467=VECTOR('',#16183,0.75);
#13468=CARTESIAN_POINT('',(6.19475601839361,7.40946224495292,6.53228203977847));
#13469=VECTOR('',#16184,0.75);
#13470=CARTESIAN_POINT('',(6.44019047148071,7.31009153717601,6.90313856998598));
#13471=VECTOR('',#16185,0.75);
#13472=CARTESIAN_POINT('',(6.54972284639471,7.34131455131806,6.78661269484243));
#13473=VECTOR('',#16186,0.75);
#13474=CARTESIAN_POINT('',(6.54972284639471,7.40946224495292,6.53228203977848));
#13475=VECTOR('',#16187,0.75);
#13476=CARTESIAN_POINT('',(4.37389647589731,7.41720643803014,6.53235809253935));
#13477=CARTESIAN_POINT('',(4.44963498192491,7.41720643803014,6.53235809253935));
#13478=CARTESIAN_POINT('',(4.37389647589731,7.41720643803014,6.53235809253935));
#13479=VECTOR('',#16188,1.0);
#13480=CARTESIAN_POINT('',(4.37389647589731,7.26510256426476,7.10001747745979));
#13481=CARTESIAN_POINT('',(4.37389647589731,7.26510256426476,7.10001747745979));
#13482=VECTOR('',#16189,1.0);
#13483=CARTESIAN_POINT('',(4.06648724555002,7.41720643803014,6.53235809253935));
#13484=CARTESIAN_POINT('',(4.06648724555002,7.41720643803014,6.53235809253935));
#13485=VECTOR('',#16190,1.0);
#13486=CARTESIAN_POINT('',(3.98183832704859,7.41720643803014,6.53235809253935));
#13487=CARTESIAN_POINT('',(3.98183832704859,7.41720643803014,6.53235809253935));
#13488=VECTOR('',#16191,1.0);
#13489=CARTESIAN_POINT('',(3.98183832704859,7.22309292293909,7.25679959329495));
#13490=CARTESIAN_POINT('',(3.98183832704859,7.22309292293909,7.25679959329495));
#13491=VECTOR('',#16192,1.0);
#13492=CARTESIAN_POINT('',(4.05757683307619,7.22309292293909,7.25679959329495));
#13493=CARTESIAN_POINT('',(4.05757683307619,7.22309292293909,7.25679959329495));
#13494=VECTOR('',#16193,1.0);
#13495=CARTESIAN_POINT('',(4.05757683307619,7.37740120067208,6.68091326076698));
#13496=CARTESIAN_POINT('',(4.05757683307619,7.37519679670446,6.68914020837452));
#13497=VECTOR('',#16194,1.0);
#13498=CARTESIAN_POINT('',(4.3694412696604,7.22309292293908,7.25679959329495));
#13499=CARTESIAN_POINT('',(4.3694412696604,7.22309292293908,7.25679959329495));
#13500=VECTOR('',#16195,1.0);
#13501=CARTESIAN_POINT('',(4.44963498192491,7.22309292293908,7.25679959329495));
#13502=CARTESIAN_POINT('',(4.44963498192491,7.22309292293908,7.25679959329495));
#13503=VECTOR('',#16196,1.0);
#13504=CARTESIAN_POINT('',(4.44963498192491,7.41720643803014,6.53235809253935));
#13505=VECTOR('',#16197,1.0);
#13506=CARTESIAN_POINT('',(4.44963498192491,7.43169532542446,6.53624037821589));
#13507=VECTOR('',#16198,1.0);
#13508=CARTESIAN_POINT('',(4.44963498192491,7.23758181033341,7.26068187897149));
#13509=VECTOR('',#16199,1.0);
#13510=CARTESIAN_POINT('',(4.3694412696604,7.23758181033341,7.26068187897149));
#13511=VECTOR('',#16200,1.0);
#13512=CARTESIAN_POINT('',(4.05757683307619,4.23936561071103,5.8400791586168));
#13513=VECTOR('',#16201,1.0);
#13514=CARTESIAN_POINT('',(3.71000000000001,7.05521026854154,7.82539063963875));
#13515=CARTESIAN_POINT('',(0.91999999999999,7.05521026854155,7.82539063963871));
#13516=CARTESIAN_POINT('',(5.66499999999997,7.05521026854153,7.82539063963878));
#13517=VECTOR('',#16202,1.0);
#13518=CARTESIAN_POINT('',(3.71000000000001,7.05521026854154,7.82539063963875));
#13519=VECTOR('',#16203,1.0);
#13520=CARTESIAN_POINT('',(0.91999999999999,7.05521026854155,7.82539063963871));
#13521=VECTOR('',#16204,1.0);
#13522=CARTESIAN_POINT('',(4.05757683307619,7.23758181033341,7.26068187897149));
#13523=VECTOR('',#16205,1.0);
#13524=CARTESIAN_POINT('',(3.98183832704859,7.23758181033341,7.26068187897149));
#13525=VECTOR('',#16206,1.0);
#13526=CARTESIAN_POINT('',(3.98183832704859,7.43169532542446,6.53624037821589));
#13527=VECTOR('',#16207,1.0);
#13528=CARTESIAN_POINT('',(4.06648724555002,7.43169532542446,6.53624037821589));
#13529=VECTOR('',#16208,1.0);
#13530=CARTESIAN_POINT('',(4.37389647589731,7.27959145165909,7.10389976313632));
#13531=VECTOR('',#16209,1.0);
#13532=CARTESIAN_POINT('',(4.37389647589731,7.43169532542446,6.53624037821589));
#13533=VECTOR('',#16210,1.0);
#13534=CARTESIAN_POINT('',(3.04863572050221,7.44321651903213,6.43528714873091));
#13535=CARTESIAN_POINT('',(3.03235883019558,7.4360191477985,6.46214810385577));
#13536=CARTESIAN_POINT('',(25.5033838631079,17.3723341388891,-30.6206842829031));
#13537=VECTOR('',#16211,0.75);
#13538=CARTESIAN_POINT('',(3.02413287487933,7.43123767739853,6.47999279432333));
#13539=CARTESIAN_POINT('',(20.1266156775049,17.3723341388891,-30.6206842829031));
#13540=VECTOR('',#16212,0.75);
#13541=CARTESIAN_POINT('',(3.01583723331537,7.42398452898259,6.50706191272647));
#13542=CARTESIAN_POINT('',(14.3940605625587,17.3723341388891,-30.6206842829031));
#13543=VECTOR('',#16213,0.75);
#13544=CARTESIAN_POINT('',(3.01583723331538,7.38758363534253,6.64291189723207));
#13545=CARTESIAN_POINT('',(3.01583723331325,17.3723341388891,-30.6206842829031));
#13546=VECTOR('',#16214,0.75);
#13547=CARTESIAN_POINT('',(3.11710407279547,7.38758363534253,6.64291189723208));
#13548=CARTESIAN_POINT('',(8.26625000000001,7.3875836353426,6.64291189723183));
#13549=VECTOR('',#16215,0.75);
#13550=CARTESIAN_POINT('',(3.11710407279548,7.41670668865009,6.53422318261673));
#13551=CARTESIAN_POINT('',(3.11710407279849,17.3723341388891,-30.6206842829031));
#13552=VECTOR('',#16216,0.75);
#13553=CARTESIAN_POINT('',(3.07487936436667,7.41670668865009,6.53422318261675));
#13554=CARTESIAN_POINT('',(8.26625000000001,7.41670668865007,6.53422318261683));
#13555=VECTOR('',#16217,0.75);
#13556=CARTESIAN_POINT('',(3.07487936436668,7.42401132514541,6.5069619080854));
#13557=CARTESIAN_POINT('',(3.07487936437969,17.3723341388891,-30.6206842829031));
#13558=VECTOR('',#16218,0.75);
#13559=CARTESIAN_POINT('',(3.08311472470012,7.43123767739854,6.47999279432332));
#13560=CARTESIAN_POINT('',(14.4122761884737,17.3723341388891,-30.6206842829031));
#13561=VECTOR('',#16219,0.75);
#13562=CARTESIAN_POINT('',(3.10009169631025,7.4385357111669,6.45275616150441));
#13563=CARTESIAN_POINT('',(26.2084821533672,17.3723341388891,-30.6206842829031));
#13564=VECTOR('',#16220,0.75);
#13565=CARTESIAN_POINT('',(3.11724368824626,7.44090128073321,6.44392773569414));
#13566=CARTESIAN_POINT('',(8.26625000000001,8.15104227620582,3.79364546005279));
#13567=VECTOR('',#16221,0.75);
#13568=CARTESIAN_POINT('',(3.11724368824627,7.45559801080468,6.38907879236225));
#13569=CARTESIAN_POINT('',(3.11724368824841,17.3723341388891,-30.6206842829031));
#13570=VECTOR('',#16222,0.75);
#13571=CARTESIAN_POINT('',(3.09081561903874,7.45308144743628,6.39847073471362));
#13572=CARTESIAN_POINT('',(8.26625000000001,7.94590248844589,4.55923757062674));
#13573=VECTOR('',#16223,0.75);
#13574=CARTESIAN_POINT('',(3.06646307713082,7.44819931450158,6.41669110287523));
#13575=CARTESIAN_POINT('',(8.26625000000001,8.49063878901521,2.52625402017492));
#13576=VECTOR('',#16224,0.75);
#13577=CARTESIAN_POINT('',(38.5728553883981,17.3723341388891,-30.6206842829031));
#13578=VECTOR('',#16225,0.75);
#13579=CARTESIAN_POINT('',(3.09081561903874,7.44583700373911,6.39652959187535));
#13580=VECTOR('',#16226,0.75);
#13581=CARTESIAN_POINT('',(3.06646307713083,7.44095487080441,6.41474996003695));
#13582=VECTOR('',#16227,0.75);
#13583=CARTESIAN_POINT('',(3.04863572050222,7.43597207533497,6.43334600589263));
#13584=VECTOR('',#16228,0.75);
#13585=CARTESIAN_POINT('',(3.03235883019558,7.42877470410133,6.46020696101749));
#13586=VECTOR('',#16229,0.75);
#13587=CARTESIAN_POINT('',(3.02413287487934,7.42399323370137,6.47805165148505));
#13588=VECTOR('',#16230,0.75);
#13589=CARTESIAN_POINT('',(3.01583723331537,7.41674008528542,6.5051207698882));
#13590=VECTOR('',#16231,0.75);
#13591=CARTESIAN_POINT('',(3.01583723331538,7.38033919164536,6.64097075439381));
#13592=VECTOR('',#16232,0.75);
#13593=CARTESIAN_POINT('',(3.11710407279547,7.38033919164536,6.64097075439381));
#13594=VECTOR('',#16233,0.75);
#13595=CARTESIAN_POINT('',(3.11710407279548,7.40946224495292,6.53228203977847));
#13596=VECTOR('',#16234,0.75);
#13597=CARTESIAN_POINT('',(3.07487936436667,7.40946224495292,6.53228203977847));
#13598=VECTOR('',#16235,0.75);
#13599=CARTESIAN_POINT('',(3.07487936436668,7.41676688144823,6.50502076524713));
#13600=VECTOR('',#16236,0.75);
#13601=CARTESIAN_POINT('',(3.08311472470011,7.42399323370137,6.47805165148505));
#13602=VECTOR('',#16237,0.75);
#13603=CARTESIAN_POINT('',(3.10009169631025,7.43129126746974,6.45081501866615));
#13604=VECTOR('',#16238,0.75);
#13605=CARTESIAN_POINT('',(3.11724368824627,7.43365683703604,6.44198659285587));
#13606=VECTOR('',#16239,0.75);
#13607=CARTESIAN_POINT('',(3.11724368824627,7.44835356710752,6.38713764952398));
#13608=VECTOR('',#16240,0.75);
#13609=CARTESIAN_POINT('',(2.58296721759862,7.39245543938794,6.62473007701009));
#13610=CARTESIAN_POINT('',(2.62559972082344,7.39245543938794,6.62473007701008));
#13611=CARTESIAN_POINT('',(8.26625000000001,7.39245543938841,6.62473007700836));
#13612=VECTOR('',#16241,0.75);
#13613=CARTESIAN_POINT('',(2.66771546643341,7.38751429081315,6.64317069453897));
#13614=CARTESIAN_POINT('',(8.26625000000001,6.73067703123642,9.09452071958366));
#13615=VECTOR('',#16242,0.75);
#13616=CARTESIAN_POINT('',(2.70117552199471,7.38026974966965,6.67020769016402));
#13617=CARTESIAN_POINT('',(8.26625000000001,6.17535809168751,11.1669992163854));
#13618=VECTOR('',#16243,0.75);
#13619=CARTESIAN_POINT('',(2.71784095507349,7.37317381449834,6.6966900807506));
#13620=CARTESIAN_POINT('',(-20.7660738788366,17.3723341388891,-30.6206842829031));
#13621=VECTOR('',#16244,0.75);
#13622=CARTESIAN_POINT('',(2.73502314576714,7.36087667030091,6.7425836476834));
#13623=CARTESIAN_POINT('',(-11.253490657513,17.3723341388892,-30.6206842829031));
#13624=VECTOR('',#16245,0.75);
#13625=CARTESIAN_POINT('',(2.81899625817968,7.36329151734874,6.73357131580838));
#13626=CARTESIAN_POINT('',(8.26625000000001,7.51994028549977,6.14895015412566));
#13627=VECTOR('',#16246,0.75);
#13628=CARTESIAN_POINT('',(2.8024600145046,7.37778059963572,6.67949732455829));
#13629=CARTESIAN_POINT('',(-8.604223271234,17.3723341388891,-30.6206842829031));
#13630=VECTOR('',#16247,0.75);
#13631=CARTESIAN_POINT('',(2.78540701321465,7.3877371997714,6.6423387869813));
#13632=CARTESIAN_POINT('',(-14.315545336201,17.3723341388891,-30.6206842829031));
#13633=VECTOR('',#16248,0.75);
#13634=CARTESIAN_POINT('',(2.76008589008718,7.39732228497664,6.60656676200046));
#13635=CARTESIAN_POINT('',(-23.5911147453301,17.3723341388891,-30.6206842829031));
#13636=VECTOR('',#16249,0.75);
#13637=CARTESIAN_POINT('',(2.73502314576715,7.40456682612014,6.5795297663754));
#13638=CARTESIAN_POINT('',(-31.7488176735597,17.3723341388891,-30.6206842829031));
#13639=VECTOR('',#16250,0.75);
#13640=CARTESIAN_POINT('',(2.70957283323596,7.40939652021581,6.56150510262536));
#13641=CARTESIAN_POINT('',(8.26625000000001,6.35490845171175,10.4969081502577));
#13642=VECTOR('',#16251,0.75);
#13643=CARTESIAN_POINT('',(2.66706951941485,7.41430051729756,6.54320313635608));
#13644=CARTESIAN_POINT('',(8.26625000000001,6.76827171934175,8.95421543347983));
#13645=VECTOR('',#16252,0.75);
#13646=CARTESIAN_POINT('',(2.62534134201601,7.4167066886501,6.53422318261673));
#13647=CARTESIAN_POINT('',(8.26625000000001,7.09143504581397,7.74815347994254));
#13648=VECTOR('',#16253,0.75);
#13649=CARTESIAN_POINT('',(2.5827088387912,7.41670668865009,6.53422318261674));
#13650=CARTESIAN_POINT('',(8.26625000000001,7.41670668865072,6.53422318261439));
#13651=VECTOR('',#16254,0.75);
#13652=CARTESIAN_POINT('',(2.54085147198864,7.41422621431147,6.54348043887534));
#13653=CARTESIAN_POINT('',(8.26625000000001,7.75351425873365,5.27724021869108));
#13654=VECTOR('',#16255,0.75);
#13655=CARTESIAN_POINT('',(2.49899410518608,7.40943367170885,6.56136645136573));
#13656=CARTESIAN_POINT('',(8.26625000000001,8.06976712523052,4.09696845288545));
#13657=VECTOR('',#16256,0.75);
#13658=CARTESIAN_POINT('',(2.4734146032512,7.40456682612015,6.57952976637539));
#13659=CARTESIAN_POINT('',(8.26625000000001,8.50673196868442,2.46619345599411));
#13660=VECTOR('',#16257,0.75);
#13661=CARTESIAN_POINT('',(2.44744753310516,7.39717367900447,6.60712136703891));
#13662=CARTESIAN_POINT('',(37.4833648937403,17.3723341388891,-30.6206842829031));
#13663=VECTOR('',#16258,0.75);
#13664=CARTESIAN_POINT('',(2.42251397818883,7.38762574529228,6.64275474076011));
#13665=CARTESIAN_POINT('',(28.4966659947047,17.3723341388891,-30.6206842829031));
#13666=VECTOR('',#16259,0.75);
#13667=CARTESIAN_POINT('',(2.40584854511004,7.37789205411486,6.67908137077942));
#13668=CARTESIAN_POINT('',(19.5177234430955,17.3723341388891,-30.6206842829031));
#13669=VECTOR('',#16260,0.75);
#13670=CARTESIAN_POINT('',(2.38879554382012,7.36325436585569,6.73370996706799));
#13671=CARTESIAN_POINT('',(14.0494380755133,17.3723341388891,-30.6206842829031));
#13672=VECTOR('',#16261,0.75);
#13673=CARTESIAN_POINT('',(2.38879554382011,7.34393558947304,6.80580862206813));
#13674=CARTESIAN_POINT('',(2.3887955438241,17.3723341388891,-30.6206842829031));
#13675=VECTOR('',#16262,0.75);
#13676=CARTESIAN_POINT('',(2.40597773451375,7.32937220419997,6.86015991583745));
#13677=CARTESIAN_POINT('',(-9.44292167006481,17.3723341388892,-30.6206842829031));
#13678=VECTOR('',#16263,0.75);
#13679=CARTESIAN_POINT('',(2.42251397818883,7.31964954673664,6.89644536747516));
#13680=CARTESIAN_POINT('',(-14.6750380678047,17.3723341388892,-30.6206842829031));
#13681=VECTOR('',#16264,0.75);
#13682=CARTESIAN_POINT('',(2.44770591191261,7.31001627632425,6.93239722209723));
#13683=CARTESIAN_POINT('',(-23.8662283855602,17.3723341388891,-30.6206842829031));
#13684=VECTOR('',#16265,0.75);
#13685=CARTESIAN_POINT('',(2.49860653697495,7.29534143657205,6.9871644696454));
#13686=CARTESIAN_POINT('',(-32.45409045718,17.3723341388891,-30.6206842829031));
#13687=VECTOR('',#16266,0.75);
#13688=CARTESIAN_POINT('',(2.54085147198865,7.29051174247639,7.00518913339542));
#13689=CARTESIAN_POINT('',(8.26625000000001,6.63594987708184,9.44804727174494));
#13690=VECTOR('',#16267,0.75);
#13691=CARTESIAN_POINT('',(2.58283802819491,7.28809689542855,7.01420146527045));
#13692=CARTESIAN_POINT('',(8.26625000000001,6.96121677326898,8.23413468915426));
#13693=VECTOR('',#16268,0.75);
#13694=CARTESIAN_POINT('',(2.62598882805492,7.28809689542855,7.01420146527045));
#13695=CARTESIAN_POINT('',(8.26625000000001,7.28809689542876,7.01420146526969));
#13696=VECTOR('',#16269,0.75);
#13697=CARTESIAN_POINT('',(2.67607352004118,7.2928765886426,6.99636340735104));
#13698=CARTESIAN_POINT('',(8.26625000000001,7.82635952578237,5.00537798097432));
#13699=VECTOR('',#16270,0.75);
#13700=CARTESIAN_POINT('',(2.71807367513207,7.30030493190958,6.96864045286261));
#13701=CARTESIAN_POINT('',(8.26625000000001,8.28158126666763,3.30646731528056));
#13702=VECTOR('',#16271,0.75);
#13703=CARTESIAN_POINT('',(2.69264688183582,7.24686587842368,7.16807771558037));
#13704=CARTESIAN_POINT('',(7.51043783605761,17.3723341388891,-30.6206842829031));
#13705=VECTOR('',#16272,0.75);
#13706=CARTESIAN_POINT('',(2.41425516616283,7.24686587842368,7.16807771558036));
#13707=CARTESIAN_POINT('',(8.26625000000001,7.24686587842362,7.16807771558059));
#13708=VECTOR('',#16273,0.75);
#13709=CARTESIAN_POINT('',(2.41425516616283,7.2225924048232,7.25866755233354));
#13710=CARTESIAN_POINT('',(2.41425516616216,17.3723341388891,-30.6206842829031));
#13711=VECTOR('',#16274,0.75);
#13712=CARTESIAN_POINT('',(2.76014798551627,7.22259240482319,7.25866755233357));
#13713=CARTESIAN_POINT('',(8.26625000000001,7.22259240482316,7.25866755233372));
#13714=VECTOR('',#16275,0.75);
#13715=CARTESIAN_POINT('',(2.81085732574584,7.32937220419996,6.86015991583746));
#13716=CARTESIAN_POINT('',(7.58022359756111,17.3723341388891,-30.6206842829031));
#13717=VECTOR('',#16276,0.75);
#13718=CARTESIAN_POINT('',(2.72610907691104,7.32937220419996,6.86015991583745));
#13719=CARTESIAN_POINT('',(8.26625000000001,7.32937220419978,6.86015991583812));
#13720=VECTOR('',#16277,0.75);
#13721=CARTESIAN_POINT('',(2.70983121204338,7.32212766305646,6.88719691146251));
#13722=CARTESIAN_POINT('',(25.2917863235284,17.3723341388891,-30.6206842829031));
#13723=VECTOR('',#16278,0.75);
#13724=CARTESIAN_POINT('',(2.67598358827094,7.31480881892688,6.91451120960679));
#13725=CARTESIAN_POINT('',(8.26625000000001,8.52358757354098,2.40328748227713));
#13726=VECTOR('',#16279,0.75);
#13727=CARTESIAN_POINT('',(2.62534134201601,7.30990482184513,6.93281317587607));
#13728=CARTESIAN_POINT('',(8.26625000000001,7.85614835650074,4.89420455123528));
#13729=VECTOR('',#16280,0.75);
#13730=CARTESIAN_POINT('',(2.58232127058006,7.30990482184513,6.93281317587606));
#13731=CARTESIAN_POINT('',(8.26625000000001,7.30990482184493,6.93281317587681));
#13732=VECTOR('',#16281,0.75);
#13733=CARTESIAN_POINT('',(2.54033471437378,7.31488312191297,6.91423390708755));
#13734=CARTESIAN_POINT('',(8.26625000000001,6.63596760631679,9.44798110533934));
#13735=VECTOR('',#16282,0.75);
#13736=CARTESIAN_POINT('',(2.50713303761993,7.32209051156342,6.88733556272213));
#13737=CARTESIAN_POINT('',(8.26625000000001,6.07190666397923,11.5530852007083));
#13738=VECTOR('',#16283,0.75);
#13739=CARTESIAN_POINT('',(2.49008003632999,7.329409355693,6.86002126457785));
#13740=CARTESIAN_POINT('',(-20.9100643375988,17.3723341388892,-30.6206842829031));
#13741=VECTOR('',#16284,0.75);
#13742=CARTESIAN_POINT('',(2.47302703504007,7.34140928794608,6.81523690772199));
#13743=CARTESIAN_POINT('',(-11.7818346437304,17.3723341388891,-30.6206842829031));
#13744=VECTOR('',#16285,0.75);
#13745=CARTESIAN_POINT('',(2.47302703504007,7.36095097328699,6.74230634516417));
#13746=CARTESIAN_POINT('',(2.47302703504124,17.3723341388891,-30.6206842829031));
#13747=VECTOR('',#16286,0.75);
#13748=CARTESIAN_POINT('',(2.49033841513741,7.37313666300529,6.69682873201023));
#13749=CARTESIAN_POINT('',(16.695517783318,17.3723341388891,-30.6206842829031));
#13750=VECTOR('',#16287,0.75);
#13751=CARTESIAN_POINT('',(2.5070038482162,7.38034405265574,6.66993038764479));
#13752=CARTESIAN_POINT('',(25.6111858311623,17.3723341388891,-30.6206842829031));
#13753=VECTOR('',#16288,0.75);
#13754=CARTESIAN_POINT('',(2.54085147198866,7.38758859379923,6.64289339201973));
#13755=CARTESIAN_POINT('',(8.26625000000001,8.61301834561709,2.06952729712895));
#13756=VECTOR('',#16289,0.75);
#13757=CARTESIAN_POINT('',(8.26625000000001,8.04920885401467,4.17369296557876));
#13758=VECTOR('',#16290,0.75);
#13759=CARTESIAN_POINT('',(2.81899625817968,7.35604707365157,6.73163017297011));
#13760=VECTOR('',#16291,0.75);
#13761=CARTESIAN_POINT('',(2.80246001450459,7.37053615593856,6.67755618172));
#13762=VECTOR('',#16292,0.75);
#13763=CARTESIAN_POINT('',(2.73502314576714,7.35363222660374,6.74064250484513));
#13764=VECTOR('',#16293,0.75);
#13765=CARTESIAN_POINT('',(2.71784095507349,7.36592937080116,6.69474893791233));
#13766=VECTOR('',#16294,0.75);
#13767=CARTESIAN_POINT('',(2.70117552199471,7.37302530597248,6.66826654732575));
#13768=VECTOR('',#16295,0.75);
#13769=CARTESIAN_POINT('',(2.66771546643341,7.38026984711598,6.6412295517007));
#13770=VECTOR('',#16296,0.75);
#13771=CARTESIAN_POINT('',(2.62559972082344,7.38521099569078,6.62278893417181));
#13772=VECTOR('',#16297,0.75);
#13773=CARTESIAN_POINT('',(2.58296721759862,7.38521099569077,6.62278893417182));
#13774=VECTOR('',#16298,0.75);
#13775=CARTESIAN_POINT('',(2.54085147198864,7.38034415010207,6.64095224918146));
#13776=VECTOR('',#16299,0.75);
#13777=CARTESIAN_POINT('',(2.50700384821621,7.37309960895857,6.66798924480652));
#13778=VECTOR('',#16300,0.75);
#13779=CARTESIAN_POINT('',(2.49033841513741,7.36589221930811,6.69488758917196));
#13780=VECTOR('',#16301,0.75);
#13781=CARTESIAN_POINT('',(2.47302703504007,7.35370652958982,6.7403652023259));
#13782=VECTOR('',#16302,0.75);
#13783=CARTESIAN_POINT('',(2.47302703504007,7.3341648442489,6.81329576488372));
#13784=VECTOR('',#16303,0.75);
#13785=CARTESIAN_POINT('',(2.49008003632999,7.32216491199583,6.85808012173957));
#13786=VECTOR('',#16304,0.75);
#13787=CARTESIAN_POINT('',(2.50713303761991,7.31484606786625,6.88539441988385));
#13788=VECTOR('',#16305,0.75);
#13789=CARTESIAN_POINT('',(2.54033471437379,7.3076386782158,6.91229276424929));
#13790=VECTOR('',#16306,0.75);
#13791=CARTESIAN_POINT('',(2.58232127058006,7.30266037814796,6.93087203303779));
#13792=VECTOR('',#16307,0.75);
#13793=CARTESIAN_POINT('',(2.625341342016,7.30266037814796,6.93087203303779));
#13794=VECTOR('',#16308,0.75);
#13795=CARTESIAN_POINT('',(2.67598358827094,7.30756437522971,6.91257006676852));
#13796=VECTOR('',#16309,0.75);
#13797=CARTESIAN_POINT('',(2.70983121204337,7.31488321935929,6.88525576862424));
#13798=VECTOR('',#16310,0.75);
#13799=CARTESIAN_POINT('',(2.72610907691104,7.32212776050279,6.85821877299919));
#13800=VECTOR('',#16311,0.75);
#13801=CARTESIAN_POINT('',(2.81085732574584,7.32212776050279,6.8582187729992));
#13802=VECTOR('',#16312,0.75);
#13803=CARTESIAN_POINT('',(2.76014798551627,7.21534796112603,7.25672640949529));
#13804=VECTOR('',#16313,0.75);
#13805=CARTESIAN_POINT('',(2.41425516616283,7.21534796112603,7.25672640949528));
#13806=VECTOR('',#16314,0.75);
#13807=CARTESIAN_POINT('',(2.41425516616283,7.23962143472652,7.16613657274208));
#13808=VECTOR('',#16315,0.75);
#13809=CARTESIAN_POINT('',(2.69264688183582,7.23962143472651,7.1661365727421));
#13810=VECTOR('',#16316,0.75);
#13811=CARTESIAN_POINT('',(2.71807367513207,7.29306048821241,6.96669931002433));
#13812=VECTOR('',#16317,0.75);
#13813=CARTESIAN_POINT('',(2.67607352004119,7.28563214494543,6.99442226451276));
#13814=VECTOR('',#16318,0.75);
#13815=CARTESIAN_POINT('',(2.6259888280549,7.28085245173138,7.01226032243218));
#13816=VECTOR('',#16319,0.75);
#13817=CARTESIAN_POINT('',(2.58283802819491,7.28085245173138,7.01226032243218));
#13818=VECTOR('',#16320,0.75);
#13819=CARTESIAN_POINT('',(2.54085147198865,7.28326729877922,7.00324799055715));
#13820=VECTOR('',#16321,0.75);
#13821=CARTESIAN_POINT('',(2.49860653697496,7.28809699287488,6.98522332680713));
#13822=VECTOR('',#16322,0.75);
#13823=CARTESIAN_POINT('',(2.4477059119126,7.30277183262709,6.93045607925895));
#13824=VECTOR('',#16323,0.75);
#13825=CARTESIAN_POINT('',(2.42251397818883,7.31240510303947,6.89450422463688));
#13826=VECTOR('',#16324,0.75);
#13827=CARTESIAN_POINT('',(2.40597773451375,7.32212776050279,6.85821877299917));
#13828=VECTOR('',#16325,0.75);
#13829=CARTESIAN_POINT('',(2.38879554382011,7.33669114577587,6.80386747922986));
#13830=VECTOR('',#16326,0.75);
#13831=CARTESIAN_POINT('',(2.38879554382012,7.35600992215853,6.73176882422971));
#13832=VECTOR('',#16327,0.75);
#13833=CARTESIAN_POINT('',(2.40584854511004,7.37064761041769,6.67714022794116));
#13834=VECTOR('',#16328,0.75);
#13835=CARTESIAN_POINT('',(2.42251397818883,7.38038130159511,6.64081359792184));
#13836=VECTOR('',#16329,0.75);
#13837=CARTESIAN_POINT('',(2.44744753310517,7.38992923530731,6.60518022420064));
#13838=VECTOR('',#16330,0.75);
#13839=CARTESIAN_POINT('',(2.4734146032512,7.39732238242298,6.57758862353712));
#13840=VECTOR('',#16331,0.75);
#13841=CARTESIAN_POINT('',(2.49899410518608,7.40218922801169,6.55942530852746));
#13842=VECTOR('',#16332,0.75);
#13843=CARTESIAN_POINT('',(2.54085147198865,7.4069817706143,6.54153929603707));
#13844=VECTOR('',#16333,0.75);
#13845=CARTESIAN_POINT('',(2.58270883879121,7.40946224495292,6.53228203977847));
#13846=VECTOR('',#16334,0.75);
#13847=CARTESIAN_POINT('',(2.625341342016,7.40946224495293,6.53228203977846));
#13848=VECTOR('',#16335,0.75);
#13849=CARTESIAN_POINT('',(2.66706951941485,7.40705607360039,6.54126199351781));
#13850=VECTOR('',#16336,0.75);
#13851=CARTESIAN_POINT('',(2.70957283323597,7.40215207651864,6.55956395978708));
#13852=VECTOR('',#16337,0.75);
#13853=CARTESIAN_POINT('',(2.73502314576715,7.39732238242298,6.57758862353713));
#13854=VECTOR('',#16338,0.75);
#13855=CARTESIAN_POINT('',(2.76008589008718,7.39007784127948,6.60462561916219));
#13856=VECTOR('',#16339,0.75);
#13857=CARTESIAN_POINT('',(2.78540701321466,7.38049275607423,6.64039764414302));
#13858=VECTOR('',#16340,0.75);
#13859=CARTESIAN_POINT('',(5.77754273504271,6.67953973245711,9.26604920026411));
#13860=CARTESIAN_POINT('',(5.77754273504271,4.34973247961458,8.64177922834479));
#13861=VECTOR('',#16341,1.0);
#13862=CARTESIAN_POINT('',(5.66634273504271,6.65075905464171,9.37346015214745));
#13863=AXIS2_PLACEMENT_3D('',#16342,#16343,#16344);
#13864=CARTESIAN_POINT('',(5.66634273504271,4.32095180179918,8.74919018022813));
#13865=VECTOR('',#16345,1.0);
#13866=CARTESIAN_POINT('',(4.32365726495726,6.65075905464171,9.37346015214745));
#13867=CARTESIAN_POINT('',(7.37754273504271,6.65075905464171,9.37346015214744));
#13868=VECTOR('',#16346,1.0);
#13869=CARTESIAN_POINT('',(4.32365726495726,4.32095180179918,8.74919018022813));
#13870=VECTOR('',#16347,1.0);
#13871=CARTESIAN_POINT('',(4.21245726495726,6.67953973245711,9.26604920026411));
#13872=AXIS2_PLACEMENT_3D('',#16348,#16349,#16350);
#13873=CARTESIAN_POINT('',(4.21245726495726,4.34973247961458,8.64177922834479));
#13874=VECTOR('',#16351,1.0);
#13875=CARTESIAN_POINT('',(4.21245726495726,7.03608884898903,7.93538978197315));
#13876=CARTESIAN_POINT('',(4.21245726495725,20.8307956461527,-43.5471568605579));
#13877=VECTOR('',#16352,1.0);
#13878=CARTESIAN_POINT('',(4.21245726495726,4.27392414216596,7.19526997941816));
#13879=VECTOR('',#16353,1.0);
#13880=CARTESIAN_POINT('',(4.32365726495726,7.06486952680443,7.82797883008981));
#13881=AXIS2_PLACEMENT_3D('',#16354,#16355,#16356);
#13882=CARTESIAN_POINT('',(4.32365726495726,4.30270481998136,7.08785902753482));
#13883=VECTOR('',#16357,1.0);
#13884=CARTESIAN_POINT('',(5.66634273504271,7.06486952680443,7.82797883008981));
#13885=CARTESIAN_POINT('',(7.37754273504271,7.06486952680445,7.8279788300898));
#13886=VECTOR('',#16358,1.0);
#13887=CARTESIAN_POINT('',(5.66634273504271,4.30270481998136,7.08785902753482));
#13888=VECTOR('',#16359,1.0);
#13889=CARTESIAN_POINT('',(5.77754273504271,7.03608884898903,7.93538978197315));
#13890=AXIS2_PLACEMENT_3D('',#16360,#16361,#16362);
#13891=CARTESIAN_POINT('',(5.77754273504271,4.27392414216596,7.19526997941816));
#13892=VECTOR('',#16363,1.0);
#13893=CARTESIAN_POINT('',(5.77754273504271,20.8307956461527,-43.5471568605579));
#13894=VECTOR('',#16364,1.0);
#13895=CARTESIAN_POINT('',(5.14398087744241,6.82713944093323,8.71519958904887));
#13896=CARTESIAN_POINT('',(4.90398524269536,6.82713944093323,8.71519958904887));
#13897=CARTESIAN_POINT('',(5.14398087744235,6.82713944093323,8.71519958904886));
#13898=CARTESIAN_POINT('',(5.14398087744235,6.82932057148135,8.70705949902534));
#13899=CARTESIAN_POINT('',(5.14310680013428,6.83150170202947,8.69891940900182));
#13900=CARTESIAN_POINT('',(5.13786233628591,6.83793723228526,8.67490168311356));
#13901=CARTESIAN_POINT('',(5.13094772526261,6.84198804694916,8.65978383697584));
#13902=CARTESIAN_POINT('',(5.11117895712746,6.84908507176198,8.63329737979183));
#13903=CARTESIAN_POINT('',(5.09854533414426,6.85205210974528,8.62222424329014));
#13904=CARTESIAN_POINT('',(5.06941861594257,6.8564383122986,8.60585471250885));
#13905=CARTESIAN_POINT('',(5.05325044918597,6.85780854577931,8.60074093154063));
#13906=CARTESIAN_POINT('',(5.01980205510286,6.85872551180427,8.59731876774668));
#13907=CARTESIAN_POINT('',(5.00289496748836,6.85826201496538,8.59904856149857));
#13908=CARTESIAN_POINT('',(4.97090842872986,6.85555119270588,8.60916548790127));
#13909=CARTESIAN_POINT('',(4.95618580930196,6.85333410836158,8.61743975931889));
#13910=CARTESIAN_POINT('',(4.93119188900796,6.84746422361335,8.63934646743387));
#13911=CARTESIAN_POINT('',(4.92119941241667,6.84387690578834,8.65273451981971));
#13912=CARTESIAN_POINT('',(4.90751978646877,6.83586291495056,8.68264314079767));
#13913=CARTESIAN_POINT('',(4.90398524269536,6.83152564348655,8.6988300582676));
#13914=CARTESIAN_POINT('',(4.90398524269536,6.82713944093323,8.71519958904887));
#13915=CARTESIAN_POINT('',(4.90398524269536,6.82713944093323,8.71519958904887));
#13916=CARTESIAN_POINT('',(4.90398524269536,6.82275323837991,8.73156911983015));
#13917=CARTESIAN_POINT('',(4.90751978646877,6.81841596691589,8.74775603730008));
#13918=CARTESIAN_POINT('',(4.92119941241667,6.81040197607812,8.77766465827803));
#13919=CARTESIAN_POINT('',(4.93119188900796,6.80681465825311,8.79105271066388));
#13920=CARTESIAN_POINT('',(4.95618580930196,6.80094477350487,8.81295941877885));
#13921=CARTESIAN_POINT('',(4.97090842872986,6.79872768916057,8.82123369019647));
#13922=CARTESIAN_POINT('',(5.00289496748836,6.79601686690107,8.83135061659919));
#13923=CARTESIAN_POINT('',(5.01980205510286,6.79555337006219,8.83308041035107));
#13924=CARTESIAN_POINT('',(5.05325044918597,6.79647033608715,8.82965824655711));
#13925=CARTESIAN_POINT('',(5.06941861594257,6.79784056956785,8.82454446558889));
#13926=CARTESIAN_POINT('',(5.09854533414426,6.80222677212117,8.8081749348076));
#13927=CARTESIAN_POINT('',(5.11117895712747,6.80519381010447,8.79710179830592));
#13928=CARTESIAN_POINT('',(5.13094772526261,6.81229083491729,8.77061534112191));
#13929=CARTESIAN_POINT('',(5.13786233628591,6.81634164958119,8.75549749498419));
#13930=CARTESIAN_POINT('',(5.14310680013428,6.82277717983699,8.73147976909592));
#13931=CARTESIAN_POINT('',(5.14398087744235,6.82495831038511,8.72333967907239));
#13932=CARTESIAN_POINT('',(5.14398087744235,6.82713944093323,8.71519958904887));
#13933=CARTESIAN_POINT('',(5.60364434947761,6.99727174375781,8.08025719089884));
#13934=CARTESIAN_POINT('',(5.60364434947761,6.71835683768726,9.12118179134243));
#13935=CARTESIAN_POINT('',(5.60364434947751,20.8307956461527,-43.5471568605579));
#13936=VECTOR('',#16365,1.0);
#13937=CARTESIAN_POINT('',(5.52024434947761,6.69677132932571,9.20174000525494));
#13938=AXIS2_PLACEMENT_3D('',#16366,#16367,#16368);
#13939=CARTESIAN_POINT('',(5.16534919278241,6.69677132932571,9.20174000525494));
#13940=CARTESIAN_POINT('',(2.61500000000001,6.69677132932571,9.20174000525494));
#13941=VECTOR('',#16369,1.0);
#13942=CARTESIAN_POINT('',(5.08194919278236,6.71835683768726,9.12118179134243));
#13943=AXIS2_PLACEMENT_3D('',#16370,#16371,#16372);
#13944=CARTESIAN_POINT('',(5.08194919278236,6.7513699003735,8.99797536408392));
#13945=CARTESIAN_POINT('',(5.08194919278235,20.8307956461527,-43.5471568605579));
#13946=VECTOR('',#16373,1.0);
#13947=CARTESIAN_POINT('',(5.12884469195941,6.77083277777015,8.92533891677814));
#13948=AXIS2_PLACEMENT_3D('',#16374,#16375,#16376);
#13949=CARTESIAN_POINT('',(5.12884465708271,6.88344608565634,8.50506033013846));
#13950=CARTESIAN_POINT('',(5.12884469195941,6.77083277777016,8.92533891677813));
#13951=CARTESIAN_POINT('',(5.15573379391624,6.77423959303853,8.91262450910456));
#13952=CARTESIAN_POINT('',(5.17994645449787,6.77892677919109,8.89513169223865));
#13953=CARTESIAN_POINT('',(5.22054781066991,6.79038569265517,8.85236644499116));
#13954=CARTESIAN_POINT('',(5.23656984906601,6.79705861851428,8.82746274664984));
#13955=CARTESIAN_POINT('',(5.25838143389751,6.81159667712352,8.77320597327674));
#13956=CARTESIAN_POINT('',(5.26397870739131,6.81933365434026,8.74433118120687));
#13957=CARTESIAN_POINT('',(5.26397870739141,6.83494522752618,8.68606799689094));
#13958=CARTESIAN_POINT('',(5.25838143389751,6.84268220474292,8.65719320482106));
#13959=CARTESIAN_POINT('',(5.23656984906611,6.85722026335215,8.60293643144797));
#13960=CARTESIAN_POINT('',(5.22054781067001,6.86389318921127,8.57803273310663));
#13961=CARTESIAN_POINT('',(5.17994645449792,6.87535210267534,8.53526748585918));
#13962=CARTESIAN_POINT('',(5.15573379391636,6.8800392888279,8.51777466899329));
#13963=CARTESIAN_POINT('',(5.12884469195969,6.88344610409627,8.50506026131973));
#13964=CARTESIAN_POINT('',(5.08194919278246,6.90290898149294,8.43242381401386));
#13965=AXIS2_PLACEMENT_3D('',#16377,#16378,#16379);
#13966=CARTESIAN_POINT('',(5.08194919278246,6.9972717437578,8.08025719089885));
#13967=CARTESIAN_POINT('',(5.08194919278246,8.72741673632704,1.62326817416955));
#13968=VECTOR('',#16380,1.0);
#13969=CARTESIAN_POINT('',(5.16534919278241,7.01885725211935,7.99969897698634));
#13970=AXIS2_PLACEMENT_3D('',#16381,#16382,#16383);
#13971=CARTESIAN_POINT('',(5.52024434947751,7.01885725211936,7.99969897698633));
#13972=CARTESIAN_POINT('',(7.37754273504271,7.01885725211938,7.99969897698626));
#13973=VECTOR('',#16384,1.0);
#13974=AXIS2_PLACEMENT_3D('',#16385,#16386,#16387);
#13975=CARTESIAN_POINT('',(4.88261693573906,6.95750755254074,8.22865917284281));
#13976=CARTESIAN_POINT('',(4.88261693573906,6.69677132932571,9.20174000525494));
#13977=CARTESIAN_POINT('',(4.8826169357394,6.95750755254074,8.22865917284281));
#13978=CARTESIAN_POINT('',(4.88050910306585,6.95750755254074,8.22865917284281));
#13979=CARTESIAN_POINT('',(4.8784012703923,6.95750755254074,8.22865917284281));
#13980=CARTESIAN_POINT('',(4.81065630392896,6.95750755254074,8.22865917284281));
#13981=CARTESIAN_POINT('',(4.74566141434526,6.95413546567839,8.24124397234065));
#13982=CARTESIAN_POINT('',(4.62437980538316,6.94103227620072,8.29014574121251));
#13983=CARTESIAN_POINT('',(4.56927979855835,6.93142938527042,8.32598421806393));
#13984=CARTESIAN_POINT('',(4.47645487375756,6.90721784813235,8.41634290479257));
#13985=CARTESIAN_POINT('',(4.43963822624806,6.89284610622781,8.46997897577354));
#13986=CARTESIAN_POINT('',(4.38940173894956,6.86121220848048,8.58803828940805));
#13987=CARTESIAN_POINT('',(4.37647345159486,6.84425958302651,8.65130634892394));
#13988=CARTESIAN_POINT('',(4.37647345159486,6.81001929883994,8.77909282917381));
#13989=CARTESIAN_POINT('',(4.38940173894956,6.79306667338598,8.84236088868969));
#13990=CARTESIAN_POINT('',(4.43963822624807,6.76143277563864,8.9604202023242));
#13991=CARTESIAN_POINT('',(4.47645487375756,6.74706103373411,9.01405627330517));
#13992=CARTESIAN_POINT('',(4.56927979855836,6.72284949659603,9.10441496003382));
#13993=CARTESIAN_POINT('',(4.62437980538316,6.71324660566573,9.14025343688523));
#13994=CARTESIAN_POINT('',(4.74566141434526,6.70014341618806,9.1891552057571));
#13995=CARTESIAN_POINT('',(4.81065630392897,6.69677132932571,9.20174000525494));
#13996=CARTESIAN_POINT('',(4.8784012703922,6.69677132932571,9.20174000525494));
#13997=CARTESIAN_POINT('',(4.88050910306563,6.69677132932571,9.20174000525494));
#13998=CARTESIAN_POINT('',(4.88261693573906,6.69677132932571,9.20174000525494));
#13999=CARTESIAN_POINT('',(4.96601693573906,6.93592204417919,8.30921738675532));
#14000=AXIS2_PLACEMENT_3D('',#16388,#16389,#16390);
#14001=CARTESIAN_POINT('',(4.96601693573906,6.90290898149294,8.43242381401386));
#14002=CARTESIAN_POINT('',(4.96601693573906,8.11052932626885,3.92552333105629));
#14003=VECTOR('',#16391,1.0);
#14004=CARTESIAN_POINT('',(4.91912147146401,6.88344608565953,8.50506033012656));
#14005=AXIS2_PLACEMENT_3D('',#16392,#16393,#16394);
#14006=CARTESIAN_POINT('',(4.91912143656363,6.77083277776994,8.92533891677891));
#14007=CARTESIAN_POINT('',(4.91912143658701,6.88344610409946,8.5050602613078));
#14008=CARTESIAN_POINT('',(4.89223233462015,6.88003928883083,8.51777466898235));
#14009=CARTESIAN_POINT('',(4.86801967403,6.87535210267713,8.5352674858525));
#14010=CARTESIAN_POINT('',(4.82741831785147,6.86389318921127,8.57803273310663));
#14011=CARTESIAN_POINT('',(4.81139627945536,6.85722026335216,8.60293643144797));
#14012=CARTESIAN_POINT('',(4.78958469462407,6.84268220474292,8.65719320482106));
#14013=CARTESIAN_POINT('',(4.78398742113006,6.83494522752618,8.68606799689094));
#14014=CARTESIAN_POINT('',(4.78398742113006,6.81933365434026,8.74433118120687));
#14015=CARTESIAN_POINT('',(4.78958469462407,6.81159667712352,8.77320597327674));
#14016=CARTESIAN_POINT('',(4.81139627945536,6.79705861851428,8.82746274664984));
#14017=CARTESIAN_POINT('',(4.82741831785147,6.79038569265517,8.85236644499116));
#14018=CARTESIAN_POINT('',(4.86801967402412,6.77892677919097,8.89513169223909));
#14019=CARTESIAN_POINT('',(4.89223233460622,6.77423959303834,8.91262450910527));
#14020=CARTESIAN_POINT('',(4.91912143656363,6.77083277776994,8.92533891677891));
#14021=CARTESIAN_POINT('',(4.96601693573906,6.7513699003735,8.99797536408392));
#14022=AXIS2_PLACEMENT_3D('',#16395,#16396,#16397);
#14023=CARTESIAN_POINT('',(4.96601693573906,6.71835683768726,9.12118179134243));
#14024=CARTESIAN_POINT('',(4.96601693573906,8.11052932626885,3.92552333105629));
#14025=VECTOR('',#16398,1.0);
#14026=AXIS2_PLACEMENT_3D('',#16399,#16400,#16401);
#14027=CARTESIAN_POINT('',(5.14398087744241,6.846457957459,8.72037596995092));
#14028=CARTESIAN_POINT('',(4.90398524269536,6.846457957459,8.72037596995092));
#14029=CARTESIAN_POINT('',(5.14398087744235,6.846457957459,8.72037596995091));
#14030=CARTESIAN_POINT('',(5.14398087744235,6.84863908800712,8.71223587992739));
#14031=CARTESIAN_POINT('',(5.14310680013428,6.85082021855524,8.70409578990387));
#14032=CARTESIAN_POINT('',(5.13786233628591,6.85725574881103,8.68007806401561));
#14033=CARTESIAN_POINT('',(5.13094772526261,6.86130656347492,8.66496021787789));
#14034=CARTESIAN_POINT('',(5.11117895712746,6.86840358828775,8.63847376069387));
#14035=CARTESIAN_POINT('',(5.09854533414426,6.87137062627105,8.62740062419219));
#14036=CARTESIAN_POINT('',(5.06941861594257,6.87575682882437,8.6110310934109));
#14037=CARTESIAN_POINT('',(5.05325044918597,6.87712706230508,8.60591731244268));
#14038=CARTESIAN_POINT('',(5.01980205510286,6.87804402833003,8.60249514864873));
#14039=CARTESIAN_POINT('',(5.00289496748836,6.87758053149114,8.60422494240062));
#14040=CARTESIAN_POINT('',(4.97090842872986,6.87486970923165,8.61434186880332));
#14041=CARTESIAN_POINT('',(4.95618580930196,6.87265262488735,8.62261614022094));
#14042=CARTESIAN_POINT('',(4.93119188900796,6.86678274013911,8.64452284833592));
#14043=CARTESIAN_POINT('',(4.92119941241667,6.8631954223141,8.65791090072175));
#14044=CARTESIAN_POINT('',(4.90751978646877,6.85518143147633,8.68781952169972));
#14045=CARTESIAN_POINT('',(4.90398524269536,6.85084416001231,8.70400643916964));
#14046=CARTESIAN_POINT('',(4.90398524269536,6.846457957459,8.72037596995092));
#14047=CARTESIAN_POINT('',(5.14398087744241,6.81748018267033,8.71261139859785));
#14048=VECTOR('',#16402,1.0);
#14049=CARTESIAN_POINT('',(4.90398524269536,6.81748018267033,8.71261139859785));
#14050=VECTOR('',#16403,1.0);
#14051=CARTESIAN_POINT('',(4.90398524269536,6.846457957459,8.72037596995092));
#14052=CARTESIAN_POINT('',(4.90398524269536,6.84207175490568,8.7367455007322));
#14053=CARTESIAN_POINT('',(4.90751978646877,6.83773448344166,8.75293241820213));
#14054=CARTESIAN_POINT('',(4.92119941241667,6.82972049260389,8.78284103918008));
#14055=CARTESIAN_POINT('',(4.93119188900796,6.82613317477888,8.79622909156593));
#14056=CARTESIAN_POINT('',(4.95618580930196,6.82026329003064,8.8181357996809));
#14057=CARTESIAN_POINT('',(4.97090842872986,6.81804620568634,8.82641007109852));
#14058=CARTESIAN_POINT('',(5.00289496748836,6.81533538342684,8.83652699750124));
#14059=CARTESIAN_POINT('',(5.01980205510286,6.81487188658796,8.83825679125311));
#14060=CARTESIAN_POINT('',(5.05325044918597,6.81578885261291,8.83483462745915));
#14061=CARTESIAN_POINT('',(5.06941861594257,6.81715908609362,8.82972084649094));
#14062=CARTESIAN_POINT('',(5.09854533414426,6.82154528864694,8.81335131570964));
#14063=CARTESIAN_POINT('',(5.11117895712747,6.82451232663024,8.80227817920797));
#14064=CARTESIAN_POINT('',(5.13094772526261,6.83160935144306,8.77579172202395));
#14065=CARTESIAN_POINT('',(5.13786233628591,6.83566016610696,8.76067387588624));
#14066=CARTESIAN_POINT('',(5.14310680013428,6.84209569636275,8.73665614999796));
#14067=CARTESIAN_POINT('',(5.14398087744235,6.84427682691087,8.72851605997443));
#14068=CARTESIAN_POINT('',(5.14398087744235,6.846457957459,8.72037596995091));
#14069=CARTESIAN_POINT('',(5.60364434947761,7.01659026028358,8.08543357180088));
#14070=CARTESIAN_POINT('',(5.60364434947761,6.73767535421303,9.12635817224448));
#14071=CARTESIAN_POINT('',(5.60364434947761,8.74925811501822,1.61902910528977));
#14072=VECTOR('',#16404,1.0);
#14073=CARTESIAN_POINT('',(5.52024434947751,7.03817576864513,8.00487535788838));
#14074=AXIS2_PLACEMENT_3D('',#16405,#16406,#16407);
#14075=CARTESIAN_POINT('',(5.16534919278241,7.03817576864512,8.00487535788839));
#14076=CARTESIAN_POINT('',(4.87970800394267,7.03817576864512,8.0048753578884));
#14077=VECTOR('',#16408,1.0);
#14078=CARTESIAN_POINT('',(5.08194919278246,7.01659026028357,8.0854335718009));
#14079=AXIS2_PLACEMENT_3D('',#16409,#16410,#16411);
#14080=CARTESIAN_POINT('',(5.08194919278246,6.92222749801871,8.43760019491591));
#14081=CARTESIAN_POINT('',(5.08194919278246,8.74925811501822,1.61902910528977));
#14082=VECTOR('',#16412,1.0);
#14083=CARTESIAN_POINT('',(5.12884465708271,6.90276460218211,8.51023671104051));
#14084=AXIS2_PLACEMENT_3D('',#16413,#16414,#16415);
#14085=CARTESIAN_POINT('',(5.12884469195961,6.79015129429595,8.93051529768009));
#14086=CARTESIAN_POINT('',(5.12884469195961,6.79015129429595,8.93051529768008));
#14087=CARTESIAN_POINT('',(5.15573379391636,6.79355810956432,8.91780089000652));
#14088=CARTESIAN_POINT('',(5.17994645449792,6.79824529571687,8.90030807314065));
#14089=CARTESIAN_POINT('',(5.22054781066991,6.80970420918094,8.85754282589321));
#14090=CARTESIAN_POINT('',(5.23656984906601,6.81637713504005,8.83263912755189));
#14091=CARTESIAN_POINT('',(5.25838143389751,6.83091519364929,8.77838235417879));
#14092=CARTESIAN_POINT('',(5.26397870739131,6.83865217086603,8.74950756210892));
#14093=CARTESIAN_POINT('',(5.26397870739141,6.85426374405195,8.69124437779299));
#14094=CARTESIAN_POINT('',(5.25838143389751,6.86200072126869,8.66236958572311));
#14095=CARTESIAN_POINT('',(5.23656984906611,6.87653877987793,8.60811281235002));
#14096=CARTESIAN_POINT('',(5.22054781067001,6.88321170573704,8.58320911400868));
#14097=CARTESIAN_POINT('',(5.17994645449792,6.89467061920111,8.54044386676123));
#14098=CARTESIAN_POINT('',(5.15573379391636,6.89935780535367,8.52295104989534));
#14099=CARTESIAN_POINT('',(5.12884469195969,6.90276462062204,8.51023664222178));
#14100=CARTESIAN_POINT('',(5.08194919278236,6.77068841689927,9.00315174498597));
#14101=AXIS2_PLACEMENT_3D('',#16416,#16417,#16418);
#14102=CARTESIAN_POINT('',(5.08194919278236,6.73767535421303,9.12635817224448));
#14103=CARTESIAN_POINT('',(5.08194919278236,8.74925811501822,1.61902910528977));
#14104=VECTOR('',#16419,1.0);
#14105=CARTESIAN_POINT('',(5.16534919278241,6.71608984585148,9.20691638615698));
#14106=AXIS2_PLACEMENT_3D('',#16420,#16421,#16422);
#14107=CARTESIAN_POINT('',(5.52024434947761,6.71608984585148,9.20691638615698));
#14108=CARTESIAN_POINT('',(4.87970800394267,6.71608984585148,9.20691638615698));
#14109=VECTOR('',#16423,1.0);
#14110=AXIS2_PLACEMENT_3D('',#16424,#16425,#16426);
#14111=CARTESIAN_POINT('',(5.08194919278246,4.28217731143691,7.35274983038423));
#14112=VECTOR('',#16427,1.0);
#14113=CARTESIAN_POINT('',(5.08194919278246,6.89324972323009,8.42983562356284));
#14114=VECTOR('',#16428,1.0);
#14115=CARTESIAN_POINT('',(5.52024434947751,4.30376281979846,7.27219161647171));
#14116=VECTOR('',#16429,1.0);
#14117=CARTESIAN_POINT('',(5.16534919278241,4.30376281979846,7.27219161647173));
#14118=VECTOR('',#16430,1.0);
#14119=CARTESIAN_POINT('',(5.60364434947761,4.28217731143691,7.35274983038422));
#14120=VECTOR('',#16431,1.0);
#14121=CARTESIAN_POINT('',(5.60364434947761,4.34147931034385,8.48429937738308));
#14122=VECTOR('',#16432,1.0);
#14123=CARTESIAN_POINT('',(5.52024434947761,4.3198938019823,8.56485759129559));
#14124=VECTOR('',#16433,1.0);
#14125=CARTESIAN_POINT('',(5.16534919278231,4.3198938019823,8.56485759129559));
#14126=VECTOR('',#16434,1.0);
#14127=CARTESIAN_POINT('',(5.08194919278236,4.34147931034385,8.48429937738308));
#14128=VECTOR('',#16435,1.0);
#14129=CARTESIAN_POINT('',(5.08194919278236,6.74171064211065,8.9953871736329));
#14130=VECTOR('',#16436,1.0);
#14131=CARTESIAN_POINT('',(5.12884465708261,6.76117353794725,8.92275065750826));
#14132=VECTOR('',#16437,1.0);
#14133=CARTESIAN_POINT('',(5.12884465708271,6.87378682739349,8.50247213968745));
#14134=VECTOR('',#16438,1.0);
#14135=CARTESIAN_POINT('',(4.96601693573906,6.95524056070496,8.31439376765736));
#14136=CARTESIAN_POINT('',(4.96601693573906,6.92222749801871,8.43760019491591));
#14137=CARTESIAN_POINT('',(4.96601693573906,8.13123484987704,3.92552333105629));
#14138=VECTOR('',#16439,1.0);
#14139=CARTESIAN_POINT('',(4.88261693573906,6.97682606906651,8.23383555374486));
#14140=AXIS2_PLACEMENT_3D('',#16440,#16441,#16442);
#14141=CARTESIAN_POINT('',(4.88261693573906,6.71608984585148,9.20691638615699));
#14142=CARTESIAN_POINT('',(4.8826169357394,6.97682606906651,8.23383555374486));
#14143=CARTESIAN_POINT('',(4.88050910306585,6.97682606906651,8.23383555374486));
#14144=CARTESIAN_POINT('',(4.8784012703923,6.97682606906651,8.23383555374486));
#14145=CARTESIAN_POINT('',(4.81065630392896,6.97682606906651,8.23383555374486));
#14146=CARTESIAN_POINT('',(4.74566141434526,6.97345398220416,8.2464203532427));
#14147=CARTESIAN_POINT('',(4.62437980538316,6.96035079272649,8.29532212211456));
#14148=CARTESIAN_POINT('',(4.56927979855835,6.95074790179619,8.33116059896598));
#14149=CARTESIAN_POINT('',(4.47645487375756,6.92653636465812,8.42151928569462));
#14150=CARTESIAN_POINT('',(4.43963822624806,6.91216462275358,8.47515535667559));
#14151=CARTESIAN_POINT('',(4.38940173894956,6.88053072500624,8.5932146703101));
#14152=CARTESIAN_POINT('',(4.37647345159486,6.86357809955228,8.65648272982598));
#14153=CARTESIAN_POINT('',(4.37647345159486,6.82933781536571,8.78426921007586));
#14154=CARTESIAN_POINT('',(4.38940173894956,6.81238518991175,8.84753726959174));
#14155=CARTESIAN_POINT('',(4.43963822624807,6.78075129216441,8.96559658322625));
#14156=CARTESIAN_POINT('',(4.47645487375756,6.76637955025988,9.01923265420722));
#14157=CARTESIAN_POINT('',(4.56927979855836,6.7421680131218,9.10959134093587));
#14158=CARTESIAN_POINT('',(4.62437980538316,6.7325651221915,9.14542981778728));
#14159=CARTESIAN_POINT('',(4.74566141434526,6.71946193271383,9.19433158665915));
#14160=CARTESIAN_POINT('',(4.81065630392897,6.71608984585148,9.20691638615699));
#14161=CARTESIAN_POINT('',(4.8784012703922,6.71608984585148,9.20691638615699));
#14162=CARTESIAN_POINT('',(4.88050910306563,6.71608984585148,9.20691638615699));
#14163=CARTESIAN_POINT('',(4.88261693573906,6.71608984585148,9.20691638615699));
#14164=CARTESIAN_POINT('',(4.96601693573906,6.73767535421303,9.12635817224448));
#14165=AXIS2_PLACEMENT_3D('',#16443,#16444,#16445);
#14166=CARTESIAN_POINT('',(4.96601693573906,6.77068841689927,9.00315174498597));
#14167=CARTESIAN_POINT('',(4.96601693573906,8.13123484987704,3.92552333105629));
#14168=VECTOR('',#16446,1.0);
#14169=CARTESIAN_POINT('',(4.91912143656386,6.79015129429568,8.93051529768107));
#14170=AXIS2_PLACEMENT_3D('',#16447,#16448,#16449);
#14171=CARTESIAN_POINT('',(4.919121471489,6.90276460218847,8.51023671101678));
#14172=CARTESIAN_POINT('',(4.919121436612,6.9027646206284,8.51023664219803));
#14173=CARTESIAN_POINT('',(4.89223233463516,6.89935780535951,8.52295104987356));
#14174=CARTESIAN_POINT('',(4.86801967403629,6.89467061920467,8.54044386674792));
#14175=CARTESIAN_POINT('',(4.82741831785147,6.88321170573704,8.58320911400868));
#14176=CARTESIAN_POINT('',(4.81139627945536,6.87653877987793,8.60811281235002));
#14177=CARTESIAN_POINT('',(4.78958469462407,6.86200072126869,8.66236958572311));
#14178=CARTESIAN_POINT('',(4.78398742113006,6.85426374405195,8.69124437779299));
#14179=CARTESIAN_POINT('',(4.78398742113006,6.83865217086603,8.74950756210892));
#14180=CARTESIAN_POINT('',(4.78958469462407,6.83091519364929,8.77838235417879));
#14181=CARTESIAN_POINT('',(4.81139627945536,6.81637713504005,8.83263912755189));
#14182=CARTESIAN_POINT('',(4.82741831785147,6.80970420918094,8.85754282589321));
#14183=CARTESIAN_POINT('',(4.86801967402418,6.79824529571672,8.9003080731412));
#14184=CARTESIAN_POINT('',(4.89223233460636,6.79355810956408,8.91780089000743));
#14185=CARTESIAN_POINT('',(4.91912143656386,6.79015129429569,8.93051529768107));
#14186=AXIS2_PLACEMENT_3D('',#16450,#16451,#16452);
#14187=CARTESIAN_POINT('',(4.91912147143879,6.87378682739347,8.50247213968748));
#14188=VECTOR('',#16453,1.0);
#14189=CARTESIAN_POINT('',(4.96601693573906,6.89324972323008,8.42983562356284));
#14190=VECTOR('',#16454,1.0);
#14191=CARTESIAN_POINT('',(4.96601693573906,6.94558130244208,8.31180557720634));
#14192=VECTOR('',#16455,1.0);
#14193=CARTESIAN_POINT('',(4.96601693573906,6.72801609595014,9.12376998179345));
#14194=VECTOR('',#16456,1.0);
#14195=CARTESIAN_POINT('',(4.88261693573906,6.70643058758859,9.20432819570596));
#14196=VECTOR('',#16457,1.0);
#14197=CARTESIAN_POINT('',(3.71000000000001,6.73478205644381,9.02124500736594));
#14198=CARTESIAN_POINT('',(3.71000000000001,7.43223203714304,6.41832624365846));
#14199=VECTOR('',#16458,1.0);
#14200=CARTESIAN_POINT('',(3.71000000000001,4.23936561071103,8.35260018595251));
#14201=VECTOR('',#16459,1.0);
#14202=CARTESIAN_POINT('',(4.96601693573906,6.74171064211063,8.9953871736329));
#14203=VECTOR('',#16460,1.0);
#14204=CARTESIAN_POINT('',(4.91912147143885,6.76117353794723,8.92275065750828));
#14205=VECTOR('',#16461,1.0);
#14206=CARTESIAN_POINT('',(4.88261693573906,6.96716681080363,8.23124736329383));
#14207=VECTOR('',#16462,1.0);
#14208=CARTESIAN_POINT('',(4.21000000000001,6.60537253389255,9.50420792051047));
#14209=CARTESIAN_POINT('',(6.70000000000001,6.60537253389255,9.50420792051048));
#14210=VECTOR('',#16463,1.0);
#14211=CARTESIAN_POINT('',(4.21000000000001,4.10995608815977,8.83556309909704));
#14212=VECTOR('',#16464,1.0);
#14213=CARTESIAN_POINT('',(3.5499144708583,7.25657323628624,7.13184936283001));
#14214=CARTESIAN_POINT('',(3.5499144708583,7.27598035825034,7.05942099763134));
#14215=CARTESIAN_POINT('',(3.54991447085797,17.3723341388891,-30.6206842829031));
#14216=VECTOR('',#16465,0.75);
#14217=CARTESIAN_POINT('',(3.3896357444716,7.27598035825034,7.05942099763135));
#14218=CARTESIAN_POINT('',(8.26625000000001,7.27598035825038,7.05942099763118));
#14219=VECTOR('',#16466,0.75);
#14220=CARTESIAN_POINT('',(3.38963574447159,7.41670668865009,6.53422318261675));
#14221=CARTESIAN_POINT('',(3.38963574447125,17.3723341388891,-30.6206842829031));
#14222=VECTOR('',#16467,0.75);
#14223=CARTESIAN_POINT('',(3.30522552505403,7.41670668865008,6.53422318261676));
#14224=CARTESIAN_POINT('',(8.26625000000001,7.41670668865022,6.53422318261624));
#14225=VECTOR('',#16468,0.75);
#14226=CARTESIAN_POINT('',(3.30522552505403,7.22259240482321,7.25866755233353));
#14227=CARTESIAN_POINT('',(3.30522552505415,17.3723341388891,-30.6206842829031));
#14228=VECTOR('',#16469,0.75);
#14229=CARTESIAN_POINT('',(3.37291980124999,7.2225924048232,7.25866755233356));
#14230=CARTESIAN_POINT('',(8.26625000000001,7.22259240482261,7.25866755233574));
#14231=VECTOR('',#16470,0.75);
#14232=CARTESIAN_POINT('',(3.38121609220563,7.22993916608145,7.23124906604667));
#14233=CARTESIAN_POINT('',(14.8344615051993,17.3723341388891,-30.6206842829031));
#14234=VECTOR('',#16471,0.75);
#14235=CARTESIAN_POINT('',(3.40649417557175,7.23958299283582,7.19525781462));
#14236=CARTESIAN_POINT('',(29.966130170917,17.3723341388891,-30.6206842829031));
#14237=VECTOR('',#16472,0.75);
#14238=CARTESIAN_POINT('',(3.43179928854204,7.24685403601887,7.16812191203682));
#14239=CARTESIAN_POINT('',(38.671091839957,17.3723341388891,-30.6206842829031));
#14240=VECTOR('',#16473,0.75);
#14241=CARTESIAN_POINT('',(3.46548486605989,7.25170102119522,7.15003271709516));
#14242=CARTESIAN_POINT('',(8.26625000000001,7.9424784741571,4.57201616591838));
#14243=VECTOR('',#16474,0.75);
#14244=CARTESIAN_POINT('',(3.49087280626422,7.25413626809004,7.1409442519547));
#14245=CARTESIAN_POINT('',(8.26625000000001,7.71219715798727,5.431437737898));
#14246=VECTOR('',#16475,0.75);
#14247=CARTESIAN_POINT('',(3.53285600123382,7.25657323628625,7.13184936283001));
#14248=CARTESIAN_POINT('',(8.26625000000001,7.53132913905846,6.10644637400467));
#14249=VECTOR('',#16476,0.75);
#14250=CARTESIAN_POINT('',(8.26625000000001,7.25657323628623,7.13184936283011));
#14251=VECTOR('',#16477,0.75);
#14252=CARTESIAN_POINT('',(3.5499144708583,7.24932879258908,7.12990821999174));
#14253=VECTOR('',#16478,0.75);
#14254=CARTESIAN_POINT('',(3.5499144708583,7.26873591455317,7.05747985479307));
#14255=VECTOR('',#16479,0.75);
#14256=CARTESIAN_POINT('',(3.53285600123383,7.24932879258908,7.12990821999174));
#14257=VECTOR('',#16480,0.75);
#14258=CARTESIAN_POINT('',(3.49087280626422,7.24689182439287,7.13900310911644));
#14259=VECTOR('',#16481,0.75);
#14260=CARTESIAN_POINT('',(3.46548486605986,7.24445657749804,7.1480915742569));
#14261=VECTOR('',#16482,0.75);
#14262=CARTESIAN_POINT('',(3.43179928854204,7.2396095923217,7.16618076919855));
#14263=VECTOR('',#16483,0.75);
#14264=CARTESIAN_POINT('',(3.40649417557176,7.23233854913865,7.19331667178172));
#14265=VECTOR('',#16484,0.75);
#14266=CARTESIAN_POINT('',(3.38121609220564,7.22269472238429,7.2293079232084));
#14267=VECTOR('',#16485,0.75);
#14268=CARTESIAN_POINT('',(3.37291980124999,7.21534796112602,7.25672640949528));
#14269=VECTOR('',#16486,0.75);
#14270=CARTESIAN_POINT('',(3.30522552505403,7.21534796112603,7.25672640949526));
#14271=VECTOR('',#16487,0.75);
#14272=CARTESIAN_POINT('',(3.30522552505403,7.40946224495292,6.53228203977849));
#14273=VECTOR('',#16488,0.75);
#14274=CARTESIAN_POINT('',(3.3896357444716,7.40946224495292,6.53228203977848));
#14275=VECTOR('',#16489,0.75);
#14276=CARTESIAN_POINT('',(3.3896357444716,7.26873591455317,7.05747985479308));
#14277=VECTOR('',#16490,0.75);
#14278=CARTESIAN_POINT('',(5.88750033095331,7.4167066886501,6.53422318261675));
#14279=CARTESIAN_POINT('',(5.64313807916441,7.4167066886501,6.53422318261675));
#14280=CARTESIAN_POINT('',(8.87625000000001,7.41670668865009,6.53422318261675));
#14281=VECTOR('',#16491,0.75);
#14282=CARTESIAN_POINT('',(5.58573912996041,7.41436644024763,6.54295710855707));
#14283=CARTESIAN_POINT('',(8.87625000000001,7.54852591378659,6.04226713699296));
#14284=VECTOR('',#16492,0.75);
#14285=CARTESIAN_POINT('',(5.53325132079541,7.40942333633109,6.56140502352068));
#14286=CARTESIAN_POINT('',(8.87625000000001,7.72425434427403,5.38643970607949));
#14287=VECTOR('',#16493,0.75);
#14288=CARTESIAN_POINT('',(5.49856639427111,7.40448023241456,6.57985293848427));
#14289=CARTESIAN_POINT('',(8.87625000000001,7.88584902091628,4.78336016261794));
#14290=VECTOR('',#16494,0.75);
#14291=CARTESIAN_POINT('',(5.44945499388271,7.39265209089999,6.62399616357574));
#14292=CARTESIAN_POINT('',(8.87625000000001,8.21797199530481,3.54386034783905));
#14293=VECTOR('',#16495,0.75);
#14294=CARTESIAN_POINT('',(5.41760352807581,7.38132227702152,6.66627960461052));
#14295=CARTESIAN_POINT('',(33.5052999463481,17.3723341388891,-30.6206842829031));
#14296=VECTOR('',#16496,0.75);
#14297=CARTESIAN_POINT('',(5.38089877145351,7.36531336312274,6.72602568465475));
#14298=CARTESIAN_POINT('',(28.3246952345753,17.3723341388891,-30.6206842829031));
#14299=VECTOR('',#16497,0.75);
#14300=CARTESIAN_POINT('',(5.35520544181781,7.34349901890903,6.80743792559411));
#14301=CARTESIAN_POINT('',(17.1673490512942,17.3723341388892,-30.6206842829031));
#14302=VECTOR('',#16498,0.75);
#14303=CARTESIAN_POINT('',(5.34725274454971,7.32731418287951,6.86784055596847));
#14304=CARTESIAN_POINT('',(10.2830458917388,17.3723341388891,-30.6206842829031));
#14305=VECTOR('',#16499,0.75);
#14306=CARTESIAN_POINT('',(5.34725274454971,7.31183303537299,6.92561698502225));
#14307=CARTESIAN_POINT('',(5.34725274455251,17.3723341388891,-30.6206842829031));
#14308=VECTOR('',#16500,0.75);
#14309=CARTESIAN_POINT('',(5.35642893370531,7.29582412147423,6.98536306506644));
#14310=CARTESIAN_POINT('',(-0.41935089325661,17.3723341388892,-30.6206842829031));
#14311=VECTOR('',#16501,0.75);
#14312=CARTESIAN_POINT('',(5.37967527956611,7.27383385512976,7.06743185633598));
#14313=CARTESIAN_POINT('',(-5.2956492751444,17.3723341388892,-30.6206842829031));
#14314=VECTOR('',#16502,0.75);
#14315=CARTESIAN_POINT('',(5.41393305241361,7.2569453305772,7.13046068803097));
#14316=CARTESIAN_POINT('',(-15.1047742497554,17.3723341388892,-30.6206842829031));
#14317=VECTOR('',#16503,0.75);
#14318=CARTESIAN_POINT('',(5.44783186987061,7.24460925714658,7.17649954083994));
#14319=CARTESIAN_POINT('',(-22.3825712930385,17.3723341388892,-30.6206842829031));
#14320=VECTOR('',#16504,0.75);
#14321=CARTESIAN_POINT('',(5.49066447096891,7.23477891622035,7.21318687263238));
#14322=CARTESIAN_POINT('',(8.87625000000001,6.45776656740285,10.1130364365277));
#14323=VECTOR('',#16505,0.75);
#14324=CARTESIAN_POINT('',(5.53184966433251,7.229804526836,7.2317515465514));
#14325=CARTESIAN_POINT('',(8.87625000000001,6.82586446566204,8.73927637806512));
#14326=VECTOR('',#16506,0.75);
#14327=CARTESIAN_POINT('',(5.58374300797081,7.22488935637287,7.25009521244766));
#14328=CARTESIAN_POINT('',(8.87625000000001,6.91303369277083,8.41395639363856));
#14329=VECTOR('',#16507,0.75);
#14330=CARTESIAN_POINT('',(5.64222598254721,7.22259240482321,7.25866755233355));
#14331=CARTESIAN_POINT('',(8.87625000000001,7.09557430199309,7.73270556557655));
#14332=VECTOR('',#16508,0.75);
#14333=CARTESIAN_POINT('',(5.88750033095331,7.2225924048232,7.25866755233355));
#14334=CARTESIAN_POINT('',(8.87625000000001,7.22259240482318,7.25866755233363));
#14335=VECTOR('',#16509,0.75);
#14336=CARTESIAN_POINT('',(5.88750033095301,17.3723341388891,-30.6206842829031));
#14337=VECTOR('',#16510,0.75);
#14338=CARTESIAN_POINT('',(5.54161631369981,7.25639731415549,7.13250591316017));
#14339=CARTESIAN_POINT('',(5.51671517305601,7.26127503999674,7.11430199249527));
#14340=CARTESIAN_POINT('',(8.87625000000001,6.60319716017743,9.5702820753181));
#14341=VECTOR('',#16511,0.75);
#14342=CARTESIAN_POINT('',(5.49109226021961,7.26864351945903,7.08680245276742));
#14343=CARTESIAN_POINT('',(-29.6431556387694,17.3723341388892,-30.6206842829031));
#14344=VECTOR('',#16512,0.75);
#14345=CARTESIAN_POINT('',(5.46510846128701,7.28099350616346,7.04071167491371));
#14346=CARTESIAN_POINT('',(-15.7666039475666,17.3723341388891,-30.6206842829031));
#14347=VECTOR('',#16513,0.75);
#14348=CARTESIAN_POINT('',(5.44886858695411,7.29573046508807,6.98571259545803));
#14349=CARTESIAN_POINT('',(-5.65537471060083,17.3723341388892,-30.6206842829031));
#14350=VECTOR('',#16514,0.75);
#14351=CARTESIAN_POINT('',(5.43984643454691,7.31181658222407,6.92567838900996));
#14352=CARTESIAN_POINT('',(-0.20275344980969,17.3723341388892,-30.6206842829031));
#14353=VECTOR('',#16515,0.75);
#14354=CARTESIAN_POINT('',(5.44128997893211,7.32696866675219,6.86913003971046));
#14355=CARTESIAN_POINT('',(6.39831545599541,17.3723341388891,-30.6206842829031));
#14356=VECTOR('',#16516,0.75);
#14357=CARTESIAN_POINT('',(5.44814681476151,7.34388503509521,6.80599729357472));
#14358=CARTESIAN_POINT('',(9.51305174792401,17.3723341388892,-30.6206842829031));
#14359=VECTOR('',#16517,0.75);
#14360=CARTESIAN_POINT('',(5.46546934738331,7.35862199401982,6.75099821411904));
#14361=CARTESIAN_POINT('',(17.2360697936469,17.3723341388891,-30.6206842829031));
#14362=VECTOR('',#16518,0.75);
#14363=CARTESIAN_POINT('',(5.49037048802711,7.37055685512073,6.70645670610914));
#14364=CARTESIAN_POINT('',(26.3582851394714,17.3723341388891,-30.6206842829031));
#14365=VECTOR('',#16519,0.75);
#14366=CARTESIAN_POINT('',(5.51707605915231,7.37792533458304,6.67895716638128));
#14367=CARTESIAN_POINT('',(41.7397996948093,17.3723341388891,-30.6206842829031));
#14368=VECTOR('',#16520,0.75);
#14369=CARTESIAN_POINT('',(5.54053365541091,7.38249171622165,6.66191519809929));
#14370=CARTESIAN_POINT('',(8.87625000000001,8.03184017032548,4.23851377556742));
#14371=VECTOR('',#16521,0.75);
#14372=CARTESIAN_POINT('',(5.58363258739231,7.38757375253471,6.64294878037301));
#14373=CARTESIAN_POINT('',(8.87625000000001,7.77582470184238,5.19397651146992));
#14374=VECTOR('',#16522,0.75);
#14375=CARTESIAN_POINT('',(5.64259425082331,7.39003672453359,6.63375684373554));
#14376=CARTESIAN_POINT('',(8.87625000000001,7.52511438518299,6.12964015122445));
#14377=VECTOR('',#16523,0.75);
#14378=CARTESIAN_POINT('',(5.79467232551881,7.3900150384031,6.63383777747639));
#14379=CARTESIAN_POINT('',(8.87625000000001,7.38957560953919,6.63547774832279));
#14380=VECTOR('',#16524,0.75);
#14381=CARTESIAN_POINT('',(5.79466433437531,7.24928404644876,7.15905298964954));
#14382=CARTESIAN_POINT('',(5.79523915265061,17.3723341388892,-30.6206842829031));
#14383=VECTOR('',#16525,0.75);
#14384=CARTESIAN_POINT('',(5.64085999017861,7.24923639749495,7.15923081796609));
#14385=CARTESIAN_POINT('',(8.87625000000001,7.25023872906069,7.15549006563671));
#14386=VECTOR('',#16526,0.75);
#14387=CARTESIAN_POINT('',(5.58311821477271,7.251727151116,7.14993519890317));
#14388=CARTESIAN_POINT('',(8.87625000000001,7.10967436764998,7.68008340415495));
#14389=VECTOR('',#16527,0.75);
#14390=CARTESIAN_POINT('',(8.87625000000001,6.88115467250851,8.53293051695309));
#14391=VECTOR('',#16528,0.75);
#14392=CARTESIAN_POINT('',(5.51671517305601,7.27576392739106,7.1181842781718));
#14393=CARTESIAN_POINT('',(5.51671517305601,7.25403059629957,7.11236084965699));
#14394=VECTOR('',#16529,0.75);
#14395=CARTESIAN_POINT('',(5.49109226021961,7.28313240685336,7.09068473844396));
#14396=CARTESIAN_POINT('',(1.9161892716098,8.31118099053827,3.25395519148265));
#14397=VECTOR('',#16530,0.75);
#14398=CARTESIAN_POINT('',(5.49109226021961,7.26139907576187,7.08486130992915));
#14399=VECTOR('',#16531,0.75);
#14400=CARTESIAN_POINT('',(5.46510846128701,7.29548239355779,7.04459396059024));
#14401=CARTESIAN_POINT('',(3.32812574610332,8.31118099053827,3.25395519148265));
#14402=VECTOR('',#16532,0.75);
#14403=CARTESIAN_POINT('',(5.46510846128701,7.2737490624663,7.03877053207543));
#14404=VECTOR('',#16533,0.75);
#14405=CARTESIAN_POINT('',(5.44886858695411,7.31021935248239,6.98959488113457));
#14406=CARTESIAN_POINT('',(4.34582614127471,8.31118099053827,3.25395519148265));
#14407=VECTOR('',#16534,0.75);
#14408=CARTESIAN_POINT('',(5.44886858695411,7.2884860213909,6.98377145261976));
#14409=VECTOR('',#16535,0.75);
#14410=CARTESIAN_POINT('',(5.43984643454691,7.32630546961839,6.9295606746865));
#14411=CARTESIAN_POINT('',(4.88746347123045,8.31118099053827,3.25395519148265));
#14412=VECTOR('',#16536,0.75);
#14413=CARTESIAN_POINT('',(5.43984643454691,7.3045721385269,6.9237372461717));
#14414=VECTOR('',#16537,0.75);
#14415=CARTESIAN_POINT('',(5.44128997893211,7.34145755414651,6.873012325387));
#14416=CARTESIAN_POINT('',(5.53367586941131,8.31118099053827,3.25395519148265));
#14417=VECTOR('',#16538,0.75);
#14418=CARTESIAN_POINT('',(5.44128997893211,7.31972422305502,6.86718889687219));
#14419=VECTOR('',#16539,0.75);
#14420=CARTESIAN_POINT('',(5.44814681476151,7.35837392248954,6.80987957925126));
#14421=CARTESIAN_POINT('',(5.83435510192311,8.31118099053827,3.25395519148265));
#14422=VECTOR('',#16540,0.75);
#14423=CARTESIAN_POINT('',(5.44814681476151,7.33664059139804,6.80405615073645));
#14424=VECTOR('',#16541,0.75);
#14425=CARTESIAN_POINT('',(5.46546934738331,7.37311088141415,6.75488049979558));
#14426=CARTESIAN_POINT('',(6.56812221830091,8.31118099053827,3.25395519148265));
#14427=VECTOR('',#16542,0.75);
#14428=CARTESIAN_POINT('',(5.46546934738331,7.35137755032265,6.74905707128077));
#14429=VECTOR('',#16543,0.75);
#14430=CARTESIAN_POINT('',(5.49037048802711,7.38504574251506,6.71033899178568));
#14431=CARTESIAN_POINT('',(7.42267819325931,8.31118099053827,3.25395519148265));
#14432=VECTOR('',#16544,0.75);
#14433=CARTESIAN_POINT('',(5.49037048802711,7.36331241142357,6.70451556327087));
#14434=VECTOR('',#16545,0.75);
#14435=CARTESIAN_POINT('',(5.51707605915231,7.39241422197737,6.68283945205783));
#14436=CARTESIAN_POINT('',(8.84696133749601,8.31118099053827,3.25395519148265));
#14437=VECTOR('',#16546,0.75);
#14438=CARTESIAN_POINT('',(5.51707605915231,7.37068089088587,6.67701602354302));
#14439=VECTOR('',#16547,0.75);
#14440=CARTESIAN_POINT('',(5.54053365541091,7.39698060361597,6.66579748377582));
#14441=CARTESIAN_POINT('',(7.00287395167501,7.6816476174324,5.60340572497397));
#14442=VECTOR('',#16548,0.75);
#14443=CARTESIAN_POINT('',(5.54053365541091,7.37524727252448,6.659974055261));
#14444=VECTOR('',#16549,0.75);
#14445=CARTESIAN_POINT('',(5.58363258739231,7.40206263992904,6.64683106604954));
#14446=CARTESIAN_POINT('',(7.00287395167501,7.56941333329219,6.02226977573638));
#14447=VECTOR('',#16550,0.75);
#14448=CARTESIAN_POINT('',(5.58363258739231,7.38032930883754,6.64100763753474));
#14449=VECTOR('',#16551,0.75);
#14450=CARTESIAN_POINT('',(5.64259425082331,7.40452561192793,6.63763912941207));
#14451=CARTESIAN_POINT('',(7.00287395167501,7.46134780144723,6.42557583112872));
#14452=VECTOR('',#16552,0.75);
#14453=CARTESIAN_POINT('',(5.64259425082331,7.38279228083643,6.63181570089727));
#14454=VECTOR('',#16553,0.75);
#14455=CARTESIAN_POINT('',(5.79467232551881,7.40450392579743,6.63772006315291));
#14456=CARTESIAN_POINT('',(7.00287395167501,7.40433163785792,6.63836305049667));
#14457=VECTOR('',#16554,0.75);
#14458=CARTESIAN_POINT('',(5.79467232551881,7.38277059470593,6.63189663463811));
#14459=VECTOR('',#16555,0.75);
#14460=CARTESIAN_POINT('',(5.79466433437531,7.26377293384309,7.16293527532608));
#14461=CARTESIAN_POINT('',(5.79472380946311,8.31118099053827,3.25395519148265));
#14462=VECTOR('',#16556,0.75);
#14463=CARTESIAN_POINT('',(5.79466433437531,7.24203960275159,7.15711184681127));
#14464=VECTOR('',#16557,0.75);
#14465=CARTESIAN_POINT('',(5.64085999017861,7.26372528488927,7.16311310364264));
#14466=CARTESIAN_POINT('',(7.00287395167501,7.26414724007318,7.16153834545778));
#14467=VECTOR('',#16558,0.75);
#14468=CARTESIAN_POINT('',(5.64085999017861,7.24199195379778,7.15728967512783));
#14469=VECTOR('',#16559,0.75);
#14470=CARTESIAN_POINT('',(5.58311821477281,7.26621603851033,7.15381748457972));
#14471=CARTESIAN_POINT('',(7.00287395167501,7.20497334692612,7.38237832116424));
#14472=VECTOR('',#16560,0.75);
#14473=CARTESIAN_POINT('',(5.58311821477271,7.24448270741884,7.14799405606491));
#14474=VECTOR('',#16561,0.75);
#14475=CARTESIAN_POINT('',(5.54161631369981,7.27088620154982,7.13638819883671));
#14476=CARTESIAN_POINT('',(7.00287395167501,7.10645249524698,7.75006314523578));
#14477=VECTOR('',#16562,0.75);
#14478=CARTESIAN_POINT('',(5.54161631369981,7.24915287045833,7.1305647703219));
#14479=VECTOR('',#16563,0.75);
#14480=CARTESIAN_POINT('',(7.00287395167501,6.98464974983748,8.20463717960541));
#14481=VECTOR('',#16564,0.75);
#14482=CARTESIAN_POINT('',(5.88750033095331,7.21534796112603,7.25672640949528));
#14483=VECTOR('',#16565,0.75);
#14484=CARTESIAN_POINT('',(5.88750033095331,7.40946224495292,6.53228203977848));
#14485=VECTOR('',#16566,0.75);
#14486=CARTESIAN_POINT('',(5.64222598254721,7.21534796112603,7.25672640949528));
#14487=VECTOR('',#16567,0.75);
#14488=CARTESIAN_POINT('',(5.58374300797081,7.2176449126757,7.24815406960938));
#14489=VECTOR('',#16568,0.75);
#14490=CARTESIAN_POINT('',(5.53184966433251,7.22256008313882,7.22981040371316));
#14491=VECTOR('',#16569,0.75);
#14492=CARTESIAN_POINT('',(5.49066447096881,7.22753447252318,7.2112457297941));
#14493=VECTOR('',#16570,0.75);
#14494=CARTESIAN_POINT('',(5.44783186987061,7.23736481344941,7.17455839800167));
#14495=VECTOR('',#16571,0.75);
#14496=CARTESIAN_POINT('',(5.41393305241361,7.24970088688003,7.12851954519269));
#14497=VECTOR('',#16572,0.75);
#14498=CARTESIAN_POINT('',(5.37967527956611,7.26658941143258,7.06549071349771));
#14499=VECTOR('',#16573,0.75);
#14500=CARTESIAN_POINT('',(5.35642893370531,7.28857967777705,6.98342192222818));
#14501=VECTOR('',#16574,0.75);
#14502=CARTESIAN_POINT('',(5.34725274454971,7.30458859167582,6.92367584218397));
#14503=VECTOR('',#16575,0.75);
#14504=CARTESIAN_POINT('',(5.34725274454971,7.32006973918233,6.86589941313021));
#14505=VECTOR('',#16576,0.75);
#14506=CARTESIAN_POINT('',(5.35520544181781,7.33625457521186,6.80549678275584));
#14507=VECTOR('',#16577,0.75);
#14508=CARTESIAN_POINT('',(5.38089877145351,7.35806891942557,6.72408454181647));
#14509=VECTOR('',#16578,0.75);
#14510=CARTESIAN_POINT('',(5.41760352807581,7.37407783332435,6.66433846177224));
#14511=VECTOR('',#16579,0.75);
#14512=CARTESIAN_POINT('',(5.44945499388271,7.38540764720283,6.62205502073746));
#14513=VECTOR('',#16580,0.75);
#14514=CARTESIAN_POINT('',(5.49856639427111,7.39723578871739,6.577911795646));
#14515=VECTOR('',#16581,0.75);
#14516=CARTESIAN_POINT('',(5.53325132079541,7.40217889263392,6.55946388068242));
#14517=VECTOR('',#16582,0.75);
#14518=CARTESIAN_POINT('',(5.58573912996051,7.40712199655046,6.54101596571879));
#14519=VECTOR('',#16583,0.75);
#14520=CARTESIAN_POINT('',(5.64313807916441,7.40946224495292,6.53228203977848));
#14521=VECTOR('',#16584,0.75);
#14522=CARTESIAN_POINT('',(6.95937477569231,7.41670668865009,6.53422318261674));
#14523=CARTESIAN_POINT('',(6.87488781971161,7.4167066886501,6.53422318261674));
#14524=CARTESIAN_POINT('',(8.87625000000001,7.41670668865007,6.5342231826168));
#14525=VECTOR('',#16585,0.75);
#14526=CARTESIAN_POINT('',(6.87488781971161,7.2225924048232,7.25866755233354));
#14527=CARTESIAN_POINT('',(6.87488781971021,17.3723341388891,-30.6206842829031));
#14528=VECTOR('',#16586,0.75);
#14529=CARTESIAN_POINT('',(6.99249327480241,7.2225924048232,7.25866755233355));
#14530=CARTESIAN_POINT('',(8.87625000000001,7.22259240482324,7.25866755233342));
#14531=VECTOR('',#16587,0.75);
#14532=CARTESIAN_POINT('',(7.20374527495281,7.37788894781138,6.67909296366184));
#14533=CARTESIAN_POINT('',(20.7993250372716,17.3723341388891,-30.6206842829031));
#14534=VECTOR('',#16588,0.75);
#14535=CARTESIAN_POINT('',(7.41499727510311,7.2225924048232,7.25866755233356));
#14536=CARTESIAN_POINT('',(-6.39183448736613,17.3723341388891,-30.6206842829031));
#14537=VECTOR('',#16589,0.75);
#14538=CARTESIAN_POINT('',(7.53260273019401,7.2225924048232,7.25866755233355));
#14539=CARTESIAN_POINT('',(8.87625000000001,7.22259240482323,7.25866755233344));
#14540=VECTOR('',#16590,0.75);
#14541=CARTESIAN_POINT('',(7.53260273019401,7.41670668865009,6.53422318261673));
#14542=CARTESIAN_POINT('',(7.53260273019431,17.3723341388891,-30.6206842829031));
#14543=VECTOR('',#16591,0.75);
#14544=CARTESIAN_POINT('',(7.44811577421341,7.41670668865009,6.53422318261675));
#14545=CARTESIAN_POINT('',(8.87625000000001,7.41670668865011,6.53422318261668));
#14546=VECTOR('',#16592,0.75);
#14547=CARTESIAN_POINT('',(7.44811577421341,7.26613631268905,7.09615947581807));
#14548=CARTESIAN_POINT('',(7.44811577421341,17.3723341388891,-30.6206842829031));
#14549=VECTOR('',#16593,0.75);
#14550=CARTESIAN_POINT('',(7.24705820808211,7.41670668865009,6.53422318261675));
#14551=CARTESIAN_POINT('',(-6.04675348414808,17.3723341388891,-30.6206842829031));
#14552=VECTOR('',#16594,0.75);
#14553=CARTESIAN_POINT('',(7.16043234182351,7.41670668865009,6.53422318261675));
#14554=CARTESIAN_POINT('',(8.87625000000001,7.41670668865007,6.5342231826168));
#14555=VECTOR('',#16595,0.75);
#14556=CARTESIAN_POINT('',(6.95937477569231,7.26613631268905,7.09615947581807));
#14557=CARTESIAN_POINT('',(20.4542440340526,17.3723341388891,-30.6206842829031));
#14558=VECTOR('',#16596,0.75);
#14559=CARTESIAN_POINT('',(6.95937477569161,17.3723341388891,-30.6206842829031));
#14560=VECTOR('',#16597,0.75);
#14561=CARTESIAN_POINT('',(7.53260273019401,7.40946224495292,6.53228203977847));
#14562=VECTOR('',#16598,0.75);
#14563=CARTESIAN_POINT('',(7.44811577421341,7.40946224495292,6.53228203977848));
#14564=VECTOR('',#16599,0.75);
#14565=CARTESIAN_POINT('',(7.53260273019401,7.21534796112603,7.25672640949528));
#14566=VECTOR('',#16600,0.75);
#14567=CARTESIAN_POINT('',(7.41499727510311,7.21534796112603,7.25672640949529));
#14568=VECTOR('',#16601,0.75);
#14569=CARTESIAN_POINT('',(7.20374527495281,7.37064450411421,6.67715182082356));
#14570=VECTOR('',#16602,0.75);
#14571=CARTESIAN_POINT('',(6.99249327480241,7.21534796112603,7.25672640949528));
#14572=VECTOR('',#16603,0.75);
#14573=CARTESIAN_POINT('',(6.87488781971161,7.21534796112603,7.25672640949529));
#14574=VECTOR('',#16604,0.75);
#14575=CARTESIAN_POINT('',(6.87488781971161,7.40946224495292,6.53228203977847));
#14576=VECTOR('',#16605,0.75);
#14577=CARTESIAN_POINT('',(6.95937477569231,7.40946224495292,6.53228203977847));
#14578=VECTOR('',#16606,0.75);
#14579=CARTESIAN_POINT('',(6.95937477569231,7.25889186899189,7.09421833297981));
#14580=VECTOR('',#16607,0.75);
#14581=CARTESIAN_POINT('',(7.16043234182351,7.40946224495292,6.53228203977848));
#14582=VECTOR('',#16608,0.75);
#14583=CARTESIAN_POINT('',(7.24705820808211,7.40946224495292,6.53228203977848));
#14584=VECTOR('',#16609,0.75);
#14585=CARTESIAN_POINT('',(7.44811577421341,7.25889186899189,7.0942183329798));
#14586=VECTOR('',#16610,0.75);
#14587=AXIS2_PLACEMENT_3D('',#16611,#16612,#16613);
#14588=AXIS2_PLACEMENT_3D('',#16614,#16615,#16616);
#14589=CARTESIAN_POINT('',(9.57000000000001,8.10017656446474,3.92552333105629));
#14590=VECTOR('',#16617,1.0);
#14591=CARTESIAN_POINT('',(6.28000000000001,7.05521026854153,7.82539063963879));
#14592=CARTESIAN_POINT('',(7.68999999999997,7.05521026854152,7.82539063963881));
#14593=VECTOR('',#16618,1.0);
#14594=CARTESIAN_POINT('',(6.28000000000001,7.05521026854153,7.8253906396388));
#14595=VECTOR('',#16619,1.0);
#14596=CARTESIAN_POINT('',(6.28000000000001,7.60538709544702,5.77210276848044));
#14597=VECTOR('',#16620,1.0);
#14598=CARTESIAN_POINT('',(10.155,8.8817841970012E-16,5.40000000000001));
#14599=CARTESIAN_POINT('',(10.155,8.8817841970012E-16,0.0));
#14600=CARTESIAN_POINT('',(10.155,8.8817841970012E-16,3.92552333105629));
#14601=VECTOR('',#16621,1.0);
#14602=CARTESIAN_POINT('',(10.155,8.8817841970012E-16,0.0));
#14603=VECTOR('',#16622,1.0);
#14604=CARTESIAN_POINT('',(10.155,8.15000000000001,0.0));
#14605=CARTESIAN_POINT('',(10.155,8.8817841970012E-16,0.0));
#14606=VECTOR('',#16623,1.0);
#14607=CARTESIAN_POINT('',(10.155,8.15000000000001,3.73957973823103));
#14608=CARTESIAN_POINT('',(10.155,8.15000000000001,3.92552333105629));
#14609=VECTOR('',#16624,1.0);
#14610=CARTESIAN_POINT('',(10.155,6.57986334150757,9.59940952255125));
#14611=CARTESIAN_POINT('',(10.155,8.10017656446474,3.92552333105629));
#14612=VECTOR('',#16625,1.0);
#14613=CARTESIAN_POINT('',(10.155,6.09690042836304,9.96999999999999));
#14614=AXIS2_PLACEMENT_3D('',#16626,#16627,#16628);
#14615=CARTESIAN_POINT('',(10.155,2.10011373794116,9.96999999999999));
#14616=CARTESIAN_POINT('',(10.155,1.625,9.96999999999999));
#14617=VECTOR('',#16629,1.0);
#14618=CARTESIAN_POINT('',(10.155,1.60770986143506,9.55682408883346));
#14619=AXIS2_PLACEMENT_3D('',#16630,#16631,#16632);
#14620=CARTESIAN_POINT('',(10.155,0.927647714727372,5.70000000000001));
#14621=CARTESIAN_POINT('',(10.155,1.68056392235252,9.96999999999999));
#14622=VECTOR('',#16633,1.0);
#14623=CARTESIAN_POINT('',(10.155,0.300000000000001,5.70000000000001));
#14624=CARTESIAN_POINT('',(10.155,8.8817841970012E-16,5.70000000000001));
#14625=VECTOR('',#16634,1.0);
#14626=AXIS2_PLACEMENT_3D('',#16635,#16636,#16637);
#14627=CARTESIAN_POINT('',(5.72000000000001,7.5,0.0));
#14628=CARTESIAN_POINT('',(7.70000000000001,7.5,0.0));
#14629=VECTOR('',#16638,1.0);
#14630=CARTESIAN_POINT('',(2.61500000000001,7.5,4.00000000000001));
#14631=VECTOR('',#16639,1.0);
#14632=CARTESIAN_POINT('',(6.72000000000001,7.5,1.97));
#14633=CARTESIAN_POINT('',(7.70000000000001,7.5,1.97));
#14634=VECTOR('',#16640,1.0);
#14635=CARTESIAN_POINT('',(6.72000000000001,7.5,4.00000000000001));
#14636=CARTESIAN_POINT('',(6.72000000000001,7.5,3.92552333105629));
#14637=VECTOR('',#16641,1.0);
#14638=CARTESIAN_POINT('',(5.71999999999999,7.5,4.00000000000001));
#14639=CARTESIAN_POINT('',(7.70000000000001,7.5,4.00000000000001));
#14640=VECTOR('',#16642,1.0);
#14641=CARTESIAN_POINT('',(5.71999999999999,7.5,3.92552333105629));
#14642=VECTOR('',#16643,1.0);
#14643=CARTESIAN_POINT('',(6.72000000000001,8.15000000000001,1.97));
#14644=CARTESIAN_POINT('',(2.61500000000001,8.15000000000001,1.97));
#14645=VECTOR('',#16644,1.0);
#14646=CARTESIAN_POINT('',(6.72000000000001,4.23936561071103,1.97));
#14647=VECTOR('',#16645,1.0);
#14648=CARTESIAN_POINT('',(5.7449999936826,8.8817841970012E-16,0.842225011872123));
#14649=CARTESIAN_POINT('',(7.62000000000001,8.8817841970012E-16,0.842225011872123));
#14650=VECTOR('',#16646,1.0);
#14651=CARTESIAN_POINT('',(6.24500000000001,1.32500000000001,1.77000000000001));
#14652=CARTESIAN_POINT('',(7.62000000000001,1.32500000000001,1.77000000000001));
#14653=VECTOR('',#16647,1.0);
#14654=CARTESIAN_POINT('',(7.34476062171074,4.23936561071103,3.81066076971902));
#14655=VECTOR('',#16648,1.0);
#14656=CARTESIAN_POINT('',(1.11022302462516E-16,8.8817841970012E-16,5.40000000000001));
#14657=CARTESIAN_POINT('',(7.7,8.8817841970012E-16,5.40000000000001));
#14658=VECTOR('',#16649,1.0);
#14659=CARTESIAN_POINT('',(1.11022302462516E-16,0.300000000000001,5.70000000000001));
#14660=CARTESIAN_POINT('',(2.455,0.300000000000001,5.70000000000001));
#14661=VECTOR('',#16650,1.0);
#14662=AXIS2_PLACEMENT_3D('',#16651,#16652,#16653);
#14663=CARTESIAN_POINT('',(1.11022302462516E-16,8.8817841970012E-16,0.0));
#14664=CARTESIAN_POINT('',(7.62000000000001,8.8817841970012E-16,0.0));
#14665=VECTOR('',#16654,1.0);
#14666=CARTESIAN_POINT('',(1.11022302462516E-16,8.8817841970012E-16,3.92552333105629));
#14667=VECTOR('',#16655,1.0);
#14668=CARTESIAN_POINT('',(5.7449999936826,8.8817841970012E-16,5.20000000000001));
#14669=CARTESIAN_POINT('',(5.7449999936826,8.8817841970012E-16,3.92552333105629));
#14670=VECTOR('',#16656,1.0);
#14671=CARTESIAN_POINT('',(7.62000000000001,8.8817841970012E-16,5.20000000000001));
#14672=VECTOR('',#16657,1.0);
#14673=CARTESIAN_POINT('',(0.664999993682599,8.8817841970012E-16,5.20000000000001));
#14674=CARTESIAN_POINT('',(0.664999993682598,8.8817841970012E-16,0.842225011872123));
#14675=CARTESIAN_POINT('',(0.664999993682599,8.8817841970012E-16,3.92552333105629));
#14676=VECTOR('',#16658,1.0);
#14677=CARTESIAN_POINT('',(4.41500000631741,8.8817841970012E-16,5.20000000000001));
#14678=CARTESIAN_POINT('',(7.54,8.8817841970012E-16,5.20000000000001));
#14679=VECTOR('',#16659,1.0);
#14680=CARTESIAN_POINT('',(4.41500000631741,8.8817841970012E-16,0.842225011872123));
#14681=CARTESIAN_POINT('',(4.41500000631741,8.8817841970012E-16,3.92552333105629));
#14682=VECTOR('',#16660,1.0);
#14683=CARTESIAN_POINT('',(7.54,8.8817841970012E-16,0.842225011872123));
#14684=VECTOR('',#16661,1.0);
#14685=CARTESIAN_POINT('',(1.11022302462516E-16,0.927647714727372,5.70000000000001));
#14686=CARTESIAN_POINT('',(7.54,0.927647714727372,5.70000000000001));
#14687=VECTOR('',#16662,1.0);
#14688=CARTESIAN_POINT('',(1.11022302462516E-16,8.8817841970012E-16,5.70000000000001));
#14689=VECTOR('',#16663,1.0);
#14690=CARTESIAN_POINT('',(1.11022302462516E-16,1.60770986143506,9.55682408883346));
#14691=CARTESIAN_POINT('',(7.7,1.60770986143506,9.55682408883346));
#14692=VECTOR('',#16664,1.0);
#14693=CARTESIAN_POINT('',(1.11022302462516E-16,1.68056392235252,9.96999999999999));
#14694=VECTOR('',#16665,1.0);
#14695=CARTESIAN_POINT('',(1.11022302462516E-16,2.10011373794116,9.96999999999999));
#14696=CARTESIAN_POINT('',(2.61500000000001,2.10011373794116,9.96999999999999));
#14697=VECTOR('',#16666,1.0);
#14698=AXIS2_PLACEMENT_3D('',#16667,#16668,#16669);
#14699=CARTESIAN_POINT('',(1.11022302462516E-16,6.09690042836304,9.96999999999999));
#14700=CARTESIAN_POINT('',(7.70000000000001,6.09690042836304,9.96999999999999));
#14701=VECTOR('',#16670,1.0);
#14702=CARTESIAN_POINT('',(1.11022302462516E-16,1.625,9.96999999999999));
#14703=VECTOR('',#16671,1.0);
#14704=AXIS2_PLACEMENT_3D('',#16672,#16673,#16674);
#14705=AXIS2_PLACEMENT_3D('',#16675,#16676,#16677);
#14706=CARTESIAN_POINT('',(1.11022302462516E-16,6.57986334150757,9.59940952255125));
#14707=CARTESIAN_POINT('',(7.70000000000001,6.57986334150757,9.59940952255125));
#14708=VECTOR('',#16678,1.0);
#14709=AXIS2_PLACEMENT_3D('',#16679,#16680,#16681);
#14710=AXIS2_PLACEMENT_3D('',#16682,#16683,#16684);
#14711=AXIS2_PLACEMENT_3D('',#16685,#16686,#16687);
#14712=AXIS2_PLACEMENT_3D('',#16688,#16689,#16690);
#14713=AXIS2_PLACEMENT_3D('',#16691,#16692,#16693);
#14714=AXIS2_PLACEMENT_3D('',#16694,#16695,#16696);
#14715=CARTESIAN_POINT('',(2.61500000000001,8.15000000000001,3.73957973823103));
#14716=VECTOR('',#16697,1.0);
#14717=CARTESIAN_POINT('',(6.72000000000001,7.59500000000001,5.81086793643175));
#14718=CARTESIAN_POINT('',(7.70000000000001,7.59500000000001,5.81086793643175));
#14719=VECTOR('',#16698,1.0);
#14720=CARTESIAN_POINT('',(6.72000000000001,8.15000000000001,3.73957973823103));
#14721=CARTESIAN_POINT('',(6.72000000000001,8.10017656446474,3.92552333105629));
#14722=VECTOR('',#16699,1.0);
#14723=CARTESIAN_POINT('',(3.44,8.15000000000001,3.73957973823103));
#14724=CARTESIAN_POINT('',(7.70000000000001,8.15000000000001,3.73957973823103));
#14725=VECTOR('',#16700,1.0);
#14726=CARTESIAN_POINT('',(3.44,7.59500000000001,5.81086793643175));
#14727=CARTESIAN_POINT('',(3.44,8.10017656446474,3.92552333105629));
#14728=VECTOR('',#16701,1.0);
#14729=CARTESIAN_POINT('',(1.64,7.59500000000001,5.81086793643175));
#14730=CARTESIAN_POINT('',(7.7,7.59500000000001,5.81086793643175));
#14731=VECTOR('',#16702,1.0);
#14732=CARTESIAN_POINT('',(1.64,8.15000000000001,3.73957973823103));
#14733=CARTESIAN_POINT('',(1.64,8.10017656446474,3.92552333105629));
#14734=VECTOR('',#16703,1.0);
#14735=CARTESIAN_POINT('',(1.11022302462516E-16,8.15000000000001,3.73957973823103));
#14736=CARTESIAN_POINT('',(7.7,8.15000000000001,3.73957973823103));
#14737=VECTOR('',#16704,1.0);
#14738=CARTESIAN_POINT('',(1.11022302462516E-16,8.10017656446474,3.92552333105629));
#14739=VECTOR('',#16705,1.0);
#14740=AXIS2_PLACEMENT_3D('',#16706,#16707,#16708);
#14741=CARTESIAN_POINT('',(6.24500000000001,1.32500000000001,3.72));
#14742=CARTESIAN_POINT('',(7.62000000000001,1.32500000000001,3.72));
#14743=VECTOR('',#16709,1.0);
#14744=CARTESIAN_POINT('',(6.13282438135892,1.02773461435702,4.82940952255126));
#14745=CARTESIAN_POINT('',(7.62000000000001,1.02773461435702,4.82940952255126));
#14746=VECTOR('',#16710,1.0);
#14747=CARTESIAN_POINT('',(6.22421893914035,1.26993018941773,3.92552333105629));
#14748=VECTOR('',#16711,1.0);
#14749=CARTESIAN_POINT('',(3.44,7.59500000000001,4.00000000000001));
#14750=CARTESIAN_POINT('',(3.44,7.5,4.00000000000001));
#14751=CARTESIAN_POINT('',(3.44,4.23936561071103,4.00000000000001));
#14752=VECTOR('',#16712,1.0);
#14753=CARTESIAN_POINT('',(3.44,7.59500000000001,3.92552333105629));
#14754=VECTOR('',#16713,1.0);
#14755=CARTESIAN_POINT('',(3.44,8.15000000000001,1.97));
#14756=CARTESIAN_POINT('',(3.44,8.15000000000001,3.92552333105629));
#14757=VECTOR('',#16714,1.0);
#14758=CARTESIAN_POINT('',(3.44,7.5,1.97));
#14759=CARTESIAN_POINT('',(3.44,4.23936561071103,1.97));
#14760=VECTOR('',#16715,1.0);
#14761=CARTESIAN_POINT('',(3.44,7.5,3.92552333105629));
#14762=VECTOR('',#16716,1.0);
#14763=CARTESIAN_POINT('',(6.37000000000001,6.33056392235253,4.00000000000001));
#14764=CARTESIAN_POINT('',(6.37000000000001,7.0,4.00000000000001));
#14765=CARTESIAN_POINT('',(6.37000000000001,4.23936561071103,4.00000000000001));
#14766=VECTOR('',#16717,1.0);
#14767=CARTESIAN_POINT('',(6.37000000000001,6.33056392235253,0.0));
#14768=CARTESIAN_POINT('',(6.37000000000001,6.33056392235253,3.92552333105629));
#14769=VECTOR('',#16718,1.0);
#14770=CARTESIAN_POINT('',(6.37000000000001,7.0,0.0));
#14771=CARTESIAN_POINT('',(6.37000000000001,4.23936561071103,0.0));
#14772=VECTOR('',#16719,1.0);
#14773=CARTESIAN_POINT('',(6.37000000000001,7.0,3.92552333105629));
#14774=VECTOR('',#16720,1.0);
#14775=CARTESIAN_POINT('',(6.72000000000001,7.59500000000001,4.00000000000001));
#14776=CARTESIAN_POINT('',(6.72000000000001,4.23936561071103,4.00000000000001));
#14777=VECTOR('',#16721,1.0);
#14778=CARTESIAN_POINT('',(6.72000000000001,8.15000000000001,3.92552333105629));
#14779=VECTOR('',#16722,1.0);
#14780=CARTESIAN_POINT('',(6.72000000000001,7.59500000000001,3.92552333105629));
#14781=VECTOR('',#16723,1.0);
#14782=CARTESIAN_POINT('',(6.24500000000001,1.83056392235253,3.72));
#14783=CARTESIAN_POINT('',(2.61500000000001,1.83056392235253,3.72));
#14784=VECTOR('',#16724,1.0);
#14785=CARTESIAN_POINT('',(6.24500000000001,4.23936561071103,3.72));
#14786=VECTOR('',#16725,1.0);
#14787=CARTESIAN_POINT('',(3.79000000000001,7.0,4.00000000000001));
#14788=CARTESIAN_POINT('',(4.44000000000001,7.0,4.00000000000001));
#14789=CARTESIAN_POINT('',(7.70000000000001,7.0,4.00000000000001));
#14790=VECTOR('',#16726,1.0);
#14791=CARTESIAN_POINT('',(4.44000000000001,7.0,0.0));
#14792=CARTESIAN_POINT('',(4.44000000000001,7.0,3.92552333105629));
#14793=VECTOR('',#16727,1.0);
#14794=CARTESIAN_POINT('',(3.79000000000001,7.0,0.0));
#14795=CARTESIAN_POINT('',(7.70000000000001,7.0,0.0));
#14796=VECTOR('',#16728,1.0);
#14797=CARTESIAN_POINT('',(3.79000000000001,7.0,3.92552333105629));
#14798=VECTOR('',#16729,1.0);
#14799=CARTESIAN_POINT('',(6.24500000000001,1.32500000000001,3.92552333105629));
#14800=VECTOR('',#16730,1.0);
#14801=CARTESIAN_POINT('',(5.95057422315263,0.544771701212478,5.20000000000001));
#14802=AXIS2_PLACEMENT_3D('',#16731,#16732,#16733);
#14803=CARTESIAN_POINT('',(7.34476062171074,4.23936561071103,5.20000000000004));
#14804=VECTOR('',#16734,1.0);
#14805=CARTESIAN_POINT('',(2.61500000000001,0.544771701212478,5.20000000000001));
#14806=VECTOR('',#16735,1.0);
#14807=CARTESIAN_POINT('',(5.71999999999999,7.0,4.00000000000001));
#14808=CARTESIAN_POINT('',(5.71999999999999,4.23936561071103,4.00000000000001));
#14809=VECTOR('',#16736,1.0);
#14810=CARTESIAN_POINT('',(5.72000000000001,7.0,0.0));
#14811=CARTESIAN_POINT('',(5.71999999999999,7.0,3.92552333105629));
#14812=VECTOR('',#16737,1.0);
#14813=CARTESIAN_POINT('',(5.72000000000001,4.23936561071103,0.0));
#14814=VECTOR('',#16738,1.0);
#14815=CARTESIAN_POINT('',(5.72000000000001,1.83056392235253,0.0));
#14816=CARTESIAN_POINT('',(7.70000000000001,1.83056392235253,0.0));
#14817=VECTOR('',#16739,1.0);
#14818=CARTESIAN_POINT('',(5.72000000000001,1.83056392235252,7.42));
#14819=CARTESIAN_POINT('',(5.72000000000001,1.83056392235253,3.92552333105629));
#14820=VECTOR('',#16740,1.0);
#14821=CARTESIAN_POINT('',(7.70000000000001,1.83056392235252,7.42));
#14822=VECTOR('',#16741,1.0);
#14823=CARTESIAN_POINT('',(6.24500000000001,1.83056392235253,1.77000000000001));
#14824=CARTESIAN_POINT('',(2.61500000000001,1.83056392235253,1.77000000000001));
#14825=VECTOR('',#16742,1.0);
#14826=CARTESIAN_POINT('',(6.24500000000001,1.83056392235253,3.92552333105629));
#14827=VECTOR('',#16743,1.0);
#14828=CARTESIAN_POINT('',(3.915,1.83056392235253,1.77000000000001));
#14829=CARTESIAN_POINT('',(3.915,1.83056392235253,3.72));
#14830=CARTESIAN_POINT('',(3.915,1.83056392235253,3.92552333105629));
#14831=VECTOR('',#16744,1.0);
#14832=CARTESIAN_POINT('',(3.915,1.32500000000001,1.77000000000001));
#14833=CARTESIAN_POINT('',(3.915,4.23936561071103,1.77000000000001));
#14834=VECTOR('',#16745,1.0);
#14835=CARTESIAN_POINT('',(3.915,1.32500000000001,3.72));
#14836=CARTESIAN_POINT('',(3.915,1.32500000000001,3.92552333105629));
#14837=VECTOR('',#16746,1.0);
#14838=CARTESIAN_POINT('',(3.915,4.23936561071103,3.72));
#14839=VECTOR('',#16747,1.0);
#14840=AXIS2_PLACEMENT_3D('',#16748,#16749,#16750);
#14841=CARTESIAN_POINT('',(2.61500000000001,7.59500000000001,4.00000000000001));
#14842=VECTOR('',#16751,1.0);
#14843=CARTESIAN_POINT('',(7.70000000000001,6.33056392235253,4.00000000000001));
#14844=VECTOR('',#16752,1.0);
#14845=CARTESIAN_POINT('',(7.70000000000001,7.0,4.00000000000001));
#14846=VECTOR('',#16753,1.0);
#14847=CARTESIAN_POINT('',(4.44000000000001,6.33056392235253,0.0));
#14848=CARTESIAN_POINT('',(4.44000000000001,1.83056392235253,0.0));
#14849=CARTESIAN_POINT('',(4.44000000000001,4.23936561071103,0.0));
#14850=VECTOR('',#16754,1.0);
#14851=CARTESIAN_POINT('',(4.44000000000001,1.83056392235252,7.42));
#14852=CARTESIAN_POINT('',(4.44000000000001,1.83056392235253,3.92552333105629));
#14853=VECTOR('',#16755,1.0);
#14854=CARTESIAN_POINT('',(4.44000000000001,6.33056392235252,7.42));
#14855=CARTESIAN_POINT('',(4.44000000000001,4.23936561071103,7.42));
#14856=VECTOR('',#16756,1.0);
#14857=CARTESIAN_POINT('',(4.44000000000001,6.33056392235253,3.92552333105629));
#14858=VECTOR('',#16757,1.0);
#14859=CARTESIAN_POINT('',(7.70000000000001,7.0,0.0));
#14860=VECTOR('',#16758,1.0);
#14861=CARTESIAN_POINT('',(4.44000000000001,7.5,0.0));
#14862=CARTESIAN_POINT('',(4.44000000000001,4.23936561071103,0.0));
#14863=VECTOR('',#16759,1.0);
#14864=CARTESIAN_POINT('',(4.44000000000001,7.5,4.00000000000001));
#14865=CARTESIAN_POINT('',(4.44000000000001,4.23936561071103,4.00000000000001));
#14866=VECTOR('',#16760,1.0);
#14867=CARTESIAN_POINT('',(4.44000000000001,7.5,3.92552333105629));
#14868=VECTOR('',#16761,1.0);
#14869=CARTESIAN_POINT('',(6.24500000000001,4.23936561071103,1.77000000000001));
#14870=VECTOR('',#16762,1.0);
#14871=CARTESIAN_POINT('',(5.72000000000001,6.33056392235252,7.42));
#14872=CARTESIAN_POINT('',(5.72000000000001,4.23936561071103,7.42));
#14873=VECTOR('',#16763,1.0);
#14874=CARTESIAN_POINT('',(7.70000000000001,6.33056392235252,7.42));
#14875=VECTOR('',#16764,1.0);
#14876=CARTESIAN_POINT('',(2.81523937828927,4.23936561071103,3.81066076971902));
#14877=VECTOR('',#16765,1.0);
#14878=CARTESIAN_POINT('',(4.20942577684739,0.544771701212477,5.20000000000001));
#14879=CARTESIAN_POINT('',(2.81523937828927,4.23936561071103,5.20000000000004));
#14880=VECTOR('',#16766,1.0);
#14881=CARTESIAN_POINT('',(4.02717561864109,1.02773461435702,4.82940952255126));
#14882=AXIS2_PLACEMENT_3D('',#16767,#16768,#16769);
#14883=CARTESIAN_POINT('',(3.93578106085966,1.26993018941773,3.92552333105629));
#14884=VECTOR('',#16770,1.0);
#14885=CARTESIAN_POINT('',(3.79000000000001,6.33056392235253,0.0));
#14886=CARTESIAN_POINT('',(3.79000000000001,4.23936561071103,0.0));
#14887=VECTOR('',#16771,1.0);
#14888=CARTESIAN_POINT('',(3.79000000000001,6.33056392235253,4.00000000000001));
#14889=CARTESIAN_POINT('',(3.79000000000001,6.33056392235253,3.92552333105629));
#14890=VECTOR('',#16772,1.0);
#14891=CARTESIAN_POINT('',(3.79000000000001,4.23936561071103,4.00000000000001));
#14892=VECTOR('',#16773,1.0);
#14893=CARTESIAN_POINT('',(2.61500000000001,6.33056392235253,0.0));
#14894=VECTOR('',#16774,1.0);
#14895=CARTESIAN_POINT('',(5.72000000000001,6.33056392235253,0.0));
#14896=CARTESIAN_POINT('',(5.72000000000001,6.33056392235253,3.92552333105629));
#14897=VECTOR('',#16775,1.0);
#14898=CARTESIAN_POINT('',(7.70000000000001,6.33056392235253,0.0));
#14899=VECTOR('',#16776,1.0);
#14900=CARTESIAN_POINT('',(5.72000000000001,4.23936561071103,0.0));
#14901=VECTOR('',#16777,1.0);
#14902=CARTESIAN_POINT('',(1.29000000000001,7.0,4.00000000000001));
#14903=CARTESIAN_POINT('',(1.29000000000001,7.0,0.0));
#14904=CARTESIAN_POINT('',(1.29000000000001,7.0,3.92552333105629));
#14905=VECTOR('',#16778,1.0);
#14906=CARTESIAN_POINT('',(0.640000000000007,7.0,0.0));
#14907=CARTESIAN_POINT('',(7.7,7.0,0.0));
#14908=VECTOR('',#16779,1.0);
#14909=CARTESIAN_POINT('',(0.639999999999986,7.0,4.00000000000001));
#14910=CARTESIAN_POINT('',(0.639999999999986,7.0,3.92552333105629));
#14911=VECTOR('',#16780,1.0);
#14912=CARTESIAN_POINT('',(7.7,7.0,4.00000000000001));
#14913=VECTOR('',#16781,1.0);
#14914=CARTESIAN_POINT('',(0.639999999999986,7.5,4.00000000000001));
#14915=CARTESIAN_POINT('',(1.64,7.5,4.00000000000001));
#14916=CARTESIAN_POINT('',(7.7,7.5,4.00000000000001));
#14917=VECTOR('',#16782,1.0);
#14918=CARTESIAN_POINT('',(0.640000000000007,7.5,0.0));
#14919=CARTESIAN_POINT('',(0.639999999999986,7.5,3.92552333105629));
#14920=VECTOR('',#16783,1.0);
#14921=CARTESIAN_POINT('',(7.70000000000001,7.5,0.0));
#14922=VECTOR('',#16784,1.0);
#14923=CARTESIAN_POINT('',(7.70000000000001,7.5,4.00000000000001));
#14924=VECTOR('',#16785,1.0);
#14925=CARTESIAN_POINT('',(1.64,7.5,1.97));
#14926=CARTESIAN_POINT('',(7.7,7.5,1.97));
#14927=VECTOR('',#16786,1.0);
#14928=CARTESIAN_POINT('',(1.64,7.5,3.92552333105629));
#14929=VECTOR('',#16787,1.0);
#14930=CARTESIAN_POINT('',(0.640000000000001,6.33056392235252,7.42));
#14931=CARTESIAN_POINT('',(7.7,6.33056392235252,7.42));
#14932=VECTOR('',#16788,1.0);
#14933=CARTESIAN_POINT('',(0.640000000000001,1.83056392235252,7.42));
#14934=CARTESIAN_POINT('',(7.70000000000001,1.83056392235252,7.42));
#14935=VECTOR('',#16789,1.0);
#14936=CARTESIAN_POINT('',(0.640000000000001,4.23936561071103,7.42));
#14937=VECTOR('',#16790,1.0);
#14938=AXIS2_PLACEMENT_3D('',#16791,#16792,#16793);
#14939=AXIS2_PLACEMENT_3D('',#16794,#16795,#16796);
#14940=CARTESIAN_POINT('',(1.11022302462516E-16,1.13700000000001,4.5));
#14941=CARTESIAN_POINT('',(1.11022302462516E-16,1.13700000000001,0.0));
#14942=CARTESIAN_POINT('',(1.11022302462516E-16,1.13700000000001,3.92552333105629));
#14943=VECTOR('',#16797,1.0);
#14944=CARTESIAN_POINT('',(1.11022302462516E-16,0.723000000000008,4.5));
#14945=CARTESIAN_POINT('',(1.11022302462516E-16,4.23936561071103,4.5));
#14946=VECTOR('',#16798,1.0);
#14947=CARTESIAN_POINT('',(1.11022302462516E-16,0.723000000000008,0.0));
#14948=CARTESIAN_POINT('',(1.11022302462516E-16,0.723000000000008,3.92552333105629));
#14949=VECTOR('',#16799,1.0);
#14950=CARTESIAN_POINT('',(1.11022302462516E-16,8.8817841970012E-16,0.0));
#14951=VECTOR('',#16800,1.0);
#14952=CARTESIAN_POINT('',(1.11022302462516E-16,8.15000000000001,0.0));
#14953=CARTESIAN_POINT('',(1.11022302462516E-16,8.15000000000001,3.92552333105629));
#14954=VECTOR('',#16801,1.0);
#14955=CARTESIAN_POINT('',(1.11022302462516E-16,8.8817841970012E-16,0.0));
#14956=VECTOR('',#16802,1.0);
#14957=CARTESIAN_POINT('',(-0.57,1.3245,0.0));
#14958=CARTESIAN_POINT('',(-0.57,1.3245,4.5));
#14959=CARTESIAN_POINT('',(-0.57,1.3245,0.0));
#14960=VECTOR('',#16803,1.0);
#14961=CARTESIAN_POINT('',(-0.35166987047701,1.3245,4.5));
#14962=CARTESIAN_POINT('',(-0.41,1.3245,4.5));
#14963=VECTOR('',#16804,1.0);
#14964=CARTESIAN_POINT('',(-0.35166987047701,1.3245,4.9960036108132E-16));
#14965=CARTESIAN_POINT('',(-0.35166987047701,1.3245,0.0));
#14966=VECTOR('',#16805,1.0);
#14967=CARTESIAN_POINT('',(-0.41,1.3245,0.0));
#14968=VECTOR('',#16806,1.0);
#14969=CARTESIAN_POINT('',(-0.128690699906743,0.723000000000007,0.0));
#14970=CARTESIAN_POINT('',(-0.351669870477012,0.535500000000001,0.0));
#14971=CARTESIAN_POINT('',(-0.128690699906743,0.723000000000007,0.0));
#14972=VECTOR('',#16807,1.0);
#14973=CARTESIAN_POINT('',(-0.128690699906743,0.723000000000007,4.5));
#14974=CARTESIAN_POINT('',(-0.12869069990675,0.723000000000001,0.0));
#14975=VECTOR('',#16808,1.0);
#14976=CARTESIAN_POINT('',(-0.351669870477012,0.535500000000001,4.5));
#14977=CARTESIAN_POINT('',(-0.128690699906743,0.723000000000007,4.5));
#14978=VECTOR('',#16809,1.0);
#14979=CARTESIAN_POINT('',(-0.351669870477014,0.535500000000001,0.0));
#14980=VECTOR('',#16810,1.0);
#14981=CARTESIAN_POINT('',(1.29000000000001,6.33056392235253,4.00000000000001));
#14982=CARTESIAN_POINT('',(1.29000000000001,4.23936561071103,4.00000000000001));
#14983=VECTOR('',#16811,1.0);
#14984=CARTESIAN_POINT('',(1.29000000000001,6.33056392235253,0.0));
#14985=CARTESIAN_POINT('',(1.29000000000001,6.33056392235253,3.92552333105629));
#14986=VECTOR('',#16812,1.0);
#14987=CARTESIAN_POINT('',(1.29000000000001,4.23936561071103,0.0));
#14988=VECTOR('',#16813,1.0);
#14989=CARTESIAN_POINT('',(1.05282438135891,1.02773461435702,4.82940952255126));
#14990=CARTESIAN_POINT('',(7.54,1.02773461435702,4.82940952255126));
#14991=VECTOR('',#16814,1.0);
#14992=CARTESIAN_POINT('',(0.870574223152619,0.544771701212477,5.20000000000001));
#14993=CARTESIAN_POINT('',(7.54,0.544771701212478,5.20000000000001));
#14994=VECTOR('',#16815,1.0);
#14995=AXIS2_PLACEMENT_3D('',#16816,#16817,#16818);
#14996=CARTESIAN_POINT('',(1.165,1.83056392235253,3.72));
#14997=CARTESIAN_POINT('',(7.7,1.83056392235253,3.72));
#14998=VECTOR('',#16819,1.0);
#14999=CARTESIAN_POINT('',(1.165,1.32500000000001,3.72));
#15000=CARTESIAN_POINT('',(2.54,1.32500000000001,3.72));
#15001=VECTOR('',#16820,1.0);
#15002=CARTESIAN_POINT('',(1.165,4.23936561071103,3.72));
#15003=VECTOR('',#16821,1.0);
#15004=CARTESIAN_POINT('',(1.64,7.59500000000001,4.00000000000001));
#15005=CARTESIAN_POINT('',(1.64,4.23936561071103,4.00000000000001));
#15006=VECTOR('',#16822,1.0);
#15007=CARTESIAN_POINT('',(7.7,7.59500000000001,4.00000000000001));
#15008=VECTOR('',#16823,1.0);
#15009=CARTESIAN_POINT('',(7.7,6.33056392235253,4.00000000000001));
#15010=VECTOR('',#16824,1.0);
#15011=CARTESIAN_POINT('',(0.639999999999986,4.23936561071103,4.00000000000001));
#15012=VECTOR('',#16825,1.0);
#15013=CARTESIAN_POINT('',(1.64,8.15000000000001,1.97));
#15014=CARTESIAN_POINT('',(1.64,4.23936561071103,1.97));
#15015=VECTOR('',#16826,1.0);
#15016=CARTESIAN_POINT('',(1.64,8.15000000000001,3.92552333105629));
#15017=VECTOR('',#16827,1.0);
#15018=CARTESIAN_POINT('',(1.64,7.59500000000001,3.92552333105629));
#15019=VECTOR('',#16828,1.0);
#15020=CARTESIAN_POINT('',(1.165,1.32500000000001,1.77000000000001));
#15021=CARTESIAN_POINT('',(2.54,1.32500000000001,1.77000000000001));
#15022=VECTOR('',#16829,1.0);
#15023=CARTESIAN_POINT('',(2.26476062171074,4.23936561071103,3.81066076971902));
#15024=VECTOR('',#16830,1.0);
#15025=CARTESIAN_POINT('',(7.675,0.723000000000067,0.0));
#15026=VECTOR('',#16831,1.0);
#15027=CARTESIAN_POINT('',(-0.12869069990675,0.723000000000002,4.5));
#15028=VECTOR('',#16832,1.0);
#15029=CARTESIAN_POINT('',(1.165,1.83056392235253,1.77000000000001));
#15030=CARTESIAN_POINT('',(1.165,1.83056392235253,3.92552333105629));
#15031=VECTOR('',#16833,1.0);
#15032=CARTESIAN_POINT('',(1.165,1.32500000000001,3.92552333105629));
#15033=VECTOR('',#16834,1.0);
#15034=CARTESIAN_POINT('',(1.165,4.23936561071103,1.77000000000001));
#15035=VECTOR('',#16835,1.0);
#15036=CARTESIAN_POINT('',(-0.57,0.535500000000001,4.5));
#15037=CARTESIAN_POINT('',(-0.41,0.535500000000001,4.5));
#15038=VECTOR('',#16836,1.0);
#15039=CARTESIAN_POINT('',(-0.57,0.535500000000001,0.0));
#15040=CARTESIAN_POINT('',(-0.57,0.535500000000001,0.0));
#15041=VECTOR('',#16837,1.0);
#15042=CARTESIAN_POINT('',(-0.41,0.535500000000001,0.0));
#15043=VECTOR('',#16838,1.0);
#15044=AXIS2_PLACEMENT_3D('',#16839,#16840,#16841);
#15045=CARTESIAN_POINT('',(1.14421893914035,1.26993018941773,3.92552333105629));
#15046=VECTOR('',#16842,1.0);
#15047=CARTESIAN_POINT('',(2.26476062171074,4.23936561071103,5.20000000000004));
#15048=VECTOR('',#16843,1.0);
#15049=CARTESIAN_POINT('',(-0.128690699906751,1.137,0.0));
#15050=CARTESIAN_POINT('',(-0.128690699906748,1.137,4.5));
#15051=CARTESIAN_POINT('',(-0.128690699906749,1.137,0.0));
#15052=VECTOR('',#16844,1.0);
#15053=CARTESIAN_POINT('',(1.11022302462516E-16,1.13700000000001,4.5));
#15054=VECTOR('',#16845,1.0);
#15055=CARTESIAN_POINT('',(7.675,1.13700000000049,0.0));
#15056=VECTOR('',#16846,1.0);
#15057=CARTESIAN_POINT('',(-0.307025686886856,1.28695934361606,0.0));
#15058=VECTOR('',#16847,1.0);
#15059=CARTESIAN_POINT('',(-0.307025686886856,1.28695934361606,4.5));
#15060=VECTOR('',#16848,1.0);
#15061=CARTESIAN_POINT('',(7.62000000000001,8.15000000000001,0.0));
#15062=VECTOR('',#16849,1.0);
#15063=CARTESIAN_POINT('',(7.54,8.15000000000001,1.97));
#15064=VECTOR('',#16850,1.0);
#15065=CARTESIAN_POINT('',(-0.57,0.88577555888662,0.0));
#15066=VECTOR('',#16851,1.0);
#15067=CARTESIAN_POINT('',(-0.57,0.88577555888662,4.5));
#15068=VECTOR('',#16852,1.0);
#15069=CARTESIAN_POINT('',(0.640000000000007,4.23936561071103,0.0));
#15070=VECTOR('',#16853,1.0);
#15071=CARTESIAN_POINT('',(0.640000000000001,1.83056392235253,0.0));
#15072=CARTESIAN_POINT('',(0.640000000000001,1.83056392235253,3.92552333105629));
#15073=VECTOR('',#16854,1.0);
#15074=CARTESIAN_POINT('',(7.7,1.83056392235253,0.0));
#15075=VECTOR('',#16855,1.0);
#15076=CARTESIAN_POINT('',(7.70000000000001,1.83056392235253,1.77000000000001));
#15077=VECTOR('',#16856,1.0);
#15078=CARTESIAN_POINT('',(0.640000000000001,6.33056392235253,0.0));
#15079=CARTESIAN_POINT('',(7.7,6.33056392235253,0.0));
#15080=VECTOR('',#16857,1.0);
#15081=CARTESIAN_POINT('',(0.640000000000001,4.23936561071103,0.0));
#15082=VECTOR('',#16858,1.0);
#15083=CARTESIAN_POINT('',(7.70000000000001,6.33056392235253,0.0));
#15084=VECTOR('',#16859,1.0);
#15085=CARTESIAN_POINT('',(0.640000000000001,6.33056392235253,3.92552333105629));
#15086=VECTOR('',#16860,1.0);
#15087=DIRECTION('',(1.0,-0.0,-0.0));
#15088=CARTESIAN_POINT('',(6.495,6.79999999999999,3.3));
#15089=DIRECTION('',(-1.0,0.0,0.0));
#15090=DIRECTION('',(0.0,0.0,1.0));
#15091=DIRECTION('',(-1.0,0.0,0.0));
#15092=CARTESIAN_POINT('',(8.745,6.79999999999999,3.3));
#15093=DIRECTION('',(-1.0,0.0,0.0));
#15094=DIRECTION('',(0.0,0.0,1.0));
#15095=DIRECTION('',(-1.0,0.0,0.0));
#15096=CARTESIAN_POINT('',(8.745,6.79999999999999,3.3));
#15097=DIRECTION('',(-1.0,0.0,0.0));
#15098=DIRECTION('',(0.0,0.0,1.0));
#15099=DIRECTION('',(-1.0,0.0,0.0));
#15100=CARTESIAN_POINT('',(6.495,6.79999999999999,3.3));
#15101=DIRECTION('',(-1.0,0.0,0.0));
#15102=DIRECTION('',(0.0,0.0,1.0));
#15103=DIRECTION('',(-1.0,0.0,0.0));
#15104=CARTESIAN_POINT('',(8.12,4.29999999999999,0.100000000000033));
#15105=DIRECTION('',(-1.0,-0.0,0.0));
#15106=DIRECTION('',(0.0,-1.0,-2.1316282072803E-14));
#15107=DIRECTION('',(-1.0,0.0,0.0));
#15108=CARTESIAN_POINT('',(7.12,4.29999999999999,0.100000000000033));
#15109=DIRECTION('',(-1.0,-0.0,0.0));
#15110=DIRECTION('',(0.0,-1.0,-2.1316282072803E-14));
#15111=DIRECTION('',(1.0,0.0,0.0));
#15112=CARTESIAN_POINT('',(6.82,6.79999999999999,0.800000000000033));
#15113=DIRECTION('',(1.0,0.0,0.0));
#15114=DIRECTION('',(0.0,0.0,-1.0));
#15115=DIRECTION('',(1.0,0.0,0.0));
#15116=CARTESIAN_POINT('',(8.42,6.79999999999999,0.800000000000033));
#15117=DIRECTION('',(1.0,0.0,0.0));
#15118=DIRECTION('',(0.0,0.0,-1.0));
#15119=DIRECTION('',(1.0,-0.0,0.0));
#15120=CARTESIAN_POINT('',(6.82,6.79999999999999,0.800000000000033));
#15121=DIRECTION('',(-1.0,0.0,0.0));
#15122=DIRECTION('',(0.0,1.0,0.0));
#15123=DIRECTION('',(-1.0,0.0,0.0));
#15124=CARTESIAN_POINT('',(8.42,6.79999999999999,0.800000000000033));
#15125=DIRECTION('',(-1.0,0.0,0.0));
#15126=DIRECTION('',(0.0,1.0,0.0));
#15127=DIRECTION('',(0.0,1.0,0.0));
#15128=DIRECTION('',(1.0,0.0,-3.06161699786838E-17));
#15129=DIRECTION('',(0.0,1.0,0.0));
#15130=DIRECTION('',(-1.0,0.0,6.12323399573677E-17));
#15131=DIRECTION('',(0.0,-1.0,0.0));
#15132=DIRECTION('',(1.0,0.0,0.0));
#15133=DIRECTION('',(0.0,1.0,0.0));
#15134=DIRECTION('',(-1.0,0.0,6.12323399573677E-17));
#15135=DIRECTION('',(6.12323399573677E-17,0.0,1.0));
#15136=DIRECTION('',(-1.0,0.0,0.0));
#15137=DIRECTION('',(-6.12323399573677E-17,0.0,-1.0));
#15138=DIRECTION('',(1.0,0.0,0.0));
#15139=DIRECTION('',(0.0,1.0,0.0));
#15140=CARTESIAN_POINT('',(8.745,6.79999999999999,3.3));
#15141=DIRECTION('',(-1.0,0.0,0.0));
#15142=DIRECTION('',(0.0,0.0,1.0));
#15143=DIRECTION('',(0.0,1.0,0.0));
#15144=CARTESIAN_POINT('',(8.745,6.79999999999999,3.3));
#15145=DIRECTION('',(-1.0,0.0,0.0));
#15146=DIRECTION('',(0.0,0.0,1.0));
#15147=DIRECTION('',(0.0,-1.0,0.0));
#15148=DIRECTION('',(1.0,0.0,0.0));
#15149=DIRECTION('',(0.0,1.0,0.0));
#15150=DIRECTION('',(-1.0,0.0,0.0));
#15151=DIRECTION('',(0.0,1.0,0.0));
#15152=DIRECTION('',(5.32907051820132E-15,0.0,-1.0));
#15153=DIRECTION('',(0.0,1.0,0.0));
#15154=DIRECTION('',(-5.32907051820132E-15,0.0,1.0));
#15155=DIRECTION('',(0.0,-1.0,0.0));
#15156=DIRECTION('',(-1.0,0.0,0.0));
#15157=DIRECTION('',(0.0,0.0,-1.0));
#15158=DIRECTION('',(0.0,0.0,1.0));
#15159=DIRECTION('',(-0.216439613938105,0.0,0.976296007119933));
#15160=DIRECTION('',(1.0,0.0,0.0));
#15161=DIRECTION('',(-0.216439613938102,0.0,-0.976296007119934));
#15162=DIRECTION('',(-6.12323399573677E-17,0.0,-1.0));
#15163=DIRECTION('',(-1.0,0.0,0.0));
#15164=DIRECTION('',(6.12323399573677E-17,0.0,1.0));
#15165=CARTESIAN_POINT('',(7.12,4.29999999999999,0.100000000000033));
#15166=DIRECTION('',(-1.0,-0.0,0.0));
#15167=DIRECTION('',(0.0,-1.0,-2.1316282072803E-14));
#15168=DIRECTION('',(0.0,1.0,0.0));
#15169=DIRECTION('',(0.0,0.0,1.0));
#15170=DIRECTION('',(-6.12323399573677E-17,4.93432455388954E-16,-1.0));
#15171=DIRECTION('',(0.0,1.0,0.0));
#15172=DIRECTION('',(0.0,0.0,-1.0));
#15173=DIRECTION('',(1.0,0.0,-6.12323399573677E-17));
#15174=DIRECTION('',(-8.82055185704407E-15,0.0,1.0));
#15175=DIRECTION('',(-6.12323399573677E-17,0.0,-1.0));
#15176=DIRECTION('',(1.0,0.0,-6.12323399573677E-17));
#15177=DIRECTION('',(1.0,0.0,4.12511969069128E-13));
#15178=DIRECTION('',(-1.0,0.0,6.12323399573677E-17));
#15179=DIRECTION('',(0.0,0.0,1.0));
#15180=DIRECTION('',(1.0,0.0,0.0));
#15181=DIRECTION('',(0.0,0.0,-1.0));
#15182=DIRECTION('',(8.82055185704407E-15,0.0,-1.0));
#15183=CARTESIAN_POINT('',(8.42,6.79999999999999,0.800000000000033));
#15184=DIRECTION('',(-1.0,0.0,0.0));
#15185=DIRECTION('',(0.0,1.0,0.0));
#15186=DIRECTION('',(0.0,-1.0,0.0));
#15187=DIRECTION('',(8.82055185704407E-15,0.0,-1.0));
#15188=CARTESIAN_POINT('',(8.42,6.79999999999999,0.800000000000033));
#15189=DIRECTION('',(1.0,0.0,0.0));
#15190=DIRECTION('',(0.0,0.0,-1.0));
#15191=DIRECTION('',(0.0,1.0,0.0));
#15192=DIRECTION('',(0.0,1.0,0.0));
#15193=DIRECTION('',(6.12323399573677E-17,-4.93432455388954E-16,1.0));
#15194=DIRECTION('',(0.0,0.0,1.0));
#15195=DIRECTION('',(0.0,-1.0,0.0));
#15196=CARTESIAN_POINT('',(8.12,4.29999999999999,0.100000000000033));
#15197=DIRECTION('',(-1.0,-0.0,0.0));
#15198=DIRECTION('',(0.0,-1.0,-2.1316282072803E-14));
#15199=DIRECTION('',(0.0,1.0,0.0));
#15200=DIRECTION('',(-1.0,0.0,0.0));
#15201=DIRECTION('',(6.12323399573677E-17,0.0,1.0));
#15202=DIRECTION('',(-1.0,0.0,0.0));
#15203=CARTESIAN_POINT('',(6.82,6.79999999999999,0.800000000000033));
#15204=DIRECTION('',(-1.0,0.0,0.0));
#15205=DIRECTION('',(0.0,1.0,0.0));
#15206=DIRECTION('',(0.0,-1.0,0.0));
#15207=DIRECTION('',(-1.0,0.0,0.0));
#15208=DIRECTION('',(0.0,1.0,0.0));
#15209=DIRECTION('',(0.0,1.0,0.0));
#15210=DIRECTION('',(0.0,0.0,1.0));
#15211=DIRECTION('',(0.0,-1.0,0.0));
#15212=DIRECTION('',(0.0,1.0,0.0));
#15213=DIRECTION('',(-1.0,0.0,6.12323399573677E-17));
#15214=CARTESIAN_POINT('',(6.82,6.79999999999999,0.800000000000033));
#15215=DIRECTION('',(1.0,0.0,0.0));
#15216=DIRECTION('',(0.0,0.0,-1.0));
#15217=DIRECTION('',(-1.0,0.0,0.0));
#15218=DIRECTION('',(0.0,-1.0,0.0));
#15219=CARTESIAN_POINT('',(6.495,6.79999999999999,3.3));
#15220=DIRECTION('',(-1.0,0.0,0.0));
#15221=DIRECTION('',(0.0,0.0,1.0));
#15222=DIRECTION('',(-1.0,0.0,0.0));
#15223=DIRECTION('',(0.216439613938102,-4.9960036108132E-16,0.976296007119934));
#15224=DIRECTION('',(-1.0,0.0,0.0));
#15225=CARTESIAN_POINT('',(6.495,6.79999999999999,3.3));
#15226=DIRECTION('',(-1.0,0.0,0.0));
#15227=DIRECTION('',(0.0,0.0,1.0));
#15228=DIRECTION('',(-1.0,0.0,6.12323399573677E-17));
#15229=DIRECTION('',(-1.0,0.0,-4.12511969069128E-13));
#15230=DIRECTION('',(0.0,-1.0,0.0));
#15231=DIRECTION('',(0.0,1.0,0.0));
#15232=DIRECTION('',(0.216439613938105,4.85722573273506E-16,-0.976296007119933));
#15233=DIRECTION('',(0.0,1.0,0.0));
#15234=DIRECTION('',(1.0,0.0,-6.12323399573677E-17));
#15235=DIRECTION('',(6.12323399573677E-17,0.0,1.0));
#15236=DIRECTION('',(0.0,1.0,0.0));
#15237=DIRECTION('',(1.66533453693773E-16,1.53267019535527E-46,1.0));
#15238=DIRECTION('',(2.27765793651141E-16,1.0,-3.79306242500279E-32));
#15239=DIRECTION('',(2.27765793651141E-16,1.0,-3.79306242500279E-32));
#15240=DIRECTION('',(2.27765793651141E-16,1.0,-3.79306242500279E-32));
#15241=DIRECTION('',(1.66533453693773E-16,1.53267019535527E-46,1.0));
#15242=DIRECTION('',(2.27765793651141E-16,1.0,-3.79306242500279E-32));
#15243=DIRECTION('',(-1.0,2.27765793651141E-16,1.66533453693773E-16));
#15244=DIRECTION('',(-2.27765793651141E-16,-1.0,3.79306242500279E-32));
#15245=CARTESIAN_POINT('',(7.62,4.07999999999999,4.1508509304298));
#15246=DIRECTION('',(1.66533453693773E-16,1.5083420970163E-46,1.0));
#15247=DIRECTION('',(1.0,-2.27765793651141E-16,-1.66533453693773E-16));
#15248=CARTESIAN_POINT('',(7.62,4.07999999999999,4.1508509304298));
#15249=DIRECTION('',(1.66533453693773E-16,1.5083420970163E-46,1.0));
#15250=DIRECTION('',(1.0,-2.27765793651141E-16,-1.66533453693773E-16));
#15251=DIRECTION('',(-2.27765793651141E-16,-1.0,3.79306242500279E-32));
#15252=DIRECTION('',(-1.0,2.27765793651141E-16,1.66533453693773E-16));
#15253=DIRECTION('',(-1.66533453693773E-16,-1.53267019535527E-46,-1.0));
#15254=DIRECTION('',(-2.27765793651141E-16,-1.0,3.79306242500279E-32));
#15255=DIRECTION('',(-1.66533453693773E-16,-1.53267019535527E-46,-1.0));
#15256=DIRECTION('',(-2.27765793651141E-16,-1.0,3.79306242500279E-32));
#15257=DIRECTION('',(1.0,-2.27765793651141E-16,-1.66533453693773E-16));
#15258=DIRECTION('',(1.0,-2.27765793651141E-16,-1.66533453693773E-16));
#15259=CARTESIAN_POINT('',(7.62,4.07999999999999,4.1508509304298));
#15260=DIRECTION('',(1.66533453693773E-16,1.5083420970163E-46,1.0));
#15261=DIRECTION('',(1.0,-2.27765793651141E-16,-1.66533453693773E-16));
#15262=CARTESIAN_POINT('',(7.62,4.07999999999999,4.1508509304298));
#15263=DIRECTION('',(1.66533453693773E-16,1.5083420970163E-46,1.0));
#15264=DIRECTION('',(1.0,-2.27765793651141E-16,-1.66533453693773E-16));
#15265=CARTESIAN_POINT('',(7.62,4.07999999999999,4.1508509304298));
#15266=DIRECTION('',(1.66533453693773E-16,1.5083420970163E-46,1.0));
#15267=DIRECTION('',(1.0,-2.27765793651141E-16,-1.66533453693773E-16));
#15268=CARTESIAN_POINT('',(7.62,4.07999999999999,4.1508509304298));
#15269=DIRECTION('',(1.66533453693773E-16,1.5083420970163E-46,1.0));
#15270=DIRECTION('',(1.0,-2.27765793651141E-16,-1.66533453693773E-16));
#15271=DIRECTION('',(1.66533453693773E-16,1.53267019535527E-46,1.0));
#15272=CARTESIAN_POINT('',(7.62000000000001,4.07999999999999,7.1508509304298));
#15273=DIRECTION('',(0.707106781186548,-1.61054737213058E-16,0.707106781186547));
#15274=DIRECTION('',(0.707106781186547,-1.61054737213058E-16,-0.707106781186548));
#15275=CARTESIAN_POINT('',(7.62000000000001,4.07999999999999,5.7508509304298));
#15276=DIRECTION('',(1.66533453693773E-16,1.5083420970163E-46,1.0));
#15277=DIRECTION('',(1.0,-2.27765793651141E-16,-1.66533453693773E-16));
#15278=CARTESIAN_POINT('',(7.62000000000001,4.07999999999999,7.1508509304298));
#15279=DIRECTION('',(-0.707106781186547,1.61054737213058E-16,0.707106781186548));
#15280=DIRECTION('',(-0.707106781186548,1.61054737213058E-16,-0.707106781186547));
#15281=DIRECTION('',(1.66533453693773E-16,1.53267019535527E-46,1.0));
#15282=CARTESIAN_POINT('',(7.62000000000001,4.07999999999999,7.1508509304298));
#15283=DIRECTION('',(-0.707106781186547,1.61054737213058E-16,0.707106781186548));
#15284=DIRECTION('',(-0.707106781186548,1.61054737213058E-16,-0.707106781186547));
#15285=CARTESIAN_POINT('',(7.62000000000001,4.07999999999999,5.7508509304298));
#15286=DIRECTION('',(1.66533453693773E-16,1.5083420970163E-46,1.0));
#15287=DIRECTION('',(1.0,-2.27765793651141E-16,-1.66533453693773E-16));
#15288=CARTESIAN_POINT('',(7.62000000000001,4.07999999999999,7.1508509304298));
#15289=DIRECTION('',(0.707106781186548,-1.61054737213058E-16,0.707106781186547));
#15290=DIRECTION('',(0.707106781186547,-1.61054737213058E-16,-0.707106781186548));
#15291=DIRECTION('',(2.27765793651141E-16,1.0,-3.79306242500279E-32));
#15292=DIRECTION('',(-1.0,2.27765793651141E-16,1.66533453693773E-16));
#15293=DIRECTION('',(-2.27765793651141E-16,-1.0,3.79306242500279E-32));
#15294=DIRECTION('',(-2.27765793651141E-16,-1.0,3.79306242500279E-32));
#15295=DIRECTION('',(-1.66533453693773E-16,-1.53267019535527E-46,-1.0));
#15296=DIRECTION('',(-2.27765793651141E-16,-1.0,3.79306242500279E-32));
#15297=DIRECTION('',(-1.66533453693773E-16,-1.53267019535527E-46,-1.0));
#15298=DIRECTION('',(-2.27765793651141E-16,-1.0,3.79306242500279E-32));
#15299=DIRECTION('',(1.0,-2.27765793651141E-16,-1.66533453693773E-16));
#15300=DIRECTION('',(-2.27765793651141E-16,-1.0,3.79306242500279E-32));
#15301=DIRECTION('',(1.0,-2.27765793651141E-16,-1.66533453693773E-16));
#15302=DIRECTION('',(-2.27765793651141E-16,-1.0,3.79306242500279E-32));
#15303=DIRECTION('',(1.66533453693773E-16,1.53267019535527E-46,1.0));
#15304=DIRECTION('',(2.27765793651141E-16,1.0,-3.79306242500279E-32));
#15305=DIRECTION('',(1.66533453693773E-16,1.53267019535527E-46,1.0));
#15306=DIRECTION('',(-2.27765793651141E-16,-1.0,3.79306242500279E-32));
#15307=DIRECTION('',(-0.707106781186548,1.61054737213058E-16,-0.707106781186547));
#15308=DIRECTION('',(-0.707106781186548,1.61054737213058E-16,-0.707106781186547));
#15309=DIRECTION('',(0.707106781186547,-1.61054737213058E-16,-0.707106781186548));
#15310=DIRECTION('',(0.707106781186547,-1.61054737213058E-16,-0.707106781186548));
#15311=DIRECTION('',(0.707106781186548,-1.61054737213058E-16,0.707106781186547));
#15312=DIRECTION('',(0.707106781186548,-1.61054737213058E-16,0.707106781186547));
#15313=DIRECTION('',(2.27765793651141E-16,1.0,-3.79306242500279E-32));
#15314=DIRECTION('',(-0.707106781186547,1.61054737213058E-16,0.707106781186548));
#15315=DIRECTION('',(-0.707106781186547,1.61054737213058E-16,0.707106781186548));
#15316=DIRECTION('',(-1.0,2.27765793651141E-16,1.66533453693773E-16));
#15317=CARTESIAN_POINT('',(7.61999999999992,4.08000000000002,7.7));
#15318=DIRECTION('',(1.11022302462516E-16,9.91531033958089E-17,1.0));
#15319=DIRECTION('',(-0.707106781186547,0.707106781186548,8.39279114732148E-18));
#15320=DIRECTION('',(-1.11022302462516E-16,-9.91531033958087E-17,-1.0));
#15321=CARTESIAN_POINT('',(7.61999999999992,4.08000000000002,4.15));
#15322=DIRECTION('',(-1.11022302462516E-16,-9.91531033958089E-17,-1.0));
#15323=DIRECTION('',(0.707106781186547,-0.707106781186548,-8.39279114732148E-18));
#15324=DIRECTION('',(-1.11022302462516E-16,-9.91531033958087E-17,-1.0));
#15325=CARTESIAN_POINT('',(7.61999999999992,4.08000000000002,8.1));
#15326=DIRECTION('',(-1.11022302462516E-16,-9.91531033958088E-17,-1.0));
#15327=DIRECTION('',(0.707106781186547,-0.707106781186548,-8.39279114732147E-18));
#15328=DIRECTION('',(0.707106781186548,0.707106781186547,-1.48616454721056E-16));
#15329=CARTESIAN_POINT('',(7.61999999999992,4.08000000000002,8.1));
#15330=DIRECTION('',(-1.11022302462516E-16,-9.91531033958088E-17,-1.0));
#15331=DIRECTION('',(0.707106781186547,-0.707106781186548,-8.39279114732147E-18));
#15332=DIRECTION('',(0.707106781186548,0.707106781186547,-1.48616454721056E-16));
#15333=DIRECTION('',(-1.11022302462516E-16,-9.91531033958087E-17,-1.0));
#15334=DIRECTION('',(-1.11022302462516E-16,-9.91531033958087E-17,-1.0));
#15335=DIRECTION('',(0.707106781186548,0.707106781186547,-1.48616454721056E-16));
#15336=CARTESIAN_POINT('',(7.61999999999992,4.08000000000002,4.15));
#15337=DIRECTION('',(-1.11022302462516E-16,-9.91531033958089E-17,-1.0));
#15338=DIRECTION('',(0.707106781186547,-0.707106781186548,-8.39279114732148E-18));
#15339=CARTESIAN_POINT('',(7.61999999999992,4.08000000000002,9.0));
#15340=DIRECTION('',(-1.11022302462516E-16,-9.91531033958088E-17,-1.0));
#15341=DIRECTION('',(0.707106781186547,-0.707106781186548,-8.39279114732147E-18));
#15342=CARTESIAN_POINT('',(7.61999999999992,4.08000000000002,9.0));
#15343=DIRECTION('',(-1.11022302462516E-16,-9.91531033958088E-17,-1.0));
#15344=DIRECTION('',(0.707106781186547,-0.707106781186548,-8.39279114732147E-18));
#15345=DIRECTION('',(-0.707106781186548,-0.707106781186547,1.48616454721056E-16));
#15346=CARTESIAN_POINT('',(7.61999999999992,4.08000000000002,9.0));
#15347=DIRECTION('',(-1.11022302462516E-16,-9.91531033958088E-17,-1.0));
#15348=DIRECTION('',(0.707106781186547,-0.707106781186548,-8.39279114732147E-18));
#15349=CARTESIAN_POINT('',(7.61999999999992,4.08000000000002,9.0));
#15350=DIRECTION('',(-1.11022302462516E-16,-9.91531033958088E-17,-1.0));
#15351=DIRECTION('',(0.707106781186547,-0.707106781186548,-8.39279114732147E-18));
#15352=CARTESIAN_POINT('',(7.61999999999992,4.08000000000002,7.7));
#15353=DIRECTION('',(-1.11022302462516E-16,-9.91531033958088E-17,-1.0));
#15354=DIRECTION('',(0.707106781186547,-0.707106781186548,-8.39279114732147E-18));
#15355=CARTESIAN_POINT('',(7.61999999999992,4.08000000000002,7.7));
#15356=DIRECTION('',(-1.11022302462516E-16,-9.91531033958088E-17,-1.0));
#15357=DIRECTION('',(0.707106781186547,-0.707106781186548,-8.39279114732147E-18));
#15358=CARTESIAN_POINT('',(7.61999999999992,4.08000000000002,7.7));
#15359=DIRECTION('',(1.11022302462516E-16,9.91531033958089E-17,1.0));
#15360=DIRECTION('',(-0.707106781186547,0.707106781186548,8.39279114732148E-18));
#15361=DIRECTION('',(-1.11022302462516E-16,-9.91531033958087E-17,-1.0));
#15362=DIRECTION('',(-1.11022302462516E-16,-9.91531033958087E-17,-1.0));
#15363=DIRECTION('',(-1.11022302462516E-16,-9.91531033958087E-17,-1.0));
#15364=DIRECTION('',(-1.11022302462516E-16,-9.91531033958087E-17,-1.0));
#15365=DIRECTION('',(1.0,-0.0,-0.0));
#15366=CARTESIAN_POINT('',(1.415,6.79999999999999,3.3));
#15367=DIRECTION('',(-1.0,0.0,0.0));
#15368=DIRECTION('',(0.0,0.0,1.0));
#15369=DIRECTION('',(-1.0,0.0,0.0));
#15370=CARTESIAN_POINT('',(3.665,6.79999999999999,3.3));
#15371=DIRECTION('',(-1.0,0.0,0.0));
#15372=DIRECTION('',(0.0,0.0,1.0));
#15373=DIRECTION('',(-1.0,0.0,0.0));
#15374=CARTESIAN_POINT('',(3.665,6.79999999999999,3.3));
#15375=DIRECTION('',(-1.0,0.0,0.0));
#15376=DIRECTION('',(0.0,0.0,1.0));
#15377=DIRECTION('',(-1.0,0.0,0.0));
#15378=CARTESIAN_POINT('',(1.415,6.79999999999999,3.3));
#15379=DIRECTION('',(-1.0,0.0,0.0));
#15380=DIRECTION('',(0.0,0.0,1.0));
#15381=DIRECTION('',(-1.0,0.0,0.0));
#15382=CARTESIAN_POINT('',(3.04,4.29999999999999,0.100000000000033));
#15383=DIRECTION('',(-1.0,-0.0,0.0));
#15384=DIRECTION('',(0.0,-1.0,-2.1316282072803E-14));
#15385=DIRECTION('',(-1.0,0.0,0.0));
#15386=CARTESIAN_POINT('',(2.04,4.29999999999999,0.100000000000033));
#15387=DIRECTION('',(-1.0,-0.0,0.0));
#15388=DIRECTION('',(0.0,-1.0,-2.1316282072803E-14));
#15389=DIRECTION('',(1.0,0.0,0.0));
#15390=CARTESIAN_POINT('',(1.74,6.79999999999999,0.800000000000033));
#15391=DIRECTION('',(1.0,0.0,0.0));
#15392=DIRECTION('',(0.0,0.0,-1.0));
#15393=DIRECTION('',(1.0,0.0,0.0));
#15394=CARTESIAN_POINT('',(3.34,6.79999999999999,0.800000000000033));
#15395=DIRECTION('',(1.0,0.0,0.0));
#15396=DIRECTION('',(0.0,0.0,-1.0));
#15397=DIRECTION('',(1.0,-0.0,0.0));
#15398=CARTESIAN_POINT('',(1.74,6.79999999999999,0.800000000000033));
#15399=DIRECTION('',(-1.0,0.0,0.0));
#15400=DIRECTION('',(0.0,1.0,0.0));
#15401=DIRECTION('',(-1.0,0.0,0.0));
#15402=CARTESIAN_POINT('',(3.34,6.79999999999999,0.800000000000033));
#15403=DIRECTION('',(-1.0,0.0,0.0));
#15404=DIRECTION('',(0.0,1.0,0.0));
#15405=DIRECTION('',(0.0,1.0,0.0));
#15406=DIRECTION('',(1.0,0.0,-3.06161699786838E-17));
#15407=DIRECTION('',(0.0,1.0,0.0));
#15408=DIRECTION('',(-1.0,0.0,6.12323399573677E-17));
#15409=DIRECTION('',(0.0,-1.0,0.0));
#15410=DIRECTION('',(1.0,0.0,0.0));
#15411=DIRECTION('',(0.0,1.0,0.0));
#15412=DIRECTION('',(-1.0,0.0,6.12323399573677E-17));
#15413=DIRECTION('',(6.12323399573677E-17,0.0,1.0));
#15414=DIRECTION('',(-1.0,0.0,0.0));
#15415=DIRECTION('',(-6.12323399573677E-17,0.0,-1.0));
#15416=DIRECTION('',(1.0,0.0,0.0));
#15417=DIRECTION('',(0.0,1.0,0.0));
#15418=CARTESIAN_POINT('',(3.665,6.79999999999999,3.3));
#15419=DIRECTION('',(-1.0,0.0,0.0));
#15420=DIRECTION('',(0.0,0.0,1.0));
#15421=DIRECTION('',(0.0,1.0,0.0));
#15422=CARTESIAN_POINT('',(3.665,6.79999999999999,3.3));
#15423=DIRECTION('',(-1.0,0.0,0.0));
#15424=DIRECTION('',(0.0,0.0,1.0));
#15425=DIRECTION('',(0.0,-1.0,0.0));
#15426=DIRECTION('',(1.0,0.0,0.0));
#15427=DIRECTION('',(0.0,1.0,0.0));
#15428=DIRECTION('',(-1.0,0.0,0.0));
#15429=DIRECTION('',(0.0,1.0,0.0));
#15430=DIRECTION('',(5.32907051820132E-15,0.0,-1.0));
#15431=DIRECTION('',(0.0,1.0,0.0));
#15432=DIRECTION('',(-5.32907051820132E-15,0.0,1.0));
#15433=DIRECTION('',(0.0,-1.0,0.0));
#15434=DIRECTION('',(-1.0,0.0,0.0));
#15435=DIRECTION('',(0.0,0.0,-1.0));
#15436=DIRECTION('',(0.0,0.0,1.0));
#15437=DIRECTION('',(-0.216439613938105,0.0,0.976296007119933));
#15438=DIRECTION('',(1.0,0.0,0.0));
#15439=DIRECTION('',(-0.216439613938102,0.0,-0.976296007119934));
#15440=DIRECTION('',(-6.12323399573677E-17,0.0,-1.0));
#15441=DIRECTION('',(-1.0,0.0,0.0));
#15442=DIRECTION('',(6.12323399573677E-17,0.0,1.0));
#15443=CARTESIAN_POINT('',(2.04,4.29999999999999,0.100000000000033));
#15444=DIRECTION('',(-1.0,-0.0,0.0));
#15445=DIRECTION('',(0.0,-1.0,-2.1316282072803E-14));
#15446=DIRECTION('',(0.0,1.0,0.0));
#15447=DIRECTION('',(0.0,0.0,1.0));
#15448=DIRECTION('',(-6.12323399573677E-17,4.93432455388954E-16,-1.0));
#15449=DIRECTION('',(0.0,1.0,0.0));
#15450=DIRECTION('',(0.0,0.0,-1.0));
#15451=DIRECTION('',(1.0,0.0,-6.12323399573677E-17));
#15452=DIRECTION('',(-8.82055185704407E-15,0.0,1.0));
#15453=DIRECTION('',(-6.12323399573677E-17,0.0,-1.0));
#15454=DIRECTION('',(1.0,0.0,-6.12323399573677E-17));
#15455=DIRECTION('',(1.0,0.0,4.12511969069128E-13));
#15456=DIRECTION('',(-1.0,0.0,6.12323399573677E-17));
#15457=DIRECTION('',(0.0,0.0,1.0));
#15458=DIRECTION('',(1.0,0.0,0.0));
#15459=DIRECTION('',(0.0,0.0,-1.0));
#15460=DIRECTION('',(8.82055185704407E-15,0.0,-1.0));
#15461=CARTESIAN_POINT('',(3.34,6.79999999999999,0.800000000000033));
#15462=DIRECTION('',(-1.0,0.0,0.0));
#15463=DIRECTION('',(0.0,1.0,0.0));
#15464=DIRECTION('',(0.0,-1.0,0.0));
#15465=DIRECTION('',(8.82055185704407E-15,0.0,-1.0));
#15466=CARTESIAN_POINT('',(3.34,6.79999999999999,0.800000000000033));
#15467=DIRECTION('',(1.0,0.0,0.0));
#15468=DIRECTION('',(0.0,0.0,-1.0));
#15469=DIRECTION('',(0.0,1.0,0.0));
#15470=DIRECTION('',(0.0,1.0,0.0));
#15471=DIRECTION('',(6.12323399573677E-17,-4.93432455388954E-16,1.0));
#15472=DIRECTION('',(0.0,0.0,1.0));
#15473=DIRECTION('',(0.0,-1.0,0.0));
#15474=CARTESIAN_POINT('',(3.04,4.29999999999999,0.100000000000033));
#15475=DIRECTION('',(-1.0,-0.0,0.0));
#15476=DIRECTION('',(0.0,-1.0,-2.1316282072803E-14));
#15477=DIRECTION('',(0.0,1.0,0.0));
#15478=DIRECTION('',(-1.0,0.0,0.0));
#15479=DIRECTION('',(6.12323399573677E-17,0.0,1.0));
#15480=DIRECTION('',(-1.0,0.0,0.0));
#15481=CARTESIAN_POINT('',(1.74,6.79999999999999,0.800000000000033));
#15482=DIRECTION('',(-1.0,0.0,0.0));
#15483=DIRECTION('',(0.0,1.0,0.0));
#15484=DIRECTION('',(0.0,-1.0,0.0));
#15485=DIRECTION('',(-1.0,0.0,0.0));
#15486=DIRECTION('',(0.0,1.0,0.0));
#15487=DIRECTION('',(0.0,1.0,0.0));
#15488=DIRECTION('',(0.0,0.0,1.0));
#15489=DIRECTION('',(0.0,-1.0,0.0));
#15490=DIRECTION('',(0.0,1.0,0.0));
#15491=DIRECTION('',(-1.0,0.0,6.12323399573677E-17));
#15492=CARTESIAN_POINT('',(1.74,6.79999999999999,0.800000000000033));
#15493=DIRECTION('',(1.0,0.0,0.0));
#15494=DIRECTION('',(0.0,0.0,-1.0));
#15495=DIRECTION('',(-1.0,0.0,0.0));
#15496=DIRECTION('',(0.0,-1.0,0.0));
#15497=CARTESIAN_POINT('',(1.415,6.79999999999999,3.3));
#15498=DIRECTION('',(-1.0,0.0,0.0));
#15499=DIRECTION('',(0.0,0.0,1.0));
#15500=DIRECTION('',(-1.0,0.0,0.0));
#15501=DIRECTION('',(0.216439613938102,-4.9960036108132E-16,0.976296007119934));
#15502=DIRECTION('',(-1.0,0.0,0.0));
#15503=CARTESIAN_POINT('',(1.415,6.79999999999999,3.3));
#15504=DIRECTION('',(-1.0,0.0,0.0));
#15505=DIRECTION('',(0.0,0.0,1.0));
#15506=DIRECTION('',(-1.0,0.0,6.12323399573677E-17));
#15507=DIRECTION('',(-1.0,0.0,-4.12511969069128E-13));
#15508=DIRECTION('',(0.0,-1.0,0.0));
#15509=DIRECTION('',(0.0,1.0,0.0));
#15510=DIRECTION('',(0.216439613938105,4.85722573273506E-16,-0.976296007119933));
#15511=DIRECTION('',(0.0,1.0,0.0));
#15512=DIRECTION('',(1.0,0.0,-6.12323399573677E-17));
#15513=DIRECTION('',(6.12323399573677E-17,0.0,1.0));
#15514=DIRECTION('',(0.0,1.0,0.0));
#15515=DIRECTION('',(1.66533453693773E-16,1.53267019535527E-46,1.0));
#15516=DIRECTION('',(2.27765793651141E-16,1.0,-3.79306242500279E-32));
#15517=DIRECTION('',(2.27765793651141E-16,1.0,-3.79306242500279E-32));
#15518=DIRECTION('',(2.27765793651141E-16,1.0,-3.79306242500279E-32));
#15519=DIRECTION('',(1.66533453693773E-16,1.53267019535527E-46,1.0));
#15520=DIRECTION('',(2.27765793651141E-16,1.0,-3.79306242500279E-32));
#15521=DIRECTION('',(-1.0,2.27765793651141E-16,1.66533453693773E-16));
#15522=DIRECTION('',(-2.27765793651141E-16,-1.0,3.79306242500279E-32));
#15523=CARTESIAN_POINT('',(2.54,4.07999999999999,4.1508509304298));
#15524=DIRECTION('',(1.66533453693773E-16,1.5083420970163E-46,1.0));
#15525=DIRECTION('',(1.0,-2.27765793651141E-16,-1.66533453693773E-16));
#15526=CARTESIAN_POINT('',(2.54,4.07999999999999,4.1508509304298));
#15527=DIRECTION('',(1.66533453693773E-16,1.5083420970163E-46,1.0));
#15528=DIRECTION('',(1.0,-2.27765793651141E-16,-1.66533453693773E-16));
#15529=DIRECTION('',(-2.27765793651141E-16,-1.0,3.79306242500279E-32));
#15530=DIRECTION('',(-1.0,2.27765793651141E-16,1.66533453693773E-16));
#15531=DIRECTION('',(-1.66533453693773E-16,-1.53267019535527E-46,-1.0));
#15532=DIRECTION('',(-2.27765793651141E-16,-1.0,3.79306242500279E-32));
#15533=DIRECTION('',(-1.66533453693773E-16,-1.53267019535527E-46,-1.0));
#15534=DIRECTION('',(-2.27765793651141E-16,-1.0,3.79306242500279E-32));
#15535=DIRECTION('',(1.0,-2.27765793651141E-16,-1.66533453693773E-16));
#15536=DIRECTION('',(1.0,-2.27765793651141E-16,-1.66533453693773E-16));
#15537=CARTESIAN_POINT('',(2.54,4.07999999999999,4.1508509304298));
#15538=DIRECTION('',(1.66533453693773E-16,1.5083420970163E-46,1.0));
#15539=DIRECTION('',(1.0,-2.27765793651141E-16,-1.66533453693773E-16));
#15540=CARTESIAN_POINT('',(2.54,4.07999999999999,4.1508509304298));
#15541=DIRECTION('',(1.66533453693773E-16,1.5083420970163E-46,1.0));
#15542=DIRECTION('',(1.0,-2.27765793651141E-16,-1.66533453693773E-16));
#15543=CARTESIAN_POINT('',(2.54,4.07999999999999,4.1508509304298));
#15544=DIRECTION('',(1.66533453693773E-16,1.5083420970163E-46,1.0));
#15545=DIRECTION('',(1.0,-2.27765793651141E-16,-1.66533453693773E-16));
#15546=CARTESIAN_POINT('',(2.54,4.07999999999999,4.1508509304298));
#15547=DIRECTION('',(1.66533453693773E-16,1.5083420970163E-46,1.0));
#15548=DIRECTION('',(1.0,-2.27765793651141E-16,-1.66533453693773E-16));
#15549=DIRECTION('',(1.66533453693773E-16,1.53267019535527E-46,1.0));
#15550=CARTESIAN_POINT('',(2.54000000000001,4.07999999999999,7.1508509304298));
#15551=DIRECTION('',(0.707106781186548,-1.61054737213058E-16,0.707106781186547));
#15552=DIRECTION('',(0.707106781186547,-1.61054737213058E-16,-0.707106781186548));
#15553=CARTESIAN_POINT('',(2.54000000000001,4.07999999999999,5.7508509304298));
#15554=DIRECTION('',(1.66533453693773E-16,1.5083420970163E-46,1.0));
#15555=DIRECTION('',(1.0,-2.27765793651141E-16,-1.66533453693773E-16));
#15556=CARTESIAN_POINT('',(2.54000000000001,4.07999999999999,7.1508509304298));
#15557=DIRECTION('',(-0.707106781186547,1.61054737213058E-16,0.707106781186548));
#15558=DIRECTION('',(-0.707106781186548,1.61054737213058E-16,-0.707106781186547));
#15559=DIRECTION('',(1.66533453693773E-16,1.53267019535527E-46,1.0));
#15560=CARTESIAN_POINT('',(2.54000000000001,4.07999999999999,7.1508509304298));
#15561=DIRECTION('',(-0.707106781186547,1.61054737213058E-16,0.707106781186548));
#15562=DIRECTION('',(-0.707106781186548,1.61054737213058E-16,-0.707106781186547));
#15563=CARTESIAN_POINT('',(2.54000000000001,4.07999999999999,5.7508509304298));
#15564=DIRECTION('',(1.66533453693773E-16,1.5083420970163E-46,1.0));
#15565=DIRECTION('',(1.0,-2.27765793651141E-16,-1.66533453693773E-16));
#15566=CARTESIAN_POINT('',(2.54000000000001,4.07999999999999,7.1508509304298));
#15567=DIRECTION('',(0.707106781186548,-1.61054737213058E-16,0.707106781186547));
#15568=DIRECTION('',(0.707106781186547,-1.61054737213058E-16,-0.707106781186548));
#15569=DIRECTION('',(2.27765793651141E-16,1.0,-3.79306242500279E-32));
#15570=DIRECTION('',(-1.0,2.27765793651141E-16,1.66533453693773E-16));
#15571=DIRECTION('',(-2.27765793651141E-16,-1.0,3.79306242500279E-32));
#15572=DIRECTION('',(-2.27765793651141E-16,-1.0,3.79306242500279E-32));
#15573=DIRECTION('',(-1.66533453693773E-16,-1.53267019535527E-46,-1.0));
#15574=DIRECTION('',(-2.27765793651141E-16,-1.0,3.79306242500279E-32));
#15575=DIRECTION('',(-1.66533453693773E-16,-1.53267019535527E-46,-1.0));
#15576=DIRECTION('',(-2.27765793651141E-16,-1.0,3.79306242500279E-32));
#15577=DIRECTION('',(1.0,-2.27765793651141E-16,-1.66533453693773E-16));
#15578=DIRECTION('',(-2.27765793651141E-16,-1.0,3.79306242500279E-32));
#15579=DIRECTION('',(1.0,-2.27765793651141E-16,-1.66533453693773E-16));
#15580=DIRECTION('',(-2.27765793651141E-16,-1.0,3.79306242500279E-32));
#15581=DIRECTION('',(1.66533453693773E-16,1.53267019535527E-46,1.0));
#15582=DIRECTION('',(2.27765793651141E-16,1.0,-3.79306242500279E-32));
#15583=DIRECTION('',(1.66533453693773E-16,1.53267019535527E-46,1.0));
#15584=DIRECTION('',(-2.27765793651141E-16,-1.0,3.79306242500279E-32));
#15585=DIRECTION('',(-0.707106781186548,1.61054737213058E-16,-0.707106781186547));
#15586=DIRECTION('',(-0.707106781186548,1.61054737213058E-16,-0.707106781186547));
#15587=DIRECTION('',(0.707106781186547,-1.61054737213058E-16,-0.707106781186548));
#15588=DIRECTION('',(0.707106781186547,-1.61054737213058E-16,-0.707106781186548));
#15589=DIRECTION('',(0.707106781186548,-1.61054737213058E-16,0.707106781186547));
#15590=DIRECTION('',(0.707106781186548,-1.61054737213058E-16,0.707106781186547));
#15591=DIRECTION('',(2.27765793651141E-16,1.0,-3.79306242500279E-32));
#15592=DIRECTION('',(-0.707106781186547,1.61054737213058E-16,0.707106781186548));
#15593=DIRECTION('',(-0.707106781186547,1.61054737213058E-16,0.707106781186548));
#15594=DIRECTION('',(-1.0,2.27765793651141E-16,1.66533453693773E-16));
#15595=CARTESIAN_POINT('',(2.53999999999992,4.08000000000002,7.7));
#15596=DIRECTION('',(1.11022302462516E-16,9.91531033958089E-17,1.0));
#15597=DIRECTION('',(-0.707106781186547,0.707106781186548,8.39279114732148E-18));
#15598=DIRECTION('',(-1.11022302462516E-16,-9.91531033958087E-17,-1.0));
#15599=CARTESIAN_POINT('',(2.53999999999992,4.08000000000002,4.15));
#15600=DIRECTION('',(-1.11022302462516E-16,-9.91531033958089E-17,-1.0));
#15601=DIRECTION('',(0.707106781186547,-0.707106781186548,-8.39279114732148E-18));
#15602=DIRECTION('',(-1.11022302462516E-16,-9.91531033958087E-17,-1.0));
#15603=CARTESIAN_POINT('',(2.53999999999992,4.08000000000002,8.1));
#15604=DIRECTION('',(-1.11022302462516E-16,-9.91531033958088E-17,-1.0));
#15605=DIRECTION('',(0.707106781186547,-0.707106781186548,-8.39279114732147E-18));
#15606=DIRECTION('',(0.707106781186548,0.707106781186547,-1.48616454721056E-16));
#15607=CARTESIAN_POINT('',(2.53999999999992,4.08000000000002,8.1));
#15608=DIRECTION('',(-1.11022302462516E-16,-9.91531033958088E-17,-1.0));
#15609=DIRECTION('',(0.707106781186547,-0.707106781186548,-8.39279114732147E-18));
#15610=DIRECTION('',(0.707106781186548,0.707106781186547,-1.48616454721056E-16));
#15611=DIRECTION('',(-1.11022302462516E-16,-9.91531033958087E-17,-1.0));
#15612=DIRECTION('',(-1.11022302462516E-16,-9.91531033958087E-17,-1.0));
#15613=DIRECTION('',(0.707106781186548,0.707106781186547,-1.48616454721056E-16));
#15614=CARTESIAN_POINT('',(2.53999999999992,4.08000000000002,4.15));
#15615=DIRECTION('',(-1.11022302462516E-16,-9.91531033958089E-17,-1.0));
#15616=DIRECTION('',(0.707106781186547,-0.707106781186548,-8.39279114732148E-18));
#15617=CARTESIAN_POINT('',(2.53999999999992,4.08000000000002,9.0));
#15618=DIRECTION('',(-1.11022302462516E-16,-9.91531033958088E-17,-1.0));
#15619=DIRECTION('',(0.707106781186547,-0.707106781186548,-8.39279114732147E-18));
#15620=CARTESIAN_POINT('',(2.53999999999992,4.08000000000002,9.0));
#15621=DIRECTION('',(-1.11022302462516E-16,-9.91531033958088E-17,-1.0));
#15622=DIRECTION('',(0.707106781186547,-0.707106781186548,-8.39279114732147E-18));
#15623=DIRECTION('',(-0.707106781186548,-0.707106781186547,1.48616454721056E-16));
#15624=CARTESIAN_POINT('',(2.53999999999992,4.08000000000002,9.0));
#15625=DIRECTION('',(-1.11022302462516E-16,-9.91531033958088E-17,-1.0));
#15626=DIRECTION('',(0.707106781186547,-0.707106781186548,-8.39279114732147E-18));
#15627=CARTESIAN_POINT('',(2.53999999999992,4.08000000000002,9.0));
#15628=DIRECTION('',(-1.11022302462516E-16,-9.91531033958088E-17,-1.0));
#15629=DIRECTION('',(0.707106781186547,-0.707106781186548,-8.39279114732147E-18));
#15630=CARTESIAN_POINT('',(2.53999999999992,4.08000000000002,7.7));
#15631=DIRECTION('',(-1.11022302462516E-16,-9.91531033958088E-17,-1.0));
#15632=DIRECTION('',(0.707106781186547,-0.707106781186548,-8.39279114732147E-18));
#15633=CARTESIAN_POINT('',(2.53999999999992,4.08000000000002,7.7));
#15634=DIRECTION('',(-1.11022302462516E-16,-9.91531033958088E-17,-1.0));
#15635=DIRECTION('',(0.707106781186547,-0.707106781186548,-8.39279114732147E-18));
#15636=CARTESIAN_POINT('',(2.53999999999992,4.08000000000002,7.7));
#15637=DIRECTION('',(1.11022302462516E-16,9.91531033958089E-17,1.0));
#15638=DIRECTION('',(-0.707106781186547,0.707106781186548,8.39279114732148E-18));
#15639=DIRECTION('',(-1.11022302462516E-16,-9.91531033958087E-17,-1.0));
#15640=DIRECTION('',(-1.11022302462516E-16,-9.91531033958087E-17,-1.0));
#15641=DIRECTION('',(-1.11022302462516E-16,-9.91531033958087E-17,-1.0));
#15642=DIRECTION('',(-1.11022302462516E-16,-9.91531033958087E-17,-1.0));
#15643=DIRECTION('',(-0.0,-0.0,-1.0));
#15644=CARTESIAN_POINT('',(2.54000000000001,4.08056392235252,7.69999958974634));
#15645=DIRECTION('',(0.0,-0.0,1.0));
#15646=DIRECTION('',(0.0,1.0,0.0));
#15647=DIRECTION('',(0.0,-0.0,1.0));
#15648=CARTESIAN_POINT('',(2.54,4.08056392235252,7.42));
#15649=DIRECTION('',(0.0,-0.0,1.0));
#15650=DIRECTION('',(0.0,1.0,0.0));
#15651=CARTESIAN_POINT('',(2.54,6.48056392235252,8.87));
#15652=DIRECTION('',(-1.0,-0.0,-0.0));
#15653=DIRECTION('',(0.0,0.0,-1.0));
#15654=CARTESIAN_POINT('',(2.54,6.75556392235252,8.94368602791855));
#15655=DIRECTION('',(0.0,0.965925826289069,0.258819045102519));
#15656=DIRECTION('',(0.0,0.258819045102519,-0.965925826289069));
#15657=DIRECTION('',(-0.0,0.0,-1.0));
#15658=CARTESIAN_POINT('',(2.54,4.08056392235252,9.96999999999999));
#15659=DIRECTION('',(0.0,0.0,1.0));
#15660=DIRECTION('',(0.0,-1.0,0.0));
#15661=DIRECTION('',(-0.0,0.0,1.0));
#15662=CARTESIAN_POINT('',(2.54,4.08056392235252,7.69999958974634));
#15663=DIRECTION('',(0.0,0.0,1.0));
#15664=DIRECTION('',(0.0,-1.0,0.0));
#15665=CARTESIAN_POINT('',(7.61750000000001,6.48056392235252,8.87));
#15666=DIRECTION('',(1.0,0.0,-0.0));
#15667=DIRECTION('',(0.0,0.0,1.0));
#15668=CARTESIAN_POINT('',(7.61500000000001,6.75556392235252,8.94368602791855));
#15669=DIRECTION('',(0.0,-0.965925826289069,-0.258819045102519));
#15670=DIRECTION('',(0.0,0.258819045102519,-0.965925826289069));
#15671=CARTESIAN_POINT('',(7.61500000000001,6.48056392235252,8.87));
#15672=DIRECTION('',(-1.0,0.0,0.0));
#15673=DIRECTION('',(0.0,0.0,-1.0));
#15674=CARTESIAN_POINT('',(7.61500000000001,6.75556392235252,8.94368602791855));
#15675=DIRECTION('',(0.0,-0.965925826289069,-0.258819045102519));
#15676=DIRECTION('',(0.0,0.258819045102519,-0.965925826289069));
#15677=DIRECTION('',(0.0,0.0,-1.0));
#15678=CARTESIAN_POINT('',(7.61500000000001,4.08056392235252,7.69999958974634));
#15679=DIRECTION('',(0.0,-0.0,1.0));
#15680=DIRECTION('',(0.0,1.0,0.0));
#15681=DIRECTION('',(-0.0,-0.0,1.0));
#15682=CARTESIAN_POINT('',(7.61500000000001,4.08056392235252,7.42));
#15683=DIRECTION('',(0.0,-0.0,1.0));
#15684=DIRECTION('',(0.0,1.0,0.0));
#15685=DIRECTION('',(1.0,-4.64761293434864E-15,1.73451276049035E-14));
#15686=DIRECTION('',(-2.08166817117217E-16,-0.965925826289069,-0.258819045102519));
#15687=DIRECTION('',(1.0,-4.84462412535834E-15,1.72923386153725E-14));
#15688=DIRECTION('',(-2.08166817117217E-16,-0.965925826289069,-0.258819045102519));
#15689=CARTESIAN_POINT('',(0.920000000000001,7.43826245529328,6.39582041673088));
#15690=DIRECTION('',(-0.0,-0.965925826289069,-0.258819045102519));
#15691=DIRECTION('',(0.0,-0.258819045102519,0.965925826289069));
#15692=DIRECTION('',(-2.08166817117217E-16,-0.965925826289069,-0.258819045102519));
#15693=CARTESIAN_POINT('',(0.92,7.46724023008195,6.40358498808396));
#15694=DIRECTION('',(-2.08166817117217E-16,-0.965925826289069,-0.258819045102519));
#15695=DIRECTION('',(1.15555796663234E-32,-0.258819045102519,0.965925826289069));
#15696=DIRECTION('',(5.46511834493058E-17,0.258819045102519,-0.965925826289069));
#15697=DIRECTION('',(-2.03960993326578E-16,-0.965925826289069,-0.258819045102519));
#15698=DIRECTION('',(5.46511834493057E-17,0.258819045102519,-0.965925826289069));
#15699=DIRECTION('',(0.0,-5.55111512312578E-16,1.0));
#15700=DIRECTION('',(0.0,-1.0,0.0));
#15701=DIRECTION('',(0.0,0.0,-1.0));
#15702=DIRECTION('',(0.0,1.0,0.0));
#15703=DIRECTION('',(0.0,0.0,1.0));
#15704=DIRECTION('',(0.0,1.0,0.0));
#15705=DIRECTION('',(0.0,-5.55111512312578E-16,1.0));
#15706=DIRECTION('',(0.0,-1.0,0.0));
#15707=DIRECTION('',(0.0,-1.0,0.0));
#15708=DIRECTION('',(0.0,0.0,1.0));
#15709=DIRECTION('',(0.0,0.258819045102519,-0.965925826289069));
#15710=DIRECTION('',(0.0,0.0,-1.0));
#15711=DIRECTION('',(0.0,-1.0,0.0));
#15712=DIRECTION('',(0.0,0.0,1.0));
#15713=DIRECTION('',(0.0,0.0,1.0));
#15714=DIRECTION('',(0.765398835799677,-0.643556230765036,0.0));
#15715=DIRECTION('',(0.0,0.0,1.0));
#15716=DIRECTION('',(0.765398835799677,-0.643556230765036,0.0));
#15717=DIRECTION('',(0.0,0.0,-1.0));
#15718=CARTESIAN_POINT('',(7.61500000000001,4.08056392235252,9.96999999999999));
#15719=DIRECTION('',(0.0,0.0,1.0));
#15720=DIRECTION('',(0.0,-1.0,0.0));
#15721=DIRECTION('',(-0.0,-0.0,1.0));
#15722=CARTESIAN_POINT('',(7.61500000000001,4.08056392235252,7.69999958974634));
#15723=DIRECTION('',(-0.0,0.0,1.0));
#15724=DIRECTION('',(0.0,-1.0,0.0));
#15725=DIRECTION('',(0.0,0.0,1.0));
#15726=DIRECTION('',(-1.0,0.0,0.0));
#15727=DIRECTION('',(0.0,0.0,1.0));
#15728=DIRECTION('',(1.0,0.0,0.0));
#15729=CARTESIAN_POINT('',(9.07000000000001,7.46724023008191,6.4035849880841));
#15730=DIRECTION('',(-2.08166817117217E-16,-0.965925826289069,-0.258819045102519));
#15731=DIRECTION('',(1.15555796663234E-32,-0.258819045102519,0.965925826289069));
#15732=DIRECTION('',(-2.08166817117217E-16,-0.965925826289069,-0.258819045102519));
#15733=CARTESIAN_POINT('',(9.07000000000001,7.43826245529324,6.39582041673103));
#15734=DIRECTION('',(-2.08166817117217E-16,-0.965925826289069,-0.258819045102519));
#15735=DIRECTION('',(1.15555796663234E-32,-0.258819045102519,0.965925826289069));
#15736=DIRECTION('',(0.0,0.0,1.0));
#15737=DIRECTION('',(-1.0,0.0,0.0));
#15738=DIRECTION('',(0.0,0.0,1.0));
#15739=DIRECTION('',(1.0,0.0,0.0));
#15740=CARTESIAN_POINT('',(7.62000000000001,6.48056392235252,8.87));
#15741=DIRECTION('',(1.0,0.0,0.0));
#15742=DIRECTION('',(0.0,-1.0,0.0));
#15743=CARTESIAN_POINT('',(7.61500000000001,6.75556392235252,8.94368602791855));
#15744=DIRECTION('',(0.0,0.965925826289069,0.258819045102519));
#15745=DIRECTION('',(0.0,0.258819045102519,-0.965925826289069));
#15746=DIRECTION('',(0.0,-1.0,0.0));
#15747=DIRECTION('',(0.0,5.55111512312578E-16,-1.0));
#15748=DIRECTION('',(0.0,1.0,0.0));
#15749=DIRECTION('',(0.0,5.55111512312578E-16,-1.0));
#15750=DIRECTION('',(0.0,0.0,1.0));
#15751=DIRECTION('',(1.0,0.0,0.0));
#15752=DIRECTION('',(1.0,0.0,0.0));
#15753=DIRECTION('',(0.0,-1.0,0.0));
#15754=DIRECTION('',(0.0,0.0,1.0));
#15755=DIRECTION('',(0.0,-1.0,0.0));
#15756=DIRECTION('',(0.0,0.0,-1.0));
#15757=DIRECTION('',(1.0,0.0,0.0));
#15758=DIRECTION('',(0.0,0.0,1.0));
#15759=DIRECTION('',(1.0,0.0,0.0));
#15760=DIRECTION('',(-0.225845578202072,0.797987707198889,0.558757007979347));
#15761=DIRECTION('',(0.0,0.0,-1.0));
#15762=DIRECTION('',(0.27232246657294,-0.962206045605425,-7.38298311375729E-15));
#15763=CARTESIAN_POINT('',(9.21081933052311,0.544771701212481,4.70000000000001));
#15764=DIRECTION('',(0.962206045605425,0.27232246657294,0.0));
#15765=DIRECTION('',(-0.27232246657294,0.962206045605425,0.0));
#15766=DIRECTION('',(0.0730549415425978,-0.258127459325177,0.963344793030272));
#15767=DIRECTION('',(-0.765398835799678,-0.643556230765033,0.0));
#15768=DIRECTION('',(-0.765398835799678,-0.643556230765033,0.0));
#15769=DIRECTION('',(0.0,1.0,0.0));
#15770=DIRECTION('',(0.0,1.0,0.0));
#15771=DIRECTION('',(0.0,-1.0,0.0));
#15772=DIRECTION('',(1.0,0.0,0.0));
#15773=DIRECTION('',(1.0,0.0,0.0));
#15774=DIRECTION('',(-2.03960993326578E-16,-0.965925826289069,-0.258819045102519));
#15775=CARTESIAN_POINT('',(9.07000000000001,7.21359756588144,7.35019229784739));
#15776=DIRECTION('',(-2.03960993326578E-16,-0.965925826289069,-0.258819045102519));
#15777=DIRECTION('',(1.0,-2.11155958123786E-16,5.55420363399017E-33));
#15778=DIRECTION('',(-2.03960993326578E-16,-0.965925826289069,-0.258819045102519));
#15779=CARTESIAN_POINT('',(9.07000000000001,7.18461979109277,7.34242772649431));
#15780=DIRECTION('',(-2.03960993326578E-16,-0.965925826289069,-0.258819045102519));
#15781=DIRECTION('',(1.0,-2.11155958123786E-16,5.55420363399017E-33));
#15782=CARTESIAN_POINT('',(5.78000000000001,6.73478205644381,9.02124500736594));
#15783=DIRECTION('',(-0.0,-0.965925826289069,-0.258819045102519));
#15784=DIRECTION('',(0.0,-0.258819045102519,0.965925826289069));
#15785=DIRECTION('',(-2.08166817117217E-16,-0.965925826289069,-0.258819045102519));
#15786=CARTESIAN_POINT('',(5.78000000000001,6.76375983123248,9.02900957871902));
#15787=DIRECTION('',(-2.08166817117217E-16,-0.965925826289069,-0.258819045102519));
#15788=DIRECTION('',(1.15555796663234E-32,-0.258819045102519,0.965925826289069));
#15789=DIRECTION('',(-2.08166817117217E-16,-0.965925826289069,-0.258819045102519));
#15790=DIRECTION('',(5.46511834493057E-17,0.258819045102519,-0.965925826289069));
#15791=CARTESIAN_POINT('',(0.92,7.21359756588148,7.35019229784725));
#15792=DIRECTION('',(-2.03960993326578E-16,-0.965925826289069,-0.258819045102519));
#15793=DIRECTION('',(1.0,-2.11155958123786E-16,5.55420363399017E-33));
#15794=DIRECTION('',(1.0,-4.84462412535834E-15,1.72923386153725E-14));
#15795=DIRECTION('',(-1.67393421475726E-16,0.258819045102519,-0.965925826289069));
#15796=CARTESIAN_POINT('',(4.21000000000001,6.76375983123248,9.02900957871902));
#15797=DIRECTION('',(-2.08166817117217E-16,-0.965925826289069,-0.258819045102519));
#15798=DIRECTION('',(1.15555796663234E-32,-0.258819045102519,0.965925826289069));
#15799=DIRECTION('',(-1.0,1.66533453693774E-16,1.66533453693774E-16));
#15800=DIRECTION('',(-1.67393421475726E-16,0.258819045102519,-0.965925826289069));
#15801=DIRECTION('',(1.0,-4.84462412535834E-15,1.72923386153725E-14));
#15802=DIRECTION('',(-1.0,-9.78987427876173E-15,3.73243529720896E-14));
#15803=DIRECTION('',(6.07235876777361E-15,0.258819045102519,-0.965925826289069));
#15804=DIRECTION('',(1.0,1.80798312787442E-14,-6.82628936885856E-14));
#15805=DIRECTION('',(0.33209355868918,-0.244130145874916,0.911106108064395));
#15806=DIRECTION('',(0.332093558689178,0.244130145874916,-0.911106108064396));
#15807=DIRECTION('',(1.0,1.58816277761492E-14,-6.00590865315251E-14));
#15808=DIRECTION('',(3.56720269581323E-14,-0.258819045102519,0.965925826289069));
#15809=DIRECTION('',(-1.0,1.04106101960655E-14,-3.80648814254725E-14));
#15810=DIRECTION('',(-1.61876128759608E-14,0.258819045102519,-0.965925826289069));
#15811=DIRECTION('',(-0.326645341923592,-0.244622039775707,0.912941881094077));
#15812=DIRECTION('',(-1.0,1.04968142549908E-14,-3.83865993532004E-14));
#15813=DIRECTION('',(-0.326645341923615,0.244622039775705,-0.91294188109407));
#15814=DIRECTION('',(-1.24288861065418E-15,-0.258819045102519,0.965925826289069));
#15815=DIRECTION('',(-8.47156285481594E-15,0.258819045102519,-0.965925826289069));
#15816=DIRECTION('',(1.0,-5.95673381825866E-15,2.14427884928664E-14));
#15817=DIRECTION('',(0.975761317702201,0.056639312469097,-0.211380791840442));
#15818=DIRECTION('',(0.93767499309833,0.0899431027849333,-0.335672229383764));
#15819=DIRECTION('',(0.874012910253614,0.125760872518519,-0.469345965843309));
#15820=DIRECTION('',(0.669275545798635,0.192306250542184,-0.717696697636506));
#15821=DIRECTION('',(0.561408821908131,0.214182750267776,-0.799340906104183));
#15822=DIRECTION('',(0.280533683693096,0.248425954442932,-0.927138283899818));
#15823=DIRECTION('',(1.0,-1.19990336433269E-13,4.47021987222205E-13));
#15824=DIRECTION('',(-2.96373429882317E-15,-0.258819045102519,0.965925826289069));
#15825=DIRECTION('',(-1.0,-2.76772165057603E-14,1.04080822975621E-13));
#15826=DIRECTION('',(-9.10994109397541E-15,0.258819045102519,-0.965925826289069));
#15827=DIRECTION('',(-1.0,-8.55428276749919E-15,3.27130626746569E-14));
#15828=DIRECTION('',(-8.74911861097223E-15,0.258819045102519,-0.965925826289069));
#15829=DIRECTION('',(1.0,-8.11183529139102E-15,2.94857366860629E-14));
#15830=DIRECTION('',(0.988681217976975,-0.0388310080362715,0.144919294900481));
#15831=DIRECTION('',(0.93909137092781,-0.0889477116897927,0.331957379243295));
#15832=DIRECTION('',(0.906184760538042,-0.109449913547384,0.40847263824286));
#15833=DIRECTION('',(0.748205927600532,-0.171717784182057,0.640859495130588));
#15834=DIRECTION('',(0.579582605173967,-0.210915132529183,0.787145990684038));
#15835=DIRECTION('',(0.464837542984319,-0.22915734459986,0.855226852974252));
#15836=DIRECTION('',(0.26390328549947,-0.249643689036648,0.931682931273703));
#15837=DIRECTION('',(0.146747068056944,-0.256017082645596,0.955468760038929));
#15838=DIRECTION('',(-7.31853406063643E-14,-0.258819045102519,0.965925826289069));
#15839=DIRECTION('',(-0.126159058394701,-0.256751087700639,0.958208104197361));
#15840=DIRECTION('',(-0.291593999425603,-0.247571333273402,0.92394879427391));
#15841=DIRECTION('',(-0.510324163835937,-0.222579751266979,0.830678940464414));
#15842=DIRECTION('',(-0.588353794873879,-0.209282016439614,0.78105111846311));
#15843=DIRECTION('',(-0.732072204890917,-0.176314533282388,0.65801479632267));
#15844=DIRECTION('',(-0.875981428352321,-0.124840028888665,0.465909330630869));
#15845=DIRECTION('',(-0.939723190160958,-0.0884995860112412,0.330284951442767));
#15846=DIRECTION('',(-0.987818489448255,-0.0402749645056912,0.150308213808274));
#15847=DIRECTION('',(-1.0,1.17240854790484E-15,-3.58744350397008E-15));
#15848=DIRECTION('',(-0.131269295692046,0.256579418322343,-0.957567425355459));
#15849=DIRECTION('',(1.0,4.93371229263683E-15,-1.92009097100868E-14));
#15850=DIRECTION('',(0.126654809815337,-0.256734737282522,0.958147083606225));
#15851=DIRECTION('',(0.338815170247301,-0.243510663048104,0.908794166680313));
#15852=DIRECTION('',(0.668869433509891,-0.192400876770269,0.718049847527447));
#15853=DIRECTION('',(0.871290216647979,-0.127020139023805,0.474045612421306));
#15854=DIRECTION('',(0.963946240457027,-0.0688709870555489,0.257030022858728));
#15855=DIRECTION('',(0.982733359275452,-0.0478886190538526,0.178722759413289));
#15856=DIRECTION('',(0.999999944501073,-8.62290330534456E-05,0.000321811132442209));
#15857=DIRECTION('',(0.990599975603898,0.0354040314724168,-0.132129644247829));
#15858=DIRECTION('',(0.936615137017093,0.0906798242093871,-0.33842171117085));
#15859=DIRECTION('',(0.87296141891119,0.126249150198264,-0.471168242952321));
#15860=DIRECTION('',(0.558230947947659,0.214738436896303,-0.80141475683493));
#15861=DIRECTION('',(0.287350521808816,0.247903479821081,-0.925188382065404));
#15862=DIRECTION('',(-0.216483056695812,0.252681507344381,-0.943020223542321));
#15863=DIRECTION('',(-0.665459539060119,0.19319131526425,-0.720999804147244));
#15864=DIRECTION('',(-0.922474905975886,0.0999189177031866,-0.372902477505587));
#15865=DIRECTION('',(-0.957248752324044,0.0748675532192583,-0.27940951245264));
#15866=DIRECTION('',(-0.913834158649579,0.105103202186764,-0.392250490599189));
#15867=DIRECTION('',(-0.803565698851237,0.154053254354729,-0.574934572323183));
#15868=DIRECTION('',(-0.802192477318384,0.154531926484463,-0.576721001031517));
#15869=DIRECTION('',(-0.479078096117443,0.227184183663803,-0.847862916109378));
#15870=DIRECTION('',(-0.181035492327104,0.254542464988422,-0.949965412020617));
#15871=DIRECTION('',(0.0268562499140952,0.258725690592257,-0.965577422513654));
#15872=DIRECTION('',(0.290121884904754,0.247687161137384,-0.924381069747221));
#15873=DIRECTION('',(0.520373967314371,0.221015542957479,-0.824841235579741));
#15874=DIRECTION('',(0.584238842145996,0.210052819679822,-0.783927795318205));
#15875=DIRECTION('',(0.733443078505232,0.175932472095152,-0.656588924560304));
#15876=DIRECTION('',(0.872716154803886,0.126362687035812,-0.471591968198579));
#15877=DIRECTION('',(0.940325117367721,0.0880702583118816,-0.32868267865566));
#15878=DIRECTION('',(0.982945437954401,0.0475961581048343,-0.177631280292325));
#15879=DIRECTION('',(1.0,-8.29369584385464E-14,3.08736897953846E-13));
#15880=DIRECTION('',(0.982712226536315,-0.0479176603037111,0.178831142833277));
#15881=DIRECTION('',(0.95406987639774,-0.0775380870948451,0.289376080559663));
#15882=DIRECTION('',(0.913339284459291,-0.105390959907063,0.393324417031614));
#15883=DIRECTION('',(0.735535752880981,-0.175346255911771,0.654401135979708));
#15884=DIRECTION('',(0.470019139180757,-0.22844824090841,0.852580441969926));
#15885=DIRECTION('',(0.253072585073403,-0.250393784822282,0.934482326856232));
#15886=DIRECTION('',(-0.999997525038774,0.000575831156274767,-0.00214903113179779));
#15887=DIRECTION('',(-0.338552760175124,0.243535110174308,-0.908885404597407));
#15888=DIRECTION('',(-0.748289556706303,0.171693371756868,-0.640768386719447));
#15889=DIRECTION('',(-0.936682085359642,0.0906334891967919,-0.338248786549674));
#15890=DIRECTION('',(-0.983282331004952,0.0471277127878436,-0.175883018568746));
#15891=DIRECTION('',(-1.0,1.39371882348306E-13,-5.19354901306353E-13));
#15892=DIRECTION('',(-0.983895084333555,-0.0462631083184878,0.172656270760661));
#15893=DIRECTION('',(-0.936149591977635,-0.0910012847080038,0.339621418084314));
#15894=DIRECTION('',(-0.804928962874182,-0.153575763828473,0.573152553419066));
#15895=DIRECTION('',(-0.670777996807406,-0.191955265959921,0.716386805342826));
#15896=DIRECTION('',(-0.214570396702749,-0.252790768055758,0.943427990068455));
#15897=DIRECTION('',(-0.00708650709570393,-0.258812546258102,0.965901572271513));
#15898=DIRECTION('',(0.409038920111237,-0.236176762490113,0.881423677180232));
#15899=DIRECTION('',(0.848621369853021,-0.13691546337839,0.51097546566999));
#15900=DIRECTION('',(0.951631457366387,-0.0795200485333539,0.296772861346821));
#15901=DIRECTION('',(0.938174037547723,-0.0895938211156575,0.334368692447872));
#15902=DIRECTION('',(0.912854233545368,-0.105672094550903,0.394373625806194));
#15903=DIRECTION('',(0.802798890775128,-0.15432082926567,0.575933175485646));
#15904=DIRECTION('',(0.517540636545393,-0.221460749312991,0.826502768318363));
#15905=DIRECTION('',(0.176054415446031,-0.254776404466067,0.950838486037087));
#15906=DIRECTION('',(-0.149113457326185,-0.255925472316983,0.955126865638048));
#15907=DIRECTION('',(-0.336300889877995,-0.24374402421056,0.909665082395115));
#15908=DIRECTION('',(-0.555322968273816,-0.215242918638046,0.803297508326606));
#15909=DIRECTION('',(-0.747931442594789,-0.171797866388223,0.641158365992781));
#15910=DIRECTION('',(-0.90362692962737,-0.110857479039664,0.413725744175031));
#15911=DIRECTION('',(-0.962585553267042,-0.0701342558174928,0.261744606061919));
#15912=DIRECTION('',(-1.0,8.77273307648494E-15,-3.19522407986432E-14));
#15913=DIRECTION('',(-0.976167169926689,0.0561688948314414,-0.209625169315933));
#15914=DIRECTION('',(-0.963240979829984,0.0695288424677158,-0.259485172680969));
#15915=DIRECTION('',(-0.915504508549793,0.104124897757608,-0.388599408764309));
#15916=DIRECTION('',(-0.748457102992245,0.171644444155686,-0.640585786425941));
#15917=DIRECTION('',(-0.54376247704697,0.217211078139264,-0.81064277958255));
#15918=DIRECTION('',(-0.357054399536271,0.241758623178878,-0.902255464871478));
#15919=DIRECTION('',(-3.08425568010128E-14,0.258819045102519,-0.965925826289069));
#15920=DIRECTION('',(1.0,6.62905878483428E-15,-2.55280289554013E-14));
#15921=DIRECTION('',(-1.20120519495182E-14,-0.258819045102519,0.965925826289069));
#15922=DIRECTION('',(0.686201202443522,0.188268024445414,-0.702625832670908));
#15923=DIRECTION('',(1.0,-2.048816480312E-15,6.85824243586999E-15));
#15924=DIRECTION('',(-0.68134624329998,-0.189445516239337,0.707020291871326));
#15925=DIRECTION('',(0.542211519105468,-0.217470639793503,0.811611476863866));
#15926=DIRECTION('',(-1.0,-1.35110161557036E-14,5.12118435190089E-14));
#15927=DIRECTION('',(-0.538607646079959,0.218069722208164,-0.813847282873304));
#15928=DIRECTION('',(-0.672211865195668,-0.191618967359473,0.715131721879439));
#15929=DIRECTION('',(2.41812186532619E-14,-0.258819045102519,0.965925826289069));
#15930=DIRECTION('',(-1.0,3.84556640330946E-14,-1.4273044724627E-13));
#15931=DIRECTION('',(-0.938497418264562,-0.0893666580636024,0.333520908396002));
#15932=DIRECTION('',(5.57548391197494E-14,0.258819045102519,-0.965925826289069));
#15933=DIRECTION('',(0.88252102564449,0.121715593598337,-0.454248779382402));
#15934=DIRECTION('',(0.515802258169109,0.221732260874583,-0.827516063261067));
#15935=DIRECTION('',(0.282907805824576,0.248245538419044,-0.92646496213217));
#15936=DIRECTION('',(3.38473132340546E-13,0.258819045102519,-0.965925826289069));
#15937=DIRECTION('',(-1.0,5.1665299447768E-15,-1.84937074886943E-14));
#15938=DIRECTION('',(7.82368553684088E-14,0.258819045102519,-0.965925826289069));
#15939=DIRECTION('',(1.0,1.23903633896748E-14,-4.70295104585467E-14));
#15940=DIRECTION('',(5.51564410403038E-14,-0.258819045102519,0.965925826289069));
#15941=DIRECTION('',(-0.283843923189601,-0.248173946039554,0.926197775734477));
#15942=DIRECTION('',(-0.406766319570923,-0.23643954312407,0.882404387857408));
#15943=DIRECTION('',(-0.505150073586096,-0.223368993696214,0.83362443330981));
#15944=DIRECTION('',(-0.679436565414947,-0.189904398641398,0.708732864310517));
#15945=DIRECTION('',(-0.790573889384315,-0.158492154012966,0.591500771377424));
#15946=DIRECTION('',(1.0,-2.11155958123786E-16,1.17349932043264E-31));
#15947=DIRECTION('',(-7.71544347977613E-17,-0.258819045102519,0.965925826289069));
#15948=DIRECTION('',(-1.0,2.11155958123786E-16,-1.17349932043264E-31));
#15949=DIRECTION('',(-0.463503643042887,0.229338265254887,-0.85590205805095));
#15950=DIRECTION('',(-7.71544347977613E-17,-0.258819045102519,0.965925826289069));
#15951=DIRECTION('',(-1.0,2.11155958123786E-16,-1.17349932043264E-31));
#15952=DIRECTION('',(7.71544347977613E-17,0.258819045102519,-0.965925826289069));
#15953=DIRECTION('',(1.0,-2.11155958123786E-16,1.17349932043264E-31));
#15954=DIRECTION('',(0.463503643042887,-0.229338265254887,0.85590205805095));
#15955=DIRECTION('',(7.71544347977613E-17,0.258819045102519,-0.965925826289069));
#15956=DIRECTION('',(-2.28156896974157E-16,0.258819045102519,-0.965925826289069));
#15957=CARTESIAN_POINT('',(5.66634273504271,6.69885824898288,9.27122558116616));
#15958=DIRECTION('',(2.03960993326578E-16,0.965925826289069,0.258819045102519));
#15959=DIRECTION('',(-2.28156896974157E-16,0.258819045102519,-0.965925826289069));
#15960=DIRECTION('',(1.0,-1.37959840801309E-16,-2.73171628764258E-16));
#15961=CARTESIAN_POINT('',(4.32365726495726,6.69885824898288,9.27122558116616));
#15962=DIRECTION('',(2.03960993326578E-16,0.965925826289069,0.258819045102519));
#15963=DIRECTION('',(-2.28156896974157E-16,0.258819045102519,-0.965925826289069));
#15964=DIRECTION('',(2.28156896974157E-16,-0.258819045102519,0.965925826289069));
#15965=CARTESIAN_POINT('',(4.32365726495726,7.0554073655148,7.9405661628752));
#15966=DIRECTION('',(2.03960993326578E-16,0.965925826289069,0.258819045102519));
#15967=DIRECTION('',(-2.28156896974157E-16,0.258819045102519,-0.965925826289069));
#15968=DIRECTION('',(-1.0,1.37959840801309E-16,2.73171628764258E-16));
#15969=CARTESIAN_POINT('',(5.66634273504271,7.0554073655148,7.9405661628752));
#15970=DIRECTION('',(2.03960993326578E-16,0.965925826289069,0.258819045102519));
#15971=DIRECTION('',(-2.28156896974157E-16,0.258819045102519,-0.965925826289069));
#15972=DIRECTION('',(-0.283287064865172,0.248216564434014,-0.926356829747938));
#15973=DIRECTION('',(0.993883855878366,0.0285814997956222,-0.106667609393783));
#15974=DIRECTION('',(0.34008028790349,-0.243392499455709,0.908353174149891));
#15975=DIRECTION('',(0.519425496251734,-0.221164948447932,0.825398824461038));
#15976=DIRECTION('',(0.767009362556934,-0.166067592873897,0.61977269409605));
#15977=DIRECTION('',(0.910792791019064,-0.106857006473459,0.398795777303666));
#15978=DIRECTION('',(1.0,8.10231616373631E-14,-3.03170600584545E-13));
#15979=DIRECTION('',(0.913118711748444,0.105518914835161,-0.393801951324359));
#15980=DIRECTION('',(0.770629882564221,0.164940969805661,-0.615568079564416));
#15981=DIRECTION('',(0.513523523730662,0.222086285588983,-0.828837301482343));
#15982=DIRECTION('',(0.345098340561576,0.242918893625838,-0.906585653130053));
#15983=DIRECTION('',(3.03029762802177E-14,0.258819045102519,-0.965925826289069));
#15984=DIRECTION('',(-0.345196666617182,0.242909534982711,-0.906550726198413));
#15985=DIRECTION('',(-0.516416007558877,0.221636543684345,-0.82715884184394));
#15986=DIRECTION('',(-0.76618418480515,0.166322562707947,-0.620724254471121));
#15987=DIRECTION('',(-0.909139965013076,0.107795731740109,-0.402299147693153));
#15988=DIRECTION('',(-1.0,3.62287258441911E-14,-1.34419400779967E-13));
#15989=DIRECTION('',(-0.936591904283373,-0.0906958973004232,0.338481696763231));
#15990=DIRECTION('',(-0.767423537367112,-0.165939366648761,0.61929414730898));
#15991=DIRECTION('',(-0.50271667185618,-0.223736444699087,0.834995779121822));
#15992=DIRECTION('',(-1.0,3.31253797228805E-14,-1.22837555381764E-13));
#15993=DIRECTION('',(0.121994173720746,0.256885878145191,-0.958711148984806));
#15994=DIRECTION('',(1.0,-8.34171278185847E-15,3.03436511600039E-14));
#15995=DIRECTION('',(1.72423247493547E-14,-0.258819045102519,0.965925826289069));
#15996=DIRECTION('',(-1.0,1.13157528147811E-14,-4.14429196666151E-14));
#15997=DIRECTION('',(-0.122225164470585,-0.256878522799456,0.958683698460816));
#15998=DIRECTION('',(0.82563723834928,0.146026051741683,-0.544976644328645));
#15999=DIRECTION('',(0.938251556544393,0.0895394265200294,-0.334165689053333));
#16000=DIRECTION('',(1.0,3.54068471227283E-14,-1.32928197161886E-13));
#16001=DIRECTION('',(0.976187519564008,-0.0561451989102198,0.209536734934001));
#16002=DIRECTION('',(0.914733518734132,-0.104577816798633,0.390289725637129));
#16003=DIRECTION('',(0.66803115854935,-0.192595870663371,0.718777574643667));
#16004=DIRECTION('',(0.560517431619694,-0.21433908364693,0.799924350218104));
#16005=DIRECTION('',(0.402890468131129,-0.236883665592115,0.884061875472935));
#16006=DIRECTION('',(0.292047643523318,-0.24753551084137,0.923815103137516));
#16007=DIRECTION('',(-1.0299482881755E-13,-0.258819045102519,0.965925826289069));
#16008=DIRECTION('',(-0.288687872010645,-0.24779937577267,0.924799860467464));
#16009=DIRECTION('',(-0.405137917680757,-0.236626756491954,0.883103077658207));
#16010=DIRECTION('',(-0.559974906788737,-0.214434055169869,0.800278788766984));
#16011=DIRECTION('',(-0.672657969067739,-0.191514071317275,0.714740244520446));
#16012=DIRECTION('',(-0.805717301899106,-0.153298594572967,0.572118143675219));
#16013=DIRECTION('',(-0.914510059158522,-0.10470865116068,0.390778006123667));
#16014=DIRECTION('',(-0.974775381417418,-0.0577653470398457,0.215583210069555));
#16015=DIRECTION('',(-1.0,-1.10217602926729E-13,4.12125738775048E-13));
#16016=DIRECTION('',(-0.97606900541228,0.0562830544087097,-0.210051218658469));
#16017=DIRECTION('',(-0.913354560487199,0.105382091337292,-0.393291319078638));
#16018=DIRECTION('',(-0.806451194972008,0.153039872104726,-0.571152578278685));
#16019=DIRECTION('',(-0.667066542929817,0.192819706972173,-0.719612943120695));
#16020=DIRECTION('',(-0.564412444392318,0.213653294254156,-0.797364949360979));
#16021=DIRECTION('',(-0.405255450122788,0.236613274172127,-0.883052760955608));
#16022=DIRECTION('',(0.982712226536315,-0.0479176603037111,0.178831142833277));
#16023=DIRECTION('',(1.0,-8.29369584385464E-14,3.08736897953846E-13));
#16024=DIRECTION('',(0.982945437954401,0.0475961581048343,-0.177631280292325));
#16025=DIRECTION('',(0.940325117367721,0.0880702583118816,-0.32868267865566));
#16026=DIRECTION('',(0.872716154803886,0.126362687035812,-0.471591968198579));
#16027=DIRECTION('',(0.733443078505232,0.175932472095152,-0.656588924560304));
#16028=DIRECTION('',(0.584238842145996,0.210052819679822,-0.783927795318205));
#16029=DIRECTION('',(0.520373967314371,0.221015542957479,-0.824841235579741));
#16030=DIRECTION('',(0.290121884904754,0.247687161137384,-0.924381069747221));
#16031=DIRECTION('',(0.0268562499140952,0.258725690592257,-0.965577422513654));
#16032=DIRECTION('',(-0.181035492327104,0.254542464988422,-0.949965412020617));
#16033=DIRECTION('',(-0.479078096117443,0.227184183663803,-0.847862916109378));
#16034=DIRECTION('',(-0.802192477318384,0.154531926484463,-0.576721001031517));
#16035=DIRECTION('',(-0.803565698851237,0.154053254354729,-0.574934572323183));
#16036=DIRECTION('',(-0.913834158649579,0.105103202186764,-0.392250490599189));
#16037=DIRECTION('',(-0.957248752324044,0.0748675532192583,-0.27940951245264));
#16038=DIRECTION('',(-0.922474905975886,0.0999189177031866,-0.372902477505587));
#16039=DIRECTION('',(-0.665459539060119,0.19319131526425,-0.720999804147244));
#16040=DIRECTION('',(-0.216483056695812,0.252681507344381,-0.943020223542321));
#16041=DIRECTION('',(0.287350521808816,0.247903479821081,-0.925188382065404));
#16042=DIRECTION('',(0.558230947947659,0.214738436896303,-0.80141475683493));
#16043=DIRECTION('',(0.87296141891119,0.126249150198264,-0.471168242952321));
#16044=DIRECTION('',(0.936615137017093,0.0906798242093871,-0.33842171117085));
#16045=DIRECTION('',(0.990599975603898,0.0354040314724168,-0.132129644247829));
#16046=DIRECTION('',(0.999999944501073,-8.62290330534456E-05,0.000321811132442209));
#16047=DIRECTION('',(0.982733359275452,-0.0478886190538526,0.178722759413289));
#16048=DIRECTION('',(0.963946240457027,-0.0688709870555489,0.257030022858728));
#16049=DIRECTION('',(0.871290216647979,-0.127020139023805,0.474045612421306));
#16050=DIRECTION('',(0.668869433509891,-0.192400876770269,0.718049847527447));
#16051=DIRECTION('',(0.338815170247301,-0.243510663048104,0.908794166680313));
#16052=DIRECTION('',(0.126654809815337,-0.256734737282522,0.958147083606225));
#16053=DIRECTION('',(1.0,4.93371229263683E-15,-1.92009097100868E-14));
#16054=DIRECTION('',(-0.131269295692046,0.256579418322343,-0.957567425355459));
#16055=DIRECTION('',(-0.357054399536271,0.241758623178878,-0.902255464871478));
#16056=DIRECTION('',(-0.54376247704697,0.217211078139264,-0.81064277958255));
#16057=DIRECTION('',(-0.748457102992245,0.171644444155686,-0.640585786425941));
#16058=DIRECTION('',(-0.915504508549793,0.104124897757608,-0.388599408764309));
#16059=DIRECTION('',(-0.963240979829984,0.0695288424677158,-0.259485172680969));
#16060=DIRECTION('',(-0.976167169926689,0.0561688948314414,-0.209625169315933));
#16061=DIRECTION('',(-1.0,8.77273307648494E-15,-3.19522407986432E-14));
#16062=DIRECTION('',(-0.962585553267042,-0.0701342558174928,0.261744606061919));
#16063=DIRECTION('',(-0.90362692962737,-0.110857479039664,0.413725744175031));
#16064=DIRECTION('',(-0.747931442594789,-0.171797866388223,0.641158365992781));
#16065=DIRECTION('',(-0.555322968273816,-0.215242918638046,0.803297508326606));
#16066=DIRECTION('',(-0.336300889877995,-0.24374402421056,0.909665082395115));
#16067=DIRECTION('',(-0.149113457326185,-0.255925472316983,0.955126865638048));
#16068=DIRECTION('',(0.176054415446031,-0.254776404466067,0.950838486037087));
#16069=DIRECTION('',(0.517540636545393,-0.221460749312991,0.826502768318363));
#16070=DIRECTION('',(0.802798890775128,-0.15432082926567,0.575933175485646));
#16071=DIRECTION('',(0.912854233545368,-0.105672094550903,0.394373625806194));
#16072=DIRECTION('',(0.938174037547723,-0.0895938211156575,0.334368692447872));
#16073=DIRECTION('',(0.951631457366387,-0.0795200485333539,0.296772861346821));
#16074=DIRECTION('',(0.848621369853021,-0.13691546337839,0.51097546566999));
#16075=DIRECTION('',(0.409038920111237,-0.236176762490113,0.881423677180232));
#16076=DIRECTION('',(-0.00708650709570393,-0.258812546258102,0.965901572271513));
#16077=DIRECTION('',(-0.214570396702749,-0.252790768055758,0.943427990068455));
#16078=DIRECTION('',(-0.670777996807406,-0.191955265959921,0.716386805342826));
#16079=DIRECTION('',(-0.804928962874182,-0.153575763828473,0.573152553419066));
#16080=DIRECTION('',(-0.936149591977635,-0.0910012847080038,0.339621418084314));
#16081=DIRECTION('',(-0.983895084333555,-0.0462631083184878,0.172656270760661));
#16082=DIRECTION('',(-1.0,1.39371882348306E-13,-5.19354901306353E-13));
#16083=DIRECTION('',(-0.983282331004952,0.0471277127878436,-0.175883018568746));
#16084=DIRECTION('',(-0.936682085359642,0.0906334891967919,-0.338248786549674));
#16085=DIRECTION('',(-0.748289556706303,0.171693371756868,-0.640768386719447));
#16086=DIRECTION('',(-0.338552760175124,0.243535110174308,-0.908885404597407));
#16087=DIRECTION('',(-0.999997525038774,0.000575831156274767,-0.00214903113179779));
#16088=DIRECTION('',(0.253072585073403,-0.250393784822282,0.934482326856232));
#16089=DIRECTION('',(0.470019139180757,-0.22844824090841,0.852580441969926));
#16090=DIRECTION('',(0.735535752880981,-0.175346255911771,0.654401135979708));
#16091=DIRECTION('',(0.913339284459291,-0.105390959907063,0.393324417031614));
#16092=DIRECTION('',(0.95406987639774,-0.0775380870948451,0.289376080559663));
#16093=DIRECTION('',(2.03960993326578E-16,0.965925826289069,0.258819045102519));
#16094=DIRECTION('',(2.03960993326578E-16,0.965925826289069,0.258819045102519));
#16095=DIRECTION('',(2.03960993326578E-16,0.965925826289069,0.258819045102519));
#16096=DIRECTION('',(2.03960993326578E-16,0.965925826289069,0.258819045102519));
#16097=DIRECTION('',(2.03960993326578E-16,0.965925826289069,0.258819045102519));
#16098=DIRECTION('',(2.03960993326578E-16,0.965925826289069,0.258819045102519));
#16099=DIRECTION('',(2.03960993326578E-16,0.965925826289069,0.258819045102519));
#16100=DIRECTION('',(2.03960993326578E-16,0.965925826289069,0.258819045102519));
#16101=DIRECTION('',(2.03960993326578E-16,0.965925826289069,0.258819045102519));
#16102=DIRECTION('',(2.03960993326578E-16,0.965925826289069,0.258819045102519));
#16103=DIRECTION('',(2.03960993326578E-16,0.965925826289069,0.258819045102519));
#16104=DIRECTION('',(2.03960993326578E-16,0.965925826289069,0.258819045102519));
#16105=DIRECTION('',(2.03960993326578E-16,0.965925826289069,0.258819045102519));
#16106=DIRECTION('',(2.03960993326578E-16,0.965925826289069,0.258819045102519));
#16107=DIRECTION('',(2.03960993326578E-16,0.965925826289069,0.258819045102519));
#16108=DIRECTION('',(2.03960993326578E-16,0.965925826289069,0.258819045102519));
#16109=DIRECTION('',(2.03960993326578E-16,0.965925826289069,0.258819045102519));
#16110=DIRECTION('',(2.03960993326578E-16,0.965925826289069,0.258819045102519));
#16111=DIRECTION('',(2.03960993326578E-16,0.965925826289069,0.258819045102519));
#16112=DIRECTION('',(2.03960993326578E-16,0.965925826289069,0.258819045102519));
#16113=DIRECTION('',(2.03960993326578E-16,0.965925826289069,0.258819045102519));
#16114=DIRECTION('',(2.03960993326578E-16,0.965925826289069,0.258819045102519));
#16115=DIRECTION('',(2.03960993326578E-16,0.965925826289069,0.258819045102519));
#16116=DIRECTION('',(2.03960993326578E-16,0.965925826289069,0.258819045102519));
#16117=DIRECTION('',(2.03960993326578E-16,0.965925826289069,0.258819045102519));
#16118=DIRECTION('',(2.03960993326578E-16,0.965925826289069,0.258819045102519));
#16119=DIRECTION('',(2.03960993326578E-16,0.965925826289069,0.258819045102519));
#16120=DIRECTION('',(2.03960993326578E-16,0.965925826289069,0.258819045102519));
#16121=DIRECTION('',(2.03960993326578E-16,0.965925826289069,0.258819045102519));
#16122=DIRECTION('',(2.03960993326578E-16,0.965925826289069,0.258819045102519));
#16123=DIRECTION('',(2.03960993326578E-16,0.965925826289069,0.258819045102519));
#16124=DIRECTION('',(2.03960993326578E-16,0.965925826289069,0.258819045102519));
#16125=DIRECTION('',(2.03960993326578E-16,0.965925826289069,0.258819045102519));
#16126=DIRECTION('',(2.03960993326578E-16,0.965925826289069,0.258819045102519));
#16127=DIRECTION('',(2.03960993326578E-16,0.965925826289069,0.258819045102519));
#16128=DIRECTION('',(2.03960993326578E-16,0.965925826289069,0.258819045102519));
#16129=DIRECTION('',(2.03960993326578E-16,0.965925826289069,0.258819045102519));
#16130=DIRECTION('',(2.03960993326578E-16,0.965925826289069,0.258819045102519));
#16131=DIRECTION('',(2.03960993326578E-16,0.965925826289069,0.258819045102519));
#16132=DIRECTION('',(2.03960993326578E-16,0.965925826289069,0.258819045102519));
#16133=DIRECTION('',(2.03960993326578E-16,0.965925826289069,0.258819045102519));
#16134=DIRECTION('',(2.03960993326578E-16,0.965925826289069,0.258819045102519));
#16135=DIRECTION('',(2.03960993326578E-16,0.965925826289069,0.258819045102519));
#16136=DIRECTION('',(2.03960993326578E-16,0.965925826289069,0.258819045102519));
#16137=DIRECTION('',(2.03960993326578E-16,0.965925826289069,0.258819045102519));
#16138=DIRECTION('',(2.03960993326578E-16,0.965925826289069,0.258819045102519));
#16139=DIRECTION('',(2.03960993326578E-16,0.965925826289069,0.258819045102519));
#16140=DIRECTION('',(2.03960993326578E-16,0.965925826289069,0.258819045102519));
#16141=DIRECTION('',(2.03960993326578E-16,0.965925826289069,0.258819045102519));
#16142=DIRECTION('',(2.03960993326578E-16,0.965925826289069,0.258819045102519));
#16143=DIRECTION('',(2.03960993326578E-16,0.965925826289069,0.258819045102519));
#16144=DIRECTION('',(2.03960993326578E-16,0.965925826289069,0.258819045102519));
#16145=DIRECTION('',(2.03960993326578E-16,0.965925826289069,0.258819045102519));
#16146=DIRECTION('',(2.03960993326578E-16,0.965925826289069,0.258819045102519));
#16147=DIRECTION('',(2.03960993326578E-16,0.965925826289069,0.258819045102519));
#16148=DIRECTION('',(2.03960993326578E-16,0.965925826289069,0.258819045102519));
#16149=DIRECTION('',(2.03960993326578E-16,0.965925826289069,0.258819045102519));
#16150=DIRECTION('',(2.03960993326578E-16,0.965925826289069,0.258819045102519));
#16151=DIRECTION('',(2.03960993326578E-16,0.965925826289069,0.258819045102519));
#16152=DIRECTION('',(2.03960993326578E-16,0.965925826289069,0.258819045102519));
#16153=DIRECTION('',(2.03960993326578E-16,0.965925826289069,0.258819045102519));
#16154=DIRECTION('',(2.03960993326578E-16,0.965925826289069,0.258819045102519));
#16155=DIRECTION('',(2.03960993326578E-16,0.965925826289069,0.258819045102519));
#16156=DIRECTION('',(2.03960993326578E-16,0.965925826289069,0.258819045102519));
#16157=DIRECTION('',(2.03960993326578E-16,0.965925826289069,0.258819045102519));
#16158=DIRECTION('',(2.03960993326578E-16,0.965925826289069,0.258819045102519));
#16159=DIRECTION('',(2.03960993326578E-16,0.965925826289069,0.258819045102519));
#16160=DIRECTION('',(2.03960993326578E-16,0.965925826289069,0.258819045102519));
#16161=DIRECTION('',(2.03960993326578E-16,0.965925826289069,0.258819045102519));
#16162=DIRECTION('',(2.03960993326578E-16,0.965925826289069,0.258819045102519));
#16163=DIRECTION('',(2.03960993326578E-16,0.965925826289069,0.258819045102519));
#16164=DIRECTION('',(0.686201202443522,0.188268024445414,-0.702625832670908));
#16165=DIRECTION('',(-1.20120519495182E-14,-0.258819045102519,0.965925826289069));
#16166=DIRECTION('',(1.0,6.62905878483428E-15,-2.55280289554013E-14));
#16167=DIRECTION('',(-3.08425568010128E-14,0.258819045102519,-0.965925826289069));
#16168=DIRECTION('',(-1.0,3.84556640330946E-14,-1.4273044724627E-13));
#16169=DIRECTION('',(2.41812186532619E-14,-0.258819045102519,0.965925826289069));
#16170=DIRECTION('',(-0.672211865195668,-0.191618967359473,0.715131721879439));
#16171=DIRECTION('',(-0.538607646079959,0.218069722208164,-0.813847282873304));
#16172=DIRECTION('',(-1.0,-1.35110161557036E-14,5.12118435190089E-14));
#16173=DIRECTION('',(0.542211519105468,-0.217470639793503,0.811611476863866));
#16174=DIRECTION('',(-0.68134624329998,-0.189445516239337,0.707020291871326));
#16175=DIRECTION('',(1.0,-2.048816480312E-15,6.85824243586999E-15));
#16176=DIRECTION('',(2.03960993326578E-16,0.965925826289069,0.258819045102519));
#16177=DIRECTION('',(2.03960993326578E-16,0.965925826289069,0.258819045102519));
#16178=DIRECTION('',(2.03960993326578E-16,0.965925826289069,0.258819045102519));
#16179=DIRECTION('',(2.03960993326578E-16,0.965925826289069,0.258819045102519));
#16180=DIRECTION('',(2.03960993326578E-16,0.965925826289069,0.258819045102519));
#16181=DIRECTION('',(2.03960993326578E-16,0.965925826289069,0.258819045102519));
#16182=DIRECTION('',(2.03960993326578E-16,0.965925826289069,0.258819045102519));
#16183=DIRECTION('',(2.03960993326578E-16,0.965925826289069,0.258819045102519));
#16184=DIRECTION('',(2.03960993326578E-16,0.965925826289069,0.258819045102519));
#16185=DIRECTION('',(2.03960993326578E-16,0.965925826289069,0.258819045102519));
#16186=DIRECTION('',(2.03960993326578E-16,0.965925826289069,0.258819045102519));
#16187=DIRECTION('',(2.03960993326578E-16,0.965925826289069,0.258819045102519));
#16188=DIRECTION('',(1.0,-2.11155958123786E-16,6.6535920902342E-32));
#16189=DIRECTION('',(5.46511834493058E-17,0.258819045102519,-0.965925826289069));
#16190=DIRECTION('',(0.463503643042887,-0.229338265254887,0.85590205805095));
#16191=DIRECTION('',(1.0,-2.11155958123786E-16,6.6535920902342E-32));
#16192=DIRECTION('',(5.46511834493058E-17,0.258819045102519,-0.965925826289069));
#16193=DIRECTION('',(-1.0,2.11155958123786E-16,-6.6535920902342E-32));
#16194=DIRECTION('',(-5.46511834493058E-17,-0.258819045102519,0.965925826289069));
#16195=DIRECTION('',(-0.463503643042887,0.229338265254887,-0.85590205805095));
#16196=DIRECTION('',(-1.0,2.11155958123786E-16,-6.6535920902342E-32));
#16197=DIRECTION('',(-5.46511834493058E-17,-0.258819045102519,0.965925826289069));
#16198=DIRECTION('',(-2.03960993326578E-16,-0.965925826289069,-0.258819045102519));
#16199=DIRECTION('',(-2.03960993326578E-16,-0.965925826289069,-0.258819045102519));
#16200=DIRECTION('',(-2.03960993326578E-16,-0.965925826289069,-0.258819045102519));
#16201=DIRECTION('',(-2.02102117445666E-16,-0.965925826289069,-0.258819045102519));
#16202=DIRECTION('',(-1.0,4.64761293434864E-15,-1.73451276049035E-14));
#16203=DIRECTION('',(2.03960993326578E-16,0.965925826289069,0.258819045102519));
#16204=DIRECTION('',(-2.03960993326578E-16,-0.965925826289069,-0.258819045102519));
#16205=DIRECTION('',(-2.03960993326578E-16,-0.965925826289069,-0.258819045102519));
#16206=DIRECTION('',(-2.03960993326578E-16,-0.965925826289069,-0.258819045102519));
#16207=DIRECTION('',(-2.03960993326578E-16,-0.965925826289069,-0.258819045102519));
#16208=DIRECTION('',(-2.03960993326578E-16,-0.965925826289069,-0.258819045102519));
#16209=DIRECTION('',(-2.03960993326578E-16,-0.965925826289069,-0.258819045102519));
#16210=DIRECTION('',(-2.03960993326578E-16,-0.965925826289069,-0.258819045102519));
#16211=DIRECTION('',(-0.505150073586096,-0.223368993696214,0.83362443330981));
#16212=DIRECTION('',(-0.406766319570923,-0.23643954312407,0.882404387857408));
#16213=DIRECTION('',(-0.283843923189601,-0.248173946039554,0.926197775734477));
#16214=DIRECTION('',(5.51564410403038E-14,-0.258819045102519,0.965925826289069));
#16215=DIRECTION('',(1.0,1.23903633896748E-14,-4.70295104585467E-14));
#16216=DIRECTION('',(7.82368553684088E-14,0.258819045102519,-0.965925826289069));
#16217=DIRECTION('',(-1.0,5.1665299447768E-15,-1.84937074886943E-14));
#16218=DIRECTION('',(3.38473132340546E-13,0.258819045102519,-0.965925826289069));
#16219=DIRECTION('',(0.282907805824576,0.248245538419044,-0.92646496213217));
#16220=DIRECTION('',(0.515802258169109,0.221732260874583,-0.827516063261067));
#16221=DIRECTION('',(0.88252102564449,0.121715593598337,-0.454248779382402));
#16222=DIRECTION('',(5.57548391197494E-14,0.258819045102519,-0.965925826289069));
#16223=DIRECTION('',(-0.938497418264562,-0.0893666580636024,0.333520908396002));
#16224=DIRECTION('',(-0.790573889384315,-0.158492154012966,0.591500771377424));
#16225=DIRECTION('',(-0.679436565414947,-0.189904398641398,0.708732864310517));
#16226=DIRECTION('',(2.03960993326578E-16,0.965925826289069,0.258819045102519));
#16227=DIRECTION('',(2.03960993326578E-16,0.965925826289069,0.258819045102519));
#16228=DIRECTION('',(2.03960993326578E-16,0.965925826289069,0.258819045102519));
#16229=DIRECTION('',(2.03960993326578E-16,0.965925826289069,0.258819045102519));
#16230=DIRECTION('',(2.03960993326578E-16,0.965925826289069,0.258819045102519));
#16231=DIRECTION('',(2.03960993326578E-16,0.965925826289069,0.258819045102519));
#16232=DIRECTION('',(2.03960993326578E-16,0.965925826289069,0.258819045102519));
#16233=DIRECTION('',(2.03960993326578E-16,0.965925826289069,0.258819045102519));
#16234=DIRECTION('',(2.03960993326578E-16,0.965925826289069,0.258819045102519));
#16235=DIRECTION('',(2.03960993326578E-16,0.965925826289069,0.258819045102519));
#16236=DIRECTION('',(2.03960993326578E-16,0.965925826289069,0.258819045102519));
#16237=DIRECTION('',(2.03960993326578E-16,0.965925826289069,0.258819045102519));
#16238=DIRECTION('',(2.03960993326578E-16,0.965925826289069,0.258819045102519));
#16239=DIRECTION('',(2.03960993326578E-16,0.965925826289069,0.258819045102519));
#16240=DIRECTION('',(2.03960993326578E-16,0.965925826289069,0.258819045102519));
#16241=DIRECTION('',(1.0,8.10231616373631E-14,-3.03170600584545E-13));
#16242=DIRECTION('',(0.910792791019064,-0.106857006473459,0.398795777303666));
#16243=DIRECTION('',(0.767009362556934,-0.166067592873897,0.61977269409605));
#16244=DIRECTION('',(0.519425496251734,-0.221164948447932,0.825398824461038));
#16245=DIRECTION('',(0.34008028790349,-0.243392499455709,0.908353174149891));
#16246=DIRECTION('',(0.993883855878366,0.0285814997956222,-0.106667609393783));
#16247=DIRECTION('',(-0.283287064865172,0.248216564434014,-0.926356829747938));
#16248=DIRECTION('',(-0.405255450122788,0.236613274172127,-0.883052760955608));
#16249=DIRECTION('',(-0.564412444392318,0.213653294254156,-0.797364949360979));
#16250=DIRECTION('',(-0.667066542929817,0.192819706972173,-0.719612943120695));
#16251=DIRECTION('',(-0.806451194972008,0.153039872104726,-0.571152578278685));
#16252=DIRECTION('',(-0.913354560487199,0.105382091337292,-0.393291319078638));
#16253=DIRECTION('',(-0.97606900541228,0.0562830544087097,-0.210051218658469));
#16254=DIRECTION('',(-1.0,-1.10217602926729E-13,4.12125738775048E-13));
#16255=DIRECTION('',(-0.974775381417418,-0.0577653470398457,0.215583210069555));
#16256=DIRECTION('',(-0.914510059158522,-0.10470865116068,0.390778006123667));
#16257=DIRECTION('',(-0.805717301899106,-0.153298594572967,0.572118143675219));
#16258=DIRECTION('',(-0.672657969067739,-0.191514071317275,0.714740244520446));
#16259=DIRECTION('',(-0.559974906788737,-0.214434055169869,0.800278788766984));
#16260=DIRECTION('',(-0.405137917680757,-0.236626756491954,0.883103077658207));
#16261=DIRECTION('',(-0.288687872010645,-0.24779937577267,0.924799860467464));
#16262=DIRECTION('',(-1.0299482881755E-13,-0.258819045102519,0.965925826289069));
#16263=DIRECTION('',(0.292047643523318,-0.24753551084137,0.923815103137516));
#16264=DIRECTION('',(0.402890468131129,-0.236883665592115,0.884061875472935));
#16265=DIRECTION('',(0.560517431619694,-0.21433908364693,0.799924350218104));
#16266=DIRECTION('',(0.66803115854935,-0.192595870663371,0.718777574643667));
#16267=DIRECTION('',(0.914733518734132,-0.104577816798633,0.390289725637129));
#16268=DIRECTION('',(0.976187519564008,-0.0561451989102198,0.209536734934001));
#16269=DIRECTION('',(1.0,3.54068471227283E-14,-1.32928197161886E-13));
#16270=DIRECTION('',(0.938251556544393,0.0895394265200294,-0.334165689053333));
#16271=DIRECTION('',(0.82563723834928,0.146026051741683,-0.544976644328645));
#16272=DIRECTION('',(-0.122225164470585,-0.256878522799456,0.958683698460816));
#16273=DIRECTION('',(-1.0,1.13157528147811E-14,-4.14429196666151E-14));
#16274=DIRECTION('',(1.72423247493547E-14,-0.258819045102519,0.965925826289069));
#16275=DIRECTION('',(1.0,-8.34171278185847E-15,3.03436511600039E-14));
#16276=DIRECTION('',(0.121994173720746,0.256885878145191,-0.958711148984806));
#16277=DIRECTION('',(-1.0,3.31253797228805E-14,-1.22837555381764E-13));
#16278=DIRECTION('',(-0.50271667185618,-0.223736444699087,0.834995779121822));
#16279=DIRECTION('',(-0.767423537367112,-0.165939366648761,0.61929414730898));
#16280=DIRECTION('',(-0.936591904283373,-0.0906958973004232,0.338481696763231));
#16281=DIRECTION('',(-1.0,3.62287258441911E-14,-1.34419400779967E-13));
#16282=DIRECTION('',(-0.909139965013076,0.107795731740109,-0.402299147693153));
#16283=DIRECTION('',(-0.76618418480515,0.166322562707947,-0.620724254471121));
#16284=DIRECTION('',(-0.516416007558877,0.221636543684345,-0.82715884184394));
#16285=DIRECTION('',(-0.345196666617182,0.242909534982711,-0.906550726198413));
#16286=DIRECTION('',(3.03029762802177E-14,0.258819045102519,-0.965925826289069));
#16287=DIRECTION('',(0.345098340561576,0.242918893625838,-0.906585653130053));
#16288=DIRECTION('',(0.513523523730662,0.222086285588983,-0.828837301482343));
#16289=DIRECTION('',(0.770629882564221,0.164940969805661,-0.615568079564416));
#16290=DIRECTION('',(0.913118711748444,0.105518914835161,-0.393801951324359));
#16291=DIRECTION('',(2.03960993326578E-16,0.965925826289069,0.258819045102519));
#16292=DIRECTION('',(2.03960993326578E-16,0.965925826289069,0.258819045102519));
#16293=DIRECTION('',(2.03960993326578E-16,0.965925826289069,0.258819045102519));
#16294=DIRECTION('',(2.03960993326578E-16,0.965925826289069,0.258819045102519));
#16295=DIRECTION('',(2.03960993326578E-16,0.965925826289069,0.258819045102519));
#16296=DIRECTION('',(2.03960993326578E-16,0.965925826289069,0.258819045102519));
#16297=DIRECTION('',(2.03960993326578E-16,0.965925826289069,0.258819045102519));
#16298=DIRECTION('',(2.03960993326578E-16,0.965925826289069,0.258819045102519));
#16299=DIRECTION('',(2.03960993326578E-16,0.965925826289069,0.258819045102519));
#16300=DIRECTION('',(2.03960993326578E-16,0.965925826289069,0.258819045102519));
#16301=DIRECTION('',(2.03960993326578E-16,0.965925826289069,0.258819045102519));
#16302=DIRECTION('',(2.03960993326578E-16,0.965925826289069,0.258819045102519));
#16303=DIRECTION('',(2.03960993326578E-16,0.965925826289069,0.258819045102519));
#16304=DIRECTION('',(2.03960993326578E-16,0.965925826289069,0.258819045102519));
#16305=DIRECTION('',(2.03960993326578E-16,0.965925826289069,0.258819045102519));
#16306=DIRECTION('',(2.03960993326578E-16,0.965925826289069,0.258819045102519));
#16307=DIRECTION('',(2.03960993326578E-16,0.965925826289069,0.258819045102519));
#16308=DIRECTION('',(2.03960993326578E-16,0.965925826289069,0.258819045102519));
#16309=DIRECTION('',(2.03960993326578E-16,0.965925826289069,0.258819045102519));
#16310=DIRECTION('',(2.03960993326578E-16,0.965925826289069,0.258819045102519));
#16311=DIRECTION('',(2.03960993326578E-16,0.965925826289069,0.258819045102519));
#16312=DIRECTION('',(2.03960993326578E-16,0.965925826289069,0.258819045102519));
#16313=DIRECTION('',(2.03960993326578E-16,0.965925826289069,0.258819045102519));
#16314=DIRECTION('',(2.03960993326578E-16,0.965925826289069,0.258819045102519));
#16315=DIRECTION('',(2.03960993326578E-16,0.965925826289069,0.258819045102519));
#16316=DIRECTION('',(2.03960993326578E-16,0.965925826289069,0.258819045102519));
#16317=DIRECTION('',(2.03960993326578E-16,0.965925826289069,0.258819045102519));
#16318=DIRECTION('',(2.03960993326578E-16,0.965925826289069,0.258819045102519));
#16319=DIRECTION('',(2.03960993326578E-16,0.965925826289069,0.258819045102519));
#16320=DIRECTION('',(2.03960993326578E-16,0.965925826289069,0.258819045102519));
#16321=DIRECTION('',(2.03960993326578E-16,0.965925826289069,0.258819045102519));
#16322=DIRECTION('',(2.03960993326578E-16,0.965925826289069,0.258819045102519));
#16323=DIRECTION('',(2.03960993326578E-16,0.965925826289069,0.258819045102519));
#16324=DIRECTION('',(2.03960993326578E-16,0.965925826289069,0.258819045102519));
#16325=DIRECTION('',(2.03960993326578E-16,0.965925826289069,0.258819045102519));
#16326=DIRECTION('',(2.03960993326578E-16,0.965925826289069,0.258819045102519));
#16327=DIRECTION('',(2.03960993326578E-16,0.965925826289069,0.258819045102519));
#16328=DIRECTION('',(2.03960993326578E-16,0.965925826289069,0.258819045102519));
#16329=DIRECTION('',(2.03960993326578E-16,0.965925826289069,0.258819045102519));
#16330=DIRECTION('',(2.03960993326578E-16,0.965925826289069,0.258819045102519));
#16331=DIRECTION('',(2.03960993326578E-16,0.965925826289069,0.258819045102519));
#16332=DIRECTION('',(2.03960993326578E-16,0.965925826289069,0.258819045102519));
#16333=DIRECTION('',(2.03960993326578E-16,0.965925826289069,0.258819045102519));
#16334=DIRECTION('',(2.03960993326578E-16,0.965925826289069,0.258819045102519));
#16335=DIRECTION('',(2.03960993326578E-16,0.965925826289069,0.258819045102519));
#16336=DIRECTION('',(2.03960993326578E-16,0.965925826289069,0.258819045102519));
#16337=DIRECTION('',(2.03960993326578E-16,0.965925826289069,0.258819045102519));
#16338=DIRECTION('',(2.03960993326578E-16,0.965925826289069,0.258819045102519));
#16339=DIRECTION('',(2.03960993326578E-16,0.965925826289069,0.258819045102519));
#16340=DIRECTION('',(2.03960993326578E-16,0.965925826289069,0.258819045102519));
#16341=DIRECTION('',(2.03960993326578E-16,0.965925826289069,0.258819045102519));
#16342=CARTESIAN_POINT('',(5.66634273504271,6.67953973245711,9.26604920026411));
#16343=DIRECTION('',(2.03960993326578E-16,0.965925826289069,0.258819045102519));
#16344=DIRECTION('',(-2.28156896974157E-16,0.258819045102519,-0.965925826289069));
#16345=DIRECTION('',(2.03960993326578E-16,0.965925826289069,0.258819045102519));
#16346=DIRECTION('',(1.0,-1.37959840801309E-16,-2.73171628764258E-16));
#16347=DIRECTION('',(2.03960993326578E-16,0.965925826289069,0.258819045102519));
#16348=CARTESIAN_POINT('',(4.32365726495726,6.67953973245711,9.26604920026411));
#16349=DIRECTION('',(2.03960993326578E-16,0.965925826289069,0.258819045102519));
#16350=DIRECTION('',(-2.28156896974157E-16,0.258819045102519,-0.965925826289069));
#16351=DIRECTION('',(2.03960993326578E-16,0.965925826289069,0.258819045102519));
#16352=DIRECTION('',(2.28156896974157E-16,-0.258819045102519,0.965925826289069));
#16353=DIRECTION('',(2.03960993326578E-16,0.965925826289069,0.258819045102519));
#16354=CARTESIAN_POINT('',(4.32365726495726,7.03608884898903,7.93538978197315));
#16355=DIRECTION('',(2.03960993326578E-16,0.965925826289069,0.258819045102519));
#16356=DIRECTION('',(-2.28156896974157E-16,0.258819045102519,-0.965925826289069));
#16357=DIRECTION('',(2.03960993326578E-16,0.965925826289069,0.258819045102519));
#16358=DIRECTION('',(-1.0,1.37959840801309E-16,2.73171628764258E-16));
#16359=DIRECTION('',(2.03960993326578E-16,0.965925826289069,0.258819045102519));
#16360=CARTESIAN_POINT('',(5.66634273504271,7.03608884898903,7.93538978197315));
#16361=DIRECTION('',(2.03960993326578E-16,0.965925826289069,0.258819045102519));
#16362=DIRECTION('',(-2.28156896974157E-16,0.258819045102519,-0.965925826289069));
#16363=DIRECTION('',(2.03960993326578E-16,0.965925826289069,0.258819045102519));
#16364=DIRECTION('',(-2.28156896974157E-16,0.258819045102519,-0.965925826289069));
#16365=DIRECTION('',(2.28156896974157E-16,-0.258819045102519,0.965925826289069));
#16366=CARTESIAN_POINT('',(5.52024434947761,6.71835683768726,9.12118179134243));
#16367=DIRECTION('',(-2.03960993326578E-16,-0.965925826289069,-0.258819045102519));
#16368=DIRECTION('',(2.28156896974157E-16,-0.258819045102519,0.965925826289069));
#16369=DIRECTION('',(-1.0,1.37959840801309E-16,2.73171628764258E-16));
#16370=CARTESIAN_POINT('',(5.16534919278241,6.71835683768726,9.12118179134243));
#16371=DIRECTION('',(-2.03960993326578E-16,-0.965925826289069,-0.258819045102519));
#16372=DIRECTION('',(2.28156896974157E-16,-0.258819045102519,0.965925826289069));
#16373=DIRECTION('',(-2.28156896974157E-16,0.258819045102519,-0.965925826289069));
#16374=CARTESIAN_POINT('',(5.16568919278241,6.7513699003735,8.99797536408391));
#16375=DIRECTION('',(2.03960993326578E-16,0.965925826289069,0.258819045102519));
#16376=DIRECTION('',(-2.28156896974157E-16,0.258819045102519,-0.965925826289069));
#16377=CARTESIAN_POINT('',(5.16568919278251,6.90290898149294,8.43242381401386));
#16378=DIRECTION('',(2.03960993326578E-16,0.965925826289069,0.258819045102519));
#16379=DIRECTION('',(-2.28156896974157E-16,0.258819045102519,-0.965925826289069));
#16380=DIRECTION('',(-2.28156896974157E-16,0.258819045102519,-0.965925826289069));
#16381=CARTESIAN_POINT('',(5.16534919278251,6.9972717437578,8.08025719089885));
#16382=DIRECTION('',(-2.03960993326578E-16,-0.965925826289069,-0.258819045102519));
#16383=DIRECTION('',(2.28156896974157E-16,-0.258819045102519,0.965925826289069));
#16384=DIRECTION('',(1.0,1.02068539274746E-14,-3.88805422068081E-14));
#16385=CARTESIAN_POINT('',(5.52024434947761,6.99727174375781,8.08025719089884));
#16386=DIRECTION('',(-2.03960993326578E-16,-0.965925826289069,-0.258819045102519));
#16387=DIRECTION('',(2.28156896974157E-16,-0.258819045102519,0.965925826289069));
#16388=CARTESIAN_POINT('',(4.88261693573906,6.93592204417919,8.30921738675532));
#16389=DIRECTION('',(2.03960993326578E-16,0.965925826289069,0.258819045102519));
#16390=DIRECTION('',(0.0,0.258819045102519,-0.965925826289069));
#16391=DIRECTION('',(2.35922392732846E-16,-0.258819045102519,0.965925826289069));
#16392=CARTESIAN_POINT('',(4.88227693573906,6.90290898149294,8.43242381401386));
#16393=DIRECTION('',(2.03960993326578E-16,0.965925826289069,0.258819045102519));
#16394=DIRECTION('',(-2.28156896974157E-16,0.258819045102519,-0.965925826289069));
#16395=CARTESIAN_POINT('',(4.88227693573906,6.7513699003735,8.99797536408392));
#16396=DIRECTION('',(2.03960993326578E-16,0.965925826289069,0.258819045102519));
#16397=DIRECTION('',(-2.28156896974157E-16,0.258819045102519,-0.965925826289069));
#16398=DIRECTION('',(2.35922392732846E-16,-0.258819045102519,0.965925826289069));
#16399=CARTESIAN_POINT('',(4.88261693573906,6.71835683768726,9.12118179134243));
#16400=DIRECTION('',(2.03960993326578E-16,0.965925826289069,0.258819045102519));
#16401=DIRECTION('',(0.0,0.258819045102519,-0.965925826289069));
#16402=DIRECTION('',(2.03960993326578E-16,0.965925826289069,0.258819045102519));
#16403=DIRECTION('',(2.03960993326578E-16,0.965925826289069,0.258819045102519));
#16404=DIRECTION('',(2.28156896974157E-16,-0.258819045102519,0.965925826289069));
#16405=CARTESIAN_POINT('',(5.52024434947761,7.01659026028358,8.08543357180088));
#16406=DIRECTION('',(-2.03960993326578E-16,-0.965925826289069,-0.258819045102519));
#16407=DIRECTION('',(2.28156896974157E-16,-0.258819045102519,0.965925826289069));
#16408=DIRECTION('',(1.0,1.02068539274746E-14,-3.88805422068081E-14));
#16409=CARTESIAN_POINT('',(5.16534919278251,7.01659026028357,8.0854335718009));
#16410=DIRECTION('',(-2.03960993326578E-16,-0.965925826289069,-0.258819045102519));
#16411=DIRECTION('',(2.28156896974157E-16,-0.258819045102519,0.965925826289069));
#16412=DIRECTION('',(-2.28156896974157E-16,0.258819045102519,-0.965925826289069));
#16413=CARTESIAN_POINT('',(5.16568919278251,6.92222749801871,8.43760019491591));
#16414=DIRECTION('',(2.03960993326578E-16,0.965925826289069,0.258819045102519));
#16415=DIRECTION('',(-2.28156896974157E-16,0.258819045102519,-0.965925826289069));
#16416=CARTESIAN_POINT('',(5.16568919278241,6.77068841689927,9.00315174498596));
#16417=DIRECTION('',(2.03960993326578E-16,0.965925826289069,0.258819045102519));
#16418=DIRECTION('',(-2.28156896974157E-16,0.258819045102519,-0.965925826289069));
#16419=DIRECTION('',(-2.28156896974157E-16,0.258819045102519,-0.965925826289069));
#16420=CARTESIAN_POINT('',(5.16534919278241,6.73767535421303,9.12635817224448));
#16421=DIRECTION('',(-2.03960993326578E-16,-0.965925826289069,-0.258819045102519));
#16422=DIRECTION('',(2.28156896974157E-16,-0.258819045102519,0.965925826289069));
#16423=DIRECTION('',(-1.0,1.37959840801309E-16,2.73171628764258E-16));
#16424=CARTESIAN_POINT('',(5.52024434947761,6.73767535421303,9.12635817224448));
#16425=DIRECTION('',(-2.03960993326578E-16,-0.965925826289069,-0.258819045102519));
#16426=DIRECTION('',(2.28156896974157E-16,-0.258819045102519,0.965925826289069));
#16427=DIRECTION('',(-2.03960993326578E-16,-0.965925826289069,-0.258819045102519));
#16428=DIRECTION('',(2.03960993326578E-16,0.965925826289069,0.258819045102519));
#16429=DIRECTION('',(-2.03960993326578E-16,-0.965925826289069,-0.258819045102519));
#16430=DIRECTION('',(-2.03960993326578E-16,-0.965925826289069,-0.258819045102519));
#16431=DIRECTION('',(-2.03960993326578E-16,-0.965925826289069,-0.258819045102519));
#16432=DIRECTION('',(-2.03960993326578E-16,-0.965925826289069,-0.258819045102519));
#16433=DIRECTION('',(-2.03960993326578E-16,-0.965925826289069,-0.258819045102519));
#16434=DIRECTION('',(-2.03960993326578E-16,-0.965925826289069,-0.258819045102519));
#16435=DIRECTION('',(-2.03960993326578E-16,-0.965925826289069,-0.258819045102519));
#16436=DIRECTION('',(2.03960993326578E-16,0.965925826289069,0.258819045102519));
#16437=DIRECTION('',(2.03960993326578E-16,0.965925826289069,0.258819045102519));
#16438=DIRECTION('',(2.03960993326578E-16,0.965925826289069,0.258819045102519));
#16439=DIRECTION('',(2.35922392732846E-16,-0.258819045102519,0.965925826289069));
#16440=CARTESIAN_POINT('',(4.88261693573906,6.95524056070496,8.31439376765736));
#16441=DIRECTION('',(2.03960993326578E-16,0.965925826289069,0.258819045102519));
#16442=DIRECTION('',(0.0,0.258819045102519,-0.965925826289069));
#16443=CARTESIAN_POINT('',(4.88261693573906,6.73767535421303,9.12635817224448));
#16444=DIRECTION('',(2.03960993326578E-16,0.965925826289069,0.258819045102519));
#16445=DIRECTION('',(0.0,0.258819045102519,-0.965925826289069));
#16446=DIRECTION('',(2.35922392732846E-16,-0.258819045102519,0.965925826289069));
#16447=CARTESIAN_POINT('',(4.88227693573906,6.77068841689927,9.00315174498596));
#16448=DIRECTION('',(2.03960993326578E-16,0.965925826289069,0.258819045102519));
#16449=DIRECTION('',(-2.28156896974157E-16,0.258819045102519,-0.965925826289069));
#16450=CARTESIAN_POINT('',(4.88227693573906,6.92222749801871,8.43760019491591));
#16451=DIRECTION('',(2.03960993326578E-16,0.965925826289069,0.258819045102519));
#16452=DIRECTION('',(-2.28156896974157E-16,0.258819045102519,-0.965925826289069));
#16453=DIRECTION('',(2.03960993326578E-16,0.965925826289069,0.258819045102519));
#16454=DIRECTION('',(2.03960993326578E-16,0.965925826289069,0.258819045102519));
#16455=DIRECTION('',(2.03960993326578E-16,0.965925826289069,0.258819045102519));
#16456=DIRECTION('',(2.03960993326578E-16,0.965925826289069,0.258819045102519));
#16457=DIRECTION('',(2.03960993326578E-16,0.965925826289069,0.258819045102519));
#16458=DIRECTION('',(-1.67393421475726E-16,0.258819045102519,-0.965925826289069));
#16459=DIRECTION('',(-2.08166817117217E-16,-0.965925826289069,-0.258819045102519));
#16460=DIRECTION('',(2.03960993326578E-16,0.965925826289069,0.258819045102519));
#16461=DIRECTION('',(2.03960993326578E-16,0.965925826289069,0.258819045102519));
#16462=DIRECTION('',(2.03960993326578E-16,0.965925826289069,0.258819045102519));
#16463=DIRECTION('',(-1.0,-3.047773731594E-17,1.13744464162827E-16));
#16464=DIRECTION('',(-2.08166817117217E-16,-0.965925826289069,-0.258819045102519));
#16465=DIRECTION('',(-8.47156285481594E-15,0.258819045102519,-0.965925826289069));
#16466=DIRECTION('',(-1.0,-8.55428276749919E-15,3.27130626746569E-14));
#16467=DIRECTION('',(-9.10994109397541E-15,0.258819045102519,-0.965925826289069));
#16468=DIRECTION('',(-1.0,-2.76772165057603E-14,1.04080822975621E-13));
#16469=DIRECTION('',(-2.96373429882317E-15,-0.258819045102519,0.965925826289069));
#16470=DIRECTION('',(1.0,-1.19990336433269E-13,4.47021987222205E-13));
#16471=DIRECTION('',(0.280533683693096,0.248425954442932,-0.927138283899818));
#16472=DIRECTION('',(0.561408821908131,0.214182750267776,-0.799340906104183));
#16473=DIRECTION('',(0.669275545798635,0.192306250542184,-0.717696697636506));
#16474=DIRECTION('',(0.874012910253614,0.125760872518519,-0.469345965843309));
#16475=DIRECTION('',(0.93767499309833,0.0899431027849333,-0.335672229383764));
#16476=DIRECTION('',(0.975761317702201,0.056639312469097,-0.211380791840442));
#16477=DIRECTION('',(1.0,-5.95673381825866E-15,2.14427884928664E-14));
#16478=DIRECTION('',(2.03960993326578E-16,0.965925826289069,0.258819045102519));
#16479=DIRECTION('',(2.03960993326578E-16,0.965925826289069,0.258819045102519));
#16480=DIRECTION('',(2.03960993326578E-16,0.965925826289069,0.258819045102519));
#16481=DIRECTION('',(2.03960993326578E-16,0.965925826289069,0.258819045102519));
#16482=DIRECTION('',(2.03960993326578E-16,0.965925826289069,0.258819045102519));
#16483=DIRECTION('',(2.03960993326578E-16,0.965925826289069,0.258819045102519));
#16484=DIRECTION('',(2.03960993326578E-16,0.965925826289069,0.258819045102519));
#16485=DIRECTION('',(2.03960993326578E-16,0.965925826289069,0.258819045102519));
#16486=DIRECTION('',(2.03960993326578E-16,0.965925826289069,0.258819045102519));
#16487=DIRECTION('',(2.03960993326578E-16,0.965925826289069,0.258819045102519));
#16488=DIRECTION('',(2.03960993326578E-16,0.965925826289069,0.258819045102519));
#16489=DIRECTION('',(2.03960993326578E-16,0.965925826289069,0.258819045102519));
#16490=DIRECTION('',(2.03960993326578E-16,0.965925826289069,0.258819045102519));
#16491=DIRECTION('',(-1.0,1.17240854790484E-15,-3.58744350397008E-15));
#16492=DIRECTION('',(-0.987818489448255,-0.0402749645056912,0.150308213808274));
#16493=DIRECTION('',(-0.939723190160958,-0.0884995860112412,0.330284951442767));
#16494=DIRECTION('',(-0.875981428352321,-0.124840028888665,0.465909330630869));
#16495=DIRECTION('',(-0.732072204890917,-0.176314533282388,0.65801479632267));
#16496=DIRECTION('',(-0.588353794873879,-0.209282016439614,0.78105111846311));
#16497=DIRECTION('',(-0.510324163835937,-0.222579751266979,0.830678940464414));
#16498=DIRECTION('',(-0.291593999425603,-0.247571333273402,0.92394879427391));
#16499=DIRECTION('',(-0.126159058394701,-0.256751087700639,0.958208104197361));
#16500=DIRECTION('',(-7.31853406063643E-14,-0.258819045102519,0.965925826289069));
#16501=DIRECTION('',(0.146747068056944,-0.256017082645596,0.955468760038929));
#16502=DIRECTION('',(0.26390328549947,-0.249643689036648,0.931682931273703));
#16503=DIRECTION('',(0.464837542984319,-0.22915734459986,0.855226852974252));
#16504=DIRECTION('',(0.579582605173967,-0.210915132529183,0.787145990684038));
#16505=DIRECTION('',(0.748205927600532,-0.171717784182057,0.640859495130588));
#16506=DIRECTION('',(0.906184760538042,-0.109449913547384,0.40847263824286));
#16507=DIRECTION('',(0.93909137092781,-0.0889477116897927,0.331957379243295));
#16508=DIRECTION('',(0.988681217976975,-0.0388310080362715,0.144919294900481));
#16509=DIRECTION('',(1.0,-8.11183529139102E-15,2.94857366860629E-14));
#16510=DIRECTION('',(-8.74911861097223E-15,0.258819045102519,-0.965925826289069));
#16511=DIRECTION('',(-0.797375890888716,0.156192884647782,-0.582919781286269));
#16512=DIRECTION('',(-0.668968427572323,0.192377820233684,-0.717963799361465));
#16513=DIRECTION('',(-0.478235205840632,0.227303114876738,-0.848306773438655));
#16514=DIRECTION('',(-0.274276414224779,0.248893567004512,-0.928883437737894));
#16515=DIRECTION('',(-0.143657046128369,0.256134452970857,-0.955906792056104));
#16516=DIRECTION('',(0.0246502881995782,0.258740399177358,-0.965632315700557));
#16517=DIRECTION('',(0.104336437322501,0.257406426119256,-0.960653860471793));
#16518=DIRECTION('',(0.291057039548608,0.247613656166775,-0.924106745462299));
#16519=DIRECTION('',(0.475152593521009,0.227735760644064,-0.849921429423996));
#16520=DIRECTION('',(0.684149763315963,0.188767484375971,-0.704489842508094));
#16521=DIRECTION('',(0.799182469654009,0.155573150594328,-0.580606902311602));
#16522=DIRECTION('',(0.910007751341154,0.107304107663004,-0.400464381659173));
#16523=DIRECTION('',(0.987224671880742,0.0412387741790288,-0.153905200477997));
#16524=DIRECTION('',(0.99999984822216,-0.000142598643822492,0.000532185383835175));
#16525=DIRECTION('',(-1.46965505207147E-05,-0.258819045074568,0.965925826184754));
#16526=DIRECTION('',(-0.99999928361479,-0.000309802170571601,0.00115619744086913));
#16527=DIRECTION('',(-0.9863941904239,0.042549174913981,-0.158795682599113));
#16528=DIRECTION('',(-0.917071514230398,0.103197043499198,-0.385136609529905));
#16529=DIRECTION('',(2.03960993326578E-16,0.965925826289069,0.258819045102519));
#16530=DIRECTION('',(-0.668968427572323,0.192377820233684,-0.717963799361465));
#16531=DIRECTION('',(2.03960993326578E-16,0.965925826289069,0.258819045102519));
#16532=DIRECTION('',(-0.478235205840632,0.227303114876738,-0.848306773438655));
#16533=DIRECTION('',(2.03960993326578E-16,0.965925826289069,0.258819045102519));
#16534=DIRECTION('',(-0.274276414224779,0.248893567004512,-0.928883437737894));
#16535=DIRECTION('',(2.03960993326578E-16,0.965925826289069,0.258819045102519));
#16536=DIRECTION('',(-0.143657046128369,0.256134452970857,-0.955906792056104));
#16537=DIRECTION('',(2.03960993326578E-16,0.965925826289069,0.258819045102519));
#16538=DIRECTION('',(0.0246502881995782,0.258740399177358,-0.965632315700557));
#16539=DIRECTION('',(2.03960993326578E-16,0.965925826289069,0.258819045102519));
#16540=DIRECTION('',(0.104336437322501,0.257406426119256,-0.960653860471793));
#16541=DIRECTION('',(2.03960993326578E-16,0.965925826289069,0.258819045102519));
#16542=DIRECTION('',(0.291057039548608,0.247613656166775,-0.924106745462299));
#16543=DIRECTION('',(2.03960993326578E-16,0.965925826289069,0.258819045102519));
#16544=DIRECTION('',(0.475152593521009,0.227735760644064,-0.849921429423996));
#16545=DIRECTION('',(2.03960993326578E-16,0.965925826289069,0.258819045102519));
#16546=DIRECTION('',(0.684149763315963,0.188767484375971,-0.704489842508094));
#16547=DIRECTION('',(2.03960993326578E-16,0.965925826289069,0.258819045102519));
#16548=DIRECTION('',(0.799182469654009,0.155573150594328,-0.580606902311602));
#16549=DIRECTION('',(2.03960993326578E-16,0.965925826289069,0.258819045102519));
#16550=DIRECTION('',(0.910007751341154,0.107304107663004,-0.400464381659173));
#16551=DIRECTION('',(2.03960993326578E-16,0.965925826289069,0.258819045102519));
#16552=DIRECTION('',(0.987224671880742,0.0412387741790288,-0.153905200477997));
#16553=DIRECTION('',(2.03960993326578E-16,0.965925826289069,0.258819045102519));
#16554=DIRECTION('',(0.99999984822216,-0.000142598643822492,0.000532185383835175));
#16555=DIRECTION('',(2.03960993326578E-16,0.965925826289069,0.258819045102519));
#16556=DIRECTION('',(-1.46965505207147E-05,-0.258819045074568,0.965925826184754));
#16557=DIRECTION('',(2.03960993326578E-16,0.965925826289069,0.258819045102519));
#16558=DIRECTION('',(-0.99999928361479,-0.000309802170571601,0.00115619744086913));
#16559=DIRECTION('',(2.03960993326578E-16,0.965925826289069,0.258819045102519));
#16560=DIRECTION('',(-0.9863941904239,0.042549174913981,-0.158795682599113));
#16561=DIRECTION('',(2.03960993326578E-16,0.965925826289069,0.258819045102519));
#16562=DIRECTION('',(-0.917071514230398,0.103197043499198,-0.385136609529905));
#16563=DIRECTION('',(2.03960993326578E-16,0.965925826289069,0.258819045102519));
#16564=DIRECTION('',(-0.797375890888716,0.156192884647782,-0.582919781286269));
#16565=DIRECTION('',(2.03960993326578E-16,0.965925826289069,0.258819045102519));
#16566=DIRECTION('',(2.03960993326578E-16,0.965925826289069,0.258819045102519));
#16567=DIRECTION('',(2.03960993326578E-16,0.965925826289069,0.258819045102519));
#16568=DIRECTION('',(2.03960993326578E-16,0.965925826289069,0.258819045102519));
#16569=DIRECTION('',(2.03960993326578E-16,0.965925826289069,0.258819045102519));
#16570=DIRECTION('',(2.03960993326578E-16,0.965925826289069,0.258819045102519));
#16571=DIRECTION('',(2.03960993326578E-16,0.965925826289069,0.258819045102519));
#16572=DIRECTION('',(2.03960993326578E-16,0.965925826289069,0.258819045102519));
#16573=DIRECTION('',(2.03960993326578E-16,0.965925826289069,0.258819045102519));
#16574=DIRECTION('',(2.03960993326578E-16,0.965925826289069,0.258819045102519));
#16575=DIRECTION('',(2.03960993326578E-16,0.965925826289069,0.258819045102519));
#16576=DIRECTION('',(2.03960993326578E-16,0.965925826289069,0.258819045102519));
#16577=DIRECTION('',(2.03960993326578E-16,0.965925826289069,0.258819045102519));
#16578=DIRECTION('',(2.03960993326578E-16,0.965925826289069,0.258819045102519));
#16579=DIRECTION('',(2.03960993326578E-16,0.965925826289069,0.258819045102519));
#16580=DIRECTION('',(2.03960993326578E-16,0.965925826289069,0.258819045102519));
#16581=DIRECTION('',(2.03960993326578E-16,0.965925826289069,0.258819045102519));
#16582=DIRECTION('',(2.03960993326578E-16,0.965925826289069,0.258819045102519));
#16583=DIRECTION('',(2.03960993326578E-16,0.965925826289069,0.258819045102519));
#16584=DIRECTION('',(2.03960993326578E-16,0.965925826289069,0.258819045102519));
#16585=DIRECTION('',(-1.0,1.04106101960655E-14,-3.80648814254725E-14));
#16586=DIRECTION('',(3.56720269581323E-14,-0.258819045102519,0.965925826289069));
#16587=DIRECTION('',(1.0,1.58816277761492E-14,-6.00590865315251E-14));
#16588=DIRECTION('',(0.332093558689178,0.244130145874916,-0.911106108064396));
#16589=DIRECTION('',(0.33209355868918,-0.244130145874916,0.911106108064395));
#16590=DIRECTION('',(1.0,1.80798312787442E-14,-6.82628936885856E-14));
#16591=DIRECTION('',(6.07235876777361E-15,0.258819045102519,-0.965925826289069));
#16592=DIRECTION('',(-1.0,-9.78987427876173E-15,3.73243529720896E-14));
#16593=DIRECTION('',(-1.24288861065418E-15,-0.258819045102519,0.965925826289069));
#16594=DIRECTION('',(-0.326645341923615,0.244622039775705,-0.91294188109407));
#16595=DIRECTION('',(-1.0,1.04968142549908E-14,-3.83865993532004E-14));
#16596=DIRECTION('',(-0.326645341923592,-0.244622039775707,0.912941881094077));
#16597=DIRECTION('',(-1.61876128759608E-14,0.258819045102519,-0.965925826289069));
#16598=DIRECTION('',(2.03960993326578E-16,0.965925826289069,0.258819045102519));
#16599=DIRECTION('',(2.03960993326578E-16,0.965925826289069,0.258819045102519));
#16600=DIRECTION('',(2.03960993326578E-16,0.965925826289069,0.258819045102519));
#16601=DIRECTION('',(2.03960993326578E-16,0.965925826289069,0.258819045102519));
#16602=DIRECTION('',(2.03960993326578E-16,0.965925826289069,0.258819045102519));
#16603=DIRECTION('',(2.03960993326578E-16,0.965925826289069,0.258819045102519));
#16604=DIRECTION('',(2.03960993326578E-16,0.965925826289069,0.258819045102519));
#16605=DIRECTION('',(2.03960993326578E-16,0.965925826289069,0.258819045102519));
#16606=DIRECTION('',(2.03960993326578E-16,0.965925826289069,0.258819045102519));
#16607=DIRECTION('',(2.03960993326578E-16,0.965925826289069,0.258819045102519));
#16608=DIRECTION('',(2.03960993326578E-16,0.965925826289069,0.258819045102519));
#16609=DIRECTION('',(2.03960993326578E-16,0.965925826289069,0.258819045102519));
#16610=DIRECTION('',(2.03960993326578E-16,0.965925826289069,0.258819045102519));
#16611=CARTESIAN_POINT('',(0.92,7.18461979109281,7.34242772649417));
#16612=DIRECTION('',(2.00296714216273E-32,-0.965925826289069,-0.258819045102519));
#16613=DIRECTION('',(1.0,-1.41447671140719E-17,5.27889895309462E-17));
#16614=CARTESIAN_POINT('',(4.21000000000001,6.73478205644381,9.02124500736594));
#16615=DIRECTION('',(-0.0,-0.965925826289069,-0.258819045102519));
#16616=DIRECTION('',(0.0,-0.258819045102519,0.965925826289069));
#16617=DIRECTION('',(5.55111512312578E-17,0.258819045102519,-0.965925826289069));
#16618=DIRECTION('',(-1.0,4.64761293434864E-15,-1.73451276049035E-14));
#16619=DIRECTION('',(2.03960993326578E-16,0.965925826289069,0.258819045102519));
#16620=DIRECTION('',(2.07170436781694E-16,-0.258819045102519,0.965925826289069));
#16621=DIRECTION('',(0.0,0.0,-1.0));
#16622=DIRECTION('',(0.0,1.0,0.0));
#16623=DIRECTION('',(0.0,1.0,0.0));
#16624=DIRECTION('',(0.0,0.0,-1.0));
#16625=DIRECTION('',(0.0,0.258819045102519,-0.965925826289069));
#16626=CARTESIAN_POINT('',(10.155,6.09690042836304,9.46999999999999));
#16627=DIRECTION('',(-1.0,0.0,0.0));
#16628=DIRECTION('',(0.0,-1.0,0.0));
#16629=DIRECTION('',(0.0,1.0,0.0));
#16630=CARTESIAN_POINT('',(10.155,2.10011373794116,9.46999999999999));
#16631=DIRECTION('',(-1.0,0.0,0.0));
#16632=DIRECTION('',(0.0,-1.0,0.0));
#16633=DIRECTION('',(0.0,-0.173648177666932,-0.984807753012208));
#16634=DIRECTION('',(0.0,1.0,0.0));
#16635=CARTESIAN_POINT('',(10.155,0.300000000000001,5.40000000000001));
#16636=DIRECTION('',(1.0,0.0,0.0));
#16637=DIRECTION('',(0.0,1.0,0.0));
#16638=DIRECTION('',(1.0,0.0,0.0));
#16639=DIRECTION('',(1.0,0.0,0.0));
#16640=DIRECTION('',(1.0,0.0,0.0));
#16641=DIRECTION('',(0.0,0.0,1.0));
#16642=DIRECTION('',(1.0,0.0,0.0));
#16643=DIRECTION('',(-5.32907051820132E-15,0.0,1.0));
#16644=DIRECTION('',(-1.0,0.0,0.0));
#16645=DIRECTION('',(0.0,-1.0,0.0));
#16646=DIRECTION('',(-1.0,0.0,0.0));
#16647=DIRECTION('',(1.0,0.0,0.0));
#16648=DIRECTION('',(0.295326392983334,0.782614931517655,0.547992874564141));
#16649=DIRECTION('',(1.0,0.0,0.0));
#16650=DIRECTION('',(1.0,0.0,0.0));
#16651=CARTESIAN_POINT('',(1.11022302462516E-16,0.300000000000001,5.40000000000001));
#16652=DIRECTION('',(1.0,0.0,0.0));
#16653=DIRECTION('',(0.0,1.0,0.0));
#16654=DIRECTION('',(-1.0,0.0,0.0));
#16655=DIRECTION('',(0.0,0.0,-1.0));
#16656=DIRECTION('',(0.0,0.0,-1.0));
#16657=DIRECTION('',(1.0,0.0,0.0));
#16658=DIRECTION('',(0.0,0.0,-1.0));
#16659=DIRECTION('',(1.0,0.0,0.0));
#16660=DIRECTION('',(0.0,0.0,-1.0));
#16661=DIRECTION('',(-1.0,0.0,0.0));
#16662=DIRECTION('',(1.0,0.0,0.0));
#16663=DIRECTION('',(0.0,1.0,0.0));
#16664=DIRECTION('',(-1.0,0.0,0.0));
#16665=DIRECTION('',(0.0,-0.173648177666932,-0.984807753012208));
#16666=DIRECTION('',(-1.0,0.0,0.0));
#16667=CARTESIAN_POINT('',(1.11022302462516E-16,2.10011373794116,9.46999999999999));
#16668=DIRECTION('',(-1.0,0.0,0.0));
#16669=DIRECTION('',(0.0,-1.0,0.0));
#16670=DIRECTION('',(-1.0,0.0,0.0));
#16671=DIRECTION('',(0.0,1.0,0.0));
#16672=CARTESIAN_POINT('',(7.62000000000001,4.08056392235252,9.96999999999999));
#16673=DIRECTION('',(0.0,0.0,1.0));
#16674=DIRECTION('',(0.0,-1.0,0.0));
#16675=CARTESIAN_POINT('',(2.54,4.08056392235252,9.96999999999999));
#16676=DIRECTION('',(0.0,0.0,1.0));
#16677=DIRECTION('',(0.0,-1.0,0.0));
#16678=DIRECTION('',(-1.0,0.0,0.0));
#16679=CARTESIAN_POINT('',(1.11022302462516E-16,6.09690042836304,9.46999999999999));
#16680=DIRECTION('',(-1.0,0.0,0.0));
#16681=DIRECTION('',(0.0,-1.0,0.0));
#16682=CARTESIAN_POINT('',(7.62000000000001,4.08056392235252,7.69999958974634));
#16683=DIRECTION('',(0.0,0.0,1.0));
#16684=DIRECTION('',(0.0,-1.0,0.0));
#16685=CARTESIAN_POINT('',(7.62000000000001,4.08056392235252,7.69999958974634));
#16686=DIRECTION('',(0.0,-0.0,1.0));
#16687=DIRECTION('',(0.0,1.0,0.0));
#16688=CARTESIAN_POINT('',(7.62000000000001,6.75556392235252,8.94368602791855));
#16689=DIRECTION('',(0.0,0.965925826289069,0.258819045102519));
#16690=DIRECTION('',(0.0,0.258819045102519,-0.965925826289069));
#16691=CARTESIAN_POINT('',(7.62000000000001,6.75556392235252,8.94368602791855));
#16692=DIRECTION('',(0.0,0.965925826289069,0.258819045102519));
#16693=DIRECTION('',(0.0,0.258819045102519,-0.965925826289069));
#16694=CARTESIAN_POINT('',(7.62000000000001,6.75556392235252,8.94368602791855));
#16695=DIRECTION('',(0.0,0.965925826289069,0.258819045102519));
#16696=DIRECTION('',(0.0,0.258819045102519,-0.965925826289069));
#16697=DIRECTION('',(1.0,0.0,0.0));
#16698=DIRECTION('',(-1.0,0.0,0.0));
#16699=DIRECTION('',(0.0,0.258819045102519,-0.965925826289069));
#16700=DIRECTION('',(1.0,0.0,0.0));
#16701=DIRECTION('',(0.0,0.258819045102519,-0.965925826289069));
#16702=DIRECTION('',(-1.0,0.0,0.0));
#16703=DIRECTION('',(0.0,0.258819045102519,-0.965925826289069));
#16704=DIRECTION('',(1.0,0.0,0.0));
#16705=DIRECTION('',(0.0,0.258819045102519,-0.965925826289069));
#16706=CARTESIAN_POINT('',(2.54,6.75556392235252,8.94368602791855));
#16707=DIRECTION('',(0.0,0.965925826289069,0.258819045102519));
#16708=DIRECTION('',(0.0,0.258819045102519,-0.965925826289069));
#16709=DIRECTION('',(-1.0,0.0,0.0));
#16710=DIRECTION('',(1.0,0.0,0.0));
#16711=DIRECTION('',(-0.0972050485762551,-0.257593375472436,0.96135156495634));
#16712=DIRECTION('',(0.0,-1.0,0.0));
#16713=DIRECTION('',(0.0,0.0,1.0));
#16714=DIRECTION('',(0.0,0.0,-1.0));
#16715=DIRECTION('',(0.0,-1.0,0.0));
#16716=DIRECTION('',(0.0,0.0,1.0));
#16717=DIRECTION('',(0.0,1.0,0.0));
#16718=DIRECTION('',(0.0,5.55111512312578E-16,-1.0));
#16719=DIRECTION('',(0.0,-1.0,0.0));
#16720=DIRECTION('',(0.0,0.0,-1.0));
#16721=DIRECTION('',(0.0,-1.0,0.0));
#16722=DIRECTION('',(0.0,0.0,-1.0));
#16723=DIRECTION('',(0.0,0.0,1.0));
#16724=DIRECTION('',(-1.0,0.0,0.0));
#16725=DIRECTION('',(0.0,-1.0,0.0));
#16726=DIRECTION('',(1.0,0.0,0.0));
#16727=DIRECTION('',(0.0,0.0,-1.0));
#16728=DIRECTION('',(1.0,0.0,0.0));
#16729=DIRECTION('',(0.0,0.0,1.0));
#16730=DIRECTION('',(0.0,0.0,1.0));
#16731=CARTESIAN_POINT('',(5.95057422315263,0.544771701212481,4.70000000000001));
#16732=DIRECTION('',(0.935601717477244,-0.353057256339012,0.0));
#16733=DIRECTION('',(0.353057256339012,0.935601717477244,0.0));
#16734=DIRECTION('',(-0.353057256339012,-0.935601717477244,-7.16093850883226E-15));
#16735=DIRECTION('',(-1.0,0.0,0.0));
#16736=DIRECTION('',(0.0,1.0,0.0));
#16737=DIRECTION('',(5.32907051820132E-15,0.0,-1.0));
#16738=DIRECTION('',(0.0,1.0,0.0));
#16739=DIRECTION('',(1.0,0.0,0.0));
#16740=DIRECTION('',(0.0,-5.55111512312578E-16,1.0));
#16741=DIRECTION('',(-1.0,0.0,0.0));
#16742=DIRECTION('',(1.0,0.0,0.0));
#16743=DIRECTION('',(0.0,-5.55111512312578E-16,1.0));
#16744=DIRECTION('',(0.0,-5.55111512312578E-16,1.0));
#16745=DIRECTION('',(0.0,-1.0,0.0));
#16746=DIRECTION('',(0.0,0.0,-1.0));
#16747=DIRECTION('',(0.0,-1.0,0.0));
#16748=CARTESIAN_POINT('',(7.62000000000001,4.08056392235252,7.42));
#16749=DIRECTION('',(0.0,-0.0,1.0));
#16750=DIRECTION('',(0.0,1.0,0.0));
#16751=DIRECTION('',(-1.0,0.0,0.0));
#16752=DIRECTION('',(1.0,0.0,0.0));
#16753=DIRECTION('',(1.0,0.0,0.0));
#16754=DIRECTION('',(0.0,-1.0,0.0));
#16755=DIRECTION('',(0.0,-5.55111512312578E-16,1.0));
#16756=DIRECTION('',(0.0,1.0,0.0));
#16757=DIRECTION('',(0.0,-5.55111512312578E-16,1.0));
#16758=DIRECTION('',(1.0,0.0,0.0));
#16759=DIRECTION('',(0.0,-1.0,0.0));
#16760=DIRECTION('',(0.0,-1.0,0.0));
#16761=DIRECTION('',(0.0,0.0,1.0));
#16762=DIRECTION('',(0.0,-1.0,0.0));
#16763=DIRECTION('',(0.0,-1.0,0.0));
#16764=DIRECTION('',(-1.0,0.0,0.0));
#16765=DIRECTION('',(-0.295326392983334,0.782614931517655,0.547992874564141));
#16766=DIRECTION('',(0.353057256339012,-0.935601717477244,-7.16093850883226E-15));
#16767=CARTESIAN_POINT('',(4.20942577684738,0.544771701212482,4.70000000000001));
#16768=DIRECTION('',(0.935601717477244,0.353057256339012,0.0));
#16769=DIRECTION('',(-0.353057256339012,0.935601717477244,0.0));
#16770=DIRECTION('',(0.0972050485762551,-0.257593375472436,0.96135156495634));
#16771=DIRECTION('',(0.0,1.0,0.0));
#16772=DIRECTION('',(0.0,-5.55111512312578E-16,1.0));
#16773=DIRECTION('',(0.0,-1.0,0.0));
#16774=DIRECTION('',(1.0,0.0,0.0));
#16775=DIRECTION('',(0.0,-5.55111512312578E-16,1.0));
#16776=DIRECTION('',(1.0,0.0,0.0));
#16777=DIRECTION('',(0.0,1.0,0.0));
#16778=DIRECTION('',(0.0,0.0,-1.0));
#16779=DIRECTION('',(1.0,0.0,0.0));
#16780=DIRECTION('',(-5.32907051820132E-15,0.0,1.0));
#16781=DIRECTION('',(1.0,0.0,0.0));
#16782=DIRECTION('',(1.0,0.0,0.0));
#16783=DIRECTION('',(5.32907051820132E-15,0.0,-1.0));
#16784=DIRECTION('',(1.0,0.0,0.0));
#16785=DIRECTION('',(1.0,0.0,0.0));
#16786=DIRECTION('',(1.0,0.0,0.0));
#16787=DIRECTION('',(0.0,0.0,1.0));
#16788=DIRECTION('',(-1.0,0.0,0.0));
#16789=DIRECTION('',(-1.0,0.0,0.0));
#16790=DIRECTION('',(0.0,-1.0,0.0));
#16791=CARTESIAN_POINT('',(2.54,4.08056392235252,7.42));
#16792=DIRECTION('',(0.0,-0.0,1.0));
#16793=DIRECTION('',(0.0,1.0,0.0));
#16794=CARTESIAN_POINT('',(2.54,4.08056392235252,7.69999958974634));
#16795=DIRECTION('',(0.0,0.0,1.0));
#16796=DIRECTION('',(0.0,-1.0,0.0));
#16797=DIRECTION('',(0.0,0.0,-1.0));
#16798=DIRECTION('',(0.0,1.0,0.0));
#16799=DIRECTION('',(0.0,0.0,1.0));
#16800=DIRECTION('',(0.0,1.0,0.0));
#16801=DIRECTION('',(0.0,0.0,-1.0));
#16802=DIRECTION('',(0.0,1.0,0.0));
#16803=DIRECTION('',(0.0,0.0,1.0));
#16804=DIRECTION('',(1.0,0.0,0.0));
#16805=DIRECTION('',(0.0,0.0,1.0));
#16806=DIRECTION('',(1.0,0.0,0.0));
#16807=DIRECTION('',(-0.765370897600377,-0.643589456957145,0.0));
#16808=DIRECTION('',(0.0,0.0,1.0));
#16809=DIRECTION('',(-0.765370897600377,-0.643589456957145,0.0));
#16810=DIRECTION('',(0.0,0.0,1.0));
#16811=DIRECTION('',(0.0,1.0,0.0));
#16812=DIRECTION('',(0.0,5.55111512312578E-16,-1.0));
#16813=DIRECTION('',(0.0,-1.0,0.0));
#16814=DIRECTION('',(1.0,0.0,0.0));
#16815=DIRECTION('',(1.0,0.0,0.0));
#16816=CARTESIAN_POINT('',(0.870574223152621,0.544771701212481,4.70000000000001));
#16817=DIRECTION('',(0.935601717477244,-0.353057256339012,0.0));
#16818=DIRECTION('',(0.353057256339012,0.935601717477244,0.0));
#16819=DIRECTION('',(-1.0,0.0,0.0));
#16820=DIRECTION('',(-1.0,0.0,0.0));
#16821=DIRECTION('',(0.0,-1.0,0.0));
#16822=DIRECTION('',(0.0,-1.0,0.0));
#16823=DIRECTION('',(-1.0,0.0,0.0));
#16824=DIRECTION('',(1.0,0.0,0.0));
#16825=DIRECTION('',(0.0,1.0,0.0));
#16826=DIRECTION('',(0.0,-1.0,0.0));
#16827=DIRECTION('',(0.0,0.0,-1.0));
#16828=DIRECTION('',(0.0,0.0,1.0));
#16829=DIRECTION('',(1.0,0.0,0.0));
#16830=DIRECTION('',(0.295326392983334,0.782614931517655,0.547992874564141));
#16831=DIRECTION('',(-1.0,-7.68615940125108E-15,0.0));
#16832=DIRECTION('',(1.0,4.91742701294568E-14,0.0));
#16833=DIRECTION('',(0.0,-5.55111512312578E-16,1.0));
#16834=DIRECTION('',(0.0,0.0,1.0));
#16835=DIRECTION('',(0.0,-1.0,0.0));
#16836=DIRECTION('',(1.0,0.0,0.0));
#16837=DIRECTION('',(0.0,0.0,1.0));
#16838=DIRECTION('',(1.0,0.0,0.0));
#16839=CARTESIAN_POINT('',(2.54000000000001,4.08056392235252,7.69999958974634));
#16840=DIRECTION('',(0.0,-0.0,1.0));
#16841=DIRECTION('',(0.0,1.0,0.0));
#16842=DIRECTION('',(-0.0972050485762551,-0.257593375472436,0.96135156495634));
#16843=DIRECTION('',(-0.353057256339012,-0.935601717477244,-7.16093850883226E-15));
#16844=DIRECTION('',(0.0,0.0,1.0));
#16845=DIRECTION('',(-1.0,-6.21148675319455E-14,0.0));
#16846=DIRECTION('',(-1.0,-6.21148675319455E-14,0.0));
#16847=DIRECTION('',(0.765370897600375,-0.643589456957147,0.0));
#16848=DIRECTION('',(0.765370897600375,-0.643589456957147,0.0));
#16849=DIRECTION('',(-1.0,0.0,0.0));
#16850=DIRECTION('',(-1.0,0.0,0.0));
#16851=DIRECTION('',(0.0,-1.0,0.0));
#16852=DIRECTION('',(0.0,-1.0,0.0));
#16853=DIRECTION('',(0.0,1.0,0.0));
#16854=DIRECTION('',(0.0,5.55111512312578E-16,-1.0));
#16855=DIRECTION('',(1.0,0.0,0.0));
#16856=DIRECTION('',(1.0,0.0,0.0));
#16857=DIRECTION('',(1.0,0.0,0.0));
#16858=DIRECTION('',(0.0,1.0,0.0));
#16859=DIRECTION('',(1.0,0.0,0.0));
#16860=DIRECTION('',(0.0,5.55111512312578E-16,-1.0));
ENDSEC;
END-ISO-10303-21;
