ISO-10303-21;
HEADER;
FILE_DESCRIPTION (( 'STEP AP214' ),
    '1' );
FILE_NAME ('CS325S24000000ABJT.STEP',
    '2025-02-17T11:30:09',
    ( '' ),
    ( '' ),
    'SwSTEP 2.0',
    'SolidWorks 2020',
    '' );
FILE_SCHEMA (( 'AUTOMOTIVE_DESIGN' ));
ENDSEC;

DATA;
#1 = VERTEX_POINT ( 'NONE', #6680 ) ;
#2 = CARTESIAN_POINT ( 'NONE',  ( 0.9959344901715613263, -0.1807663367254274678, 0.4390000000000000568 ) ) ;
#3 = CARTESIAN_POINT ( 'NONE',  ( 0.6702342549352169332, -0.1105975090869727451, 0.4390000000000000013 ) ) ;
#4 = CARTESIAN_POINT ( 'NONE',  ( -0.7050239055972202795, 0.1584713553385406481, 0.4400000000000000577 ) ) ;
#5 = ORIENTED_EDGE ( 'NONE', *, *, #2473, .T. ) ;
#6 = CARTESIAN_POINT ( 'NONE',  ( -0.5182143651674999685, 0.1224593890083548325, 0.4389999999999999458 ) ) ;
#7 = CARTESIAN_POINT ( 'NONE',  ( 0.9803475372394733212, -0.08099885353462206450, 0.4390000000000000568 ) ) ;
#8 = EDGE_CURVE ( 'NONE', #8020, #9180, #7459, .T. ) ;
#9 = CARTESIAN_POINT ( 'NONE',  ( -0.9484973475698234013, 0.1689012480610409261, 0.4390000000000000013 ) ) ;
#10 = VERTEX_POINT ( 'NONE', #49 ) ;
#11 = LINE ( 'NONE', #736, #5787 ) ;
#12 = DIRECTION ( 'NONE',  ( 0.6837766319733932230, 0.7296913851534241324, 0.000000000000000000 ) ) ;
#13 = CARTESIAN_POINT ( 'NONE',  ( 0.7160123613737980897, -0.09981116701842709937, 0.4400000000000000022 ) ) ;
#14 = B_SPLINE_CURVE_WITH_KNOTS ( 'NONE', 3,
 ( #1574, #6634, #4597, #3030, #5276, #6759, #6811, #9030, #3886, #45, #2398, #2442, #6718, #4551, #2351, #3750, #5915, #8855, #2986 ),
 .UNSPECIFIED., .F., .F.,
 ( 4, 1, 1, 1, 1, 1, 1, 1, 1, 1, 1, 1, 1, 1, 1, 1, 4 ),
 ( 0.000000000000000000, 0.06947546024967045375, 0.1365167976177986131, 0.2007888236092602030, 0.2638296728558254811, 0.3257350229654196738, 0.3872906922152909992, 0.4495092187626023583, 0.5129678195454409062, 0.5762752154930609327, 0.6375801002639245318, 0.6979026059171020702, 0.7571720884269852458, 0.8165985284886554396, 0.8766531708928194666, 0.9372896424102401536, 1.000000000000000000 ),
 .UNSPECIFIED. ) ;
#15 = CARTESIAN_POINT ( 'NONE',  ( -1.002951278849201655, -0.09691371442206218878, 0.4390000000000001124 ) ) ;
#16 = CIRCLE ( 'NONE', #2320, 0.2225000000000000311 ) ;
#17 = CARTESIAN_POINT ( 'NONE',  ( -0.7333762960323784164, -0.2073205196242556558, 0.4390000000000000013 ) ) ;
#18 = CARTESIAN_POINT ( 'NONE',  ( 0.3305917224421061618, 0.1276760956627630283, 0.4400000000000001688 ) ) ;
#19 = CARTESIAN_POINT ( 'NONE',  ( 0.8007582565686282017, -0.1107836697771575341, 0.4399999999999998357 ) ) ;
#20 = EDGE_CURVE ( 'NONE', #202, #6526, #809, .T. ) ;
#21 = ORIENTED_EDGE ( 'NONE', *, *, #409, .T. ) ;
#22 = VECTOR ( 'NONE', #7499, 1000.000000000000000 ) ;
#23 = CARTESIAN_POINT ( 'NONE',  ( -0.1217100909679787318, 0.2009081247709871010, 0.4399999999999999467 ) ) ;
#24 = CARTESIAN_POINT ( 'NONE',  ( 0.9459944488252471917, -0.03507746384209555618, 0.4399999999999999467 ) ) ;
#25 = B_SPLINE_CURVE_WITH_KNOTS ( 'NONE', 3,
 ( #353, #3294, #7520, #1074, #9162, #4783, #408, #9217, #4989, #2630, #7154 ),
 .UNSPECIFIED., .F., .F.,
 ( 4, 1, 1, 1, 1, 1, 1, 1, 4 ),
 ( 0.000000000000000000, 0.05259428152913736554, 0.1249519739750391961, 0.2180938989285944041, 0.3335024107325188503, 0.4687891785044462356, 0.6249375859645965869, 0.8016830479282268662, 1.000000000000000000 ),
 .UNSPECIFIED. ) ;
#26 = CARTESIAN_POINT ( 'NONE',  ( 0.4524618635602426497, -0.1717700367338756973, 0.4399999999999997247 ) ) ;
#28 = CARTESIAN_POINT ( 'NONE',  ( 0.8613928012042399995, 0.08282648340288355227, 0.4390000000000001124 ) ) ;
#27 = B_SPLINE_SURFACE_WITH_KNOTS ( 'NONE', 3, 1, ( 
 ( #8175, #8126 ),
 ( #1459, #5927 ),
 ( #2276, #7287 ),
 ( #9499, #3040 ),
 ( #3671, #4480 ),
 ( #688, #98 ),
 ( #3625, #6602 ),
 ( #6557, #2907 ),
 ( #1587, #5964 ),
 ( #8906, #3762 ),
 ( #9, #6687 ),
 ( #2319, #8775 ),
 ( #4523, #5120 ),
 ( #4393, #7335 ),
 ( #2955, #5881 ),
 ( #2236, #7466 ),
 ( #5167, #8085 ),
 ( #4439, #7379 ),
 ( #779, #3719 ),
 ( #58, #8865 ),
 ( #3999, #8218 ),
 ( #5291, #4706 ),
 ( #9001, #4051 ),
 ( #5377, #3271 ),
 ( #8303, #4758 ),
 ( #2410, #9042 ),
 ( #3322, #5331 ) ),
 .UNSPECIFIED., .F., .F., .F.,
 ( 4, 1, 1, 1, 1, 1, 1, 1, 1, 1, 1, 1, 1, 1, 1, 1, 1, 1, 1, 1, 1, 1, 1, 1, 4 ),
 ( 2, 2 ),
 ( 0.000000000000000000, 0.04395490890619434265, 0.08750187479760442033, 0.1304626267314903942, 0.1727520205665171171, 0.2154030673796033524, 0.2576498297432396334, 0.3001527489572939911, 0.3431214895020865407, 0.3859251632064334414, 0.4276857274028017519, 0.4688179504865897518, 0.5094918001549955111, 0.5498830310733489046, 0.5899800229668861196, 0.6304052300068399006, 0.6708686260826386416, 0.7113839438381756031, 0.7516272580635839917, 0.7917755768651916215, 0.8324589188037423426, 0.8733190450172880759, 0.9145429556263491300, 0.9569235582098847281, 1.000000000000000000 ),
 ( 0.000000000000000000, 1.000000000000000000 ),
 .UNSPECIFIED. ) ;
#29 = PLANE ( 'NONE',  #4531 ) ;
#30 = CARTESIAN_POINT ( 'NONE',  ( -0.4539817255833632492, -0.2260149521520898042, 0.4400000000000000022 ) ) ;
#31 = CARTESIAN_POINT ( 'NONE',  ( 0.8306803787751728674, 0.05574759089130834622, 0.4389999999999998903 ) ) ;
#32 = ORIENTED_EDGE ( 'NONE', *, *, #5323, .T. ) ;
#33 = ORIENTED_EDGE ( 'NONE', *, *, #9271, .T. ) ;
#34 = CARTESIAN_POINT ( 'NONE',  ( -0.6454921635637438371, -0.1426240557335210768, 0.4400000000000001132 ) ) ;
#35 = EDGE_CURVE ( 'NONE', #5493, #991, #6568, .T. ) ;
#36 = LINE ( 'NONE', #81, #4656 ) ;
#37 = CARTESIAN_POINT ( 'NONE',  ( 0.9185543321089444380, 0.04099225938637173633, 0.4390000000000000568 ) ) ;
#38 = CARTESIAN_POINT ( 'NONE',  ( -0.2314501772294943471, 0.1911461241586373261, 0.4400000000000000022 ) ) ;
#39 = CARTESIAN_POINT ( 'NONE',  ( -0.3825007992134810686, -0.2057938901442452340, 0.4390000000000001124 ) ) ;
#40 = CARTESIAN_POINT ( 'NONE',  ( -0.07181782350705422091, 0.07254155670535079869, 0.4390000000000001679 ) ) ;
#41 = CARTESIAN_POINT ( 'NONE',  ( -0.6777537670949387305, -0.1108359379831116015, 0.4389999999999999458 ) ) ;
#42 = CARTESIAN_POINT ( 'NONE',  ( -0.4036487886571014094, 0.02021759778678925215, 0.4390000000000001124 ) ) ;
#43 = B_SPLINE_CURVE_WITH_KNOTS ( 'NONE', 3,
 ( #6441, #624, #4236, #7828, #4187, #4141, #2650, #3365, #523, #5011, #3414 ),
 .UNSPECIFIED., .F., .F.,
 ( 4, 1, 1, 1, 1, 1, 1, 1, 4 ),
 ( 0.000000000000000000, 0.1280675485958902848, 0.2506083188676682116, 0.3706301659145023186, 0.4900722467299482576, 0.6103747641546194425, 0.7343130699115245630, 0.8632165042449886361, 0.9999999999999998890 ),
 .UNSPECIFIED. ) ;
#44 = CARTESIAN_POINT ( 'NONE',  ( 0.6245147505450002745, -0.2149168110574785628, 0.4399999999999996136 ) ) ;
#45 = CARTESIAN_POINT ( 'NONE',  ( 0.3351676645621133876, 0.2073409158651018935, 0.4399999999999997802 ) ) ;
#46 = PLANE ( 'NONE',  #7951 ) ;
#47 = ADVANCED_FACE ( 'NONE', ( #2857 ), #4384, .F. ) ;
#48 = B_SPLINE_CURVE_WITH_KNOTS ( 'NONE', 3,
 ( #2347, #804, #3026, #1611, #3657, #6585, #5272, #7362, #762, #4463, #3699 ),
 .UNSPECIFIED., .F., .F.,
 ( 4, 1, 1, 1, 1, 1, 1, 1, 4 ),
 ( 0.000000000000000000, 0.05259428152913736554, 0.1249519739750391961, 0.2180938989285944041, 0.3335024107325188503, 0.4687891785044462356, 0.6249375859645965869, 0.8016830479282268662, 1.000000000000000000 ),
 .UNSPECIFIED. ) ;
#49 = CARTESIAN_POINT ( 'NONE',  ( 0.5999999999999997558, -1.150000000000000133, -0.1549999999999999711 ) ) ;
#50 = DIRECTION ( 'NONE',  ( 1.559112004368392994E-14, -1.435269621715497309E-13, -1.000000000000000000 ) ) ;
#51 = DIRECTION ( 'NONE',  ( -1.000000000000000000, 0.000000000000000000, 0.000000000000000000 ) ) ;
#52 = EDGE_CURVE ( 'NONE', #8536, #9043, #6094, .T. ) ;
#53 = CARTESIAN_POINT ( 'NONE',  ( 1.401238207896990495, -1.149999999999999911, -0.1549999999999999711 ) ) ;
#54 = CARTESIAN_POINT ( 'NONE',  ( 0.9810525232861944112, 0.2146279300473576401, 0.4400000000000000577 ) ) ;
#55 = VERTEX_POINT ( 'NONE', #321 ) ;
#56 = CARTESIAN_POINT ( 'NONE',  ( -1.607071067811865595, 1.257071067811865506, 0.1500000000000000222 ) ) ;
#57 = CARTESIAN_POINT ( 'NONE',  ( 0.9573314215915760261, 0.1722574370977587033, 0.4400000000000000022 ) ) ;
#58 = CARTESIAN_POINT ( 'NONE',  ( -1.020722339218697927, 0.08467175235797767818, 0.4390000000000000013 ) ) ;
#59 = VECTOR ( 'NONE', #5687, 1000.000000000000000 ) ;
#60 = VERTEX_POINT ( 'NONE', #2357 ) ;
#61 = CARTESIAN_POINT ( 'NONE',  ( 0.8346582589150829401, 0.1153979140725332336, 0.4390000000000001124 ) ) ;
#62 = AXIS2_PLACEMENT_3D ( 'NONE', #5778, #2128, #5060 ) ;
#63 = CARTESIAN_POINT ( 'NONE',  ( -0.8613078258313726643, -0.2248356670060377704, 0.4399999999999997802 ) ) ;
#64 = ADVANCED_FACE ( 'NONE', ( #1809 ), #3210, .T. ) ;
#65 = EDGE_CURVE ( 'NONE', #7103, #5768, #3990, .T. ) ;
#66 = CARTESIAN_POINT ( 'NONE',  ( -0.1978819659679786902, -0.1555221636905513571, 0.4400000000000000022 ) ) ;
#67 = CARTESIAN_POINT ( 'NONE',  ( -0.8358326871218247911, 0.2009081247709871010, 0.4400000000000000022 ) ) ;
#68 = DIRECTION ( 'NONE',  ( 0.000000000000000000, 0.000000000000000000, -1.000000000000000000 ) ) ;
#69 = CARTESIAN_POINT ( 'NONE',  ( -0.5215898986602862664, 0.1439369709248332352, 0.4390000000000000013 ) ) ;
#70 = AXIS2_PLACEMENT_3D ( 'NONE', #4023, #4121, #3343 ) ;
#71 = ORIENTED_EDGE ( 'NONE', *, *, #2062, .T. ) ;
#72 = FACE_OUTER_BOUND ( 'NONE', #4053, .T. ) ;
#73 = FACE_OUTER_BOUND ( 'NONE', #3553, .T. ) ;
#74 = CARTESIAN_POINT ( 'NONE',  ( -0.4692175892854708597, 0.2004519084499515325, 0.4400000000000000022 ) ) ;
#75 = CARTESIAN_POINT ( 'NONE',  ( 0.8580675532627902724, 0.08579394207867938049, 0.4400000000000000022 ) ) ;
#76 = DIRECTION ( 'NONE',  ( 0.000000000000000000, 0.000000000000000000, -1.000000000000000000 ) ) ;
#77 = CARTESIAN_POINT ( 'NONE',  ( -0.5535670556340700488, -0.1820700295209825847, 0.4399999999999999467 ) ) ;
#78 = LINE ( 'NONE', #4158, #7322 ) ;
#79 = EDGE_LOOP ( 'NONE', ( #6742, #3540, #7943, #7683 ) ) ;
#80 = CARTESIAN_POINT ( 'NONE',  ( 0.7661517156432696707, -0.1402952202297987061, 0.4390000000000000568 ) ) ;
#81 = CARTESIAN_POINT ( 'NONE',  ( -1.450003333370371239, 1.250999999999999890, 0.1500000000000000222 ) ) ;
#82 = STYLED_ITEM ( 'NONE', ( #2514 ), #8809 ) ;
#83 = CARTESIAN_POINT ( 'NONE',  ( 0.3253645527666494952, 0.1445052513256578353, 0.4390000000000000013 ) ) ;
#84 = DIRECTION ( 'NONE',  ( 0.000000000000000000, 1.000000000000000000, 0.000000000000000000 ) ) ;
#85 = FACE_OUTER_BOUND ( 'NONE', #6836, .T. ) ;
#86 =( NAMED_UNIT ( * ) SI_UNIT ( $, .STERADIAN. ) SOLID_ANGLE_UNIT ( ) );
#87 = CARTESIAN_POINT ( 'NONE',  ( -0.8829610118971543686, 0.2432169572126103019, 0.4399999999999999467 ) ) ;
#88 = FILL_AREA_STYLE ('',( #4379 ) ) ;
#89 = CARTESIAN_POINT ( 'NONE',  ( 0.1015107764158643261, 0.1568168308237873620, 0.4400000000000000022 ) ) ;
#90 = CARTESIAN_POINT ( 'NONE',  ( -1.377502247202359031, 1.250999999999999890, -0.1549999999999999711 ) ) ;
#91 = CIRCLE ( 'NONE', #4860, 0.1571850217640345937 ) ;
#92 = AXIS2_PLACEMENT_3D ( 'NONE', #1774, #7640, #6203 ) ;
#93 = CARTESIAN_POINT ( 'NONE',  ( -0.3663955581797810335, -0.09223595177155924363, 0.4390000000000000013 ) ) ;
#94 = CARTESIAN_POINT ( 'NONE',  ( 0.1554479651890066927, 0.2234954739214252972, 0.4390000000000001679 ) ) ;
#95 = FACE_OUTER_BOUND ( 'NONE', #4263, .T. ) ;
#96 = CARTESIAN_POINT ( 'NONE',  ( -0.1222509563525940868, 0.2470619709248332851, 0.4400000000000000022 ) ) ;
#97 = EDGE_CURVE ( 'NONE', #534, #7464, #8346, .T. ) ;
#98 = CARTESIAN_POINT ( 'NONE',  ( -0.8885466234769114902, 0.1946269223189293629, 0.4400000000000003908 ) ) ;
#99 = ORIENTED_EDGE ( 'NONE', *, *, #1399, .F. ) ;
#100 = CARTESIAN_POINT ( 'NONE',  ( 0.8386240836656831954, 0.1082629250515282915, 0.4390000000000000013 ) ) ;
#101 = B_SPLINE_SURFACE_WITH_KNOTS ( 'NONE', 3, 1, ( 
 ( #1101, #3996 ),
 ( #4272, #566 ),
 ( #5424, #3216 ),
 ( #2114, #6146 ),
 ( #7590, #6873 ),
 ( #8404, #4048 ),
 ( #4999, #4704 ),
 ( #4807, #5717 ),
 ( #616, #8353 ),
 ( #6977, #6925 ),
 ( #1000, #9088 ),
 ( #7214, #3500 ),
 ( #7733, #3319 ),
 ( #1816, #1047 ),
 ( #4754, #378 ),
 ( #327, #6249 ),
 ( #8698, #2553 ),
 ( #8650, #7679 ),
 ( #1284, #7163 ) ),
 .UNSPECIFIED., .F., .F., .F.,
 ( 4, 1, 1, 1, 1, 1, 1, 1, 1, 1, 1, 1, 1, 1, 1, 1, 4 ),
 ( 2, 2 ),
 ( 0.000000000000000000, 0.05527454908752623547, 0.1099660938819834594, 0.1632474428518063680, 0.2180761854823605184, 0.2733008743735928503, 0.3309093000114340377, 0.3909945233652105112, 0.4541759534308248414, 0.5188615408488250758, 0.5833105320111674486, 0.6485166818638248287, 0.7150308870971823216, 0.7825020728543324866, 0.8523226850768549356, 0.9249284897844280984, 1.000000000000000000 ),
 ( 0.000000000000000000, 1.000000000000000000 ),
 .UNSPECIFIED. ) ;
#102 = DIRECTION ( 'NONE',  ( -1.000000000000000000, 0.000000000000000000, 0.000000000000000000 ) ) ;
#103 = CARTESIAN_POINT ( 'NONE',  ( 0.9633164729924039715, 0.1661804920653244810, 0.4390000000000000013 ) ) ;
#104 = VECTOR ( 'NONE', #9343, 1000.000000000000000 ) ;
#105 = CARTESIAN_POINT ( 'NONE',  ( 0.4707177936474059021, 0.01052350938637172661, 0.4390000000000000013 ) ) ;
#106 = CARTESIAN_POINT ( 'NONE',  ( -0.9494350565958208366, -0.2012716355091538067, 0.4399999999999998912 ) ) ;
#107 = B_SPLINE_SURFACE_WITH_KNOTS ( 'NONE', 3, 1, ( 
 ( #9369, #6274 ),
 ( #2683, #4171 ),
 ( #5559, #5610 ),
 ( #1899, #7764 ),
 ( #8538, #7916 ),
 ( #5711, #1329 ),
 ( #6478, #2785 ),
 ( #8643, #610 ),
 ( #2058, #3542 ),
 ( #4267, #4993 ),
 ( #7209, #4606 ),
 ( #3946, #6195 ),
 ( #7677, #3214 ),
 ( #5422, #8212 ),
 ( #6870, #3121 ) ),
 .UNSPECIFIED., .F., .F., .F.,
 ( 4, 1, 1, 1, 1, 1, 1, 1, 1, 1, 1, 1, 4 ),
 ( 2, 2 ),
 ( 0.000000000000000000, 0.09468725186755362622, 0.1819941557072746741, 0.2643769486105120858, 0.3421798619477716130, 0.4186176108621460501, 0.4965090753719084704, 0.5773690916117321104, 0.6615105924541984095, 0.7467325508291970948, 0.8312579843277420055, 0.9152056162136537054, 1.000000000000000000 ),
 ( 0.000000000000000000, 1.000000000000000000 ),
 .UNSPECIFIED. ) ;
#108 = EDGE_CURVE ( 'NONE', #597, #2400, #3260, .T. ) ;
#109 = CARTESIAN_POINT ( 'NONE',  ( 0.1015107764158643261, 0.1568168308237873620, 0.4390000000000000013 ) ) ;
#110 = CARTESIAN_POINT ( 'NONE',  ( 0.7942797271809144410, 0.1064177203410478917, 0.4399999999999998912 ) ) ;
#111 = CARTESIAN_POINT ( 'NONE',  ( 0.5168716398012520585, 0.2355235093863717322, 0.4390000000000000013 ) ) ;
#112 = CARTESIAN_POINT ( 'NONE',  ( -0.5173649101185366916, 0.1663140506916828409, 0.4400000000000001132 ) ) ;
#113 = LINE ( 'NONE', #7481, #5904 ) ;
#114 = DIRECTION ( 'NONE',  ( 1.000000000000000000, 0.000000000000000000, 0.000000000000000000 ) ) ;
#115 = SURFACE_STYLE_FILL_AREA ( #8923 ) ;
#116 = ADVANCED_FACE ( 'NONE', ( #6191 ), #1567, .T. ) ;
#117 = DIRECTION ( 'NONE',  ( 0.6837766319733932230, 0.7296913851534241324, 0.000000000000000000 ) ) ;
#118 = CARTESIAN_POINT ( 'NONE',  ( 0.3348880458199539611, 0.01331833684777401425, 0.4389999999999999458 ) ) ;
#119 = PLANE ( 'NONE',  #3544 ) ;
#120 = CARTESIAN_POINT ( 'NONE',  ( -0.4314456678910555398, 0.04099225938637172939, 0.4390000000000000013 ) ) ;
#122 =( GEOMETRIC_REPRESENTATION_CONTEXT ( 3 ) GLOBAL_UNCERTAINTY_ASSIGNED_CONTEXT ( ( #3794 ) ) GLOBAL_UNIT_ASSIGNED_CONTEXT ( ( #3028, #8158, #5233 ) ) REPRESENTATION_CONTEXT ( 'NONE', 'WORKASPACE' ) );
#121 = CARTESIAN_POINT ( 'NONE',  ( -0.4659435096279403998, 0.2465110166644899348, 0.4400000000000000022 ) ) ;
#123 = CARTESIAN_POINT ( 'NONE',  ( -0.1465898986602864051, 0.05667735554021788302, 0.4390000000000000013 ) ) ;
#124 = CARTESIAN_POINT ( 'NONE',  ( -0.4540050475505740257, 0.05710738349925728596, 0.4400000000000000022 ) ) ;
#125 = DIRECTION ( 'NONE',  ( 1.000000000000000000, 0.000000000000000000, 0.000000000000000000 ) ) ;
#126 = CARTESIAN_POINT ( 'NONE',  ( 0.6930658229311720264, -0.1582535414206601987, 0.4390000000000000568 ) ) ;
#127 = CARTESIAN_POINT ( 'NONE',  ( -0.4510971101987478749, 0.2470619709248333407, 0.4390000000000000568 ) ) ;
#128 = ORIENTED_EDGE ( 'NONE', *, *, #8493, .T. ) ;
#129 = UNCERTAINTY_MEASURE_WITH_UNIT (LENGTH_MEASURE( 1.000000000000000082E-05 ), #3305, 'distance_accuracy_value', 'NONE');
#130 = ORIENTED_EDGE ( 'NONE', *, *, #5834, .T. ) ;
#131 = CARTESIAN_POINT ( 'NONE',  ( 0.8960182744166367286, -0.2260149521520898042, 0.4390000000000000013 ) ) ;
#132 = CYLINDRICAL_SURFACE ( 'NONE', #5748, 0.2225000000000000311 ) ;
#133 = CARTESIAN_POINT ( 'NONE',  ( -1.607071067811865595, 1.257071067811865506, -0.1549999999999999711 ) ) ;
#134 = CARTESIAN_POINT ( 'NONE',  ( 1.024479458306194024, -0.1082644576094350108, 0.4400000000000001132 ) ) ;
#135 = CARTESIAN_POINT ( 'NONE',  ( -0.4510971101987478749, 0.2470619709248333407, 0.4400000000000000577 ) ) ;
#136 = B_SPLINE_CURVE_WITH_KNOTS ( 'NONE', 3,
 ( #3198, #7660, #4733, #6903, #8382, #6750, #5405, #980, #3930, #7618, #8197, #5269, #2344, #308, #7571, #1798, #1081, #1698, #5985 ),
 .UNSPECIFIED., .F., .F.,
 ( 4, 1, 1, 1, 1, 1, 1, 1, 1, 1, 1, 1, 1, 1, 1, 1, 4 ),
 ( 0.000000000000000000, 0.05527454908752623547, 0.1099660938819834594, 0.1632474428518063680, 0.2180761854823605184, 0.2733008743735928503, 0.3309093000114340377, 0.3909945233652105112, 0.4541759534308248414, 0.5188615408488250758, 0.5833105320111674486, 0.6485166818638248287, 0.7150308870971823216, 0.7825020728543324866, 0.8523226850768549356, 0.9249284897844280984, 1.000000000000000000 ),
 .UNSPECIFIED. ) ;
#137 = CARTESIAN_POINT ( 'NONE',  ( -1.449999999999999956, 0.9000000000000000222, 0.4149999999999999800 ) ) ;
#138 = CARTESIAN_POINT ( 'NONE',  ( -0.3902901879053427558, -0.1573164160509511744, 0.4389999999999998903 ) ) ;
#139 = VERTEX_POINT ( 'NONE', #1761 ) ;
#140 = CARTESIAN_POINT ( 'NONE',  ( -0.5388136009042912011, 0.07618303143246119014, 0.4389999999999999458 ) ) ;
#141 = ADVANCED_FACE ( 'NONE', ( #3941 ), #132, .T. ) ;
#142 = CARTESIAN_POINT ( 'NONE',  ( -0.003726705070648262275, 0.07758906821124189612, 0.4390000000000000013 ) ) ;
#143 = CARTESIAN_POINT ( 'NONE',  ( 0.8981011234464266746, 0.2007656540982750426, 0.4399999999999999467 ) ) ;
#144 = CARTESIAN_POINT ( 'NONE',  ( 0.8145989796478283473, 0.07183481340275379989, 0.4390000000000000013 ) ) ;
#145 =( NAMED_UNIT ( * ) SI_UNIT ( $, .STERADIAN. ) SOLID_ANGLE_UNIT ( ) );
#146 = CARTESIAN_POINT ( 'NONE',  ( 0.9328952367828464709, 0.03055675664746104053, 0.4399999999999998357 ) ) ;
#147 = VECTOR ( 'NONE', #876, 1000.000000000000000 ) ;
#148 = VERTEX_POINT ( 'NONE', #7171 ) ;
#149 = CARTESIAN_POINT ( 'NONE',  ( 0.1235260821441032525, 0.1941835466055862880, 0.4390000000000001679 ) ) ;
#150 = VECTOR ( 'NONE', #6085, 1000.000000000000000 ) ;
#151 = CARTESIAN_POINT ( 'NONE',  ( 0.7135015086710025933, -0.02233098196293319126, 0.4390000000000000013 ) ) ;
#152 = EDGE_CURVE ( 'NONE', #4865, #8862, #9080, .T. ) ;
#153 = ORIENTED_EDGE ( 'NONE', *, *, #8708, .T. ) ;
#154 = PLANE ( 'NONE',  #7366 ) ;
#155 = CIRCLE ( 'NONE', #3087, 0.2225000000000002531 ) ;
#156 = ORIENTED_EDGE ( 'NONE', *, *, #6531, .F. ) ;
#157 =( GEOMETRIC_REPRESENTATION_CONTEXT ( 3 ) GLOBAL_UNCERTAINTY_ASSIGNED_CONTEXT ( ( #4067 ) ) GLOBAL_UNIT_ASSIGNED_CONTEXT ( ( #5526, #5576, #6921 ) ) REPRESENTATION_CONTEXT ( 'NONE', 'WORKASPACE' ) );
#158 = CARTESIAN_POINT ( 'NONE',  ( -0.6966097372053116077, -0.1879274410189626932, 0.4399999999999996692 ) ) ;
#159 = LINE ( 'NONE', #8977, #8182 ) ;
#160 = CARTESIAN_POINT ( 'NONE',  ( -0.2300297239575534447, -0.1035269968023639492, 0.4390000000000000013 ) ) ;
#161 = EDGE_CURVE ( 'NONE', #8766, #8038, #3362, .T. ) ;
#162 = CARTESIAN_POINT ( 'NONE',  ( 0.4985178597219538377, 0.02064339208645456572, 0.4390000000000000568 ) ) ;
#163 = CARTESIAN_POINT ( 'NONE',  ( 0.7615468697797581621, -0.1319554234943934867, 0.4400000000000000022 ) ) ;
#164 = CARTESIAN_POINT ( 'NONE',  ( -0.02031425113029734775, 0.05581025998049139736, 0.4390000000000000013 ) ) ;
#165 = EDGE_CURVE ( 'NONE', #3601, #6312, #1162, .T. ) ;
#166 = PLANE ( 'NONE',  #1738 ) ;
#167 = SURFACE_STYLE_FILL_AREA ( #6755 ) ;
#168 = CARTESIAN_POINT ( 'NONE',  ( -0.5492417434313716651, -0.1107836697771575202, 0.4400000000000000022 ) ) ;
#169 = CARTESIAN_POINT ( 'NONE',  ( 0.9234382352484691303, 0.03743837030140804989, 0.4399999999999999467 ) ) ;
#170 = B_SPLINE_SURFACE_WITH_KNOTS ( 'NONE', 3, 1, ( 
 ( #5761, #4407 ),
 ( #7254, #746 ),
 ( #3683, #7392 ),
 ( #794, #2251 ),
 ( #6614, #24 ),
 ( #6658, #5805 ),
 ( #2968, #3731 ),
 ( #2109, #7964 ),
 ( #8695, #8099 ),
 ( #5941, #4492 ),
 ( #8837, #5180 ) ),
 .UNSPECIFIED., .F., .F., .F.,
 ( 4, 1, 1, 1, 1, 1, 1, 1, 4 ),
 ( 2, 2 ),
 ( 0.000000000000000000, 0.09027921465001513546, 0.1895299184469582676, 0.2991978724002888335, 0.4189258867738180903, 0.5483762854012463883, 0.6881363695386820689, 0.8390835016589189843, 1.000000000000000000 ),
 ( 0.000000000000000000, 1.000000000000000000 ),
 .UNSPECIFIED. ) ;
#171 = VERTEX_POINT ( 'NONE', #4904 ) ;
#172 = CARTESIAN_POINT ( 'NONE',  ( -0.1444195017041056683, -0.1784493930708975773, 0.4390000000000000568 ) ) ;
#173 = FILL_AREA_STYLE ('',( #7537 ) ) ;
#174 = DIRECTION ( 'NONE',  ( 0.000000000000000000, 0.000000000000000000, -1.000000000000000000 ) ) ;
#175 = CARTESIAN_POINT ( 'NONE',  ( 0.5999999999999999778, 0.4999999999999998890, -0.1549999999999999711 ) ) ;
#176 = CARTESIAN_POINT ( 'NONE',  ( 0.9456399249785685246, -0.2171106399872060611, 0.4389999999999997793 ) ) ;
#177 = CARTESIAN_POINT ( 'NONE',  ( -0.5008517995059078576, 0.04046345444142675218, 0.4399999999999999467 ) ) ;
#178 = DIRECTION ( 'NONE',  ( -1.000000000000000000, -2.706316702822271341E-16, 0.000000000000000000 ) ) ;
#179 = CARTESIAN_POINT ( 'NONE',  ( -0.1572216649729695492, 0.2429884413304583823, 0.4399999999999998912 ) ) ;
#180 = CARTESIAN_POINT ( 'NONE',  ( -0.1887090904701243799, 0.2303151673925487308, 0.4389999999999999458 ) ) ;
#181 = PRESENTATION_LAYER_ASSIGNMENT (  '', '', ( #6495 ) ) ;
#182 = VERTEX_POINT ( 'NONE', #6287 ) ;
#183 = CARTESIAN_POINT ( 'NONE',  ( 0.8580675532627902724, 0.08579394207867938049, 0.4400000000000000022 ) ) ;
#184 = VECTOR ( 'NONE', #7048, 1000.000000000000000 ) ;
#185 = VECTOR ( 'NONE', #7585, 1000.000000000000000 ) ;
#186 = CARTESIAN_POINT ( 'NONE',  ( 0.009179332108944296409, 0.1301449036171409557, 0.4399999999999999467 ) ) ;
#187 = CARTESIAN_POINT ( 'NONE',  ( 0.9776156758145894132, -0.1983201536692132116, 0.4390000000000001124 ) ) ;
#188 = CARTESIAN_POINT ( 'NONE',  ( 0.8604682028810802796, 0.03171495692889657325, 0.4389999999999997793 ) ) ;
#189 = CARTESIAN_POINT ( 'NONE',  ( 0.8869137071089443491, 0.01232639400175632692, 0.4390000000000000013 ) ) ;
#190 = CARTESIAN_POINT ( 'NONE',  ( -0.5265303454980744258, 0.06221446878101595523, 0.4390000000000001679 ) ) ;
#191 = VECTOR ( 'NONE', #7609, 1000.000000000000000 ) ;
#192 = CARTESIAN_POINT ( 'NONE',  ( -0.4518988765535731367, 0.2007656540982750981, 0.4400000000000000577 ) ) ;
#193 = ORIENTED_EDGE ( 'NONE', *, *, #7346, .T. ) ;
#194 = ORIENTED_EDGE ( 'NONE', *, *, #3705, .F. ) ;
#195 = VERTEX_POINT ( 'NONE', #7878 ) ;
#196 = CARTESIAN_POINT ( 'NONE',  ( -0.5200271360335078086, 0.1295708469336070978, 0.4400000000000000022 ) ) ;
#197 = STYLED_ITEM ( 'NONE', ( #1250 ), #3636 ) ;
#198 = DIRECTION ( 'NONE',  ( -0.000000000000000000, -0.000000000000000000, 1.000000000000000000 ) ) ;
#199 = VECTOR ( 'NONE', #7151, 1000.000000000000000 ) ;
#200 =( NAMED_UNIT ( * ) PLANE_ANGLE_UNIT ( ) SI_UNIT ( $, .RADIAN. ) );
#201 = CARTESIAN_POINT ( 'NONE',  ( 0.5822031824345789142, 0.07964551545640148611, 0.4389999999999998903 ) ) ;
#202 = VERTEX_POINT ( 'NONE', #4233 ) ;
#203 = PLANE ( 'NONE',  #3627 ) ;
#204 = ADVANCED_FACE ( 'NONE', ( #7115 ), #5572, .F. ) ;
#205 = AXIS2_PLACEMENT_3D ( 'NONE', #133, #3662, #6681 ) ;
#206 = COLOUR_RGB ( '',0.9686274509803921573, 0.8784313725490195957, 0.5999999999999999778 ) ;
#207 = CARTESIAN_POINT ( 'NONE',  ( 6.064218350122669755E-17, -0.5000000000000000000, -0.1499999999999999667 ) ) ;
#208 = CARTESIAN_POINT ( 'NONE',  ( 0.2815951974935598789, -0.04816038484439750383, 0.4400000000000001688 ) ) ;
#209 = CARTESIAN_POINT ( 'NONE',  ( -0.08062111261944968077, 0.001845205338841217173, 0.4400000000000000577 ) ) ;
#210 = CARTESIAN_POINT ( 'NONE',  ( -0.3795025629738948414, -0.06299964610007650900, 0.4400000000000000577 ) ) ;
#211 = CARTESIAN_POINT ( 'NONE',  ( -1.404407950059312293, 1.143933982822020079, 0.1500000000000000222 ) ) ;
#212 = CARTESIAN_POINT ( 'NONE',  ( -0.01171445769966181390, -0.05980445698274877708, 0.4390000000000001124 ) ) ;
#213 =( NAMED_UNIT ( * ) SI_UNIT ( $, .STERADIAN. ) SOLID_ANGLE_UNIT ( ) );
#214 = CARTESIAN_POINT ( 'NONE',  ( 0.7880254859550982482, 0.1420439420786794582, 0.4399999999999999467 ) ) ;
#215 = CARTESIAN_POINT ( 'NONE',  ( -0.4539817255833632492, -0.1798611059982436478, 0.4390000000000000013 ) ) ;
#216 = CARTESIAN_POINT ( 'NONE',  ( -0.3615265839501090039, 0.2075745984083954832, 0.4390000000000001679 ) ) ;
#217 = CIRCLE ( 'NONE', #3309, 0.2000000000000000944 ) ;
#218 = VERTEX_POINT ( 'NONE', #8495 ) ;
#219 = CARTESIAN_POINT ( 'NONE',  ( 0.3149192595674212836, 0.2247589559134592907, 0.4390000000000000013 ) ) ;
#220 = CARTESIAN_POINT ( 'NONE',  ( -1.043575372071065877, -0.1125553969012208777, 0.4389999999999999458 ) ) ;
#221 = EDGE_CURVE ( 'NONE', #710, #9175, #8326, .T. ) ;
#222 = CARTESIAN_POINT ( 'NONE',  ( 0.9803475372394733212, -0.08099885353462206450, 0.4390000000000000568 ) ) ;
#223 = DIRECTION ( 'NONE',  ( 0.000000000000000000, 0.000000000000000000, 1.000000000000000000 ) ) ;
#224 = CARTESIAN_POINT ( 'NONE',  ( 0.9339524816876615398, -0.2210878065262956715, 0.4400000000000002243 ) ) ;
#225 = CARTESIAN_POINT ( 'NONE',  ( 0.5817450308397390524, 0.03333532661997120478, 0.4399999999999999467 ) ) ;
#226 = CARTESIAN_POINT ( 'NONE',  ( 0.5867948506649522944, -0.1779484892031849841, 0.4399999999999998912 ) ) ;
#227 = CARTESIAN_POINT ( 'NONE',  ( -0.3337597530135194002, 0.1743982202718302454, 0.4400000000000000577 ) ) ;
#228 = CARTESIAN_POINT ( 'NONE',  ( 0.9817118975665680702, -0.1230544497265110976, 0.4400000000000002243 ) ) ;
#229 = VECTOR ( 'NONE', #6364, 1000.000000000000000 ) ;
#230 = FACE_OUTER_BOUND ( 'NONE', #1061, .T. ) ;
#231 = ADVANCED_FACE ( 'NONE', ( #6338 ), #9333, .F. ) ;
#232 = EDGE_LOOP ( 'NONE', ( #3729, #1481, #8356, #3234, #6116, #1887, #2169, #2480 ) ) ;
#233 = CARTESIAN_POINT ( 'NONE',  ( -0.8471779863383854803, -0.2259146599588756910, 0.4390000000000001124 ) ) ;
#234 = LINE ( 'NONE', #8566, #3231 ) ;
#235 = CARTESIAN_POINT ( 'NONE',  ( 0.9693912991535827972, 0.1591840875540754818, 0.4390000000000001124 ) ) ;
#236 = B_SPLINE_CURVE_WITH_KNOTS ( 'NONE', 3,
 ( #135, #6641, #5203, #3849, #6771, #5329, #1537, #5922, #3760, #8904, #5245, #8172, #1671, #227, #4608 ),
 .UNSPECIFIED., .F., .F.,
 ( 4, 1, 1, 1, 1, 1, 1, 1, 1, 1, 1, 1, 4 ),
 ( 0.000000000000000000, 0.1072327993600885321, 0.2132518127818489317, 0.3188304473075871948, 0.4267935306342749424, 0.4836459507827183257, 0.5436038220211421024, 0.6083076495640832304, 0.6771267602600403723, 0.7506856360204958722, 0.8287134184432873862, 0.9121903482234525740, 1.000000000000000000 ),
 .UNSPECIFIED. ) ;
#237 = CARTESIAN_POINT ( 'NONE',  ( -0.4678553480942345688, -0.1791864318095372777, 0.4390000000000001679 ) ) ;
#238 = CARTESIAN_POINT ( 'NONE',  ( 0.9008108466239040935, 0.002313255838004935148, 0.4390000000000000013 ) ) ;
#239 = CARTESIAN_POINT ( 'NONE',  ( -0.1097253343086152244, 0.007379855027035813961, 0.4389999999999998903 ) ) ;
#240 = CARTESIAN_POINT ( 'NONE',  ( -0.6541323224681914184, 0.1741423742585807843, 0.4389999999999998903 ) ) ;
#241 = ORIENTED_EDGE ( 'NONE', *, *, #6567, .F. ) ;
#242 = ORIENTED_EDGE ( 'NONE', *, *, #6024, .F. ) ;
#243 = EDGE_LOOP ( 'NONE', ( #5248, #8476, #4193, #3681 ) ) ;
#244 = CARTESIAN_POINT ( 'NONE',  ( -0.5182143651674999685, 0.1224593890083548325, 0.4399999999999999467 ) ) ;
#245 = CARTESIAN_POINT ( 'NONE',  ( 0.8131757263397135782, 0.07353432669406401168, 0.4400000000000000022 ) ) ;
#246 = MECHANICAL_DESIGN_GEOMETRIC_PRESENTATION_REPRESENTATION (  '', ( #3035 ), #2733 ) ;
#247 = CARTESIAN_POINT ( 'NONE',  ( 0.9364925631937477402, -0.02619844223432343105, 0.4400000000000002243 ) ) ;
#248 = DIRECTION ( 'NONE',  ( -1.000000000000000000, 0.000000000000000000, 0.000000000000000000 ) ) ;
#250 = FACE_OUTER_BOUND ( 'NONE', #79, .T. ) ;
#249 = B_SPLINE_SURFACE_WITH_KNOTS ( 'NONE', 3, 1, ( 
 ( #732, #5118 ),
 ( #1499, #3623 ),
 ( #2997, #6644 ),
 ( #2819, #8863 ),
 ( #5832, #685 ),
 ( #5743, #8819 ),
 ( #9497, #8729 ),
 ( #2233, #5925 ),
 ( #5075, #7993 ),
 ( #5029, #2141 ),
 ( #1363, #6510 ) ),
 .UNSPECIFIED., .F., .F., .F.,
 ( 4, 1, 1, 1, 1, 1, 1, 1, 4 ),
 ( 2, 2 ),
 ( 0.000000000000000000, 0.1281355097972534940, 0.2541727119019793202, 0.3781116451390013067, 0.5017122630072842204, 0.6239863093684844264, 0.7470956136177407947, 0.8728746366500617082, 1.000000000000000000 ),
 ( 0.000000000000000000, 1.000000000000000000 ),
 .UNSPECIFIED. ) ;
#251 = EDGE_LOOP ( 'NONE', ( #6554, #241, #6661, #8490 ) ) ;
#252 = SURFACE_STYLE_USAGE ( .BOTH. , #6077 ) ;
#253 = CARTESIAN_POINT ( 'NONE',  ( -0.4583562315126945563, 0.008918299979704537306, 0.4400000000000000022 ) ) ;
#254 = DIRECTION ( 'NONE',  ( 0.000000000000000000, 1.000000000000000000, 0.000000000000000000 ) ) ;
#255 = CARTESIAN_POINT ( 'NONE',  ( 0.9463371921142065268, 0.1824482515472023170, 0.4390000000000000013 ) ) ;
#256 = CARTESIAN_POINT ( 'NONE',  ( -0.2331283601987478582, -0.09332264445978211143, 0.4390000000000000013 ) ) ;
#257 = ADVANCED_FACE ( 'NONE', ( #8608 ), #4957, .T. ) ;
#258 = EDGE_CURVE ( 'NONE', #2756, #8757, #36, .T. ) ;
#259 = CARTESIAN_POINT ( 'NONE',  ( -0.6723110525064401877, -0.1048611059982436505, 0.4390000000000000013 ) ) ;
#260 = CARTESIAN_POINT ( 'NONE',  ( 0.2311109461941201482, 0.2008161920513386878, 0.4400000000000000022 ) ) ;
#261 = DIRECTION ( 'NONE',  ( 0.000000000000000000, 0.000000000000000000, 1.000000000000000000 ) ) ;
#262 = CARTESIAN_POINT ( 'NONE',  ( 0.8840564903720593559, 0.2465110166644899348, 0.4390000000000000013 ) ) ;
#263 = B_SPLINE_CURVE_WITH_KNOTS ( 'NONE', 3,
 ( #3676, #1997, #6519, #4933, #13, #8735, #2149, #7147, #4260, #7204, #5081, #3809, #6649, #8178, #2282, #6693, #1631, #3906, #1677, #5968, #5294, #3765, #3723, #2323, #954, #5172, #8130 ),
 .UNSPECIFIED., .F., .F.,
 ( 4, 1, 1, 1, 1, 1, 1, 1, 1, 1, 1, 1, 1, 1, 1, 1, 1, 1, 1, 1, 1, 1, 1, 1, 4 ),
 ( 0.000000000000000000, 0.04401447057614002456, 0.08743412366770562938, 0.1301183986578981211, 0.1725536945581825077, 0.2145547559681395267, 0.2562980920971309473, 0.2984382251332501901, 0.3408490025880959728, 0.3827151889670273310, 0.4239240454075321463, 0.4642462432504176895, 0.5040736714617960468, 0.5438619058684912577, 0.5835667249796537837, 0.6230943188523339060, 0.6632290607685845663, 0.7035512586114702760, 0.7439378946861849862, 0.7845412548000925135, 0.8257501112405973842, 0.8677573633885063975, 0.9107451640323098729, 0.9549144468914780859, 1.000000000000000000 ),
 .UNSPECIFIED. ) ;
#264 = FACE_OUTER_BOUND ( 'NONE', #6647, .T. ) ;
#265 = CARTESIAN_POINT ( 'NONE',  ( -0.6962914471551641116, 0.1511116851005372685, 0.4390000000000000568 ) ) ;
#266 = B_SPLINE_CURVE_WITH_KNOTS ( 'NONE', 3,
 ( #4056, #4197, #7642, #1163, #9252, #7135, #7791, #8516, #7034, #6207, #439 ),
 .UNSPECIFIED., .F., .F.,
 ( 4, 1, 1, 1, 1, 1, 1, 1, 4 ),
 ( 0.000000000000000000, 0.1590042985173777124, 0.3046460998968144596, 0.4385469045795921117, 0.5623222987759274316, 0.6774325425257313738, 0.7868973929387540478, 0.8936108891042671143, 1.000000000000000000 ),
 .UNSPECIFIED. ) ;
#267 = VERTEX_POINT ( 'NONE', #8846 ) ;
#268 = CARTESIAN_POINT ( 'NONE',  ( 0.3725071682336180690, 0.1177398250202561641, 0.4390000000000000013 ) ) ;
#269 =( LENGTH_UNIT ( ) NAMED_UNIT ( * ) SI_UNIT ( .MILLI., .METRE. ) );
#270 = CARTESIAN_POINT ( 'NONE',  ( -0.7336719294577213057, 0.1768513619039951967, 0.4390000000000000568 ) ) ;
#271 = FILL_AREA_STYLE ('',( #9037 ) ) ;
#272 = CARTESIAN_POINT ( 'NONE',  ( -1.450003333370371239, 1.250999999999999890, 0.1500000000000000222 ) ) ;
#273 = CARTESIAN_POINT ( 'NONE',  ( -0.4895317971189194761, 0.03171495692889661489, 0.4390000000000001124 ) ) ;
#274 = DIRECTION ( 'NONE',  ( -0.7941277684358850619, -0.6077508431907282516, 0.000000000000000000 ) ) ;
#275 = CARTESIAN_POINT ( 'NONE',  ( -1.034889203247322920, 0.003421618528176316888, 0.4390000000000000568 ) ) ;
#276 = EDGE_CURVE ( 'NONE', #2202, #6450, #3742, .T. ) ;
#277 = FILL_AREA_STYLE ('',( #3217 ) ) ;
#278 = CARTESIAN_POINT ( 'NONE',  ( 0.8131757263397135782, 0.07353432669406401168, 0.4400000000000000022 ) ) ;
#279 = VERTEX_POINT ( 'NONE', #5099 ) ;
#280 = ORIENTED_EDGE ( 'NONE', *, *, #2110, .F. ) ;
#281 = CARTESIAN_POINT ( 'NONE',  ( 0.8285618185496711474, 0.1367003154705438983, 0.4400000000000000022 ) ) ;
#282 = CARTESIAN_POINT ( 'NONE',  ( 0.8869137071089443491, 0.01232639400175632692, 0.4390000000000000013 ) ) ;
#283 = CARTESIAN_POINT ( 'NONE',  ( 1.024312120654391700, -0.1162548354935480088, 0.4389999999999999458 ) ) ;
#284 = EDGE_CURVE ( 'NONE', #9281, #8757, #5053, .T. ) ;
#285 = CARTESIAN_POINT ( 'NONE',  ( 1.250000000000000000, 1.125000000000000000, 0.2799999999999999711 ) ) ;
#286 = CARTESIAN_POINT ( 'NONE',  ( 0.5168716398012520585, 0.2355235093863717322, 0.4400000000000000022 ) ) ;
#287 = CARTESIAN_POINT ( 'NONE',  ( 1.024563947493559946, -0.1042300963828590582, 0.4400000000000000577 ) ) ;
#288 = CARTESIAN_POINT ( 'NONE',  ( -1.600000000000000089, 1.250000000000000000, 0.1500000000000000222 ) ) ;
#289 = DIRECTION ( 'NONE',  ( 0.000000000000000000, 0.000000000000000000, 1.000000000000000000 ) ) ;
#290 = EDGE_LOOP ( 'NONE', ( #4200, #4811, #5609, #3964 ) ) ;
#291 = ORIENTED_EDGE ( 'NONE', *, *, #6082, .F. ) ;
#292 = ORIENTED_EDGE ( 'NONE', *, *, #4397, .T. ) ;
#293 = CARTESIAN_POINT ( 'NONE',  ( 0.2316788659741882139, 0.2469510849264154873, 0.4389999999999999458 ) ) ;
#294 = CARTESIAN_POINT ( 'NONE',  ( -0.4195158811680335664, -0.1742242782319082806, 0.4400000000000000577 ) ) ;
#295 = DIRECTION ( 'NONE',  ( -1.000000000000000000, 0.000000000000000000, 0.000000000000000000 ) ) ;
#296 = CARTESIAN_POINT ( 'NONE',  ( 0.5680491609516068463, -0.1797555774104446780, 0.4390000000000001124 ) ) ;
#297 = ORIENTED_EDGE ( 'NONE', *, *, #8914, .F. ) ;
#298 = VECTOR ( 'NONE', #3730, 1000.000000000000000 ) ;
#299 = CARTESIAN_POINT ( 'NONE',  ( 0.7187947167243290414, -0.06745125022901288236, 0.4390000000000000013 ) ) ;
#300 = ORIENTED_EDGE ( 'NONE', *, *, #7501, .F. ) ;
#301 = CARTESIAN_POINT ( 'NONE',  ( -1.600000000000000089, -1.250000000000000000, 0.2799999999999999711 ) ) ;
#302 = ORIENTED_EDGE ( 'NONE', *, *, #3105, .F. ) ;
#303 = VECTOR ( 'NONE', #907, 1000.000000000000000 ) ;
#304 = CARTESIAN_POINT ( 'NONE',  ( -0.4040055511747525085, -0.03507746384209536883, 0.4400000000000000577 ) ) ;
#305 = VECTOR ( 'NONE', #84, 1000.000000000000000 ) ;
#306 = CARTESIAN_POINT ( 'NONE',  ( 0.9573314215915760261, 0.1722574370977587033, 0.4390000000000000013 ) ) ;
#307 = UNCERTAINTY_MEASURE_WITH_UNIT (LENGTH_MEASURE( 1.000000000000000082E-05 ), #2203, 'distance_accuracy_value', 'NONE');
#308 = CARTESIAN_POINT ( 'NONE',  ( -0.08591907997252812290, 0.1958250753855066417, 0.4389999999999999458 ) ) ;
#309 = CARTESIAN_POINT ( 'NONE',  ( -0.3696524627605269897, -0.08099885353462206450, 0.4400000000000000022 ) ) ;
#310 = CARTESIAN_POINT ( 'NONE',  ( 0.1447731206163501982, 0.1500782154740827878, 0.4400000000000000022 ) ) ;
#311 = CARTESIAN_POINT ( 'NONE',  ( 0.1336982253885924399, 0.1202000109223574364, 0.4390000000000000568 ) ) ;
#312 = DIRECTION ( 'NONE',  ( 0.000000000000000000, 0.000000000000000000, -1.000000000000000000 ) ) ;
#313 = DIRECTION ( 'NONE',  ( 1.000000000000000000, 0.000000000000000000, 0.000000000000000000 ) ) ;
#314 = CARTESIAN_POINT ( 'NONE',  ( 0.1333240908070869868, 0.2050013978864320130, 0.4399999999999998912 ) ) ;
#315 = VECTOR ( 'NONE', #198, 1000.000000000000000 ) ;
#316 = UNCERTAINTY_MEASURE_WITH_UNIT (LENGTH_MEASURE( 1.000000000000000082E-05 ), #2604, 'distance_accuracy_value', 'NONE');
#317 = CARTESIAN_POINT ( 'NONE',  ( -0.7237464665025887811, 0.1712883670256704904, 0.4399999999999997802 ) ) ;
#318 = ADVANCED_FACE ( 'NONE', ( #7357 ), #8108, .T. ) ;
#319 = ORIENTED_EDGE ( 'NONE', *, *, #5650, .T. ) ;
#320 = CARTESIAN_POINT ( 'NONE',  ( 1.600000000000000089, 1.100000000000000089, -0.2810000000000000275 ) ) ;
#321 = CARTESIAN_POINT ( 'NONE',  ( -1.600999999999999979, 1.100003333370371150, -0.1549999999999999711 ) ) ;
#322 = CARTESIAN_POINT ( 'NONE',  ( -0.01687715673383100717, 0.2006126812232858214, 0.4400000000000000577 ) ) ;
#323 = AXIS2_PLACEMENT_3D ( 'NONE', #2067, #7922, #1335 ) ;
#324 = DIRECTION ( 'NONE',  ( 0.000000000000000000, 0.000000000000000000, -1.000000000000000000 ) ) ;
#325 = CARTESIAN_POINT ( 'NONE',  ( 0.5932106075757761499, 0.03207335141847994509, 0.4400000000000001132 ) ) ;
#326 = CARTESIAN_POINT ( 'NONE',  ( 0.3175339036573100460, 0.05535386019537760771, 0.4390000000000000568 ) ) ;
#327 = CARTESIAN_POINT ( 'NONE',  ( -0.1030604912838717357, 0.1996815920507442332, 0.4390000000000000013 ) ) ;
#328 = PLANE ( 'NONE',  #3152 ) ;
#329 = EDGE_CURVE ( 'NONE', #2073, #4192, #7976, .T. ) ;
#330 = EDGE_CURVE ( 'NONE', #7973, #4394, #1896, .T. ) ;
#331 = FILL_AREA_STYLE ('',( #1104 ) ) ;
#332 = ORIENTED_EDGE ( 'NONE', *, *, #9532, .F. ) ;
#333 = ORIENTED_EDGE ( 'NONE', *, *, #5775, .F. ) ;
#334 = CARTESIAN_POINT ( 'NONE',  ( 0.8386240836656831954, 0.1082629250515282915, 0.4400000000000000022 ) ) ;
#335 = ADVANCED_FACE ( 'NONE', ( #8066 ), #667, .T. ) ;
#336 = CARTESIAN_POINT ( 'NONE',  ( 0.4245639474935597457, -0.09909187522901288792, 0.4400000000000000022 ) ) ;
#337 = CARTESIAN_POINT ( 'NONE',  ( -0.5908206678910555842, -0.1276675963828590443, 0.4399999999999997247 ) ) ;
#338 = CARTESIAN_POINT ( 'NONE',  ( -0.1649016717516869346, -0.2214397155116480387, 0.4389999999999999458 ) ) ;
#339 = CARTESIAN_POINT ( 'NONE',  ( 0.5641973609550983149, -0.1798611059982436478, 0.4390000000000000013 ) ) ;
#340 = CARTESIAN_POINT ( 'NONE',  ( -0.6957935020510385149, 0.2087994631964149306, 0.4390000000000001124 ) ) ;
#341 = CARTESIAN_POINT ( 'NONE',  ( -0.3705758560721998940, -0.009167848185585128137, 0.4400000000000000577 ) ) ;
#342 = ORIENTED_EDGE ( 'NONE', *, *, #1673, .T. ) ;
#343 = AXIS2_PLACEMENT_3D ( 'NONE', #4430, #5065, #7368 ) ;
#344 = EDGE_CURVE ( 'NONE', #6240, #5179, #8927, .T. ) ;
#345 = EDGE_CURVE ( 'NONE', #5976, #6309, #2213, .T. ) ;
#346 =( NAMED_UNIT ( * ) PLANE_ANGLE_UNIT ( ) SI_UNIT ( $, .RADIAN. ) );
#347 = CARTESIAN_POINT ( 'NONE',  ( -0.4088947706026783702, -0.1696187298951029876, 0.4399999999999998357 ) ) ;
#348 = CARTESIAN_POINT ( 'NONE',  ( -0.2183198074050590465, -0.1302674729152047683, 0.4400000000000000022 ) ) ;
#349 = CARTESIAN_POINT ( 'NONE',  ( 0.5756333866615663819, -0.1795477907575949716, 0.4390000000000001124 ) ) ;
#350 = CARTESIAN_POINT ( 'NONE',  ( -0.09824031921962461666, -0.1782030537880537613, 0.4400000000000000577 ) ) ;
#351 = ORIENTED_EDGE ( 'NONE', *, *, #2762, .F. ) ;
#352 = CARTESIAN_POINT ( 'NONE',  ( -0.7327860447860697901, 0.2281932843109778231, 0.4390000000000001124 ) ) ;
#353 = CARTESIAN_POINT ( 'NONE',  ( -0.4919324467372094278, 0.08579394207867938049, 0.4390000000000000013 ) ) ;
#354 = VECTOR ( 'NONE', #8478, 1000.000000000000000 ) ;
#355 = ORIENTED_EDGE ( 'NONE', *, *, #5123, .F. ) ;
#356 = VERTEX_POINT ( 'NONE', #3248 ) ;
#357 = AXIS2_PLACEMENT_3D ( 'NONE', #8662, #6496, #1200 ) ;
#358 = LINE ( 'NONE', #7056, #1584 ) ;
#359 = LINE ( 'NONE', #3349, #3390 ) ;
#360 = AXIS2_PLACEMENT_3D ( 'NONE', #8094, #3537, #5037 ) ;
#361 = B_SPLINE_CURVE_WITH_KNOTS ( 'NONE', 3,
 ( #6262, #5492, #961, #2619, #1682, #7556, #4773, #7696, #5388, #3913, #6835, #6065, #5439, #9101, #1117 ),
 .UNSPECIFIED., .F., .F.,
 ( 4, 1, 1, 1, 1, 1, 1, 1, 1, 1, 1, 1, 4 ),
 ( 0.000000000000000000, 0.08378537065370982029, 0.1657798879221412947, 0.2462800078932624315, 0.3274609277363891846, 0.4087969540320671169, 0.4897152412309879188, 0.5713760321300516143, 0.6555233211112763136, 0.7410194827999723177, 0.8265467605037594145, 0.9119888516548315671, 1.000000000000000000 ),
 .UNSPECIFIED. ) ;
#362 = CARTESIAN_POINT ( 'NONE',  ( 0.5481393760972237406, 0.03223682170836352640, 0.4389999999999998903 ) ) ;
#363 = FACE_OUTER_BOUND ( 'NONE', #3807, .T. ) ;
#364 = CARTESIAN_POINT ( 'NONE',  ( 0.1402205048832330381, 0.1408384875437377615, 0.4390000000000000013 ) ) ;
#365 = CARTESIAN_POINT ( 'NONE',  ( 0.5356243222936849513, -0.2239232923200134007, 0.4400000000000001132 ) ) ;
#366 = FACE_OUTER_BOUND ( 'NONE', #4103, .T. ) ;
#367 = CARTESIAN_POINT ( 'NONE',  ( -0.4586015710468795969, -0.1796364429379935512, 0.4390000000000000013 ) ) ;
#368 = ORIENTED_EDGE ( 'NONE', *, *, #3882, .T. ) ;
#369 = CARTESIAN_POINT ( 'NONE',  ( 0.9956400097734818821, -0.02725125928718050150, 0.4389999999999998903 ) ) ;
#370 = CIRCLE ( 'NONE', #5602, 0.2225000000000002531 ) ;
#371 = ORIENTED_EDGE ( 'NONE', *, *, #4949, .F. ) ;
#372 = DIRECTION ( 'NONE',  ( -0.000000000000000000, -0.000000000000000000, 1.000000000000000000 ) ) ;
#373 = DIRECTION ( 'NONE',  ( 1.000000000000000000, 0.000000000000000000, 0.000000000000000000 ) ) ;
#374 = CARTESIAN_POINT ( 'NONE',  ( 0.5999999999999999778, 0.000000000000000000, 0.1500000000000000222 ) ) ;
#375 = CARTESIAN_POINT ( 'NONE',  ( -0.6962914471551641116, 0.1511116851005372685, 0.4390000000000000568 ) ) ;
#376 = CARTESIAN_POINT ( 'NONE',  ( 0.002104913779166286969, 0.003231407439605372880, 0.4390000000000000568 ) ) ;
#377 = CARTESIAN_POINT ( 'NONE',  ( 0.6765463766553443392, -0.08910297207043255119, 0.4400000000000000577 ) ) ;
#378 = CARTESIAN_POINT ( 'NONE',  ( -0.09428850529917975898, 0.1980698410133681919, 0.4399999999999997802 ) ) ;
#379 = B_SPLINE_CURVE_WITH_KNOTS ( 'NONE', 3,
 ( #9527, #2936, #5862, #1801, #3303, #5511, #8432, #6906, #3157, #3107, #2438 ),
 .UNSPECIFIED., .F., .F.,
 ( 4, 1, 1, 1, 1, 1, 1, 1, 4 ),
 ( 0.000000000000000000, 0.1072852142689559307, 0.2147458609696391574, 0.3229385595552862753, 0.4341161625174662642, 0.5534123109627949733, 0.6860729848107299800, 0.8342559920595843392, 1.000000000000000000 ),
 .UNSPECIFIED. ) ;
#380 =( NAMED_UNIT ( * ) PLANE_ANGLE_UNIT ( ) SI_UNIT ( $, .RADIAN. ) );
#381 = VERTEX_POINT ( 'NONE', #9066 ) ;
#382 = ORIENTED_EDGE ( 'NONE', *, *, #663, .F. ) ;
#383 = CARTESIAN_POINT ( 'NONE',  ( -0.9604746894859819140, -0.1953841493647250072, 0.4390000000000000568 ) ) ;
#384 = AXIS2_PLACEMENT_3D ( 'NONE', #8006, #8738, #5935 ) ;
#385 = CARTESIAN_POINT ( 'NONE',  ( 0.2815951974935598789, -0.04816038484439750383, 0.4390000000000000013 ) ) ;
#386 = EDGE_CURVE ( 'NONE', #1118, #1277, #6861, .T. ) ;
#387 = EDGE_CURVE ( 'NONE', #8406, #55, #5311, .T. ) ;
#388 = CARTESIAN_POINT ( 'NONE',  ( -0.5613697208754168111, -0.1730172428030498644, 0.4399999999999996692 ) ) ;
#389 = DIRECTION ( 'NONE',  ( -0.000000000000000000, -0.000000000000000000, 1.000000000000000000 ) ) ;
#390 = ORIENTED_EDGE ( 'NONE', *, *, #6082, .T. ) ;
#391 = FACE_OUTER_BOUND ( 'NONE', #4899, .T. ) ;
#392 = CARTESIAN_POINT ( 'NONE',  ( -1.048804824760901422, 0.1247474320157012651, 0.4399999999999997247 ) ) ;
#393 = B_SPLINE_CURVE_WITH_KNOTS ( 'NONE', 3,
 ( #3790, #3701, #6674, #42, #3835, #2938, #8071, #1572, #5865, #6716, #8805, #8853, #4509, #5196, #7452 ),
 .UNSPECIFIED., .F., .F.,
 ( 4, 1, 1, 1, 1, 1, 1, 1, 1, 1, 1, 1, 4 ),
 ( 0.000000000000000000, 0.09697231038151571392, 0.1877734389628679668, 0.2723961390136933614, 0.3513209973752888793, 0.4243347744514671116, 0.4919087840005269552, 0.5542332197968004026, 0.6112676582441551876, 0.7163478449915536839, 0.8145400858216157447, 0.9084954561491854763, 1.000000000000000000 ),
 .UNSPECIFIED. ) ;
#394 = DIRECTION ( 'NONE',  ( 0.000000000000000000, 0.000000000000000000, -1.000000000000000000 ) ) ;
#395 = MECHANICAL_DESIGN_GEOMETRIC_PRESENTATION_REPRESENTATION (  '', ( #6689 ), #7602 ) ;
#396 = VERTEX_POINT ( 'NONE', #3197 ) ;
#397 = CARTESIAN_POINT ( 'NONE',  ( -0.3914481561877632410, 0.01010574182723822899, 0.4389999999999998348 ) ) ;
#398 = ORIENTED_EDGE ( 'NONE', *, *, #9271, .F. ) ;
#399 = VECTOR ( 'NONE', #3974, 1000.000000000000000 ) ;
#400 = UNCERTAINTY_MEASURE_WITH_UNIT (LENGTH_MEASURE( 1.000000000000000082E-05 ), #1150, 'distance_accuracy_value', 'NONE');
#401 = CARTESIAN_POINT ( 'NONE',  ( -0.2300297239575534447, -0.1035269968023639492, 0.4400000000000000022 ) ) ;
#402 = FACE_OUTER_BOUND ( 'NONE', #6042, .T. ) ;
#403 = CARTESIAN_POINT ( 'NONE',  ( -0.3931786914478722639, -0.2120255317236433013, 0.4389999999999999458 ) ) ;
#404 = VERTEX_POINT ( 'NONE', #842 ) ;
#405 = CARTESIAN_POINT ( 'NONE',  ( -0.5173649101185366916, 0.1663140506916828409, 0.4400000000000000577 ) ) ;
#406 = ORIENTED_EDGE ( 'NONE', *, *, #1038, .T. ) ;
#407 = CARTESIAN_POINT ( 'NONE',  ( -1.074949244618161215, -0.009713813564542869011, 0.4400000000000000577 ) ) ;
#408 = CARTESIAN_POINT ( 'NONE',  ( -0.4635809904834525819, 0.06391827649174551540, 0.4390000000000002234 ) ) ;
#409 = EDGE_CURVE ( 'NONE', #1947, #4540, #6176, .T. ) ;
#410 = EDGE_LOOP ( 'NONE', ( #2729, #6188, #5746, #2708, #7152, #5207, #2352, #1354, #5903, #8797, #4343, #4134, #4884, #3441, #9102, #7648, #883 ) ) ;
#411 = ORIENTED_EDGE ( 'NONE', *, *, #873, .F. ) ;
#412 = CARTESIAN_POINT ( 'NONE',  ( 0.9841793321089444824, -0.1035990867674744242, 0.4390000000000000013 ) ) ;
#413 = CARTESIAN_POINT ( 'NONE',  ( 0.5523982578750389338, -0.1795381556974996184, 0.4400000000000000577 ) ) ;
#414 = CARTESIAN_POINT ( 'NONE',  ( -0.6723110525064401877, 0.1259081247709871176, 0.4400000000000000022 ) ) ;
#415 = CARTESIAN_POINT ( 'NONE',  ( -0.9692080210167740573, 0.1538992189911589648, 0.4390000000000000013 ) ) ;
#416 = CARTESIAN_POINT ( 'NONE',  ( 0.000000000000000000, -1.250999999999999890, -0.1549999999999999711 ) ) ;
#417 = CARTESIAN_POINT ( 'NONE',  ( 0.2986913469779148289, 0.02916517576289591462, 0.4399999999999999467 ) ) ;
#418 = CARTESIAN_POINT ( 'NONE',  ( 0.8556308935319827391, 0.2394691289407319124, 0.4390000000000000568 ) ) ;
#419 = ADVANCED_FACE ( 'NONE', ( #9115 ), #4563, .T. ) ;
#420 = CARTESIAN_POINT ( 'NONE',  ( -0.1410226059248251562, 0.05677183030437662342, 0.4400000000000000022 ) ) ;
#421 = ORIENTED_EDGE ( 'NONE', *, *, #8433, .F. ) ;
#422 = CARTESIAN_POINT ( 'NONE',  ( 1.023686181712794241, -0.08696345887389277107, 0.4390000000000000568 ) ) ;
#423 = ORIENTED_EDGE ( 'NONE', *, *, #8987, .T. ) ;
#424 = CARTESIAN_POINT ( 'NONE',  ( 0.8473573485588743459, -0.2172892544067776266, 0.4389999999999998903 ) ) ;
#425 = CARTESIAN_POINT ( 'NONE',  ( -0.04559192408964100190, 0.1691643063572986216, 0.4400000000000000022 ) ) ;
#426 = CARTESIAN_POINT ( 'NONE',  ( -0.03858781455580278380, 0.03525529941894966351, 0.4400000000000000022 ) ) ;
#427 = CARTESIAN_POINT ( 'NONE',  ( -0.3926685784084237851, 0.1722574370977585367, 0.4399999999999998357 ) ) ;
#428 = CARTESIAN_POINT ( 'NONE',  ( 0.7913822133301122719, 0.1150622111971215944, 0.4400000000000001132 ) ) ;
#429 = SURFACE_STYLE_FILL_AREA ( #625 ) ;
#430 = DIRECTION ( 'NONE',  ( 0.000000000000000000, 0.000000000000000000, 1.000000000000000000 ) ) ;
#431 = CARTESIAN_POINT ( 'NONE',  ( 0.3253645527666494952, 0.1445052513256578353, 0.4390000000000000013 ) ) ;
#432 = CARTESIAN_POINT ( 'NONE',  ( 0.6702342549352169332, -0.1105975090869727451, 0.4400000000000000022 ) ) ;
#433 = CARTESIAN_POINT ( 'NONE',  ( -0.2659599996447088999, -0.1238265639763696246, 0.4400000000000000022 ) ) ;
#434 = CARTESIAN_POINT ( 'NONE',  ( 0.5999999999999997558, 1.150000000000000133, -0.1549999999999999711 ) ) ;
#435 = ORIENTED_EDGE ( 'NONE', *, *, #4504, .T. ) ;
#436 = EDGE_LOOP ( 'NONE', ( #504, #6789, #8249, #5121 ) ) ;
#437 = CARTESIAN_POINT ( 'NONE',  ( 0.01201276777675691979, -0.1537663431782299028, 0.4390000000000001679 ) ) ;
#438 = LINE ( 'NONE', #5381, #6616 ) ;
#439 = CARTESIAN_POINT ( 'NONE',  ( -0.4539817255833632492, -0.1798611059982436478, 0.4400000000000000022 ) ) ;
#440 = VECTOR ( 'NONE', #8203, 1000.000000000000000 ) ;
#441 = CARTESIAN_POINT ( 'NONE',  ( 0.7187947167243290414, -0.06745125022901288236, 0.4399999999999996692 ) ) ;
#442 = CARTESIAN_POINT ( 'NONE',  ( -0.1775710486189740200, -0.2177492905360075004, 0.4399999999999999467 ) ) ;
#443 = CARTESIAN_POINT ( 'NONE',  ( -0.9286770327004195691, 0.2306172593781228852, 0.4399999999999999467 ) ) ;
#444 = CARTESIAN_POINT ( 'NONE',  ( 0.07264087057048279616, -0.2144764906136282789, 0.4390000000000000013 ) ) ;
#445 = CARTESIAN_POINT ( 'NONE',  ( -0.07122846247201712611, 0.2382616199108703869, 0.4399999999999997247 ) ) ;
#446 = EDGE_CURVE ( 'NONE', #4812, #1157, #4637, .T. ) ;
#447 = ORIENTED_EDGE ( 'NONE', *, *, #1093, .F. ) ;
#448 = AXIS2_PLACEMENT_3D ( 'NONE', #976, #6899, #6078 ) ;
#449 = CARTESIAN_POINT ( 'NONE',  ( 0.2789556612696285076, 0.2417171907888273630, 0.4389999999999999458 ) ) ;
#450 = LINE ( 'NONE', #1121, #5282 ) ;
#451 = CARTESIAN_POINT ( 'NONE',  ( -0.3398617184936751912, -0.1609387839971299916, 0.4389999999999998903 ) ) ;
#452 = ORIENTED_EDGE ( 'NONE', *, *, #165, .T. ) ;
#453 = LINE ( 'NONE', #2627, #4062 ) ;
#454 = ORIENTED_EDGE ( 'NONE', *, *, #2280, .T. ) ;
#455 = CARTESIAN_POINT ( 'NONE',  ( -0.5427258799105505460, 0.08139206477428054254, 0.4400000000000000022 ) ) ;
#456 = CARTESIAN_POINT ( 'NONE',  ( 0.8346582589150829401, 0.1153979140725332336, 0.4400000000000001132 ) ) ;
#457 = EDGE_CURVE ( 'NONE', #4540, #1268, #159, .T. ) ;
#458 = ORIENTED_EDGE ( 'NONE', *, *, #161, .F. ) ;
#459 = CARTESIAN_POINT ( 'NONE',  ( 0.8960182744166367286, -0.1798611059982436478, 0.4390000000000000013 ) ) ;
#460 = DIRECTION ( 'NONE',  ( 1.000000000000000000, 0.000000000000000000, 0.000000000000000000 ) ) ;
#461 = CARTESIAN_POINT ( 'NONE',  ( 0.5932106075757761499, 0.03207335141847994509, 0.4390000000000001124 ) ) ;
#462 = EDGE_CURVE ( 'NONE', #4760, #8764, #7432, .T. ) ;
#463 = CARTESIAN_POINT ( 'NONE',  ( -0.8358326871218247911, 0.2009081247709871010, 0.4390000000000000013 ) ) ;
#464 = CARTESIAN_POINT ( 'NONE',  ( -0.08946124733889718184, 0.003878389640053187416, 0.4399999999999997802 ) ) ;
#465 = LINE ( 'NONE', #5716, #2992 ) ;
#466 = DIRECTION ( 'NONE',  ( 0.000000000000000000, 0.000000000000000000, -1.000000000000000000 ) ) ;
#467 = CARTESIAN_POINT ( 'NONE',  ( -0.03136747263914869965, 0.1271265569808806839, 0.4400000000000000577 ) ) ;
#468 = CARTESIAN_POINT ( 'NONE',  ( -0.7336719294577213057, 0.1768513619039951967, 0.4400000000000000022 ) ) ;
#469 = VERTEX_POINT ( 'NONE', #5660 ) ;
#470 = EDGE_LOOP ( 'NONE', ( #3431, #7376, #3422, #2248 ) ) ;
#471 = CARTESIAN_POINT ( 'NONE',  ( 0.8473573485588743459, -0.2172892544067776266, 0.4399999999999996136 ) ) ;
#472 = CARTESIAN_POINT ( 'NONE',  ( -0.09428850529917975898, 0.1980698410133681919, 0.4399999999999999467 ) ) ;
#473 = FILL_AREA_STYLE ('',( #8658 ) ) ;
#474 = EDGE_CURVE ( 'NONE', #880, #6788, #9269, .T. ) ;
#475 = CARTESIAN_POINT ( 'NONE',  ( -0.4197366529340452179, 0.2433528029795972436, 0.4390000000000000013 ) ) ;
#476 = DIRECTION ( 'NONE',  ( -1.000000000000000000, -4.288080502414578555E-14, 0.000000000000000000 ) ) ;
#477 = CARTESIAN_POINT ( 'NONE',  ( 1.600000000000000089, 1.250000000000000000, 0.1500000000000000222 ) ) ;
#478 =( NAMED_UNIT ( * ) PLANE_ANGLE_UNIT ( ) SI_UNIT ( $, .RADIAN. ) );
#479 = VECTOR ( 'NONE', #8283, 1000.000000000000000 ) ;
#480 = CARTESIAN_POINT ( 'NONE',  ( -0.1368418223894737051, 0.2003798227651711616, 0.4400000000000000022 ) ) ;
#481 = CARTESIAN_POINT ( 'NONE',  ( 0.4392689790812497885, -0.1500893457987850232, 0.4390000000000000568 ) ) ;
#482 = CARTESIAN_POINT ( 'NONE',  ( 0.6670317498128910394, -0.01690194282078355884, 0.4390000000000000013 ) ) ;
#483 = CARTESIAN_POINT ( 'NONE',  ( -0.2030140130190560277, 0.1568063323145185983, 0.4389999999999999458 ) ) ;
#484 = AXIS2_PLACEMENT_3D ( 'NONE', #5563, #4129, #4996 ) ;
#485 = EDGE_LOOP ( 'NONE', ( #5671, #8277, #3953, #2763 ) ) ;
#486 = ORIENTED_EDGE ( 'NONE', *, *, #5442, .T. ) ;
#487 = CARTESIAN_POINT ( 'NONE',  ( 0.0009726594988090649747, -0.1700152493068398663, 0.4390000000000000013 ) ) ;
#488 = FACE_OUTER_BOUND ( 'NONE', #8548, .T. ) ;
#489 = CARTESIAN_POINT ( 'NONE',  ( -0.5765092063694265967, -0.1521465942845240393, 0.4399999999999997247 ) ) ;
#490 = CARTESIAN_POINT ( 'NONE',  ( -0.5619745140449017295, 0.1420439420786794305, 0.4400000000000000022 ) ) ;
#491 = VERTEX_POINT ( 'NONE', #3444 ) ;
#492 = CARTESIAN_POINT ( 'NONE',  ( -0.1896368390124303915, -0.2130703522685150342, 0.4390000000000000013 ) ) ;
#493 = CARTESIAN_POINT ( 'NONE',  ( -0.4839160051113700067, -0.2230301033092250973, 0.4390000000000000568 ) ) ;
#494 = CARTESIAN_POINT ( 'NONE',  ( 1.018794716724329197, 0.1708900959248332574, 0.4400000000000000022 ) ) ;
#495 = CARTESIAN_POINT ( 'NONE',  ( -0.1163774609429413659, 0.2468846413219104585, 0.4389999999999999458 ) ) ;
#496 = ORIENTED_EDGE ( 'NONE', *, *, #9491, .T. ) ;
#497 = CARTESIAN_POINT ( 'NONE',  ( -1.043575372071065877, -0.1125553969012208777, 0.4389999999999999458 ) ) ;
#498 = CARTESIAN_POINT ( 'NONE',  ( 0.7014870244166366842, 0.2355235093863717322, 0.4390000000000000013 ) ) ;
#499 = CARTESIAN_POINT ( 'NONE',  ( -0.3931786914478722639, -0.2120255317236433013, 0.4399999999999999467 ) ) ;
#500 = CARTESIAN_POINT ( 'NONE',  ( -0.5209327884180856572, 0.1554134560710995761, 0.4390000000000000013 ) ) ;
#501 = ORIENTED_EDGE ( 'NONE', *, *, #511, .F. ) ;
#502 = CARTESIAN_POINT ( 'NONE',  ( -1.018374754429517193, -0.1473190386905513238, 0.4400000000000000022 ) ) ;
#503 =( NAMED_UNIT ( * ) SI_UNIT ( $, .STERADIAN. ) SOLID_ANGLE_UNIT ( ) );
#504 = ORIENTED_EDGE ( 'NONE', *, *, #4471, .F. ) ;
#505 = ORIENTED_EDGE ( 'NONE', *, *, #409, .F. ) ;
#506 = FACE_OUTER_BOUND ( 'NONE', #9500, .T. ) ;
#507 = FACE_OUTER_BOUND ( 'NONE', #1054, .T. ) ;
#508 = DIRECTION ( 'NONE',  ( 0.000000000000000000, 0.000000000000000000, -1.000000000000000000 ) ) ;
#509 = CARTESIAN_POINT ( 'NONE',  ( -0.9873667502198882895, 0.1367615389671586468, 0.4390000000000000568 ) ) ;
#510 = CARTESIAN_POINT ( 'NONE',  ( -1.600000000000000089, 1.250000000000000000, -0.1499999999999999667 ) ) ;
#511 = EDGE_CURVE ( 'NONE', #534, #139, #358, .T. ) ;
#512 = CARTESIAN_POINT ( 'NONE',  ( 0.2815951974935598789, -0.04816038484439750383, 0.4390000000000000013 ) ) ;
#513 = FACE_OUTER_BOUND ( 'NONE', #4412, .T. ) ;
#514 = DIRECTION ( 'NONE',  ( 0.000000000000000000, -1.000000000000000000, 0.000000000000000000 ) ) ;
#515 = VERTEX_POINT ( 'NONE', #2632 ) ;
#516 = CARTESIAN_POINT ( 'NONE',  ( -0.008128360198747823159, -0.08466879830593596057, 0.4400000000000000022 ) ) ;
#517 = AXIS2_PLACEMENT_3D ( 'NONE', #8759, #6672, #8112 ) ;
#518 = VERTEX_POINT ( 'NONE', #7659 ) ;
#519 = CARTESIAN_POINT ( 'NONE',  ( 0.8125877712370631611, -0.1972824725619164998, 0.4390000000000000013 ) ) ;
#520 = CARTESIAN_POINT ( 'NONE',  ( 0.5822031824345789142, 0.07964551545640148611, 0.4399999999999998912 ) ) ;
#521 = CARTESIAN_POINT ( 'NONE',  ( -0.04337475442951722882, 0.03756677861714095151, 0.4390000000000000013 ) ) ;
#522 = CARTESIAN_POINT ( 'NONE',  ( -0.1227016775064402876, -0.1798611059982436478, 0.4400000000000000022 ) ) ;
#523 = CARTESIAN_POINT ( 'NONE',  ( -0.03105030764428908657, 0.04604279679257376745, 0.4400000000000000022 ) ) ;
#524 = CARTESIAN_POINT ( 'NONE',  ( 1.500000000000000000, 0.000000000000000000, 0.1500000000000000222 ) ) ;
#525 = VECTOR ( 'NONE', #3563, 1000.000000000000000 ) ;
#526 = CARTESIAN_POINT ( 'NONE',  ( 0.3305917224421061618, 0.1276760956627630283, 0.4390000000000001679 ) ) ;
#527 = SURFACE_STYLE_USAGE ( .BOTH. , #7123 ) ;
#528 = VECTOR ( 'NONE', #4224, 1000.000000000000114 ) ;
#529 = CARTESIAN_POINT ( 'NONE',  ( 0.5739059423653732894, 0.03351042655399610187, 0.4390000000000000013 ) ) ;
#530 = ADVANCED_FACE ( 'NONE', ( #506 ), #2581, .T. ) ;
#531 = CARTESIAN_POINT ( 'NONE',  ( -0.5114370654201925159, 0.1761856177727437467, 0.4390000000000000013 ) ) ;
#532 = STYLED_ITEM ( 'NONE', ( #9236 ), #6000 ) ;
#533 = EDGE_LOOP ( 'NONE', ( #302, #351, #4335, #5040 ) ) ;
#534 = VERTEX_POINT ( 'NONE', #5505 ) ;
#535 = DIRECTION ( 'NONE',  ( -1.000000000000000000, 0.000000000000000000, 0.000000000000000000 ) ) ;
#536 = CARTESIAN_POINT ( 'NONE',  ( 0.8943956782627906499, 0.2009081247709871010, 0.4399999999999998912 ) ) ;
#537 = CARTESIAN_POINT ( 'NONE',  ( 0.6739182504981262589, -0.1000959803068868503, 0.4400000000000000022 ) ) ;
#538 = CARTESIAN_POINT ( 'NONE',  ( -0.5026426514411254098, -0.2172892544067776543, 0.4389999999999999458 ) ) ;
#539 = CARTESIAN_POINT ( 'NONE',  ( 0.6742705592715132479, -0.1821147272676080231, 0.4399999999999996692 ) ) ;
#540 = EDGE_LOOP ( 'NONE', ( #3525, #1090, #32, #7748 ) ) ;
#541 = CARTESIAN_POINT ( 'NONE',  ( -0.2479907863336816565, -0.1625801540724172989, 0.4400000000000000577 ) ) ;
#542 = CARTESIAN_POINT ( 'NONE',  ( -0.9699870068123322975, 0.2094397864377395835, 0.4389999999999999458 ) ) ;
#543 = ORIENTED_EDGE ( 'NONE', *, *, #97, .F. ) ;
#544 = ADVANCED_FACE ( 'NONE', ( #4786 ), #8725, .T. ) ;
#545 = CARTESIAN_POINT ( 'NONE',  ( 0.9666152139822025147, 0.2262501357037486893, 0.4390000000000002789 ) ) ;
#546 = CARTESIAN_POINT ( 'NONE',  ( -0.08768905349943229011, 0.2433305654992666267, 0.4400000000000000022 ) ) ;
#547 = ORIENTED_EDGE ( 'NONE', *, *, #4576, .F. ) ;
#548 = CARTESIAN_POINT ( 'NONE',  ( -1.067783598960761360, -0.05342340084334209344, 0.4389999999999997793 ) ) ;
#549 = ORIENTED_EDGE ( 'NONE', *, *, #1222, .T. ) ;
#550 = SURFACE_STYLE_USAGE ( .BOTH. , #7096 ) ;
#551 = CARTESIAN_POINT ( 'NONE',  ( -0.3658206678910556064, -0.1035990867674744242, 0.4390000000000000013 ) ) ;
#552 = CARTESIAN_POINT ( 'NONE',  ( -0.3628127081732880344, -0.1899184998996604479, 0.4399999999999999467 ) ) ;
#553 = CARTESIAN_POINT ( 'NONE',  ( -0.6966097372053116077, -0.1879274410189626932, 0.4389999999999997238 ) ) ;
#554 = ORIENTED_EDGE ( 'NONE', *, *, #653, .F. ) ;
#555 = CARTESIAN_POINT ( 'NONE',  ( -0.1222509563525940868, 0.2470619709248332851, 0.4390000000000000013 ) ) ;
#556 = STYLED_ITEM ( 'NONE', ( #6577 ), #9358 ) ;
#557 = FACE_OUTER_BOUND ( 'NONE', #4927, .T. ) ;
#558 = CIRCLE ( 'NONE', #2107, 0.2225000000000002531 ) ;
#559 = ORIENTED_EDGE ( 'NONE', *, *, #4396, .T. ) ;
#560 = CARTESIAN_POINT ( 'NONE',  ( 0.9841793321089444824, -0.1035990867674744242, 0.4399999999999996136 ) ) ;
#561 = CARTESIAN_POINT ( 'NONE',  ( -0.3926685784084237851, 0.1722574370977585367, 0.4399999999999999467 ) ) ;
#562 = CARTESIAN_POINT ( 'NONE',  ( 0.6619600810861856477, -0.008621549366472002970, 0.4399999999999999467 ) ) ;
#563 = CARTESIAN_POINT ( 'NONE',  ( 1.425000000000000044, -0.9000000000000000222, 0.4149999999999999800 ) ) ;
#564 = CARTESIAN_POINT ( 'NONE',  ( 0.5771781301858674995, 0.07975427861714096123, 0.4400000000000000022 ) ) ;
#565 = CARTESIAN_POINT ( 'NONE',  ( 0.2471601013397136948, -0.02823850984439750522, 0.4400000000000000022 ) ) ;
#566 = CARTESIAN_POINT ( 'NONE',  ( -0.03125856468503473984, 0.1326751878827214515, 0.4399999999999998357 ) ) ;
#567 = CARTESIAN_POINT ( 'NONE',  ( 0.2140532681597647757, 0.1993727374275171271, 0.4390000000000000013 ) ) ;
#568 = CARTESIAN_POINT ( 'NONE',  ( -0.03819934571488196179, 0.1025520072809701505, 0.4400000000000001132 ) ) ;
#569 = VERTEX_POINT ( 'NONE', #1231 ) ;
#570 = EDGE_LOOP ( 'NONE', ( #3615, #7718, #7626, #7535, #1072, #6348, #1995, #1860 ) ) ;
#571 = ORIENTED_EDGE ( 'NONE', *, *, #9426, .T. ) ;
#572 = CARTESIAN_POINT ( 'NONE',  ( 0.5840309294399756990, -0.2248365095912656930, 0.4390000000000000013 ) ) ;
#573 = EDGE_CURVE ( 'NONE', #1898, #3972, #1796, .T. ) ;
#574 = ADVANCED_FACE ( 'NONE', ( #6426 ), #107, .T. ) ;
#575 = CARTESIAN_POINT ( 'NONE',  ( -0.03471016364904737361, 0.1508023092454242042, 0.4400000000000000022 ) ) ;
#576 = PLANE ( 'NONE',  #629 ) ;
#577 = CARTESIAN_POINT ( 'NONE',  ( -0.1337301737897380605, -0.1796950151007381535, 0.4389999999999998903 ) ) ;
#578 = CARTESIAN_POINT ( 'NONE',  ( 1.500000000000000000, -1.051238207896990406, -0.1549999999999999711 ) ) ;
#579 = CARTESIAN_POINT ( 'NONE',  ( 0.8713209228574751997, 0.07518997659643915366, 0.4400000000000000577 ) ) ;
#580 = SURFACE_STYLE_USAGE ( .BOTH. , #2750 ) ;
#581 = CARTESIAN_POINT ( 'NONE',  ( -0.2144706020274552150, 0.1347275695493832526, 0.4399999999999998912 ) ) ;
#582 = PLANE ( 'NONE',  #3127 ) ;
#583 = DIRECTION ( 'NONE',  ( -0.000000000000000000, -0.000000000000000000, 1.000000000000000000 ) ) ;
#584 = CARTESIAN_POINT ( 'NONE',  ( -0.5076192114500769348, 0.2335103671283954574, 0.4390000000000001124 ) ) ;
#585 = ORIENTED_EDGE ( 'NONE', *, *, #8248, .T. ) ;
#586 = CARTESIAN_POINT ( 'NONE',  ( -0.02724153469113742634, -0.1970505953120585130, 0.4399999999999998357 ) ) ;
#587 = ORIENTED_EDGE ( 'NONE', *, *, #8398, .F. ) ;
#588 = CARTESIAN_POINT ( 'NONE',  ( 0.8566001614211390391, 0.1920045283017019488, 0.4399999999999999467 ) ) ;
#589 = EDGE_CURVE ( 'NONE', #1494, #9281, #9440, .T. ) ;
#590 = CARTESIAN_POINT ( 'NONE',  ( 0.6596256949257512936, -0.1300876518661747971, 0.4390000000000000013 ) ) ;
#591 = CARTESIAN_POINT ( 'NONE',  ( 0.4847565683020453875, 0.01592199225184963429, 0.4389999999999998348 ) ) ;
#592 = CARTESIAN_POINT ( 'NONE',  ( 0.7030786897832888016, -0.1398004682782821861, 0.4399999999999996692 ) ) ;
#593 = EDGE_LOOP ( 'NONE', ( #8510, #6595, #1935, #4278 ) ) ;
#594 = CARTESIAN_POINT ( 'NONE',  ( 0.8385629345798073508, 0.1761856177727439965, 0.4390000000000000568 ) ) ;
#595 = CARTESIAN_POINT ( 'NONE',  ( -0.1465898986602864051, 0.01052350938637172661, 0.4390000000000000013 ) ) ;
#596 = CARTESIAN_POINT ( 'NONE',  ( 0.005244296862478821722, 0.1595741943993543022, 0.4399999999999997802 ) ) ;
#597 = VERTEX_POINT ( 'NONE', #8994 ) ;
#598 = CARTESIAN_POINT ( 'NONE',  ( -0.5542343674759785399, 0.1831244531306016610, 0.4400000000000001688 ) ) ;
#599 = EDGE_CURVE ( 'NONE', #60, #8678, #2059, .T. ) ;
#600 = ORIENTED_EDGE ( 'NONE', *, *, #599, .F. ) ;
#601 = DIRECTION ( 'NONE',  ( 0.000000000000000000, -1.000000000000000000, 0.000000000000000000 ) ) ;
#602 = CARTESIAN_POINT ( 'NONE',  ( 0.4649485628781752644, -0.09909187522901288792, 0.4400000000000000022 ) ) ;
#603 = EDGE_CURVE ( 'NONE', #4708, #8270, #8491, .T. ) ;
#604 = CARTESIAN_POINT ( 'NONE',  ( -1.449999999999999956, 1.250000000000000000, 0.2799999999999999711 ) ) ;
#605 = PLANE ( 'NONE',  #360 ) ;
#606 = ORIENTED_EDGE ( 'NONE', *, *, #2825, .F. ) ;
#607 = CARTESIAN_POINT ( 'NONE',  ( 0.8284606461927732646, 0.1415260665410597030, 0.4399999999999999467 ) ) ;
#608 = COLOUR_RGB ( '',0.9686274509803921573, 0.8784313725490195957, 0.5999999999999999778 ) ;
#609 = VERTEX_POINT ( 'NONE', #7632 ) ;
#610 = CARTESIAN_POINT ( 'NONE',  ( 0.4988321107795884446, -0.1579228251335826894, 0.4400000000000001132 ) ) ;
#611 = CARTESIAN_POINT ( 'NONE',  ( -0.4518988765535731367, 0.2007656540982750981, 0.4390000000000000568 ) ) ;
#612 = CARTESIAN_POINT ( 'NONE',  ( 0.9803475372394733212, -0.08099885353462206450, 0.4400000000000000577 ) ) ;
#613 = B_SPLINE_CURVE_WITH_KNOTS ( 'NONE', 3,
 ( #5431, #5482, #281, #9094, #8457, #1876, #334, #4813, #7740, #1158, #183 ),
 .UNSPECIFIED., .F., .F.,
 ( 4, 1, 1, 1, 1, 1, 1, 1, 4 ),
 ( 0.000000000000000000, 0.1072852142689559862, 0.2147458609696396015, 0.3229385595552864974, 0.4341161625174665972, 0.5534123109627961945, 0.6860729848107296469, 0.8342559920595852274, 1.000000000000000000 ),
 .UNSPECIFIED. ) ;
#614 = CARTESIAN_POINT ( 'NONE',  ( -0.1212106763343820393, 0.008722374194050870611, 0.4400000000000001132 ) ) ;
#615 = CARTESIAN_POINT ( 'NONE',  ( -0.3662765929633253204, -0.1133899195192124149, 0.4400000000000000022 ) ) ;
#616 = CARTESIAN_POINT ( 'NONE',  ( -0.05085925126843608701, 0.1747756493723774951, 0.4390000000000000568 ) ) ;
#617 = CARTESIAN_POINT ( 'NONE',  ( 0.1307159638751903274, 0.1010677509701274901, 0.4390000000000000013 ) ) ;
#618 = CARTESIAN_POINT ( 'NONE',  ( 0.4245639474935597457, -0.09909187522901288792, 0.4390000000000000013 ) ) ;
#619 = VERTEX_POINT ( 'NONE', #3169 ) ;
#620 =( LENGTH_UNIT ( ) NAMED_UNIT ( * ) SI_UNIT ( .MILLI., .METRE. ) );
#621 = CARTESIAN_POINT ( 'NONE',  ( -0.3866835270075957287, 0.1661804920653245643, 0.4390000000000000013 ) ) ;
#622 = CARTESIAN_POINT ( 'NONE',  ( 0.005393274416636787555, -0.0008346636905513685027, 0.4400000000000000022 ) ) ;
#623 = CARTESIAN_POINT ( 'NONE',  ( -0.1903310637586541898, -0.1613436678481215414, 0.4389999999999998348 ) ) ;
#624 = CARTESIAN_POINT ( 'NONE',  ( 0.009029727545750272644, 0.1253868871549935204, 0.4400000000000000022 ) ) ;
#625 = FILL_AREA_STYLE ('',( #1246 ) ) ;
#626 = PRESENTATION_STYLE_ASSIGNMENT (( #580 ) ) ;
#627 = DIRECTION ( 'NONE',  ( 1.000000000000000000, 0.000000000000000000, 0.000000000000000000 ) ) ;
#628 = CARTESIAN_POINT ( 'NONE',  ( 0.9680435148012520585, -0.05942841369055133771, 0.4390000000000000013 ) ) ;
#629 = AXIS2_PLACEMENT_3D ( 'NONE', #7879, #7117, #6391 ) ;
#630 = CARTESIAN_POINT ( 'NONE',  ( 0.8192425458998114918, 0.2171842847642391772, 0.4389999999999998903 ) ) ;
#631 = CARTESIAN_POINT ( 'NONE',  ( -0.4659435096279403998, 0.2465110166644899348, 0.4390000000000000013 ) ) ;
#632 = ORIENTED_EDGE ( 'NONE', *, *, #8327, .F. ) ;
#633 = CARTESIAN_POINT ( 'NONE',  ( 0.9822863032627905389, 0.1432158170786793916, 0.4390000000000000013 ) ) ;
#634 = EDGE_LOOP ( 'NONE', ( #4347, #7928, #874, #4541, #8549, #4951, #6415, #966, #5020, #4275 ) ) ;
#635 = CARTESIAN_POINT ( 'NONE',  ( -1.035051437121824902, 0.01007278823252557957, 0.4400000000000000577 ) ) ;
#636 = CARTESIAN_POINT ( 'NONE',  ( -0.1465898986602864051, 0.05667735554021788302, 0.4400000000000000022 ) ) ;
#637 = CARTESIAN_POINT ( 'NONE',  ( 0.6078548803599513883, -0.1717992486800066776, 0.4389999999999999458 ) ) ;
#638 = ADVANCED_FACE ( 'NONE', ( #1712 ), #2194, .T. ) ;
#639 = ORIENTED_EDGE ( 'NONE', *, *, #2462, .F. ) ;
#640 = CARTESIAN_POINT ( 'NONE',  ( 0.1690050532627905000, -0.1683226444597820948, 0.4400000000000000022 ) ) ;
#641 = CARTESIAN_POINT ( 'NONE',  ( -0.4457942973032893996, 0.2468790714335099556, 0.4390000000000000013 ) ) ;
#642 = VECTOR ( 'NONE', #7991, 1000.000000000000000 ) ;
#643 = CARTESIAN_POINT ( 'NONE',  ( 0.008965441723621511011, 0.1350891478982569616, 0.4399999999999998357 ) ) ;
#644 = ORIENTED_EDGE ( 'NONE', *, *, #4504, .F. ) ;
#645 = CARTESIAN_POINT ( 'NONE',  ( -0.5400205079471455116, 0.2068196935808351566, 0.4390000000000000013 ) ) ;
#646 = CARTESIAN_POINT ( 'NONE',  ( 0.3255753638119784354, 0.2167592633084663156, 0.4389999999999998903 ) ) ;
#647 = LINE ( 'NONE', #3582, #6137 ) ;
#648 = CARTESIAN_POINT ( 'NONE',  ( -1.034570678553992540, -0.009637070952465307330, 0.4399999999999998912 ) ) ;
#649 = CARTESIAN_POINT ( 'NONE',  ( 0.7090292371212383316, -0.008707662238742313807, 0.4389999999999998903 ) ) ;
#650 = CARTESIAN_POINT ( 'NONE',  ( -0.5557202728190854257, 0.1064177203410478778, 0.4400000000000000022 ) ) ;
#651 = CARTESIAN_POINT ( 'NONE',  ( -1.600999999999999979, 0.000000000000000000, 0.1500000000000000222 ) ) ;
#652 = EDGE_CURVE ( 'NONE', #1238, #3072, #4562, .T. ) ;
#653 = EDGE_CURVE ( 'NONE', #396, #171, #6283, .T. ) ;
#654 = ORIENTED_EDGE ( 'NONE', *, *, #6567, .T. ) ;
#655 = DIRECTION ( 'NONE',  ( -0.000000000000000000, -0.000000000000000000, 1.000000000000000000 ) ) ;
#656 = CARTESIAN_POINT ( 'NONE',  ( 0.9752240626453163586, -0.06987838024578864327, 0.4400000000000000577 ) ) ;
#657 = CARTESIAN_POINT ( 'NONE',  ( 0.4788928911574620861, -0.1991240808119808248, 0.4399999999999998357 ) ) ;
#658 = CARTESIAN_POINT ( 'NONE',  ( 0.9068157209567747623, 0.04931782448408650321, 0.4390000000000000013 ) ) ;
#659 = CARTESIAN_POINT ( 'NONE',  ( -0.8333086486602864218, 0.2470619709248333407, 0.4390000000000000568 ) ) ;
#660 = FILL_AREA_STYLE_COLOUR ( '', #5209 ) ;
#661 = ORIENTED_EDGE ( 'NONE', *, *, #4756, .F. ) ;
#662 = CARTESIAN_POINT ( 'NONE',  ( -0.01585029463161944860, -0.1205792616384902954, 0.4400000000000000022 ) ) ;
#663 = EDGE_CURVE ( 'NONE', #4845, #6929, #5630, .T. ) ;
#664 = VERTEX_POINT ( 'NONE', #9340 ) ;
#665 = ORIENTED_EDGE ( 'NONE', *, *, #2184, .F. ) ;
#666 = DIRECTION ( 'NONE',  ( -1.000000000000000000, 0.000000000000000000, -0.000000000000000000 ) ) ;
#667 = PLANE ( 'NONE',  #8960 ) ;
#668 =( GEOMETRIC_REPRESENTATION_CONTEXT ( 3 ) GLOBAL_UNCERTAINTY_ASSIGNED_CONTEXT ( ( #1173 ) ) GLOBAL_UNIT_ASSIGNED_CONTEXT ( ( #1643, #1735, #4163 ) ) REPRESENTATION_CONTEXT ( 'NONE', 'WORKASPACE' ) );
#669 = CARTESIAN_POINT ( 'NONE',  ( 0.2379996016845359608, 0.2008187541528887454, 0.4399999999999998357 ) ) ;
#670 = FILL_AREA_STYLE ('',( #5973 ) ) ;
#671 = CARTESIAN_POINT ( 'NONE',  ( 0.5663884423613051444, 0.03352578502874850597, 0.4390000000000000013 ) ) ;
#672 = VERTEX_POINT ( 'NONE', #1971 ) ;
#673 = CARTESIAN_POINT ( 'NONE',  ( 0.5517911893582442273, 0.07770314798463084927, 0.4400000000000001132 ) ) ;
#674 = LINE ( 'NONE', #3610, #5596 ) ;
#675 =( NAMED_UNIT ( * ) SI_UNIT ( $, .STERADIAN. ) SOLID_ANGLE_UNIT ( ) );
#676 = CARTESIAN_POINT ( 'NONE',  ( 0.8807824107145292292, 0.2004519084499515602, 0.4400000000000000022 ) ) ;
#677 = VECTOR ( 'NONE', #6851, 1000.000000000000000 ) ;
#678 = EDGE_LOOP ( 'NONE', ( #819, #71, #7704, #6845, #7433, #7456 ) ) ;
#679 = CARTESIAN_POINT ( 'NONE',  ( 1.600000000000000089, -1.250000000000000000, 0.1500000000000000222 ) ) ;
#680 = EDGE_LOOP ( 'NONE', ( #1975, #5621, #3568, #654 ) ) ;
#681 = CARTESIAN_POINT ( 'NONE',  ( -0.8401685470682610513, -0.1797280331419895960, 0.4399999999999999467 ) ) ;
#682 = CARTESIAN_POINT ( 'NONE',  ( 0.6527141936371049225, -0.1390204595922348019, 0.4400000000000000577 ) ) ;
#683 = CARTESIAN_POINT ( 'NONE',  ( -0.8276451877576578298, 0.2007011548489453789, 0.4400000000000000022 ) ) ;
#684 = ORIENTED_EDGE ( 'NONE', *, *, #8772, .T. ) ;
#685 = CARTESIAN_POINT ( 'NONE',  ( 0.02196521696335001009, -0.02869398154913980689, 0.4400000000000000577 ) ) ;
#686 = DIRECTION ( 'NONE',  ( 0.000000000000000000, 0.000000000000000000, -1.000000000000000000 ) ) ;
#687 = AXIS2_PLACEMENT_3D ( 'NONE', #6314, #7802, #6998 ) ;
#688 = CARTESIAN_POINT ( 'NONE',  ( -0.8885466234769114902, 0.1946269223189293629, 0.4390000000000000568 ) ) ;
#689 = ORIENTED_EDGE ( 'NONE', *, *, #5322, .T. ) ;
#690 = CARTESIAN_POINT ( 'NONE',  ( -0.5619745140449017295, 0.1420439420786794305, 0.4390000000000000013 ) ) ;
#691 = EDGE_CURVE ( 'NONE', #7691, #518, #4143, .T. ) ;
#692 = EDGE_CURVE ( 'NONE', #8412, #2133, #5042, .T. ) ;
#693 = CARTESIAN_POINT ( 'NONE',  ( 0.3674991767059351822, 0.1518727839490219556, 0.4390000000000001679 ) ) ;
#694 = CARTESIAN_POINT ( 'NONE',  ( 0.2711140758629081438, -0.002844951564662575455, 0.4400000000000000577 ) ) ;
#695 = CARTESIAN_POINT ( 'NONE',  ( -1.027428095292251209, -0.04708880750808860233, 0.4399999999999997802 ) ) ;
#696 = CARTESIAN_POINT ( 'NONE',  ( -0.7880464457633047370, -0.2227621639284977639, 0.4390000000000000013 ) ) ;
#697 = CYLINDRICAL_SURFACE ( 'NONE', #4388, 0.2225000000000000311 ) ;
#698 = CARTESIAN_POINT ( 'NONE',  ( -0.9710983450801370376, -0.1888679096225597542, 0.4389999999999999458 ) ) ;
#699 = VERTEX_POINT ( 'NONE', #4286 ) ;
#700 = DIRECTION ( 'NONE',  ( -1.000000000000000000, 0.000000000000000000, 0.000000000000000000 ) ) ;
#701 = CIRCLE ( 'NONE', #1927, 0.1499999999999999667 ) ;
#702 = CARTESIAN_POINT ( 'NONE',  ( -0.4919324467372094278, 0.08579394207867938049, 0.4390000000000000013 ) ) ;
#703 = CARTESIAN_POINT ( 'NONE',  ( 0.5231895872759538824, -0.2213050744981151230, 0.4399999999999997802 ) ) ;
#704 = CARTESIAN_POINT ( 'NONE',  ( 0.7972201974935596569, -0.1048611059982436505, 0.4400000000000000022 ) ) ;
#705 = ADVANCED_FACE ( 'NONE', ( #2601 ), #6483, .T. ) ;
#706 = CARTESIAN_POINT ( 'NONE',  ( -1.250000000000000000, 0.9000000000000000222, 0.4400000000000000022 ) ) ;
#707 = FACE_BOUND ( 'NONE', #8369, .T. ) ;
#708 = VECTOR ( 'NONE', #8087, 1000.000000000000000 ) ;
#709 = ORIENTED_EDGE ( 'NONE', *, *, #925, .F. ) ;
#710 = VERTEX_POINT ( 'NONE', #3027 ) ;
#711 = B_SPLINE_CURVE_WITH_KNOTS ( 'NONE', 3,
 ( #3089, #1060, #8363, #6885, #4011, #6936, #6014, #8414, #1725, #8958, #3228, #4668, #9145, #1829, #339 ),
 .UNSPECIFIED., .F., .F.,
 ( 4, 1, 1, 1, 1, 1, 1, 1, 1, 1, 1, 1, 4 ),
 ( 0.000000000000000000, 0.09468725186755362622, 0.1819941557072746741, 0.2643769486105120858, 0.3421798619477716130, 0.4186176108621460501, 0.4965090753719084704, 0.5773690916117321104, 0.6615105924541984095, 0.7467325508291970948, 0.8312579843277420055, 0.9152056162136537054, 1.000000000000000000 ),
 .UNSPECIFIED. ) ;
#712 = CARTESIAN_POINT ( 'NONE',  ( -1.250000000000000000, -0.9000000000000000222, 0.3049999999999999933 ) ) ;
#713 = CARTESIAN_POINT ( 'NONE',  ( 0.4245639474935597457, -0.09909187522901288792, 0.4390000000000000013 ) ) ;
#714 = UNCERTAINTY_MEASURE_WITH_UNIT (LENGTH_MEASURE( 1.000000000000000082E-05 ), #7826, 'distance_accuracy_value', 'NONE');
#715 = CARTESIAN_POINT ( 'NONE',  ( 0.2346300532627904334, 0.2009081247709871010, 0.4399999999999999467 ) ) ;
#716 = CARTESIAN_POINT ( 'NONE',  ( -0.1786518612839030351, 0.2354997013322681909, 0.4389999999999998903 ) ) ;
#717 = CARTESIAN_POINT ( 'NONE',  ( 0.5381677786629082139, 0.07487383464369624930, 0.4389999999999999458 ) ) ;
#718 = CARTESIAN_POINT ( 'NONE',  ( -0.03169014410001719240, 0.1207629568183215263, 0.4390000000000000013 ) ) ;
#719 = ADVANCED_FACE ( 'NONE', ( #4464 ), #9486, .F. ) ;
#720 = CARTESIAN_POINT ( 'NONE',  ( -0.2158206678910555287, 0.1316773555402178664, 0.4400000000000000022 ) ) ;
#721 = SURFACE_SIDE_STYLE ('',( #167 ) ) ;
#722 = CARTESIAN_POINT ( 'NONE',  ( -0.02724153469113742634, -0.1970505953120585130, 0.4390000000000001124 ) ) ;
#723 = CARTESIAN_POINT ( 'NONE',  ( -0.3819564851987478638, -0.05942841369055133771, 0.4390000000000000013 ) ) ;
#724 = DIRECTION ( 'NONE',  ( -1.000000000000000000, 0.000000000000000000, 0.000000000000000000 ) ) ;
#725 = CARTESIAN_POINT ( 'NONE',  ( -0.03951942811453033888, -0.1515429280607745455, 0.4390000000000001124 ) ) ;
#726 = EDGE_LOOP ( 'NONE', ( #5570, #7328, #3518, #6456, #7786, #3285, #8440, #905, #300, #8192, #382 ) ) ;
#727 = CARTESIAN_POINT ( 'NONE',  ( -1.600000000000000089, 1.250000000000000000, -0.1499999999999999667 ) ) ;
#728 = CARTESIAN_POINT ( 'NONE',  ( 0.6780896270748646426, -0.07759133175817745087, 0.4399999999999999467 ) ) ;
#729 = CARTESIAN_POINT ( 'NONE',  ( 0.6596256949257512936, -0.1300876518661747971, 0.4390000000000000013 ) ) ;
#730 = B_SPLINE_CURVE_WITH_KNOTS ( 'NONE', 3,
 ( #3721, #865, #6648, #4569, #7337, #61, #100, #3042, #5249, #3808, #6729 ),
 .UNSPECIFIED., .F., .F.,
 ( 4, 1, 1, 1, 1, 1, 1, 1, 4 ),
 ( 0.000000000000000000, 0.1072852142689559862, 0.2147458609696396015, 0.3229385595552864974, 0.4341161625174665972, 0.5534123109627961945, 0.6860729848107296469, 0.8342559920595852274, 1.000000000000000000 ),
 .UNSPECIFIED. ) ;
#731 = ORIENTED_EDGE ( 'NONE', *, *, #3572, .T. ) ;
#732 = CARTESIAN_POINT ( 'NONE',  ( 0.005393274416636788422, -0.0008346636905513686111, 0.4390000000000000568 ) ) ;
#733 = CARTESIAN_POINT ( 'NONE',  ( 0.9463371921142065268, 0.1824482515472023170, 0.4400000000000000022 ) ) ;
#734 = LINE ( 'NONE', #2366, #6251 ) ;
#735 = ORIENTED_EDGE ( 'NONE', *, *, #4280, .T. ) ;
#736 = CARTESIAN_POINT ( 'NONE',  ( 0.3784101013397135338, -0.1683226444597820948, 0.4390000000000000013 ) ) ;
#737 = DIRECTION ( 'NONE',  ( 0.7296913851534241324, -0.6837766319733932230, 0.000000000000000000 ) ) ;
#738 = CARTESIAN_POINT ( 'NONE',  ( 0.3316949132713840065, 0.09509185065251783697, 0.4400000000000001688 ) ) ;
#739 = CARTESIAN_POINT ( 'NONE',  ( 0.7014870244166366842, 0.1893696632325255758, 0.4400000000000000022 ) ) ;
#740 = CARTESIAN_POINT ( 'NONE',  ( -0.6546796228905633619, -0.1529447041266141782, 0.4390000000000000013 ) ) ;
#741 = CARTESIAN_POINT ( 'NONE',  ( 0.9545272349502259557, -0.04338554627878792730, 0.4389999999999999458 ) ) ;
#742 = CARTESIAN_POINT ( 'NONE',  ( -0.9814104706186701499, -0.1818665511395196055, 0.4399999999999997802 ) ) ;
#743 = EDGE_CURVE ( 'NONE', #1361, #6007, #2264, .T. ) ;
#744 = EDGE_LOOP ( 'NONE', ( #2525, #7806, #1650, #3720 ) ) ;
#745 = CARTESIAN_POINT ( 'NONE',  ( -0.4556043217372094389, 0.2009081247709871010, 0.4400000000000001132 ) ) ;
#746 = CARTESIAN_POINT ( 'NONE',  ( 0.9660287215494611779, -0.05685096494155040397, 0.4400000000000000577 ) ) ;
#747 = CARTESIAN_POINT ( 'NONE',  ( 0.4245639474935597457, -0.09909187522901288792, 0.4390000000000000013 ) ) ;
#748 = CARTESIAN_POINT ( 'NONE',  ( 0.8781946344373550151, 0.06997160733539459221, 0.4390000000000000568 ) ) ;
#749 = CARTESIAN_POINT ( 'NONE',  ( -0.8330382159679786680, -0.1798611059982436478, 0.4390000000000000013 ) ) ;
#750 = CARTESIAN_POINT ( 'NONE',  ( -0.5026426514411254098, -0.2172892544067776543, 0.4399999999999999467 ) ) ;
#751 = PRESENTATION_LAYER_ASSIGNMENT (  '', '', ( #1983 ) ) ;
#752 = EDGE_CURVE ( 'NONE', #218, #5067, #3658, .T. ) ;
#753 = CARTESIAN_POINT ( 'NONE',  ( -0.6845480202171965178, 0.2010471453458448354, 0.4390000000000000013 ) ) ;
#754 = ORIENTED_EDGE ( 'NONE', *, *, #7006, .T. ) ;
#755 = ORIENTED_EDGE ( 'NONE', *, *, #5978, .F. ) ;
#756 = CARTESIAN_POINT ( 'NONE',  ( -0.6398182710296170805, -0.1353031720697026319, 0.4390000000000001124 ) ) ;
#757 = DIRECTION ( 'NONE',  ( 0.000000000000000000, 0.000000000000000000, 1.000000000000000000 ) ) ;
#758 = EDGE_CURVE ( 'NONE', #6007, #2903, #7363, .T. ) ;
#759 = CARTESIAN_POINT ( 'NONE',  ( 0.2446124797019040287, 0.2006433606218129551, 0.4390000000000000013 ) ) ;
#760 = CARTESIAN_POINT ( 'NONE',  ( -0.4768728365315289541, 0.02214612041285974817, 0.4400000000000001132 ) ) ;
#761 = CARTESIAN_POINT ( 'NONE',  ( -0.3628127081732880344, -0.1899184998996604479, 0.4389999999999999458 ) ) ;
#762 = CARTESIAN_POINT ( 'NONE',  ( -0.4431842790432248824, 0.04931782448408651709, 0.4399999999999998912 ) ) ;
#763 = CARTESIAN_POINT ( 'NONE',  ( -0.8330382159679786680, -0.1798611059982436478, 0.4390000000000000013 ) ) ;
#764 = CARTESIAN_POINT ( 'NONE',  ( -1.600000000000000089, -1.250000000000000000, 0.1500000000000000222 ) ) ;
#765 = DIRECTION ( 'NONE',  ( 0.000000000000000000, 0.000000000000000000, 1.000000000000000000 ) ) ;
#766 = CARTESIAN_POINT ( 'NONE',  ( 0.8566001614211390391, 0.1920045283017019488, 0.4400000000000000577 ) ) ;
#767 = FILL_AREA_STYLE ('',( #2267 ) ) ;
#768 = EDGE_CURVE ( 'NONE', #7030, #854, #8760, .T. ) ;
#769 = VERTEX_POINT ( 'NONE', #3746 ) ;
#770 = CARTESIAN_POINT ( 'NONE',  ( -0.1184905128802258845, -0.1797819181807550348, 0.4390000000000001124 ) ) ;
#771 = ORIENTED_EDGE ( 'NONE', *, *, #1051, .T. ) ;
#772 = LINE ( 'NONE', #8814, #8148 ) ;
#773 = VECTOR ( 'NONE', #6275, 1000.000000000000000 ) ;
#774 = CARTESIAN_POINT ( 'NONE',  ( 0.5975707916337988923, -0.1754853728922058931, 0.4400000000000001132 ) ) ;
#775 = CARTESIAN_POINT ( 'NONE',  ( 1.450003333370371239, -1.250999999999999890, 0.1500000000000000222 ) ) ;
#776 = VERTEX_POINT ( 'NONE', #4332 ) ;
#777 = CARTESIAN_POINT ( 'NONE',  ( 0.8943956782627906499, 0.2009081247709871010, 0.4390000000000000013 ) ) ;
#778 = LINE ( 'NONE', #3624, #7375 ) ;
#779 = CARTESIAN_POINT ( 'NONE',  ( -1.015639926154153549, 0.09599568998578486556, 0.4389999999999998903 ) ) ;
#780 = VECTOR ( 'NONE', #6291, 1000.000000000000000 ) ;
#781 = ORIENTED_EDGE ( 'NONE', *, *, #8165, .F. ) ;
#782 = CARTESIAN_POINT ( 'NONE',  ( -0.4409488848192905652, -0.2257380525320007159, 0.4400000000000000022 ) ) ;
#783 = AXIS2_PLACEMENT_3D ( 'NONE', #5537, #6156, #1775 ) ;
#784 = CARTESIAN_POINT ( 'NONE',  ( -0.8750636290772992876, -0.2233635579747537125, 0.4400000000000001132 ) ) ;
#785 = CARTESIAN_POINT ( 'NONE',  ( -0.9474026765681113904, -0.1495667768738417336, 0.4389999999999998903 ) ) ;
#786 = VECTOR ( 'NONE', #6739, 1000.000000000000000 ) ;
#787 = CARTESIAN_POINT ( 'NONE',  ( -0.8626491855319117219, 0.1993887623105310702, 0.4399999999999998912 ) ) ;
#788 = CARTESIAN_POINT ( 'NONE',  ( -0.5619119556341727328, 0.1390052152411147823, 0.4400000000000001688 ) ) ;
#789 = CARTESIAN_POINT ( 'NONE',  ( 0.8913984289531203808, -0.1796364429379935512, 0.4390000000000000568 ) ) ;
#790 = AXIS2_PLACEMENT_3D ( 'NONE', #9038, #430, #7675 ) ;
#791 = ORIENTED_EDGE ( 'NONE', *, *, #1172, .T. ) ;
#792 = CIRCLE ( 'NONE', #2485, 0.2000000000000000944 ) ;
#793 = DIRECTION ( 'NONE',  ( 2.695652553920084786E-16, -1.000000000000000000, 0.000000000000000000 ) ) ;
#794 = CARTESIAN_POINT ( 'NONE',  ( 0.9545272349502259557, -0.04338554627878792730, 0.4389999999999999458 ) ) ;
#795 = CARTESIAN_POINT ( 'NONE',  ( 0.5356243222936849513, -0.2239232923200134007, 0.4399999999999998912 ) ) ;
#796 = CARTESIAN_POINT ( 'NONE',  ( 0.4392689790812497885, -0.1500893457987850232, 0.4400000000000000577 ) ) ;
#797 = SURFACE_SIDE_STYLE ('',( #8103 ) ) ;
#798 = CARTESIAN_POINT ( 'NONE',  ( 0.8177689828753529344, 0.06804949803551914311, 0.4399999999999999467 ) ) ;
#799 = CARTESIAN_POINT ( 'NONE',  ( -0.6546796228905633619, -0.1529447041266141782, 0.4399999999999999467 ) ) ;
#800 = DIRECTION ( 'NONE',  ( -0.000000000000000000, -0.000000000000000000, 1.000000000000000000 ) ) ;
#801 = EDGE_CURVE ( 'NONE', #5428, #4524, #7651, .T. ) ;
#802 = CARTESIAN_POINT ( 'NONE',  ( -0.2162732915592631977, 0.2094138214360276584, 0.4390000000000000568 ) ) ;
#803 = CARTESIAN_POINT ( 'NONE',  ( -0.4282370905196330457, -0.2239694611288362280, 0.4389999999999999458 ) ) ;
#804 = CARTESIAN_POINT ( 'NONE',  ( -0.4909474131419350740, 0.08491489590235935803, 0.4399999999999999467 ) ) ;
#805 = CARTESIAN_POINT ( 'NONE',  ( -1.048804824760901422, 0.1247474320157012651, 0.4400000000000000022 ) ) ;
#806 = PLANE ( 'NONE',  #3816 ) ;
#807 = CARTESIAN_POINT ( 'NONE',  ( 0.6513123717139294167, -0.2011012082292962522, 0.4389999999999998903 ) ) ;
#808 = CARTESIAN_POINT ( 'NONE',  ( 0.8284101013397137114, 0.1439369709248332352, 0.4400000000000000022 ) ) ;
#809 = CIRCLE ( 'NONE', #3735, 0.2225000000000000311 ) ;
#810 = CARTESIAN_POINT ( 'NONE',  ( 0.2217994345681539858, 0.2467330553487200873, 0.4390000000000000568 ) ) ;
#811 = DIRECTION ( 'NONE',  ( -0.000000000000000000, -0.000000000000000000, 1.000000000000000000 ) ) ;
#812 = SURFACE_STYLE_FILL_AREA ( #7418 ) ;
#813 = CARTESIAN_POINT ( 'NONE',  ( 0.9572124303656810440, 0.2321813177240261983, 0.4399999999999997802 ) ) ;
#814 = ORIENTED_EDGE ( 'NONE', *, *, #8494, .T. ) ;
#815 = EDGE_CURVE ( 'NONE', #8032, #7128, #9404, .T. ) ;
#816 = B_SPLINE_CURVE_WITH_KNOTS ( 'NONE', 3,
 ( #2526, #7001, #6269, #350, #5555, #7703, #3291, #6221, #1946, #9158, #1999, #6318, #1071, #4885, #2728, #2575, #1125, #5498, #8424 ),
 .UNSPECIFIED., .F., .F.,
 ( 4, 1, 1, 1, 1, 1, 1, 1, 1, 1, 1, 1, 1, 1, 1, 1, 4 ),
 ( 0.000000000000000000, 0.07607173695556525284, 0.1487517145745121117, 0.2184027938458451001, 0.2857595810623854149, 0.3505980236748792445, 0.4149640445981286896, 0.4780693385717818544, 0.5417606760069071381, 0.6043498585387176991, 0.6640750210708963319, 0.7214636230801990679, 0.7775871282364449355, 0.8326444469271312432, 0.8878435110684599341, 0.9434603426519471148, 1.000000000000000000 ),
 .UNSPECIFIED. ) ;
#817 = FACE_OUTER_BOUND ( 'NONE', #7762, .T. ) ;
#818 = CIRCLE ( 'NONE', #7722, 0.2225000000000000311 ) ;
#819 = ORIENTED_EDGE ( 'NONE', *, *, #3059, .F. ) ;
#820 = CARTESIAN_POINT ( 'NONE',  ( -0.3628127081732880344, -0.1899184998996604479, 0.4399999999999999467 ) ) ;
#821 = VECTOR ( 'NONE', #4445, 1000.000000000000000 ) ;
#822 = B_SPLINE_CURVE_WITH_KNOTS ( 'NONE', 3,
 ( #6393, #6440, #5773, #7979, #7021, #427, #4855, #7778, #3550, #8366, #3863, #6114, #9208, #192, #2470 ),
 .UNSPECIFIED., .F., .F.,
 ( 4, 1, 1, 1, 1, 1, 1, 1, 1, 1, 1, 1, 4 ),
 ( 0.000000000000000000, 0.09846943102555762162, 0.1896291011376318170, 0.2741840894379701798, 0.3521831609671542407, 0.4231988731834701589, 0.4885509460005326154, 0.5484733460279377359, 0.6014401636178720034, 0.7011980824257663114, 0.7995918021381838159, 0.8985450984822276332, 1.000000000000000000 ),
 .UNSPECIFIED. ) ;
#823 = CARTESIAN_POINT ( 'NONE',  ( 0.002067978689362854824, 0.08967236048426037442, 0.4389999999999999458 ) ) ;
#824 = CARTESIAN_POINT ( 'NONE',  ( 0.9568213085521279915, -0.2120255317236433290, 0.4390000000000001124 ) ) ;
#825 = EDGE_CURVE ( 'NONE', #4063, #1939, #8157, .T. ) ;
#826 = CARTESIAN_POINT ( 'NONE',  ( -1.404407950059312293, 1.143933982822020079, -0.1549999999999999711 ) ) ;
#827 = CARTESIAN_POINT ( 'NONE',  ( 0.03225625518586748564, -0.08079259638285905820, 0.4390000000000000013 ) ) ;
#828 = CARTESIAN_POINT ( 'NONE',  ( -0.9139514957720977772, -0.2150249644077862343, 0.4390000000000000013 ) ) ;
#829 = AXIS2_PLACEMENT_3D ( 'NONE', #2589, #1237, #4178 ) ;
#830 = CARTESIAN_POINT ( 'NONE',  ( 0.2072992598869405068, 0.2447046680416607167, 0.4390000000000000013 ) ) ;
#831 = B_SPLINE_CURVE_WITH_KNOTS ( 'NONE', 3,
 ( #5080, #2239, #3674, #5124, #5884, #5170, #1419 ),
 .UNSPECIFIED., .F., .F.,
 ( 4, 1, 1, 1, 4 ),
 ( 0.000000000000000000, 0.2347233736739018917, 0.4771583189289878013, 0.7285562842030538500, 0.9999999999999998890 ),
 .UNSPECIFIED. ) ;
#832 = CARTESIAN_POINT ( 'NONE',  ( 0.7882130140629413084, 0.1329349080182208875, 0.4390000000000000568 ) ) ;
#833 = CARTESIAN_POINT ( 'NONE',  ( -0.3256878793456082777, -0.1162548354935479672, 0.4389999999999999458 ) ) ;
#834 = CARTESIAN_POINT ( 'NONE',  ( -0.1217100909679787318, 0.2009081247709871010, 0.4390000000000000013 ) ) ;
#835 = CARTESIAN_POINT ( 'NONE',  ( -0.5114370654201925159, 0.1761856177727437467, 0.4390000000000000013 ) ) ;
#836 = PRESENTATION_STYLE_ASSIGNMENT (( #5138 ) ) ;
#837 = PLANE ( 'NONE',  #1049 ) ;
#838 = B_SPLINE_CURVE_WITH_KNOTS ( 'NONE', 3,
 ( #3854, #140, #6776, #4613, #953, #2609, #3221, #3177, #7549, #3904, #1107 ),
 .UNSPECIFIED., .F., .F.,
 ( 4, 1, 1, 1, 1, 1, 1, 1, 4 ),
 ( 0.000000000000000000, 0.1335067689985182660, 0.2625589787303695966, 0.3882644471488782001, 0.5126673546814279891, 0.6337222699657596436, 0.7553938601370938644, 0.8775529450912777918, 1.000000000000000000 ),
 .UNSPECIFIED. ) ;
#839 = CARTESIAN_POINT ( 'NONE',  ( -0.6738137397039245524, 0.1927333085074621477, 0.4400000000000000022 ) ) ;
#840 = ORIENTED_EDGE ( 'NONE', *, *, #3336, .T. ) ;
#841 = CARTESIAN_POINT ( 'NONE',  ( -0.8327677832756710252, -0.2260149521520898042, 0.4399999999999999467 ) ) ;
#842 = CARTESIAN_POINT ( 'NONE',  ( -1.474999999999999867, 0.9000000000000000222, 0.2799999999999999711 ) ) ;
#843 = CARTESIAN_POINT ( 'NONE',  ( 0.2725065950921791158, 0.1943026748918880442, 0.4390000000000000568 ) ) ;
#844 = CARTESIAN_POINT ( 'NONE',  ( 0.6784101013397136892, -0.06573850984439749690, 0.4390000000000000013 ) ) ;
#845 = CARTESIAN_POINT ( 'NONE',  ( -0.3464402360764499700, -0.1710197997642485257, 0.4390000000000000013 ) ) ;
#846 = PRESENTATION_STYLE_ASSIGNMENT (( #8155 ) ) ;
#847 = CARTESIAN_POINT ( 'NONE',  ( -0.4786790771425248336, 0.07518997659643909814, 0.4400000000000000022 ) ) ;
#848 = DIRECTION ( 'NONE',  ( 0.9796027006414901317, -0.2009441437213313753, 0.000000000000000000 ) ) ;
#849 = CARTESIAN_POINT ( 'NONE',  ( 0.6427424119869495911, -0.2062656904661471502, 0.4390000000000000568 ) ) ;
#850 = CARTESIAN_POINT ( 'NONE',  ( -0.3312052832756709475, 0.1708900959248332574, 0.4390000000000000013 ) ) ;
#851 = VECTOR ( 'NONE', #583, 1000.000000000000000 ) ;
#852 = B_SPLINE_CURVE_WITH_KNOTS ( 'NONE', 3,
 ( #1714, #6004, #6685, #3038, #3712, #6052, #8997, #2316, #8301, #8861, #1583, #902, #4655, #2408, #179, #8948, #7419, #3802, #96 ),
 .UNSPECIFIED., .F., .F.,
 ( 4, 1, 1, 1, 1, 1, 1, 1, 1, 1, 1, 1, 1, 1, 1, 1, 4 ),
 ( 0.000000000000000000, 0.07262534608343566844, 0.1419766113262345142, 0.2089849284189388701, 0.2739568703644449377, 0.3368893473968410657, 0.3987449534945903262, 0.4601158852788615472, 0.5208249225900292156, 0.5809944586324856663, 0.6401519276014651094, 0.6986224507562547315, 0.7572710809271643306, 0.8164266940046603915, 0.8762540482034704148, 0.9371652930625378186, 1.000000000000000000 ),
 .UNSPECIFIED. ) ;
#853 = ADVANCED_FACE ( 'NONE', ( #3562 ), #6543, .T. ) ;
#854 = VERTEX_POINT ( 'NONE', #7273 ) ;
#855 = VECTOR ( 'NONE', #7616, 1000.000000000000000 ) ;
#856 = SURFACE_STYLE_FILL_AREA ( #1401 ) ;
#857 = CARTESIAN_POINT ( 'NONE',  ( -0.4314456678910555398, 0.04099225938637172939, 0.4400000000000000022 ) ) ;
#858 = CARTESIAN_POINT ( 'NONE',  ( 0.1934286067361547790, 0.2413333143782125378, 0.4389999999999998903 ) ) ;
#859 = CARTESIAN_POINT ( 'NONE',  ( 0.9776156758145894132, -0.1983201536692132116, 0.4400000000000001688 ) ) ;
#860 = CARTESIAN_POINT ( 'NONE',  ( 0.000000000000000000, -1.149999999999999911, -0.1499999999999999667 ) ) ;
#861 = CARTESIAN_POINT ( 'NONE',  ( -0.5368242736602863996, 0.07353432669406401168, 0.4390000000000000013 ) ) ;
#862 = CARTESIAN_POINT ( 'NONE',  ( 0.1303331782627906443, 0.09706197092483324906, 0.4390000000000000013 ) ) ;
#863 = CARTESIAN_POINT ( 'NONE',  ( -0.3658206678910556064, -0.1035990867674744242, 0.4390000000000000013 ) ) ;
#864 = ORIENTED_EDGE ( 'NONE', *, *, #8720, .F. ) ;
#865 = CARTESIAN_POINT ( 'NONE',  ( 0.8284606461927732646, 0.1415260665410597030, 0.4389999999999999458 ) ) ;
#866 = EDGE_CURVE ( 'NONE', #1717, #2018, #674, .T. ) ;
#867 = CARTESIAN_POINT ( 'NONE',  ( 0.008736974631463688412, 0.1160761872954530066, 0.4399999999999999467 ) ) ;
#868 = DIRECTION ( 'NONE',  ( -1.000000000000000000, 0.000000000000000000, 0.000000000000000000 ) ) ;
#869 = STYLED_ITEM ( 'NONE', ( #7504 ), #4799 ) ;
#870 = CARTESIAN_POINT ( 'NONE',  ( 0.8491482004940921202, 0.04046345444142675912, 0.4390000000000001679 ) ) ;
#871 =( NAMED_UNIT ( * ) PLANE_ANGLE_UNIT ( ) SI_UNIT ( $, .RADIAN. ) );
#872 = CARTESIAN_POINT ( 'NONE',  ( -0.03194479966321071146, -0.02635594360726742358, 0.4390000000000000568 ) ) ;
#873 = EDGE_CURVE ( 'NONE', #5924, #4623, #5820, .T. ) ;
#874 = ORIENTED_EDGE ( 'NONE', *, *, #3173, .T. ) ;
#875 = EDGE_CURVE ( 'NONE', #1717, #2383, #9121, .T. ) ;
#876 = DIRECTION ( 'NONE',  ( -0.000000000000000000, -0.000000000000000000, 1.000000000000000000 ) ) ;
#877 = SURFACE_SIDE_STYLE ('',( #6017 ) ) ;
#878 = CARTESIAN_POINT ( 'NONE',  ( 1.607071067811865595, -1.257071067811865506, -0.1549999999999999711 ) ) ;
#879 = CARTESIAN_POINT ( 'NONE',  ( 0.009179332108944296409, 0.1301449036171409557, 0.4390000000000000013 ) ) ;
#880 = VERTEX_POINT ( 'NONE', #5316 ) ;
#881 = CARTESIAN_POINT ( 'NONE',  ( -0.7199614423062428159, 0.2224129101189628033, 0.4389999999999999458 ) ) ;
#882 =( LENGTH_UNIT ( ) NAMED_UNIT ( * ) SI_UNIT ( .MILLI., .METRE. ) );
#883 = ORIENTED_EDGE ( 'NONE', *, *, #4223, .T. ) ;
#884 = LINE ( 'NONE', #3783, #9150 ) ;
#885 = CARTESIAN_POINT ( 'NONE',  ( 0.3422763786656149443, 0.02348903992641098240, 0.4400000000000002243 ) ) ;
#886 = CARTESIAN_POINT ( 'NONE',  ( -0.01664374024062936080, -0.04794716109772117346, 0.4400000000000000022 ) ) ;
#887 = CARTESIAN_POINT ( 'NONE',  ( 0.4707177936474059021, 0.01052350938637172661, 0.4390000000000000013 ) ) ;
#889 = AXIS2_PLACEMENT_3D ( 'NONE', #5851, #5980, #8194 ) ;
#888 = CARTESIAN_POINT ( 'NONE',  ( 0.1951368520984644028, 0.1942141283838659527, 0.4400000000000000577 ) ) ;
#890 = CARTESIAN_POINT ( 'NONE',  ( -0.03819934571488196179, 0.1025520072809701505, 0.4390000000000000568 ) ) ;
#891 = LINE ( 'NONE', #8935, #3603 ) ;
#892 = DIRECTION ( 'NONE',  ( -0.000000000000000000, -0.000000000000000000, 1.000000000000000000 ) ) ;
#893 = CARTESIAN_POINT ( 'NONE',  ( -0.6777537670949387305, -0.1108359379831116015, 0.4399999999999999467 ) ) ;
#894 = CARTESIAN_POINT ( 'NONE',  ( 0.9585518438122365703, 0.01010574182723832787, 0.4399999999999999467 ) ) ;
#895 = ORIENTED_EDGE ( 'NONE', *, *, #1704, .T. ) ;
#896 = DIRECTION ( 'NONE',  ( 1.000000000000000000, 0.000000000000000000, 0.000000000000000000 ) ) ;
#897 = CARTESIAN_POINT ( 'NONE',  ( 0.7014870244166366842, 0.2355235093863717322, 0.4390000000000000013 ) ) ;
#898 = CARTESIAN_POINT ( 'NONE',  ( 1.250000000000000000, -0.9000000000000000222, 0.4149999999999999800 ) ) ;
#899 = CARTESIAN_POINT ( 'NONE',  ( 0.9871872918267114994, -0.1899184998996603646, 0.4389999999999998348 ) ) ;
#900 = CARTESIAN_POINT ( 'NONE',  ( 0.6040256031674129389, 0.02989176614735302578, 0.4399999999999998912 ) ) ;
#901 = LINE ( 'NONE', #1496, #6657 ) ;
#902 = CARTESIAN_POINT ( 'NONE',  ( -0.1887090904701243799, 0.2303151673925487308, 0.4399999999999999467 ) ) ;
#903 = CARTESIAN_POINT ( 'NONE',  ( 0.9304841188319665779, -0.1742242782319083083, 0.4400000000000001688 ) ) ;
#904 = CARTESIAN_POINT ( 'NONE',  ( 0.8491482004940921202, 0.04046345444142675912, 0.4400000000000001688 ) ) ;
#905 = ORIENTED_EDGE ( 'NONE', *, *, #8367, .F. ) ;
#906 = DIRECTION ( 'NONE',  ( 0.000000000000000000, 0.000000000000000000, -1.000000000000000000 ) ) ;
#907 = DIRECTION ( 'NONE',  ( -0.000000000000000000, -0.000000000000000000, 1.000000000000000000 ) ) ;
#908 = EDGE_CURVE ( 'NONE', #1131, #7670, #891, .T. ) ;
#909 = ADVANCED_FACE ( 'NONE', ( #6857 ), #166, .T. ) ;
#910 = CARTESIAN_POINT ( 'NONE',  ( 1.010138281506324232, -0.1609387839971297973, 0.4389999999999998903 ) ) ;
#911 = CARTESIAN_POINT ( 'NONE',  ( -0.5072249239961577061, -0.1611520911732862438, 0.4389999999999998348 ) ) ;
#912 = CARTESIAN_POINT ( 'NONE',  ( -0.1222509563525940868, 0.2470619709248332851, 0.4390000000000000013 ) ) ;
#913 = AXIS2_PLACEMENT_3D ( 'NONE', #7234, #8767, #3424 ) ;
#914 = VERTEX_POINT ( 'NONE', #9071 ) ;
#915 = VERTEX_POINT ( 'NONE', #1658 ) ;
#916 = CARTESIAN_POINT ( 'NONE',  ( 0.1148868727923775535, 0.1824846794851368026, 0.4399999999999997802 ) ) ;
#917 = CARTESIAN_POINT ( 'NONE',  ( 0.7942797271809144410, 0.1064177203410478917, 0.4389999999999998903 ) ) ;
#918 = AXIS2_PLACEMENT_3D ( 'NONE', #1391, #4327, #7883 ) ;
#919 = FACE_OUTER_BOUND ( 'NONE', #6408, .T. ) ;
#920 = AXIS2_PLACEMENT_3D ( 'NONE', #9140, #2560, #4151 ) ;
#921 = CARTESIAN_POINT ( 'NONE',  ( 1.250000000000000000, 1.100000000000000089, 0.4400000000000000022 ) ) ;
#922 = ORIENTED_EDGE ( 'NONE', *, *, #4107, .F. ) ;
#923 = FACE_OUTER_BOUND ( 'NONE', #1482, .T. ) ;
#924 = CARTESIAN_POINT ( 'NONE',  ( -0.4040055511747525085, -0.03507746384209536883, 0.4400000000000000577 ) ) ;
#925 = EDGE_CURVE ( 'NONE', #7088, #5928, #4823, .T. ) ;
#926 = ADVANCED_FACE ( 'NONE', ( #3983 ), #6183, .T. ) ;
#927 = VECTOR ( 'NONE', #2995, 1000.000000000000000 ) ;
#928 = ORIENTED_EDGE ( 'NONE', *, *, #7346, .F. ) ;
#929 = MECHANICAL_DESIGN_GEOMETRIC_PRESENTATION_REPRESENTATION (  '', ( #2031 ), #157 ) ;
#930 = CARTESIAN_POINT ( 'NONE',  ( -0.7333762960323784164, -0.2073205196242556558, 0.4399999999999999467 ) ) ;
#931 = CARTESIAN_POINT ( 'NONE',  ( 0.9161674542854406633, 0.1983557177357104795, 0.4389999999999999458 ) ) ;
#932 = CARTESIAN_POINT ( 'NONE',  ( -0.06349790021163555231, -0.004160628328262715170, 0.4400000000000000577 ) ) ;
#933 = CARTESIAN_POINT ( 'NONE',  ( -0.7870436614209322945, -0.1755961408165312709, 0.4390000000000000013 ) ) ;
#934 = PLANE ( 'NONE',  #7092 ) ;
#935 = FACE_OUTER_BOUND ( 'NONE', #8511, .T. ) ;
#936 = DIRECTION ( 'NONE',  ( -1.000000000000000000, 0.000000000000000000, 0.000000000000000000 ) ) ;
#937 = ADVANCED_FACE ( 'NONE', ( #3834 ), #5795, .T. ) ;
#938 = CARTESIAN_POINT ( 'NONE',  ( 0.1235260821441032525, 0.1941835466055862880, 0.4400000000000001688 ) ) ;
#939 = CARTESIAN_POINT ( 'NONE',  ( -0.3927875696343182677, 0.2321813177240263926, 0.4390000000000000568 ) ) ;
#940 = ORIENTED_EDGE ( 'NONE', *, *, #161, .T. ) ;
#941 = ORIENTED_EDGE ( 'NONE', *, *, #5178, .T. ) ;
#942 = CARTESIAN_POINT ( 'NONE',  ( 0.3351676645621133876, 0.2073409158651018935, 0.4389999999999997793 ) ) ;
#943 = DIRECTION ( 'NONE',  ( 1.000000000000000000, 0.000000000000000000, 0.000000000000000000 ) ) ;
#944 = CARTESIAN_POINT ( 'NONE',  ( 0.9752240626453163586, -0.06987838024578864327, 0.4390000000000000568 ) ) ;
#945 = CARTESIAN_POINT ( 'NONE',  ( -0.6723110525064401877, 0.1259081247709871176, 0.4390000000000000013 ) ) ;
#946 = SURFACE_STYLE_FILL_AREA ( #271 ) ;
#947 = CARTESIAN_POINT ( 'NONE',  ( 0.6143068044143648043, 0.02698595602458087397, 0.4399999999999999467 ) ) ;
#948 = CARTESIAN_POINT ( 'NONE',  ( 0.5756333866615663819, -0.1795477907575949716, 0.4400000000000001132 ) ) ;
#949 = CARTESIAN_POINT ( 'NONE',  ( 0.9737859938993498332, 0.2208475868678974330, 0.4399999999999998912 ) ) ;
#950 = FACE_OUTER_BOUND ( 'NONE', #974, .T. ) ;
#951 = CARTESIAN_POINT ( 'NONE',  ( 0.8306803787751728674, 0.05574759089130834622, 0.4399999999999998912 ) ) ;
#952 = ORIENTED_EDGE ( 'NONE', *, *, #8146, .T. ) ;
#953 = CARTESIAN_POINT ( 'NONE',  ( -0.5522794015444264515, 0.09786825203988666622, 0.4390000000000000013 ) ) ;
#954 = CARTESIAN_POINT ( 'NONE',  ( 0.5730534147226366004, -0.2259134801231531542, 0.4400000000000000022 ) ) ;
#955 = CARTESIAN_POINT ( 'NONE',  ( 0.9633164729924039715, 0.1661804920653244810, 0.4400000000000000022 ) ) ;
#956 = CARTESIAN_POINT ( 'NONE',  ( -0.9873667502198882895, 0.1367615389671586468, 0.4400000000000000577 ) ) ;
#957 = DIRECTION ( 'NONE',  ( 0.000000000000000000, 0.000000000000000000, -1.000000000000000000 ) ) ;
#958 = CARTESIAN_POINT ( 'NONE',  ( -0.08946124733889718184, 0.003878389640053187416, 0.4389999999999999458 ) ) ;
#959 = COLOUR_RGB ( '',0.9686274509803921573, 0.8784313725490195957, 0.5999999999999999778 ) ;
#960 = AXIS2_PLACEMENT_3D ( 'NONE', #2977, #4281, #7221 ) ;
#961 = CARTESIAN_POINT ( 'NONE',  ( 0.7885253368336768709, 0.1562250927172159076, 0.4400000000000001132 ) ) ;
#962 = EDGE_CURVE ( 'NONE', #9366, #2844, #9373, .T. ) ;
#963 = EDGE_CURVE ( 'NONE', #5768, #2859, #8961, .T. ) ;
#964 = ORIENTED_EDGE ( 'NONE', *, *, #3395, .T. ) ;
#965 = ORIENTED_EDGE ( 'NONE', *, *, #1741, .F. ) ;
#966 = ORIENTED_EDGE ( 'NONE', *, *, #6651, .F. ) ;
#967 = CARTESIAN_POINT ( 'NONE',  ( -0.3312052832756709475, 0.1708900959248332574, 0.4390000000000000013 ) ) ;
#968 = CARTESIAN_POINT ( 'NONE',  ( 0.7977205984555734153, 0.09786825203988663846, 0.4389999999999998903 ) ) ;
#969 = MECHANICAL_DESIGN_GEOMETRIC_PRESENTATION_REPRESENTATION (  '', ( #197 ), #6359 ) ;
#970 = DIRECTION ( 'NONE',  ( -1.000000000000000000, 0.000000000000000000, 0.000000000000000000 ) ) ;
#971 = VECTOR ( 'NONE', #3643, 1000.000000000000000 ) ;
#972 = CARTESIAN_POINT ( 'NONE',  ( 1.250000000000000000, -0.9000000000000000222, 0.4400000000000000022 ) ) ;
#973 = LINE ( 'NONE', #921, #8188 ) ;
#974 = EDGE_LOOP ( 'NONE', ( #8392, #8477, #4027, #6787 ) ) ;
#975 = FACE_OUTER_BOUND ( 'NONE', #6706, .T. ) ;
#976 = CARTESIAN_POINT ( 'NONE',  ( 1.600000000000000089, -1.250000000000000000, -0.2810000000000000275 ) ) ;
#977 = MECHANICAL_DESIGN_GEOMETRIC_PRESENTATION_REPRESENTATION (  '', ( #5150 ), #8056 ) ;
#978 = DIRECTION ( 'NONE',  ( 0.8576722029112566759, 0.5141968420297349240, 0.000000000000000000 ) ) ;
#979 = CARTESIAN_POINT ( 'NONE',  ( 0.3555912295927282640, 0.04440789404199624313, 0.4400000000000002243 ) ) ;
#980 = CARTESIAN_POINT ( 'NONE',  ( -0.04559192408964100190, 0.1691643063572986216, 0.4390000000000000013 ) ) ;
#981 = CARTESIAN_POINT ( 'NONE',  ( -0.8251821559545174933, -0.1796439771731270785, 0.4390000000000000013 ) ) ;
#982 = EDGE_CURVE ( 'NONE', #3243, #2341, #1722, .T. ) ;
#983 = CARTESIAN_POINT ( 'NONE',  ( 0.5647244726616570398, 0.07940870507773568898, 0.4389999999999998903 ) ) ;
#984 = CARTESIAN_POINT ( 'NONE',  ( -0.01664374024062936080, -0.04794716109772117346, 0.4399999999999998357 ) ) ;
#985 = CARTESIAN_POINT ( 'NONE',  ( 0.8695154382545348115, 0.2439641121042239735, 0.4399999999999998912 ) ) ;
#986 = CARTESIAN_POINT ( 'NONE',  ( -0.8251821559545174933, -0.1796439771731270785, 0.4400000000000000022 ) ) ;
#987 = PRODUCT_DEFINITION_CONTEXT ( 'detailed design', #5893, 'design' ) ;
#988 = FACE_OUTER_BOUND ( 'NONE', #1156, .T. ) ;
#989 = VERTEX_POINT ( 'NONE', #9227 ) ;
#990 = COLOUR_RGB ( '',0.9686274509803921573, 0.8784313725490195957, 0.5999999999999999778 ) ;
#991 = VERTEX_POINT ( 'NONE', #7817 ) ;
#992 = CARTESIAN_POINT ( 'NONE',  ( 0.3674991767059351822, 0.1518727839490219556, 0.4390000000000001679 ) ) ;
#993 = CARTESIAN_POINT ( 'NONE',  ( 0.2367033705704829349, 0.2470619709248332851, 0.4390000000000000013 ) ) ;
#994 = EDGE_CURVE ( 'NONE', #2202, #1131, #4130, .T. ) ;
#995 = CARTESIAN_POINT ( 'NONE',  ( 0.7880254859550981372, 0.1420439420786794305, 0.4390000000000000013 ) ) ;
#996 = CARTESIAN_POINT ( 'NONE',  ( 1.600000000000000089, -1.250000000000000000, 0.2799999999999999711 ) ) ;
#997 = CARTESIAN_POINT ( 'NONE',  ( -0.5368242736602863996, 0.07353432669406401168, 0.4390000000000000013 ) ) ;
#998 = PRESENTATION_LAYER_ASSIGNMENT (  '', '', ( #4244 ) ) ;
#999 = CARTESIAN_POINT ( 'NONE',  ( 0.5231895872759538824, -0.2213050744981151230, 0.4390000000000000013 ) ) ;
#1000 = CARTESIAN_POINT ( 'NONE',  ( -0.06337661223698048962, 0.1849905923792568851, 0.4390000000000001679 ) ) ;
#1001 = CARTESIAN_POINT ( 'NONE',  ( 0.9597098120946573330, -0.1573164160509513132, 0.4400000000000000577 ) ) ;
#1002 = VECTOR ( 'NONE', #7469, 1000.000000000000000 ) ;
#1003 = ORIENTED_EDGE ( 'NONE', *, *, #8569, .F. ) ;
#1004 = EDGE_LOOP ( 'NONE', ( #8423, #130, #3865, #2420, #754, #8043, #8063, #3092 ) ) ;
#1005 = CARTESIAN_POINT ( 'NONE',  ( -0.5619745140449017295, 0.1420439420786794305, 0.4400000000000000022 ) ) ;
#1006 = CARTESIAN_POINT ( 'NONE',  ( 0.3555912295927282640, 0.04440789404199624313, 0.4390000000000000568 ) ) ;
#1007 = CARTESIAN_POINT ( 'NONE',  ( -0.3312052832756709475, 0.1708900959248332574, 0.4390000000000000013 ) ) ;
#1008 = CARTESIAN_POINT ( 'NONE',  ( -0.1642763477208595835, -0.1738596270809710798, 0.4400000000000000577 ) ) ;
#1009 = CARTESIAN_POINT ( 'NONE',  ( 0.4847565683020453875, 0.01592199225184963429, 0.4399999999999998357 ) ) ;
#1010 = CARTESIAN_POINT ( 'NONE',  ( -0.1212106763343820393, 0.008722374194050870611, 0.4390000000000002789 ) ) ;
#1011 = FACE_OUTER_BOUND ( 'NONE', #2460, .T. ) ;
#1012 = CARTESIAN_POINT ( 'NONE',  ( -0.4265617647515307920, 0.03743837030140803601, 0.4400000000000001132 ) ) ;
#1013 = ORIENTED_EDGE ( 'NONE', *, *, #1051, .F. ) ;
#1014 = CARTESIAN_POINT ( 'NONE',  ( -0.4996092535970729775, 0.09333919625044154178, 0.4389999999999999458 ) ) ;
#1015 = CARTESIAN_POINT ( 'NONE',  ( -0.4314456678910555398, 0.04099225938637172939, 0.4390000000000000013 ) ) ;
#1016 = STYLED_ITEM ( 'NONE', ( #5156 ), #5055 ) ;
#1017 =( NAMED_UNIT ( * ) SI_UNIT ( $, .STERADIAN. ) SOLID_ANGLE_UNIT ( ) );
#1018 = CARTESIAN_POINT ( 'NONE',  ( 0.5641973609550983149, -0.1798611059982436478, 0.4390000000000000013 ) ) ;
#1019 = EDGE_CURVE ( 'NONE', #6476, #8270, #465, .T. ) ;
#1020 = ORIENTED_EDGE ( 'NONE', *, *, #9089, .T. ) ;
#1022 = CARTESIAN_POINT ( 'NONE',  ( 0.5771781301858674995, 0.07975427861714096123, 0.4390000000000000013 ) ) ;
#1021 = B_SPLINE_SURFACE_WITH_KNOTS ( 'NONE', 3, 1, ( 
 ( #3308, #8488 ),
 ( #3937, #6860 ),
 ( #5568, #4742 ),
 ( #8437, #1192 ),
 ( #265, #4695 ),
 ( #3986, #3206 ),
 ( #1909, #6911 ),
 ( #8547, #317 ),
 ( #7772, #468 ),
 ( #9177, #4900 ),
 ( #5412, #7668 ),
 ( #6239, #4038 ),
 ( #3256, #6186 ),
 ( #1859, #6133 ),
 ( #6964, #8391 ) ),
 .UNSPECIFIED., .F., .F., .F.,
 ( 4, 1, 1, 1, 1, 1, 1, 1, 1, 1, 1, 1, 4 ),
 ( 2, 2 ),
 ( 0.000000000000000000, 0.06316325936347069736, 0.1254749410306405799, 0.1871212198160328855, 0.2482943461142987085, 0.3092948562551205427, 0.3698500660670929752, 0.4309733755473814099, 0.4924559896728166186, 0.6161479662918553091, 0.7408436984673629766, 0.8681826486700433554, 1.000000000000000000 ),
 ( 0.000000000000000000, 1.000000000000000000 ),
 .UNSPECIFIED. ) ;
#1023 = ORIENTED_EDGE ( 'NONE', *, *, #3587, .T. ) ;
#1024 = CARTESIAN_POINT ( 'NONE',  ( -0.7596444783530480471, 0.2376017338351163743, 0.4390000000000000568 ) ) ;
#1025 = CARTESIAN_POINT ( 'NONE',  ( -0.4243245482286171488, -0.01716143980300440311, 0.4399999999999999467 ) ) ;
#1026 = CARTESIAN_POINT ( 'NONE',  ( -0.6745995809851816905, -0.1716687742771789982, 0.4389999999999999458 ) ) ;
#1027 = CARTESIAN_POINT ( 'NONE',  ( 0.3682997268999168572, 0.07633612962114021128, 0.4400000000000001688 ) ) ;
#1028 = CARTESIAN_POINT ( 'NONE',  ( -0.1335967028264364864, 0.009796593744061062037, 0.4400000000000000022 ) ) ;
#1029 = CARTESIAN_POINT ( 'NONE',  ( -0.7061619910186970328, -0.1378836972568293906, 0.4400000000000000577 ) ) ;
#1030 = CARTESIAN_POINT ( 'NONE',  ( 0.1499910652919597964, 0.1586703117360805659, 0.4399999999999999467 ) ) ;
#1031 = CARTESIAN_POINT ( 'NONE',  ( -1.449999999999999956, -0.9000000000000000222, 0.3049999999999999933 ) ) ;
#1032 = ADVANCED_FACE ( 'NONE', ( #2688 ), #3402, .F. ) ;
#1033 = CARTESIAN_POINT ( 'NONE',  ( 0.5168716398012520585, 0.2355235093863717322, 0.4390000000000000013 ) ) ;
#1034 = EDGE_CURVE ( 'NONE', #3278, #9019, #6812, .T. ) ;
#1035 = CARTESIAN_POINT ( 'NONE',  ( -0.4945907306661376790, -0.1695412337551228943, 0.4400000000000000577 ) ) ;
#1036 = CARTESIAN_POINT ( 'NONE',  ( -0.07608998550517234727, -0.1729260456971629389, 0.4390000000000000568 ) ) ;
#1037 = B_SPLINE_CURVE_WITH_KNOTS ( 'NONE', 3,
 ( #9032, #6190, #1618, #4600, #1665, #5468, #6814, #219, #1040, #942, #1708, #9127, #4648, #7584, #992, #4557, #6865, #268, #6138 ),
 .UNSPECIFIED., .F., .F.,
 ( 4, 1, 1, 1, 1, 1, 1, 1, 1, 1, 1, 1, 1, 1, 1, 1, 4 ),
 ( 0.000000000000000000, 0.06947546024967045375, 0.1365167976177986131, 0.2007888236092602030, 0.2638296728558254811, 0.3257350229654196738, 0.3872906922152909992, 0.4495092187626023583, 0.5129678195454409062, 0.5762752154930609327, 0.6375801002639245318, 0.6979026059171020702, 0.7571720884269852458, 0.8165985284886554396, 0.8766531708928194666, 0.9372896424102401536, 1.000000000000000000 ),
 .UNSPECIFIED. ) ;
#1038 = EDGE_CURVE ( 'NONE', #515, #2496, #6773, .T. ) ;
#1039 = ORIENTED_EDGE ( 'NONE', *, *, #6806, .T. ) ;
#1040 = CARTESIAN_POINT ( 'NONE',  ( 0.3255753638119784354, 0.2167592633084663156, 0.4389999999999998903 ) ) ;
#1041 = DIRECTION ( 'NONE',  ( -0.000000000000000000, -0.000000000000000000, 1.000000000000000000 ) ) ;
#1042 =( LENGTH_UNIT ( ) NAMED_UNIT ( * ) SI_UNIT ( .MILLI., .METRE. ) );
#1043 = B_SPLINE_CURVE_WITH_KNOTS ( 'NONE', 3,
 ( #6565, #5842, #7344, #741, #3679, #2244, #1508, #3047, #238, #4574, #189 ),
 .UNSPECIFIED., .F., .F.,
 ( 4, 1, 1, 1, 1, 1, 1, 1, 4 ),
 ( 0.000000000000000000, 0.09027921465001513546, 0.1895299184469582676, 0.2991978724002888335, 0.4189258867738180903, 0.5483762854012463883, 0.6881363695386820689, 0.8390835016589189843, 1.000000000000000000 ),
 .UNSPECIFIED. ) ;
#1044 = DIRECTION ( 'NONE',  ( -1.000000000000000000, 0.000000000000000000, 0.000000000000000000 ) ) ;
#1045 = CARTESIAN_POINT ( 'NONE',  ( -0.4768728365315289541, 0.02214612041285974817, 0.4390000000000001124 ) ) ;
#1046 = FACE_OUTER_BOUND ( 'NONE', #6201, .T. ) ;
#1047 = CARTESIAN_POINT ( 'NONE',  ( -0.08591907997252812290, 0.1958250753855066417, 0.4399999999999997802 ) ) ;
#1048 = CARTESIAN_POINT ( 'NONE',  ( 0.6412982246965102107, 0.01267904142431121664, 0.4390000000000000013 ) ) ;
#1049 = AXIS2_PLACEMENT_3D ( 'NONE', #2578, #5308, #4077 ) ;
#1050 = EDGE_CURVE ( 'NONE', #9019, #4697, #8060, .T. ) ;
#1051 = EDGE_CURVE ( 'NONE', #2903, #9357, #7966, .T. ) ;
#1052 = CARTESIAN_POINT ( 'NONE',  ( 0.8177689828753529344, 0.06804949803551914311, 0.4399999999999999467 ) ) ;
#1053 = ORIENTED_EDGE ( 'NONE', *, *, #1360, .F. ) ;
#1054 = EDGE_LOOP ( 'NONE', ( #644, #2765, #3112, #3386 ) ) ;
#1055 = CARTESIAN_POINT ( 'NONE',  ( -1.018374754429517193, -0.1473190386905513238, 0.4390000000000000013 ) ) ;
#1056 = DIRECTION ( 'NONE',  ( 0.000000000000000000, -1.000000000000000000, 0.000000000000000000 ) ) ;
#1057 = LINE ( 'NONE', #8410, #2642 ) ;
#1058 = ORIENTED_EDGE ( 'NONE', *, *, #9103, .F. ) ;
#1059 = CARTESIAN_POINT ( 'NONE',  ( -0.1282338842461396566, -0.2259033247331408423, 0.4400000000000000577 ) ) ;
#1060 = CARTESIAN_POINT ( 'NONE',  ( 0.4659422345426248446, -0.1033831334009824299, 0.4390000000000000568 ) ) ;
#1061 = EDGE_LOOP ( 'NONE', ( #1184, #2742, #6372, #291 ) ) ;
#1062 = CARTESIAN_POINT ( 'NONE',  ( -0.7460415902400887589, 0.2332122669086980349, 0.4389999999999999458 ) ) ;
#1063 = CARTESIAN_POINT ( 'NONE',  ( -0.3379366567718652403, -0.05262530128274746366, 0.4389999999999998348 ) ) ;
#1064 = ORIENTED_EDGE ( 'NONE', *, *, #4879, .F. ) ;
#1065 = VERTEX_POINT ( 'NONE', #4410 ) ;
#1066 = CARTESIAN_POINT ( 'NONE',  ( -1.600000000000000089, -1.250000000000000000, -0.1549999999999999711 ) ) ;
#1067 = CARTESIAN_POINT ( 'NONE',  ( -0.3766288014807772644, -0.1413749911480871868, 0.4399999999999998357 ) ) ;
#1068 = CARTESIAN_POINT ( 'NONE',  ( -0.4409488848192905652, -0.2257380525320007159, 0.4400000000000000022 ) ) ;
#1069 = CARTESIAN_POINT ( 'NONE',  ( 0.5680491609516068463, -0.1797555774104446780, 0.4400000000000001132 ) ) ;
#1070 = ORIENTED_EDGE ( 'NONE', *, *, #7629, .T. ) ;
#1071 = CARTESIAN_POINT ( 'NONE',  ( -0.02027104039877048250, -0.1288127343277742920, 0.4399999999999998357 ) ) ;
#1072 = ORIENTED_EDGE ( 'NONE', *, *, #474, .T. ) ;
#1073 = CARTESIAN_POINT ( 'NONE',  ( 0.08994856287817512563, 0.09706197092483324906, 0.4390000000000000013 ) ) ;
#1074 = CARTESIAN_POINT ( 'NONE',  ( -0.4843288654863744380, 0.07940747589154534269, 0.4390000000000001124 ) ) ;
#1075 = ADVANCED_FACE ( 'NONE', ( #4453 ), #6956, .T. ) ;
#1076 = ORIENTED_EDGE ( 'NONE', *, *, #5708, .F. ) ;
#1077 = ORIENTED_EDGE ( 'NONE', *, *, #5072, .F. ) ;
#1078 = VECTOR ( 'NONE', #508, 1000.000000000000000 ) ;
#1079 = CARTESIAN_POINT ( 'NONE',  ( 0.9817118975665680702, -0.1230544497265110976, 0.4399999999999998357 ) ) ;
#1080 = UNCERTAINTY_MEASURE_WITH_UNIT (LENGTH_MEASURE( 1.000000000000000082E-05 ), #2466, 'distance_accuracy_value', 'NONE');
#1081 = CARTESIAN_POINT ( 'NONE',  ( -0.1122517648783276922, 0.2006892905162383500, 0.4389999999999999458 ) ) ;
#1082 = PLANE ( 'NONE',  #1847 ) ;
#1083 = CARTESIAN_POINT ( 'NONE',  ( 0.5289376491987458628, 0.07232560889384448410, 0.4389999999999999458 ) ) ;
#1084 = CARTESIAN_POINT ( 'NONE',  ( -0.01171445769966181390, -0.05980445698274877708, 0.4399999999999999467 ) ) ;
#1085 = CARTESIAN_POINT ( 'NONE',  ( -1.071500386544141259, 0.06052787754343282728, 0.4390000000000002234 ) ) ;
#1086 = CARTESIAN_POINT ( 'NONE',  ( 0.8695154382545348115, 0.2439641121042239735, 0.4390000000000000013 ) ) ;
#1087 = CARTESIAN_POINT ( 'NONE',  ( -0.5194378383096575069, -0.1504965273467367137, 0.4400000000000001688 ) ) ;
#1088 = VECTOR ( 'NONE', #3677, 1000.000000000000000 ) ;
#1089 = CARTESIAN_POINT ( 'NONE',  ( 1.019191537040066597, -0.06976107480999689525, 0.4390000000000001124 ) ) ;
#1090 = ORIENTED_EDGE ( 'NONE', *, *, #3420, .F. ) ;
#1091 = ORIENTED_EDGE ( 'NONE', *, *, #4367, .F. ) ;
#1092 = CARTESIAN_POINT ( 'NONE',  ( 0.7809323034281235865, -0.1630737750070507808, 0.4390000000000000013 ) ) ;
#1093 = EDGE_CURVE ( 'NONE', #7166, #4369, #5523, .T. ) ;
#1094 = CARTESIAN_POINT ( 'NONE',  ( -1.031987784185918855, -0.1305921659201645935, 0.4399999999999998912 ) ) ;
#1095 = CARTESIAN_POINT ( 'NONE',  ( -0.1047585881073525710, 0.2465338501894342726, 0.4399999999999997802 ) ) ;
#1096 = CARTESIAN_POINT ( 'NONE',  ( -0.008128360198747823159, -0.08466879830593596057, 0.4390000000000000013 ) ) ;
#1097 = MECHANICAL_DESIGN_GEOMETRIC_PRESENTATION_REPRESENTATION (  '', ( #3718 ), #6780 ) ;
#1098 = FILL_AREA_STYLE_COLOUR ( '', #8011 ) ;
#1099 = DIRECTION ( 'NONE',  ( -1.000000000000000000, 4.872818752743834533E-15, 0.000000000000000000 ) ) ;
#1100 = CARTESIAN_POINT ( 'NONE',  ( 0.6653827266519712902, -0.1205583430249479865, 0.4400000000000000577 ) ) ;
#1101 = CARTESIAN_POINT ( 'NONE',  ( -0.03120528327567101065, 0.1303251920786794027, 0.4390000000000000013 ) ) ;
#1102 = DIRECTION ( 'NONE',  ( 0.000000000000000000, -1.000000000000000000, 0.000000000000000000 ) ) ;
#1103 = COLOUR_RGB ( '',0.9686274509803921573, 0.8784313725490195957, 0.5999999999999999778 ) ;
#1104 = FILL_AREA_STYLE_COLOUR ( '', #7197 ) ;
#1105 = VERTEX_POINT ( 'NONE', #5809 ) ;
#1106 = ORIENTED_EDGE ( 'NONE', *, *, #1633, .F. ) ;
#1107 = CARTESIAN_POINT ( 'NONE',  ( -0.5619745140449017295, 0.1420439420786794305, 0.4390000000000000013 ) ) ;
#1108 = DIRECTION ( 'NONE',  ( 1.000000000000000000, 0.000000000000000000, 0.000000000000000000 ) ) ;
#1109 = EDGE_CURVE ( 'NONE', #6655, #7193, #8744, .T. ) ;
#1110 = CARTESIAN_POINT ( 'NONE',  ( -0.5884531302202417047, -0.1319554234943934867, 0.4390000000000000013 ) ) ;
#1111 = CARTESIAN_POINT ( 'NONE',  ( -0.5368242736602863996, 0.07353432669406401168, 0.4390000000000000013 ) ) ;
#1112 = EDGE_LOOP ( 'NONE', ( #9104, #8584, #1960, #6501 ) ) ;
#1113 = CARTESIAN_POINT ( 'NONE',  ( 1.022388574597140609, -0.1279876310926764682, 0.4400000000000000022 ) ) ;
#1114 = CARTESIAN_POINT ( 'NONE',  ( -0.4539817255833632492, -0.2260149521520898042, 0.4390000000000000013 ) ) ;
#1115 = CARTESIAN_POINT ( 'NONE',  ( 0.03225625518586748564, -0.08079259638285905820, 0.4390000000000000013 ) ) ;
#1116 = B_SPLINE_SURFACE_WITH_KNOTS ( 'NONE', 3, 1, ( 
 ( #1381, #2740 ),
 ( #7164, #1285 ),
 ( #3549, #6331 ),
 ( #567, #8746 ),
 ( #2793, #1958 ),
 ( #4897, #3597 ),
 ( #7818, #7110 ),
 ( #9425, #3403 ),
 ( #2015, #4843 ),
 ( #7064, #7923 ),
 ( #9277, #2689 ),
 ( #6433, #9375 ),
 ( #5617, #3451 ),
 ( #8651, #2068 ),
 ( #5000, #8544 ),
 ( #2839, #1336 ),
 ( #4273, #7215 ),
 ( #617, #6485 ),
 ( #5765, #5046 ) ),
 .UNSPECIFIED., .F., .F., .F.,
 ( 4, 1, 1, 1, 1, 1, 1, 1, 1, 1, 1, 1, 1, 1, 1, 1, 4 ),
 ( 2, 2 ),
 ( 0.000000000000000000, 0.06443867159524239996, 0.1265469112716764155, 0.1868871534365695586, 0.2458775355894544101, 0.3040408846912666108, 0.3621912180726597486, 0.4209759327916441918, 0.4806602832796658675, 0.5406002749537570651, 0.6006890983494531655, 0.6619357897571953586, 0.7244425059139824041, 0.7890383938817433496, 0.8563137570509944396, 0.9263520282058635980, 1.000000000000000000 ),
 ( 0.000000000000000000, 1.000000000000000000 ),
 .UNSPECIFIED. ) ;
#1117 = CARTESIAN_POINT ( 'NONE',  ( 0.8989028898012522140, 0.2470619709248332851, 0.4400000000000000022 ) ) ;
#1118 = VERTEX_POINT ( 'NONE', #7306 ) ;
#1119 = AXIS2_PLACEMENT_3D ( 'NONE', #6208, #9142, #5485 ) ;
#1120 = COLOUR_RGB ( '',0.9686274509803921573, 0.8784313725490195957, 0.5999999999999999778 ) ;
#1121 = CARTESIAN_POINT ( 'NONE',  ( -1.600000000000000089, 1.027499999999999858, 0.1500000000000000222 ) ) ;
#1122 = EDGE_CURVE ( 'NONE', #6319, #3072, #2897, .T. ) ;
#1123 = CARTESIAN_POINT ( 'NONE',  ( -0.4282370905196330457, -0.2239694611288362280, 0.4389999999999999458 ) ) ;
#1124 = AXIS2_PLACEMENT_3D ( 'NONE', #510, #1332, #1378 ) ;
#1125 = CARTESIAN_POINT ( 'NONE',  ( -0.008330760432336582755, -0.09401494849638236673, 0.4400000000000000577 ) ) ;
#1126 = ORIENTED_EDGE ( 'NONE', *, *, #8649, .F. ) ;
#1127 = FACE_OUTER_BOUND ( 'NONE', #9409, .T. ) ;
#1128 = CARTESIAN_POINT ( 'NONE',  ( -0.4630862928910556287, 0.01232639400175632692, 0.4400000000000000022 ) ) ;
#1129 = AXIS2_PLACEMENT_3D ( 'NONE', #3897, #6099, #1099 ) ;
#1130 = ORIENTED_EDGE ( 'NONE', *, *, #8198, .F. ) ;
#1131 = VERTEX_POINT ( 'NONE', #6796 ) ;
#1132 = CIRCLE ( 'NONE', #8672, 0.1571850217640345937 ) ;
#1133 = DIRECTION ( 'NONE',  ( 0.000000000000000000, 1.000000000000000000, 0.000000000000000000 ) ) ;
#1134 = CARTESIAN_POINT ( 'NONE',  ( 0.7187947167243290414, -0.06745125022901288236, 0.4400000000000000022 ) ) ;
#1135 = VECTOR ( 'NONE', #3511, 1000.000000000000000 ) ;
#1136 = CARTESIAN_POINT ( 'NONE',  ( 0.6558717870648773651, -0.0009414850948815936191, 0.4389999999999998903 ) ) ;
#1137 = CARTESIAN_POINT ( 'NONE',  ( -1.035051437121824902, 0.01007278823252557957, 0.4390000000000000568 ) ) ;
#1138 = CARTESIAN_POINT ( 'NONE',  ( 0.2140532681597647757, 0.1993727374275171271, 0.4390000000000000013 ) ) ;
#1139 = CARTESIAN_POINT ( 'NONE',  ( 0.3320683921221330714, 0.1047992554157380907, 0.4400000000000000022 ) ) ;
#1140 = CARTESIAN_POINT ( 'NONE',  ( 0.8423807885499225989, 0.2335103671283953464, 0.4389999999999998348 ) ) ;
#1141 = CARTESIAN_POINT ( 'NONE',  ( 0.4245639474935597457, -0.09909187522901288792, 0.4390000000000000013 ) ) ;
#1142 = CARTESIAN_POINT ( 'NONE',  ( -0.08680936167545039162, -0.1761291434880555007, 0.4390000000000000568 ) ) ;
#1143 = CIRCLE ( 'NONE', #687, 0.02500000000000001180 ) ;
#1144 = ORIENTED_EDGE ( 'NONE', *, *, #5185, .F. ) ;
#1145 = ORIENTED_EDGE ( 'NONE', *, *, #1473, .T. ) ;
#1146 = CARTESIAN_POINT ( 'NONE',  ( 0.6513123717139294167, -0.2011012082292962522, 0.4389999999999998903 ) ) ;
#1147 = CARTESIAN_POINT ( 'NONE',  ( -0.06337661223698048962, 0.1849905923792568851, 0.4400000000000001688 ) ) ;
#1148 = SURFACE_STYLE_FILL_AREA ( #7072 ) ;
#1149 = CARTESIAN_POINT ( 'NONE',  ( 0.8580675532627902724, 0.08579394207867938049, 0.4400000000000000022 ) ) ;
#1150 =( LENGTH_UNIT ( ) NAMED_UNIT ( * ) SI_UNIT ( .MILLI., .METRE. ) );
#1151 = CARTESIAN_POINT ( 'NONE',  ( -0.01617557692435999186, 0.02169413604542193980, 0.4390000000000000013 ) ) ;
#1152 = LINE ( 'NONE', #4100, #5140 ) ;
#1153 = EDGE_CURVE ( 'NONE', #3000, #6226, #973, .T. ) ;
#1154 = CARTESIAN_POINT ( 'NONE',  ( -0.2119174959878634135, -0.2003893265448239702, 0.4399999999999999467 ) ) ;
#1155 = CARTESIAN_POINT ( 'NONE',  ( -0.1980930731608860074, 0.1637577767676200724, 0.4389999999999999458 ) ) ;
#1156 = EDGE_LOOP ( 'NONE', ( #4598, #5051, #9263, #5341, #8078, #9400, #5547, #4114, #4987, #355, #1519, #8190 ) ) ;
#1157 = VERTEX_POINT ( 'NONE', #5261 ) ;
#1158 = CARTESIAN_POINT ( 'NONE',  ( 0.8554149337052519009, 0.08840110533652517644, 0.4399999999999999467 ) ) ;
#1159 = APPLICATION_CONTEXT ( 'automotive_design' ) ;
#1160 = VECTOR ( 'NONE', #4726, 1000.000000000000000 ) ;
#1161 = LINE ( 'NONE', #4106, #6473 ) ;
#1162 = B_SPLINE_CURVE_WITH_KNOTS ( 'NONE', 3,
 ( #2024, #520, #1195, #3312, #7725, #3410, #6390, #2596, #8657, #1293, #3507, #2699, #2075, #3458, #2647, #6438, #4800, #5007, #5520 ),
 .UNSPECIFIED., .F., .F.,
 ( 4, 1, 1, 1, 1, 1, 1, 1, 1, 1, 1, 1, 1, 1, 1, 1, 4 ),
 ( 0.000000000000000000, 0.06580764581069488417, 0.1293942736680551153, 0.1908940606321900268, 0.2512810689298353162, 0.3108149644652733468, 0.3703709874482448150, 0.4307682625897265027, 0.4928812506175024866, 0.5551039481552503263, 0.6160670509938430683, 0.6772560331746541040, 0.7382598051991168253, 0.8007621343762960642, 0.8647775815744848105, 0.9310452949994038052, 1.000000000000000000 ),
 .UNSPECIFIED. ) ;
#1163 = CARTESIAN_POINT ( 'NONE',  ( -0.5311549268881322616, -0.1374642500491515262, 0.4399999999999997802 ) ) ;
#1164 = CARTESIAN_POINT ( 'NONE',  ( 0.7187947167243290414, -0.06745125022901288236, 0.4390000000000000013 ) ) ;
#1165 = VERTEX_POINT ( 'NONE', #2336 ) ;
#1166 = CARTESIAN_POINT ( 'NONE',  ( 1.600999999999999979, 1.100003333370371150, 0.1500000000000000222 ) ) ;
#1167 = CARTESIAN_POINT ( 'NONE',  ( -1.058486941357307920, 0.1042878245572932266, 0.4390000000000002789 ) ) ;
#1168 = CARTESIAN_POINT ( 'NONE',  ( 0.9572124303656810440, 0.2321813177240261983, 0.4399999999999997802 ) ) ;
#1169 = VECTOR ( 'NONE', #9531, 1000.000000000000000 ) ;
#1170 = CARTESIAN_POINT ( 'NONE',  ( 0.005244296862478821722, 0.1595741943993543022, 0.4389999999999999458 ) ) ;
#1171 = ORIENTED_EDGE ( 'NONE', *, *, #276, .F. ) ;
#1172 = EDGE_CURVE ( 'NONE', #989, #7953, #8497, .T. ) ;
#1173 = UNCERTAINTY_MEASURE_WITH_UNIT (LENGTH_MEASURE( 1.000000000000000082E-05 ), #1643, 'distance_accuracy_value', 'NONE');
#1174 =( NAMED_UNIT ( * ) SI_UNIT ( $, .STERADIAN. ) SOLID_ANGLE_UNIT ( ) );
#1175 = CARTESIAN_POINT ( 'NONE',  ( -0.3662765929633253204, -0.1133899195192124149, 0.4399999999999999467 ) ) ;
#1176 = CARTESIAN_POINT ( 'NONE',  ( -0.3304296680666183872, -0.1393830286234709337, 0.4390000000000000568 ) ) ;
#1177 = CARTESIAN_POINT ( 'NONE',  ( 0.5822031824345789142, 0.07964551545640148611, 0.4389999999999998903 ) ) ;
#1178 = CARTESIAN_POINT ( 'NONE',  ( -0.5368242736602863996, 0.07353432669406401168, 0.4400000000000000022 ) ) ;
#1179 = CARTESIAN_POINT ( 'NONE',  ( 0.8299728639664920582, 0.1295708469336070701, 0.4400000000000000577 ) ) ;
#1180 = B_SPLINE_CURVE_WITH_KNOTS ( 'NONE', 3,
 ( #635, #5024, #2758, #5068, #5684, #8033, #5637, #8619, #2038, #7944, #1406, #1978, #3571, #6504, #7085, #4338, #7279, #681, #9493 ),
 .UNSPECIFIED., .F., .F.,
 ( 4, 1, 1, 1, 1, 1, 1, 1, 1, 1, 1, 1, 1, 1, 1, 1, 4 ),
 ( 0.000000000000000000, 0.06432321657984213514, 0.1262901037035558949, 0.1867264692161329231, 0.2461464323353445005, 0.3055756426461386788, 0.3654293856180520494, 0.4263263089482598467, 0.4888399064006412886, 0.5517249718140474490, 0.6139185964661592054, 0.6754837657683961938, 0.7373338970992856511, 0.8002290443945264675, 0.8645022981233225767, 0.9310407391556972945, 1.000000000000000000 ),
 .UNSPECIFIED. ) ;
#1181 = EDGE_CURVE ( 'NONE', #6897, #8439, #113, .T. ) ;
#1182 = ORIENTED_EDGE ( 'NONE', *, *, #7790, .F. ) ;
#1183 = B_SPLINE_CURVE_WITH_KNOTS ( 'NONE', 3,
 ( #5860, #8200, #760, #2980, #3697, #6627, #5909, #8849, #5816, #1569, #8892 ),
 .UNSPECIFIED., .F., .F.,
 ( 4, 1, 1, 1, 1, 1, 1, 1, 4 ),
 ( 0.000000000000000000, 0.1815353013762842915, 0.3470816724816285226, 0.4955678164315543421, 0.6283573018772137253, 0.7455196699921555759, 0.8458307507576513506, 0.9307818073847582419, 1.000000000000000000 ),
 .UNSPECIFIED. ) ;
#1184 = ORIENTED_EDGE ( 'NONE', *, *, #7182, .F. ) ;
#1185 = CARTESIAN_POINT ( 'NONE',  ( 0.8999637279109713450, -0.1797512195323872908, 0.4399999999999995026 ) ) ;
#1186 = CARTESIAN_POINT ( 'NONE',  ( -0.3806087008464171251, 0.1591840875540755651, 0.4390000000000001124 ) ) ;
#1187 = CARTESIAN_POINT ( 'NONE',  ( 0.5739059423653732894, 0.03351042655399610187, 0.4390000000000000013 ) ) ;
#1188 = SURFACE_STYLE_FILL_AREA ( #3351 ) ;
#1189 = CARTESIAN_POINT ( 'NONE',  ( 0.3113990670688952522, 0.04600149554948095715, 0.4399999999999999467 ) ) ;
#1190 = DIRECTION ( 'NONE',  ( -1.000000000000000000, 0.000000000000000000, 0.000000000000000000 ) ) ;
#1191 = ORIENTED_EDGE ( 'NONE', *, *, #5823, .F. ) ;
#1192 = CARTESIAN_POINT ( 'NONE',  ( -0.6878955216399444961, 0.1432604372033308704, 0.4399999999999997802 ) ) ;
#1193 = ORIENTED_EDGE ( 'NONE', *, *, #6816, .T. ) ;
#1194 = CARTESIAN_POINT ( 'NONE',  ( 0.7886302791245830557, -0.1730172428030497256, 0.4389999999999998903 ) ) ;
#1195 = CARTESIAN_POINT ( 'NONE',  ( 0.5920836906620956519, 0.07943165990797160236, 0.4399999999999999467 ) ) ;
#1196 = FACE_OUTER_BOUND ( 'NONE', #4009, .T. ) ;
#1197 = CARTESIAN_POINT ( 'NONE',  ( -0.3312052832756709475, 0.1708900959248332574, 0.4400000000000000577 ) ) ;
#1198 = CARTESIAN_POINT ( 'NONE',  ( -0.8276451877576578298, 0.2007011548489453789, 0.4390000000000000013 ) ) ;
#1199 = SURFACE_STYLE_USAGE ( .BOTH. , #1916 ) ;
#1200 = DIRECTION ( 'NONE',  ( -1.000000000000000000, 1.212843670024533951E-16, 0.000000000000000000 ) ) ;
#1201 = CARTESIAN_POINT ( 'NONE',  ( 0.3320134264055954465, 0.1188039266460833854, 0.4390000000000000013 ) ) ;
#1202 = CARTESIAN_POINT ( 'NONE',  ( 0.6783019216426894316, -0.06973956335837774856, 0.4399999999999999467 ) ) ;
#1203 = CYLINDRICAL_SURFACE ( 'NONE', #6385, 0.1571850217640345937 ) ;
#1204 = DIRECTION ( 'NONE',  ( 0.000000000000000000, 0.000000000000000000, 1.000000000000000000 ) ) ;
#1205 = ORIENTED_EDGE ( 'NONE', *, *, #8088, .F. ) ;
#1206 = VERTEX_POINT ( 'NONE', #879 ) ;
#1207 = CARTESIAN_POINT ( 'NONE',  ( -0.7596444783530480471, 0.2376017338351163743, 0.4400000000000000577 ) ) ;
#1208 = CYLINDRICAL_SURFACE ( 'NONE', #920, 0.02500000000000001180 ) ;
#1209 = DIRECTION ( 'NONE',  ( -0.000000000000000000, -0.000000000000000000, 1.000000000000000000 ) ) ;
#1210 = VECTOR ( 'NONE', #125, 1000.000000000000000 ) ;
#1211 = FILL_AREA_STYLE_COLOUR ( '', #7298 ) ;
#1212 = ORIENTED_EDGE ( 'NONE', *, *, #3803, .F. ) ;
#1213 = CARTESIAN_POINT ( 'NONE',  ( -0.1234228313525939508, -0.2260149521520898042, 0.4390000000000000013 ) ) ;
#1214 = CARTESIAN_POINT ( 'NONE',  ( -0.5455018746395041696, -0.1900858801627209327, 0.4390000000000001679 ) ) ;
#1215 = ORIENTED_EDGE ( 'NONE', *, *, #5521, .T. ) ;
#1216 = CARTESIAN_POINT ( 'NONE',  ( 1.016240246986480633, 0.1743982202718302454, 0.4400000000000000577 ) ) ;
#1217 = VERTEX_POINT ( 'NONE', #6846 ) ;
#1218 = CARTESIAN_POINT ( 'NONE',  ( -0.3263138182872054038, -0.08696345887389271556, 0.4390000000000000568 ) ) ;
#1219 = VERTEX_POINT ( 'NONE', #7564 ) ;
#1220 = CARTESIAN_POINT ( 'NONE',  ( -1.075436052506440143, 0.01313769207867942004, 0.4390000000000000013 ) ) ;
#1221 = AXIS2_PLACEMENT_3D ( 'NONE', #2189, #686, #9498 ) ;
#1222 = EDGE_CURVE ( 'NONE', #2155, #2145, #1646, .T. ) ;
#1223 = DIRECTION ( 'NONE',  ( -1.000000000000000000, 0.000000000000000000, 0.000000000000000000 ) ) ;
#1224 = CARTESIAN_POINT ( 'NONE',  ( -0.4195158811680335664, -0.1742242782319082806, 0.4390000000000001124 ) ) ;
#1225 = CARTESIAN_POINT ( 'NONE',  ( -0.02724153469113742634, -0.1970505953120585130, 0.4400000000000001132 ) ) ;
#1226 = ORIENTED_EDGE ( 'NONE', *, *, #9483, .F. ) ;
#1227 = CARTESIAN_POINT ( 'NONE',  ( 0.6065401267041337086, 0.07737813640799008630, 0.4399999999999998912 ) ) ;
#1228 =( NAMED_UNIT ( * ) PLANE_ANGLE_UNIT ( ) SI_UNIT ( $, .RADIAN. ) );
#1229 = VERTEX_POINT ( 'NONE', #9018 ) ;
#1230 = EDGE_LOOP ( 'NONE', ( #8427, #411, #3672, #3938 ) ) ;
#1231 = CARTESIAN_POINT ( 'NONE',  ( -0.4510971101987478749, 0.2470619709248333407, 0.4400000000000000577 ) ) ;
#1232 = CARTESIAN_POINT ( 'NONE',  ( -0.3699181737693645333, 0.1460557915615879609, 0.4390000000000001124 ) ) ;
#1233 = CARTESIAN_POINT ( 'NONE',  ( 0.2471601013397136948, -0.02823850984439750522, 0.4390000000000000013 ) ) ;
#1234 = CARTESIAN_POINT ( 'NONE',  ( -0.9134477412689689935, 0.1867328895044895187, 0.4390000000000000568 ) ) ;
#1235 = DIRECTION ( 'NONE',  ( 0.000000000000000000, 0.000000000000000000, -1.000000000000000000 ) ) ;
#1236 = EDGE_CURVE ( 'NONE', #4566, #4973, #2292, .T. ) ;
#1237 = DIRECTION ( 'NONE',  ( -0.000000000000000000, 1.000000000000000000, 0.000000000000000000 ) ) ;
#1238 = VERTEX_POINT ( 'NONE', #3820 ) ;
#1239 = CARTESIAN_POINT ( 'NONE',  ( -0.8281382165528909933, 0.2469999817288645594, 0.4399999999999999467 ) ) ;
#1240 = ORIENTED_EDGE ( 'NONE', *, *, #2055, .T. ) ;
#1241 = ORIENTED_EDGE ( 'NONE', *, *, #6455, .T. ) ;
#1242 = DIRECTION ( 'NONE',  ( -0.000000000000000000, -0.000000000000000000, 1.000000000000000000 ) ) ;
#1243 = DIRECTION ( 'NONE',  ( -0.000000000000000000, -0.000000000000000000, 1.000000000000000000 ) ) ;
#1244 = CARTESIAN_POINT ( 'NONE',  ( -0.1546315915196254109, -0.1766338977538639832, 0.4390000000000000013 ) ) ;
#1245 = CARTESIAN_POINT ( 'NONE',  ( 0.3348880458199539611, 0.01331833684777401425, 0.4399999999999999467 ) ) ;
#1246 = FILL_AREA_STYLE_COLOUR ( '', #5378 ) ;
#1247 = EDGE_CURVE ( 'NONE', #5854, #569, #3921, .T. ) ;
#1248 = MECHANICAL_DESIGN_GEOMETRIC_PRESENTATION_REPRESENTATION (  '', ( #4770 ), #4936 ) ;
#1249 = CARTESIAN_POINT ( 'NONE',  ( 0.3321745168902279222, 0.1127526287424868712, 0.4390000000000000013 ) ) ;
#1250 = PRESENTATION_STYLE_ASSIGNMENT (( #527 ) ) ;
#1251 = CARTESIAN_POINT ( 'NONE',  ( 0.6781597265705335831, -0.05506321890029071409, 0.4390000000000000013 ) ) ;
#1252 = CARTESIAN_POINT ( 'NONE',  ( -0.5480250247509184103, 0.1955097817523506476, 0.4389999999999998348 ) ) ;
#1253 = ORIENTED_EDGE ( 'NONE', *, *, #2511, .T. ) ;
#1254 = EDGE_LOOP ( 'NONE', ( #8907, #8127, #9011, #7758 ) ) ;
#1255 = CARTESIAN_POINT ( 'NONE',  ( -0.6369745140449016851, 0.1529513940017563356, 0.4400000000000000022 ) ) ;
#1256 = CARTESIAN_POINT ( 'NONE',  ( 0.8290672115819142096, 0.1554134560710996316, 0.4399999999999998912 ) ) ;
#1257 = CARTESIAN_POINT ( 'NONE',  ( -0.03120528327567101065, 0.1303251920786794027, 0.4400000000000000022 ) ) ;
#1258 = LINE ( 'NONE', #6157, #8009 ) ;
#1259 = CARTESIAN_POINT ( 'NONE',  ( 0.7073724647488419670, -0.1301840188398758758, 0.4390000000000000013 ) ) ;
#1260 = EDGE_LOOP ( 'NONE', ( #7036, #505, #6056, #4104, #3887, #7263, #2178, #5647, #9256, #1891, #2445, #7389, #8317, #2192 ) ) ;
#1261 = CARTESIAN_POINT ( 'NONE',  ( -0.1234228313525939508, -0.2260149521520898042, 0.4400000000000000022 ) ) ;
#1262 = CARTESIAN_POINT ( 'NONE',  ( 0.7972201974935596569, -0.1048611059982436505, 0.4390000000000000013 ) ) ;
#1263 = CARTESIAN_POINT ( 'NONE',  ( 0.9042057026967106337, 0.2468790714335099556, 0.4399999999999999467 ) ) ;
#1264 = ORIENTED_EDGE ( 'NONE', *, *, #1684, .T. ) ;
#1265 = CARTESIAN_POINT ( 'NONE',  ( 0.1303331782627906443, 0.09706197092483324906, 0.4390000000000000013 ) ) ;
#1266 = EDGE_LOOP ( 'NONE', ( #1402, #8705, #2066, #6761 ) ) ;
#1267 = CARTESIAN_POINT ( 'NONE',  ( -0.4510971101987478749, 0.2470619709248333407, 0.4390000000000000568 ) ) ;
#1268 = VERTEX_POINT ( 'NONE', #2428 ) ;
#1269 = CARTESIAN_POINT ( 'NONE',  ( 0.3322562551858673774, 0.1096821632325255536, 0.4390000000000000013 ) ) ;
#1270 = CARTESIAN_POINT ( 'NONE',  ( -0.2265461713530396992, -0.1132264646748479958, 0.4400000000000001688 ) ) ;
#1271 = CARTESIAN_POINT ( 'NONE',  ( 0.6203400701178919396, 0.07414586166981460003, 0.4399999999999998357 ) ) ;
#1272 = ORIENTED_EDGE ( 'NONE', *, *, #7422, .T. ) ;
#1273 = CARTESIAN_POINT ( 'NONE',  ( -0.07122846247201712611, 0.2382616199108703869, 0.4389999999999998903 ) ) ;
#1274 = CARTESIAN_POINT ( 'NONE',  ( 0.8284101013397137114, 0.1439369709248332352, 0.4390000000000000013 ) ) ;
#1275 = ADVANCED_FACE ( 'NONE', ( #250 ), #4409, .T. ) ;
#1276 = EDGE_CURVE ( 'NONE', #9157, #6719, #4780, .T. ) ;
#1277 = VERTEX_POINT ( 'NONE', #7858 ) ;
#1278 = CARTESIAN_POINT ( 'NONE',  ( 0.9780872030562978159, -0.1323342148985770794, 0.4399999999999995581 ) ) ;
#1279 = CARTESIAN_POINT ( 'NONE',  ( -0.3741634811072079847, 0.1515249184046990605, 0.4400000000000001132 ) ) ;
#1280 = CARTESIAN_POINT ( 'NONE',  ( 0.6744507568003916820, -0.03494535834764021798, 0.4389999999999999458 ) ) ;
#1281 = CARTESIAN_POINT ( 'NONE',  ( -1.031603195435085496, 0.04882629139616166680, 0.4390000000000000568 ) ) ;
#1282 = CARTESIAN_POINT ( 'NONE',  ( 6.064218350122669755E-17, -0.5000000000000000000, 0.1500000000000000222 ) ) ;
#1283 = CARTESIAN_POINT ( 'NONE',  ( -0.8829610118971543686, 0.2432169572126103019, 0.4389999999999999458 ) ) ;
#1284 = CARTESIAN_POINT ( 'NONE',  ( -0.1217100909679787318, 0.2009081247709871010, 0.4390000000000000013 ) ) ;
#1285 = CARTESIAN_POINT ( 'NONE',  ( 0.2311109461941201482, 0.2008161920513386878, 0.4399999999999998357 ) ) ;
#1286 = CARTESIAN_POINT ( 'NONE',  ( -0.03136747263914869965, 0.1271265569808806839, 0.4390000000000000013 ) ) ;
#1287 = ORIENTED_EDGE ( 'NONE', *, *, #8869, .T. ) ;
#1288 = CARTESIAN_POINT ( 'NONE',  ( -0.03951942811453033888, -0.1515429280607745455, 0.4390000000000001124 ) ) ;
#1289 = VECTOR ( 'NONE', #5162, 1000.000000000000000 ) ;
#1290 = EDGE_LOOP ( 'NONE', ( #4514, #4078, #292, #6067 ) ) ;
#1291 = AXIS2_PLACEMENT_3D ( 'NONE', #8982, #312, #5409 ) ;
#1292 = FACE_OUTER_BOUND ( 'NONE', #680, .T. ) ;
#1293 = CARTESIAN_POINT ( 'NONE',  ( 0.6789417687338398233, 0.03853047816148598426, 0.4399999999999999467 ) ) ;
#1294 = EDGE_CURVE ( 'NONE', #5238, #6728, #5449, .T. ) ;
#1295 = CARTESIAN_POINT ( 'NONE',  ( -0.3337597530135194002, 0.1743982202718302454, 0.4390000000000000568 ) ) ;
#1296 = CARTESIAN_POINT ( 'NONE',  ( 0.3724231653460781666, 0.1070203537322457210, 0.4400000000000000022 ) ) ;
#1297 = DIRECTION ( 'NONE',  ( 0.000000000000000000, 0.000000000000000000, 1.000000000000000000 ) ) ;
#1298 =( NAMED_UNIT ( * ) PLANE_ANGLE_UNIT ( ) SI_UNIT ( $, .RADIAN. ) );
#1299 = CARTESIAN_POINT ( 'NONE',  ( -0.2144706020274552150, 0.1347275695493832526, 0.4389999999999998903 ) ) ;
#1300 = LINE ( 'NONE', #2173, #8502 ) ;
#1301 = VECTOR ( 'NONE', #7035, 1000.000000000000000 ) ;
#1302 = CARTESIAN_POINT ( 'NONE',  ( 0.7885253368336768709, 0.1562250927172159076, 0.4390000000000001124 ) ) ;
#1303 = CARTESIAN_POINT ( 'NONE',  ( -0.1646819403630819800, 0.1924365388724420811, 0.4390000000000001124 ) ) ;
#1304 = ADVANCED_FACE ( 'NONE', ( #6172 ), #3391, .T. ) ;
#1305 = ORIENTED_EDGE ( 'NONE', *, *, #1093, .T. ) ;
#1306 = CARTESIAN_POINT ( 'NONE',  ( -0.8027642401619667911, 0.2456807763720920135, 0.4400000000000000022 ) ) ;
#1307 = CARTESIAN_POINT ( 'NONE',  ( 0.8807824107145292292, 0.2004519084499515602, 0.4390000000000000013 ) ) ;
#1308 = CARTESIAN_POINT ( 'NONE',  ( -0.04379596082670893231, 0.09402578689025208047, 0.4399999999999999467 ) ) ;
#1309 = CARTESIAN_POINT ( 'NONE',  ( 0.6739182504981262589, -0.1000959803068868503, 0.4390000000000000013 ) ) ;
#1310 = B_SPLINE_CURVE_WITH_KNOTS ( 'NONE', 3,
 ( #2386, #5310, #5353, #1696, #304, #4636, #6901, #3196, #3927, #6125, #9064 ),
 .UNSPECIFIED., .F., .F.,
 ( 4, 1, 1, 1, 1, 1, 1, 1, 4 ),
 ( 0.000000000000000000, 0.09027921465001509382, 0.1895299184469588505, 0.2991978724002879453, 0.4189258867738193115, 0.5483762854012474985, 0.6881363695386807366, 0.8390835016589199835, 1.000000000000000000 ),
 .UNSPECIFIED. ) ;
#1311 = CARTESIAN_POINT ( 'NONE',  ( 0.5946965434305302445, -0.2233578609423766403, 0.4389999999999999458 ) ) ;
#1312 = ORIENTED_EDGE ( 'NONE', *, *, #7521, .F. ) ;
#1313 = CARTESIAN_POINT ( 'NONE',  ( -0.2735129755833632936, -0.09332264445978211143, 0.4390000000000000013 ) ) ;
#1314 = CARTESIAN_POINT ( 'NONE',  ( -0.9889279971694914240, 0.1955789888129549070, 0.4390000000000001124 ) ) ;
#1315 = CYLINDRICAL_SURFACE ( 'NONE', #7342, 0.02500000000000001180 ) ;
#1316 = ORIENTED_EDGE ( 'NONE', *, *, #7413, .F. ) ;
#1317 = PRESENTATION_LAYER_ASSIGNMENT (  '', '', ( #5299 ) ) ;
#1318 = CARTESIAN_POINT ( 'NONE',  ( 0.02571310230536117888, -0.03861447660962753770, 0.4399999999999999467 ) ) ;
#1319 = VERTEX_POINT ( 'NONE', #7655 ) ;
#1320 = CARTESIAN_POINT ( 'NONE',  ( 0.3725071682336180690, 0.1177398250202561641, 0.4400000000000000022 ) ) ;
#1321 = CARTESIAN_POINT ( 'NONE',  ( 0.3057463482283432343, 0.03793306622417837864, 0.4390000000000000013 ) ) ;
#1322 = CARTESIAN_POINT ( 'NONE',  ( -1.034889203247322920, 0.003421618528176316888, 0.4399999999999999467 ) ) ;
#1323 = CARTESIAN_POINT ( 'NONE',  ( -0.6454921635637438371, -0.1426240557335210768, 0.4390000000000001679 ) ) ;
#1324 = CARTESIAN_POINT ( 'NONE',  ( -0.5388136009042912011, 0.07618303143246119014, 0.4389999999999999458 ) ) ;
#1325 = VECTOR ( 'NONE', #8217, 1000.000000000000000 ) ;
#1326 = FILL_AREA_STYLE ('',( #5557 ) ) ;
#1327 = VECTOR ( 'NONE', #2134, 1000.000000000000000 ) ;
#1328 = EDGE_LOOP ( 'NONE', ( #4291, #4978, #6464, #4169 ) ) ;
#1329 = CARTESIAN_POINT ( 'NONE',  ( 0.4832647517104192159, -0.1427480460922871119, 0.4400000000000001132 ) ) ;
#1330 = CARTESIAN_POINT ( 'NONE',  ( -0.4235488196266465888, 0.1948136934114321206, 0.4389999999999999458 ) ) ;
#1331 = CARTESIAN_POINT ( 'NONE',  ( -0.2735129755833632936, -0.09332264445978211143, 0.4390000000000000013 ) ) ;
#1332 = DIRECTION ( 'NONE',  ( -0.000000000000000000, -0.000000000000000000, 1.000000000000000000 ) ) ;
#1334 = CARTESIAN_POINT ( 'NONE',  ( 0.8590525868580645152, 0.08491489590235934415, 0.4399999999999999467 ) ) ;
#1333 = B_SPLINE_SURFACE_WITH_KNOTS ( 'NONE', 3, 1, ( 
 ( #7032, #6449 ),
 ( #2757, #2813 ),
 ( #6299, #3569 ),
 ( #7892, #5736 ),
 ( #9444, #2858 ),
 ( #437, #3376 ),
 ( #487, #4968 ),
 ( #9250, #8512 ),
 ( #2660, #586 ),
 ( #1926, #8618 ),
 ( #1977, #4292 ),
 ( #5636, #3423 ),
 ( #7130, #4150 ),
 ( #7083, #5782 ),
 ( #6350, #9297 ) ),
 .UNSPECIFIED., .F., .F., .F.,
 ( 4, 1, 1, 1, 1, 1, 1, 1, 1, 1, 1, 1, 4 ),
 ( 2, 2 ),
 ( 0.000000000000000000, 0.07964825118022787753, 0.1589216764181125285, 0.2396194947370318129, 0.3226094298185612774, 0.4060346366179242161, 0.4876020954923880879, 0.5696846265959313316, 0.6530361450088344455, 0.7374357177222882198, 0.8224778158555104968, 0.9097476551184079385, 1.000000000000000000 ),
 ( 0.000000000000000000, 1.000000000000000000 ),
 .UNSPECIFIED. ) ;
#1335 = DIRECTION ( 'NONE',  ( 1.000000000000000000, 0.000000000000000000, 0.000000000000000000 ) ) ;
#1336 = CARTESIAN_POINT ( 'NONE',  ( 0.1336982253885924399, 0.1202000109223574364, 0.4399999999999998912 ) ) ;
#1337 = VERTEX_POINT ( 'NONE', #9316 ) ;
#1338 = CARTESIAN_POINT ( 'NONE',  ( -0.04379596082670893231, 0.09402578689025208047, 0.4400000000000000022 ) ) ;
#1339 = ORIENTED_EDGE ( 'NONE', *, *, #8259, .T. ) ;
#1340 = CARTESIAN_POINT ( 'NONE',  ( -0.008196196009503737417, -0.08780122391816941319, 0.4390000000000000568 ) ) ;
#1341 = VERTEX_POINT ( 'NONE', #9109 ) ;
#1342 = DIRECTION ( 'NONE',  ( -0.000000000000000000, 1.000000000000000000, 0.000000000000000000 ) ) ;
#1343 = CARTESIAN_POINT ( 'NONE',  ( 0.002104913779166286969, 0.003231407439605372880, 0.4400000000000000577 ) ) ;
#1344 = EDGE_CURVE ( 'NONE', #491, #8678, #453, .T. ) ;
#1345 = CARTESIAN_POINT ( 'NONE',  ( -0.1227016775064402876, -0.1798611059982436478, 0.4390000000000000013 ) ) ;
#1346 = LINE ( 'NONE', #9336, #5235 ) ;
#1347 = CARTESIAN_POINT ( 'NONE',  ( 0.03225625518586748564, -0.08079259638285905820, 0.4400000000000000022 ) ) ;
#1348 =( NAMED_UNIT ( * ) PLANE_ANGLE_UNIT ( ) SI_UNIT ( $, .RADIAN. ) );
#1349 = CARTESIAN_POINT ( 'NONE',  ( 0.3213008290413915669, 0.1524054065913092171, 0.4390000000000000013 ) ) ;
#1350 = DIRECTION ( 'NONE',  ( -0.000000000000000000, 0.000000000000000000, 1.000000000000000000 ) ) ;
#1351 = EDGE_CURVE ( 'NONE', #4623, #6323, #816, .T. ) ;
#1352 = CARTESIAN_POINT ( 'NONE',  ( 0.03202553201921038567, -0.08709384624979106537, 0.4390000000000000013 ) ) ;
#1353 = CARTESIAN_POINT ( 'NONE',  ( -0.2118474170764826081, 0.1406541511346336149, 0.4389999999999998903 ) ) ;
#1354 = ORIENTED_EDGE ( 'NONE', *, *, #4756, .T. ) ;
#1355 = LINE ( 'NONE', #633, #2714 ) ;
#1356 = ORIENTED_EDGE ( 'NONE', *, *, #3163, .F. ) ;
#1357 = DIRECTION ( 'NONE',  ( -0.7969199129874933174, -0.6040849710794053973, 0.000000000000000000 ) ) ;
#1358 = LINE ( 'NONE', #9347, #59 ) ;
#1359 = CARTESIAN_POINT ( 'NONE',  ( 0.5975707916337988923, -0.1754853728922058931, 0.4390000000000001124 ) ) ;
#1360 = EDGE_CURVE ( 'NONE', #4922, #8456, #2518, .T. ) ;
#1361 = VERTEX_POINT ( 'NONE', #9214 ) ;
#1362 = EDGE_CURVE ( 'NONE', #9157, #8357, #8473, .T. ) ;
#1363 = CARTESIAN_POINT ( 'NONE',  ( 0.03225625518586748564, -0.08079259638285905820, 0.4390000000000000013 ) ) ;
#1364 = DIRECTION ( 'NONE',  ( 2.853484357960450437E-14, 6.310334174148428887E-13, 1.000000000000000000 ) ) ;
#1365 = CARTESIAN_POINT ( 'NONE',  ( -0.07122846247201712611, 0.2382616199108703869, 0.4389999999999998903 ) ) ;
#1366 = VERTEX_POINT ( 'NONE', #4832 ) ;
#1367 = CARTESIAN_POINT ( 'NONE',  ( -0.5586665966601269684, 0.1699861994883434257, 0.4400000000000001132 ) ) ;
#1368 = DIRECTION ( 'NONE',  ( -1.000000000000000000, 0.000000000000000000, 0.000000000000000000 ) ) ;
#1369 = CARTESIAN_POINT ( 'NONE',  ( 0.3316949132713840065, 0.09509185065251783697, 0.4390000000000001679 ) ) ;
#1370 = CARTESIAN_POINT ( 'NONE',  ( -0.8746824407291315939, -0.1767354214634639098, 0.4389999999999999458 ) ) ;
#1371 = ADVANCED_FACE ( 'NONE', ( #4937 ), #9188, .T. ) ;
#1372 = CARTESIAN_POINT ( 'NONE',  ( 0.6686634352254459124, 0.04821769398486541042, 0.4399999999999999467 ) ) ;
#1373 = CARTESIAN_POINT ( 'NONE',  ( -0.5619745140449017295, 0.1420439420786794305, 0.4390000000000000013 ) ) ;
#1374 = VECTOR ( 'NONE', #3007, 1000.000000000000000 ) ;
#1375 = VERTEX_POINT ( 'NONE', #8830 ) ;
#1376 = CARTESIAN_POINT ( 'NONE',  ( -0.2030140130190560277, 0.1568063323145185983, 0.4399999999999999467 ) ) ;
#1377 = CARTESIAN_POINT ( 'NONE',  ( 0.9839897778761776959, -0.09985240609080045515, 0.4399999999999999467 ) ) ;
#1378 = DIRECTION ( 'NONE',  ( -1.000000000000000000, -1.949127501097533734E-15, 0.000000000000000000 ) ) ;
#1379 = CARTESIAN_POINT ( 'NONE',  ( -0.3827756876394102781, -0.1497813324591906747, 0.4400000000000000577 ) ) ;
#1380 = FACE_OUTER_BOUND ( 'NONE', #4449, .T. ) ;
#1381 = CARTESIAN_POINT ( 'NONE',  ( 0.2346300532627904334, 0.2009081247709871010, 0.4390000000000000013 ) ) ;
#1382 = LINE ( 'NONE', #9427, #7741 ) ;
#1383 = ORIENTED_EDGE ( 'NONE', *, *, #8367, .T. ) ;
#1384 = CARTESIAN_POINT ( 'NONE',  ( -0.02027104039877048250, -0.1288127343277742920, 0.4399999999999998357 ) ) ;
#1385 = ORIENTED_EDGE ( 'NONE', *, *, #2655, .T. ) ;
#1386 = VERTEX_POINT ( 'NONE', #2052 ) ;
#1387 = CARTESIAN_POINT ( 'NONE',  ( 0.9185543321089444380, 0.04099225938637173633, 0.4390000000000000568 ) ) ;
#1388 = DIRECTION ( 'NONE',  ( 0.000000000000000000, 0.000000000000000000, -1.000000000000000000 ) ) ;
#1389 = CARTESIAN_POINT ( 'NONE',  ( 0.2542969960810829155, 0.1993470412572454498, 0.4399999999999999467 ) ) ;
#1390 = CARTESIAN_POINT ( 'NONE',  ( -0.2158206678910555287, 0.1316773555402178664, 0.4400000000000000022 ) ) ;
#1391 = CARTESIAN_POINT ( 'NONE',  ( 0.5484221205704828961, 0.1893696632325255758, 0.4390000000000000013 ) ) ;
#1392 = EDGE_LOOP ( 'NONE', ( #5700, #8489, #9194, #4245 ) ) ;
#1393 = CARTESIAN_POINT ( 'NONE',  ( -0.5197245487268008501, 0.2258973881926385485, 0.4400000000000001132 ) ) ;
#1394 = CARTESIAN_POINT ( 'NONE',  ( -0.5999999999999995337, -1.149999999999999911, -0.1499999999999999667 ) ) ;
#1395 = CARTESIAN_POINT ( 'NONE',  ( -0.7248815616298556197, -0.1508305672092106475, 0.4389999999999997793 ) ) ;
#1396 = FACE_OUTER_BOUND ( 'NONE', #2297, .T. ) ;
#1397 = VECTOR ( 'NONE', #8331, 1000.000000000000000 ) ;
#1398 = CARTESIAN_POINT ( 'NONE',  ( 0.8897469825249444408, 0.2007523347771729971, 0.4400000000000000577 ) ) ;
#1399 = EDGE_CURVE ( 'NONE', #4935, #5758, #7911, .T. ) ;
#1400 = EDGE_CURVE ( 'NONE', #8272, #4708, #5753, .T. ) ;
#1401 = FILL_AREA_STYLE ('',( #8164 ) ) ;
#1402 = ORIENTED_EDGE ( 'NONE', *, *, #6932, .F. ) ;
#1403 = CARTESIAN_POINT ( 'NONE',  ( -0.6845480202171965178, 0.2010471453458448354, 0.4400000000000000022 ) ) ;
#1404 = CIRCLE ( 'NONE', #3230, 0.1499999999999999667 ) ;
#1405 = ORIENTED_EDGE ( 'NONE', *, *, #2443, .F. ) ;
#1406 = CARTESIAN_POINT ( 'NONE',  ( -0.9631845509159012719, -0.1384131306795296223, 0.4400000000000000577 ) ) ;
#1407 = CARTESIAN_POINT ( 'NONE',  ( 0.9304841188319665779, -0.1742242782319083083, 0.4390000000000001679 ) ) ;
#1408 = CARTESIAN_POINT ( 'NONE',  ( -0.6962914471551641116, 0.1511116851005372685, 0.4400000000000000577 ) ) ;
#1409 = ORIENTED_EDGE ( 'NONE', *, *, #20, .T. ) ;
#1410 = CARTESIAN_POINT ( 'NONE',  ( -0.5153417410849171487, 0.1153979140725332753, 0.4390000000000000013 ) ) ;
#1411 = DIRECTION ( 'NONE',  ( 0.000000000000000000, -1.000000000000000000, 6.310334174148428887E-13 ) ) ;
#1412 = VECTOR ( 'NONE', #4401, 1000.000000000000000 ) ;
#1413 = CARTESIAN_POINT ( 'NONE',  ( -0.3719127969437024950, -0.1323342148985768851, 0.4390000000000000568 ) ) ;
#1414 = ORIENTED_EDGE ( 'NONE', *, *, #446, .T. ) ;
#1415 = CARTESIAN_POINT ( 'NONE',  ( -0.5618067014600400810, 0.1468049130941412594, 0.4400000000000000577 ) ) ;
#1416 = B_SPLINE_CURVE_WITH_KNOTS ( 'NONE', 3,
 ( #5648, #8579, #7954, #2773, #5698, #1318, #7201, #3764, #1461, #5837, #7426 ),
 .UNSPECIFIED., .F., .F.,
 ( 4, 1, 1, 1, 1, 1, 1, 1, 4 ),
 ( 0.000000000000000000, 0.1281355097972534940, 0.2541727119019793202, 0.3781116451390013067, 0.5017122630072842204, 0.6239863093684844264, 0.7470956136177407947, 0.8728746366500617082, 1.000000000000000000 ),
 .UNSPECIFIED. ) ;
#1417 = B_SPLINE_SURFACE_WITH_KNOTS ( 'NONE', 3, 1, ( 
 ( #7963, #3093 ),
 ( #5344, #4580 ),
 ( #3187, #1597 ),
 ( #6700, #4532 ),
 ( #5256, #6016 ),
 ( #109, #8273 ),
 ( #7434, #4625 ),
 ( #5301, #916 ),
 ( #149, #8963 ),
 ( #2378, #7478 ),
 ( #3141, #6117 ),
 ( #7515, #8230 ),
 ( #5392, #9056 ),
 ( #5972, #1685 ),
 ( #7559, #9105 ),
 ( #830, #1641 ),
 ( #9014, #4490 ),
 ( #293, #3773 ),
 ( #2475, #2521 ) ),
 .UNSPECIFIED., .F., .F., .F.,
 ( 4, 1, 1, 1, 1, 1, 1, 1, 1, 1, 1, 1, 1, 1, 1, 1, 4 ),
 ( 2, 2 ),
 ( 0.000000000000000000, 0.06879079439061801249, 0.1351032894311276489, 0.1989786743106512212, 0.2619042997808560536, 0.3234949693679692317, 0.3851953779660512445, 0.4469692387407738776, 0.5097647767031320276, 0.5722505688473681351, 0.6334051756611527306, 0.6932511629217524840, 0.7525831627856697237, 0.8125792661534209094, 0.8732750849201913468, 0.9355499428950292407, 1.000000000000000000 ),
 ( 0.000000000000000000, 1.000000000000000000 ),
 .UNSPECIFIED. ) ;
#1418 = EDGE_CURVE ( 'NONE', #7566, #7925, #5084, .T. ) ;
#1419 = CARTESIAN_POINT ( 'NONE',  ( -0.3819564851987478638, -0.05942841369055133771, 0.4390000000000000013 ) ) ;
#1420 = CARTESIAN_POINT ( 'NONE',  ( 1.500000000000000000, -0.5000000000000003331, 0.1500000000000000222 ) ) ;
#1421 = CARTESIAN_POINT ( 'NONE',  ( -0.9129248442575931266, -0.1666013120287596905, 0.4390000000000000013 ) ) ;
#1422 = CARTESIAN_POINT ( 'NONE',  ( 0.7090292371212383316, -0.008707662238742313807, 0.4399999999999997247 ) ) ;
#1423 = CARTESIAN_POINT ( 'NONE',  ( -0.5605666634764585599, 0.1239145142156437562, 0.4400000000000000022 ) ) ;
#1424 = CARTESIAN_POINT ( 'NONE',  ( -0.5999999999999999778, -0.5000000000000001110, -0.1549999999999999711 ) ) ;
#1425 = ORIENTED_EDGE ( 'NONE', *, *, #345, .T. ) ;
#1426 = B_SPLINE_CURVE_WITH_KNOTS ( 'NONE', 3,
 ( #2778, #4402, #1323, #740, #7249, #8688, #3678, #553, #6608, #5704, #17, #2963, #2104, #4986, #696, #6564, #7206, #2199, #6470 ),
 .UNSPECIFIED., .F., .F.,
 ( 4, 1, 1, 1, 1, 1, 1, 1, 1, 1, 1, 1, 1, 1, 1, 1, 4 ),
 ( 0.000000000000000000, 0.06167423887742596450, 0.1230530616348057410, 0.1834750007317020315, 0.2437265005106117599, 0.3042789165122537498, 0.3648629209606826795, 0.4259462039686190971, 0.4873912299654076796, 0.5492203840754760202, 0.6111435886926026573, 0.6735285303101514742, 0.7369614566573037262, 0.8007852828728398986, 0.8660125956416142579, 0.9321007477905788319, 1.000000000000000000 ),
 .UNSPECIFIED. ) ;
#1427 = EDGE_CURVE ( 'NONE', #267, #7030, #1426, .T. ) ;
#1428 = LINE ( 'NONE', #3682, #5846 ) ;
#1429 = CARTESIAN_POINT ( 'NONE',  ( -0.1516174532619641580, -0.2241821447565081338, 0.4389999999999999458 ) ) ;
#1430 = PLANE ( 'NONE',  #4360 ) ;
#1431 = DIRECTION ( 'NONE',  ( -0.000000000000000000, -0.000000000000000000, 1.000000000000000000 ) ) ;
#1432 = CARTESIAN_POINT ( 'NONE',  ( -0.9631845509159012719, -0.1384131306795296223, 0.4390000000000000568 ) ) ;
#1433 = DIRECTION ( 'NONE',  ( -1.000000000000000000, 0.000000000000000000, 0.000000000000000000 ) ) ;
#1434 = ORIENTED_EDGE ( 'NONE', *, *, #8398, .T. ) ;
#1435 = PLANE ( 'NONE',  #5026 ) ;
#1436 = CARTESIAN_POINT ( 'NONE',  ( -0.4235488196266465888, 0.1948136934114321206, 0.4389999999999999458 ) ) ;
#1437 = VECTOR ( 'NONE', #5641, 1000.000000000000000 ) ;
#1438 = CARTESIAN_POINT ( 'NONE',  ( 0.8613928012042399995, 0.08282648340288355227, 0.4390000000000001124 ) ) ;
#1439 = CARTESIAN_POINT ( 'NONE',  ( -0.2314501772294943471, 0.1911461241586373261, 0.4389999999999999458 ) ) ;
#1440 = DIRECTION ( 'NONE',  ( 0.000000000000000000, 1.000000000000000000, 0.000000000000000000 ) ) ;
#1441 = CARTESIAN_POINT ( 'NONE',  ( -0.8584888657109926990, 0.2464463007355963131, 0.4399999999999999467 ) ) ;
#1442 = DIRECTION ( 'NONE',  ( -1.000000000000000000, 0.000000000000000000, 0.000000000000000000 ) ) ;
#1443 = STYLED_ITEM ( 'NONE', ( #4677 ), #3224 ) ;
#1444 =( NAMED_UNIT ( * ) SI_UNIT ( $, .STERADIAN. ) SOLID_ANGLE_UNIT ( ) );
#1445 = VECTOR ( 'NONE', #3740, 1000.000000000000000 ) ;
#1446 = CARTESIAN_POINT ( 'NONE',  ( -0.3795025629738948414, -0.06299964610007650900, 0.4390000000000000568 ) ) ;
#1447 = CARTESIAN_POINT ( 'NONE',  ( -0.4036487886571014094, 0.02021759778678925215, 0.4400000000000001132 ) ) ;
#1448 = CARTESIAN_POINT ( 'NONE',  ( -0.4510971101987478749, 0.2470619709248333407, 0.4390000000000000568 ) ) ;
#1449 = ORIENTED_EDGE ( 'NONE', *, *, #3286, .T. ) ;
#1450 = LINE ( 'NONE', #727, #8458 ) ;
#1451 = ADVANCED_FACE ( 'NONE', ( #4309 ), #605, .T. ) ;
#1452 = CARTESIAN_POINT ( 'NONE',  ( 0.6784101013397136892, -0.06573850984439749690, 0.4400000000000000022 ) ) ;
#1453 = CARTESIAN_POINT ( 'NONE',  ( 1.250000000000000000, -0.9000000000000000222, 0.4149999999999999800 ) ) ;
#1454 = VERTEX_POINT ( 'NONE', #7958 ) ;
#1455 = CARTESIAN_POINT ( 'NONE',  ( 0.8284101013397137114, 0.1439369709248332352, 0.4390000000000000013 ) ) ;
#1456 = CARTESIAN_POINT ( 'NONE',  ( 0.8284101013397137114, 0.1439369709248332352, 0.4390000000000000013 ) ) ;
#1457 = VECTOR ( 'NONE', #6722, 1000.000000000000000 ) ;
#1458 = VECTOR ( 'NONE', #6892, 1000.000000000000000 ) ;
#1459 = CARTESIAN_POINT ( 'NONE',  ( -0.8403433970370205452, 0.2008561867340076523, 0.4389999999999999458 ) ) ;
#1460 = ORIENTED_EDGE ( 'NONE', *, *, #2358, .F. ) ;
#1461 = CARTESIAN_POINT ( 'NONE',  ( 0.03197890744275099645, -0.06991306074716299723, 0.4399999999999998912 ) ) ;
#1462 = DIRECTION ( 'NONE',  ( -1.000000000000000000, 0.000000000000000000, 0.000000000000000000 ) ) ;
#1463 = CARTESIAN_POINT ( 'NONE',  ( 0.3057463482283432343, 0.03793306622417837864, 0.4400000000000000022 ) ) ;
#1464 = CARTESIAN_POINT ( 'NONE',  ( -0.8942786296109150879, -0.1725486055844735744, 0.4390000000000000568 ) ) ;
#1465 = DIRECTION ( 'NONE',  ( 0.000000000000000000, 0.000000000000000000, -1.000000000000000000 ) ) ;
#1466 = CARTESIAN_POINT ( 'NONE',  ( 0.3321745168902279222, 0.1127526287424868712, 0.4400000000000000022 ) ) ;
#1467 = CARTESIAN_POINT ( 'NONE',  ( -1.018374754429517193, -0.1473190386905513238, 0.4390000000000000013 ) ) ;
#1468 = EDGE_CURVE ( 'NONE', #1947, #1341, #3812, .T. ) ;
#1469 = VECTOR ( 'NONE', #114, 1000.000000000000000 ) ;
#1470 = ORIENTED_EDGE ( 'NONE', *, *, #5215, .F. ) ;
#1471 = CARTESIAN_POINT ( 'NONE',  ( -0.2144706020274552150, 0.1347275695493832526, 0.4399999999999998912 ) ) ;
#1472 = VECTOR ( 'NONE', #8405, 1000.000000000000000 ) ;
#1473 = EDGE_CURVE ( 'NONE', #8412, #2859, #6696, .T. ) ;
#1474 = CARTESIAN_POINT ( 'NONE',  ( -0.2401916700982698882, -0.1735083917194085446, 0.4390000000000000013 ) ) ;
#1475 = CARTESIAN_POINT ( 'NONE',  ( 0.4999822689364689654, -0.2124306162002987108, 0.4390000000000000013 ) ) ;
#1476 = CARTESIAN_POINT ( 'NONE',  ( 0.8781946344373550151, 0.06997160733539459221, 0.4400000000000000577 ) ) ;
#1477 = ORIENTED_EDGE ( 'NONE', *, *, #1344, .F. ) ;
#1478 = CARTESIAN_POINT ( 'NONE',  ( -0.9778938701145172274, -0.1257470802840600366, 0.4390000000000000013 ) ) ;
#1479 = EDGE_CURVE ( 'NONE', #776, #9013, #6919, .T. ) ;
#1480 = CARTESIAN_POINT ( 'NONE',  ( -0.8027642401619667911, 0.2456807763720920135, 0.4400000000000000577 ) ) ;
#1481 = ORIENTED_EDGE ( 'NONE', *, *, #2390, .T. ) ;
#1482 = EDGE_LOOP ( 'NONE', ( #6826, #2569, #6488, #2876 ) ) ;
#1483 = CARTESIAN_POINT ( 'NONE',  ( 1.024563947493559946, -0.1042300963828590582, 0.4390000000000000568 ) ) ;
#1484 = CARTESIAN_POINT ( 'NONE',  ( -0.3806087008464171251, 0.1591840875540755651, 0.4390000000000001124 ) ) ;
#1485 = UNCERTAINTY_MEASURE_WITH_UNIT (LENGTH_MEASURE( 1.000000000000000082E-05 ), #620, 'distance_accuracy_value', 'NONE');
#1486 = CARTESIAN_POINT ( 'NONE',  ( 0.2636036061682475173, 0.1972823667599888364, 0.4399999999999999467 ) ) ;
#1487 = CARTESIAN_POINT ( 'NONE',  ( -0.1572216649729695492, 0.2429884413304583823, 0.4389999999999998903 ) ) ;
#1488 = CARTESIAN_POINT ( 'NONE',  ( -0.3276114254028590911, -0.1279876310926765237, 0.4389999999999998903 ) ) ;
#1489 =( LENGTH_UNIT ( ) NAMED_UNIT ( * ) SI_UNIT ( .MILLI., .METRE. ) );
#1490 = CARTESIAN_POINT ( 'NONE',  ( -0.7653362058400888790, -0.1697258370948855621, 0.4389999999999999458 ) ) ;
#1491 = DIRECTION ( 'NONE',  ( 0.000000000000000000, 0.000000000000000000, 1.000000000000000000 ) ) ;
#1492 = CARTESIAN_POINT ( 'NONE',  ( 0.8099794920528544662, 0.2068196935808352399, 0.4390000000000000013 ) ) ;
#1493 = CARTESIAN_POINT ( 'NONE',  ( -0.01235950959297100159, -0.1120350179253319645, 0.4390000000000000568 ) ) ;
#1494 = VERTEX_POINT ( 'NONE', #826 ) ;
#1495 = CARTESIAN_POINT ( 'NONE',  ( -0.8175716335320206696, -0.2258429396930174970, 0.4400000000000001132 ) ) ;
#1496 = CARTESIAN_POINT ( 'NONE',  ( 0.7880254859550981372, 0.1420439420786794305, 0.4390000000000000013 ) ) ;
#1497 = DIRECTION ( 'NONE',  ( -1.000000000000000000, 0.000000000000000000, 0.000000000000000000 ) ) ;
#1498 = ORIENTED_EDGE ( 'NONE', *, *, #3978, .T. ) ;
#1499 = CARTESIAN_POINT ( 'NONE',  ( 0.007558589861986532606, -0.003799231754521214741, 0.4390000000000001124 ) ) ;
#1500 = LINE ( 'NONE', #1456, #6124 ) ;
#1501 = CARTESIAN_POINT ( 'NONE',  ( -0.4500362720890284107, -0.1797512195323873185, 0.4390000000000000013 ) ) ;
#1502 = ORIENTED_EDGE ( 'NONE', *, *, #1820, .T. ) ;
#1503 = CARTESIAN_POINT ( 'NONE',  ( 1.250000000000000000, 0.9000000000000000222, 0.2799999999999999711 ) ) ;
#1504 = CARTESIAN_POINT ( 'NONE',  ( 0.3439758461782035370, 0.1972863235760553002, 0.4390000000000000013 ) ) ;
#1505 = CARTESIAN_POINT ( 'NONE',  ( -0.01122776153011273426, 0.06631016023398507431, 0.4390000000000001124 ) ) ;
#1506 = CARTESIAN_POINT ( 'NONE',  ( -1.031735892743649519, -0.02876472087919649395, 0.4399999999999999467 ) ) ;
#1507 = CARTESIAN_POINT ( 'NONE',  ( 0.7164781937223492214, -0.03676088543393593588, 0.4399999999999997802 ) ) ;
#1508 = CARTESIAN_POINT ( 'NONE',  ( 0.9256754517713827735, -0.01716143980300430943, 0.4389999999999998348 ) ) ;
#1509 = CARTESIAN_POINT ( 'NONE',  ( 0.8685472191000089826, -0.1754815206903646285, 0.4399999999999997247 ) ) ;
#1510 = EDGE_CURVE ( 'NONE', #8023, #4250, #5667, .T. ) ;
#1511 = ORIENTED_EDGE ( 'NONE', *, *, #6626, .T. ) ;
#1512 = B_SPLINE_CURVE_WITH_KNOTS ( 'NONE', 3,
 ( #8039, #5165, #5790, #2274, #6, #1410, #8773, #7285, #6555, #2188, #2952 ),
 .UNSPECIFIED., .F., .F.,
 ( 4, 1, 1, 1, 1, 1, 1, 1, 4 ),
 ( 0.000000000000000000, 0.1072852142689559307, 0.2147458609696391574, 0.3229385595552862753, 0.4341161625174662642, 0.5534123109627949733, 0.6860729848107299800, 0.8342559920595843392, 1.000000000000000000 ),
 .UNSPECIFIED. ) ;
#1513 = CARTESIAN_POINT ( 'NONE',  ( -0.1932272004231346263, 0.1702452821604417688, 0.4399999999999999467 ) ) ;
#1514 = CARTESIAN_POINT ( 'NONE',  ( -0.2659599996447088999, -0.1238265639763696246, 0.4390000000000000013 ) ) ;
#1515 = CARTESIAN_POINT ( 'NONE',  ( 0.4693127721468116631, -0.1907823211450798973, 0.4399999999999997802 ) ) ;
#1516 = CARTESIAN_POINT ( 'NONE',  ( 0.4266700893551639839, -0.1126928626284876833, 0.4399999999999998912 ) ) ;
#1517 = CARTESIAN_POINT ( 'NONE',  ( -0.4573805553952030589, -0.2259492288038511820, 0.4399999999999999467 ) ) ;
#1518 = CARTESIAN_POINT ( 'NONE',  ( -0.8027642401619667911, 0.2456807763720920135, 0.4390000000000000013 ) ) ;
#1519 = ORIENTED_EDGE ( 'NONE', *, *, #5875, .F. ) ;
#1520 = CARTESIAN_POINT ( 'NONE',  ( -0.6369745140449017962, -0.1316339425367052118, 0.4390000000000000568 ) ) ;
#1521 = CARTESIAN_POINT ( 'NONE',  ( 1.377499999999999947, 1.250000000000000000, -0.1499999999999999667 ) ) ;
#1522 = DIRECTION ( 'NONE',  ( 0.000000000000000000, 0.000000000000000000, -1.000000000000000000 ) ) ;
#1523 = ADVANCED_FACE ( 'NONE', ( #6012 ), #8956, .F. ) ;
#1524 = CARTESIAN_POINT ( 'NONE',  ( 0.5647244726616570398, 0.07940870507773568898, 0.4389999999999998903 ) ) ;
#1525 = CARTESIAN_POINT ( 'NONE',  ( -0.1141883793267934460, 0.05919505592437089569, 0.4390000000000000568 ) ) ;
#1526 = CARTESIAN_POINT ( 'NONE',  ( -1.075436052506440143, 0.01313769207867942004, 0.4400000000000000022 ) ) ;
#1527 = LINE ( 'NONE', #7410, #1210 ) ;
#1528 = CARTESIAN_POINT ( 'NONE',  ( 0.6930658229311720264, -0.1582535414206601987, 0.4399999999999997247 ) ) ;
#1529 = CARTESIAN_POINT ( 'NONE',  ( 0.9234382352484691303, 0.03743837030140804989, 0.4389999999999999458 ) ) ;
#1530 = ORIENTED_EDGE ( 'NONE', *, *, #7076, .T. ) ;
#1531 = CARTESIAN_POINT ( 'NONE',  ( 0.1439657729713016143, 0.2149255141320609019, 0.4390000000000000568 ) ) ;
#1532 = B_SPLINE_CURVE_WITH_KNOTS ( 'NONE', 3,
 ( #2463, #4663, #8409, #8360, #1824, #1006, #8306, #4869, #1720, #4711, #5433, #6881, #6931, #7641, #385 ),
 .UNSPECIFIED., .F., .F.,
 ( 4, 1, 1, 1, 1, 1, 1, 1, 1, 1, 1, 1, 4 ),
 ( 0.000000000000000000, 0.09870219630615245654, 0.1956723088106643860, 0.2924224265079541918, 0.3913425437998252487, 0.4444624406718920007, 0.5042287754493164353, 0.5703523379946785488, 0.6425457530977481957, 0.7222875053440187543, 0.8079211226827124337, 0.9004695379850152781, 1.000000000000000000 ),
 .UNSPECIFIED. ) ;
#1533 = EDGE_CURVE ( 'NONE', #5693, #3220, #4728, .T. ) ;
#1534 = CARTESIAN_POINT ( 'NONE',  ( -0.7464911519534915829, -0.2122645754832284126, 0.4399999999999999467 ) ) ;
#1535 =( GEOMETRIC_REPRESENTATION_CONTEXT ( 3 ) GLOBAL_UNCERTAINTY_ASSIGNED_CONTEXT ( ( #3299 ) ) GLOBAL_UNIT_ASSIGNED_CONTEXT ( ( #4095, #9284, #2801 ) ) REPRESENTATION_CONTEXT ( 'NONE', 'WORKASPACE' ) );
#1536 = DIRECTION ( 'NONE',  ( -0.000000000000000000, -0.000000000000000000, 1.000000000000000000 ) ) ;
#1537 = CARTESIAN_POINT ( 'NONE',  ( -0.3833847860177980738, 0.2262501357037484950, 0.4400000000000000022 ) ) ;
#1538 = AXIS2_PLACEMENT_3D ( 'NONE', #3043, #5932, #102 ) ;
#1539 = CARTESIAN_POINT ( 'NONE',  ( 0.9672243123605896997, -0.1497813324591905637, 0.4400000000000000022 ) ) ;
#1540 = CARTESIAN_POINT ( 'NONE',  ( -0.4088947706026783702, -0.1696187298951029876, 0.4389999999999998903 ) ) ;
#1541 = VECTOR ( 'NONE', #2195, 1000.000000000000000 ) ;
#1542 = ORIENTED_EDGE ( 'NONE', *, *, #1181, .T. ) ;
#1543 = ORIENTED_EDGE ( 'NONE', *, *, #1575, .F. ) ;
#1544 = CARTESIAN_POINT ( 'NONE',  ( 0.5999999999999997558, -1.150000000000000133, -0.1499999999999999667 ) ) ;
#1545 = CARTESIAN_POINT ( 'NONE',  ( 0.009179332108944296409, 0.1301449036171409557, 0.4390000000000000013 ) ) ;
#1546 = CARTESIAN_POINT ( 'NONE',  ( 0.9090511151807095791, -0.2257380525320007714, 0.4390000000000001124 ) ) ;
#1547 = CARTESIAN_POINT ( 'NONE',  ( -0.9134477412689689935, 0.1867328895044895187, 0.4400000000000000577 ) ) ;
#1548 = DIRECTION ( 'NONE',  ( -1.000000000000000000, 0.000000000000000000, 0.000000000000000000 ) ) ;
#1549 = CARTESIAN_POINT ( 'NONE',  ( 0.8821446519057658531, -0.1791864318095373054, 0.4399999999999998912 ) ) ;
#1550 = TOROIDAL_SURFACE ( 'NONE', #7686, 0.2250000000000000056, 0.02500000000000000139 ) ;
#1551 = ORIENTED_EDGE ( 'NONE', *, *, #474, .F. ) ;
#1552 = CIRCLE ( 'NONE', #323, 0.1750000000000000167 ) ;
#1553 = ORIENTED_EDGE ( 'NONE', *, *, #6236, .F. ) ;
#1554 = DIRECTION ( 'NONE',  ( -0.000000000000000000, -0.000000000000000000, 1.000000000000000000 ) ) ;
#1555 = DIRECTION ( 'NONE',  ( -0.000000000000000000, -0.000000000000000000, 1.000000000000000000 ) ) ;
#1556 = CARTESIAN_POINT ( 'NONE',  ( -0.2479907863336816565, -0.1625801540724172989, 0.4390000000000000568 ) ) ;
#1557 = CARTESIAN_POINT ( 'NONE',  ( 0.4524618635602426497, -0.1717700367338756973, 0.4389999999999999458 ) ) ;
#1558 = EDGE_CURVE ( 'NONE', #7595, #1564, #5384, .T. ) ;
#1560 = CARTESIAN_POINT ( 'NONE',  ( -0.4933998385788612162, 0.1920045283017018101, 0.4390000000000000013 ) ) ;
#1559 = B_SPLINE_SURFACE_WITH_KNOTS ( 'NONE', 3, 1, ( 
 ( #6943, #5599 ),
 ( #8469, #3287 ),
 ( #1888, #9313 ),
 ( #2724, #4828 ),
 ( #449, #3387 ),
 ( #1835, #5651 ),
 ( #9154, #8526 ),
 ( #4207, #8685 ),
 ( #646, #8000 ),
 ( #7908, #3534 ),
 ( #1504, #2147 ),
 ( #4349, #5796 ),
 ( #4398, #5749 ),
 ( #6561, #9410 ),
 ( #693, #7292 ),
 ( #4305, #8634 ),
 ( #2101, #3629 ),
 ( #5034, #1320 ),
 ( #6605, #9502 ) ),
 .UNSPECIFIED., .F., .F., .F.,
 ( 4, 1, 1, 1, 1, 1, 1, 1, 1, 1, 1, 1, 1, 1, 1, 1, 4 ),
 ( 2, 2 ),
 ( 0.000000000000000000, 0.06947546024967045375, 0.1365167976177986131, 0.2007888236092602030, 0.2638296728558254811, 0.3257350229654196738, 0.3872906922152909992, 0.4495092187626023583, 0.5129678195454409062, 0.5762752154930609327, 0.6375801002639245318, 0.6979026059171020702, 0.7571720884269852458, 0.8165985284886554396, 0.8766531708928194666, 0.9372896424102401536, 1.000000000000000000 ),
 ( 0.000000000000000000, 1.000000000000000000 ),
 .UNSPECIFIED. ) ;
#1561 = DIRECTION ( 'NONE',  ( 1.000000000000000000, 0.000000000000000000, 0.000000000000000000 ) ) ;
#1562 = DIRECTION ( 'NONE',  ( -0.000000000000000000, -0.000000000000000000, 1.000000000000000000 ) ) ;
#1563 = CARTESIAN_POINT ( 'NONE',  ( -0.6397304873481705068, 0.1565873910786314271, 0.4400000000000001132 ) ) ;
#1564 = VERTEX_POINT ( 'NONE', #490 ) ;
#1565 = CARTESIAN_POINT ( 'NONE',  ( -0.7084214699559889805, -0.1950362689981247344, 0.4400000000000002243 ) ) ;
#1566 = CARTESIAN_POINT ( 'NONE',  ( 0.9633164729924039715, 0.1661804920653244810, 0.4390000000000000013 ) ) ;
#1567 = B_SPLINE_SURFACE_WITH_KNOTS ( 'NONE', 3, 1, ( 
 ( #1709, #4558 ),
 ( #3166, #2402 ),
 ( #6139, #1094 ),
 ( #220, #9081 ),
 ( #8397, #2546 ),
 ( #9128, #5469 ),
 ( #3891, #6721 ),
 ( #2498, #9034 ),
 ( #4747, #4649 ),
 ( #3841, #6763 ),
 ( #1621, #7628 ) ),
 .UNSPECIFIED., .F., .F., .F.,
 ( 4, 1, 1, 1, 1, 1, 1, 1, 4 ),
 ( 2, 2 ),
 ( 0.000000000000000000, 0.1243285095938497231, 0.2471560163611861705, 0.3687797492913392761, 0.4907338624016475137, 0.6136137718478436032, 0.7389575757222153207, 0.8673105751912625339, 1.000000000000000000 ),
 ( 0.000000000000000000, 1.000000000000000000 ),
 .UNSPECIFIED. ) ;
#1568 = CARTESIAN_POINT ( 'NONE',  ( -0.8333086486602864218, 0.2470619709248333407, 0.4390000000000000568 ) ) ;
#1569 = CARTESIAN_POINT ( 'NONE',  ( -0.5354010203521716305, 0.07183481340275379989, 0.4399999999999999467 ) ) ;
#1570 = CARTESIAN_POINT ( 'NONE',  ( 0.5731170202858651974, 0.07964158785787371631, 0.4389999999999999458 ) ) ;
#1571 = CARTESIAN_POINT ( 'NONE',  ( -0.7870436614209322945, -0.1755961408165312709, 0.4390000000000000013 ) ) ;
#1572 = CARTESIAN_POINT ( 'NONE',  ( -0.3619052919854413575, -0.01836882851375162481, 0.4390000000000000013 ) ) ;
#1573 = CARTESIAN_POINT ( 'NONE',  ( 0.6983689415357129393, -0.1492280190670534634, 0.4399999999999996692 ) ) ;
#1574 = CARTESIAN_POINT ( 'NONE',  ( 0.2367033705704829349, 0.2470619709248332851, 0.4400000000000000022 ) ) ;
#1575 = EDGE_CURVE ( 'NONE', #6310, #4623, #2006, .T. ) ;
#1576 = UNCERTAINTY_MEASURE_WITH_UNIT (LENGTH_MEASURE( 1.000000000000000082E-05 ), #5564, 'distance_accuracy_value', 'NONE');
#1577 = ORIENTED_EDGE ( 'NONE', *, *, #5808, .T. ) ;
#1578 = VECTOR ( 'NONE', #5365, 1000.000000000000000 ) ;
#1579 = CARTESIAN_POINT ( 'NONE',  ( -0.3705758560721998940, -0.009167848185585128137, 0.4400000000000000022 ) ) ;
#1580 = FACE_OUTER_BOUND ( 'NONE', #5480, .T. ) ;
#1581 = CARTESIAN_POINT ( 'NONE',  ( -0.7738115627427011312, -0.2200273102876245668, 0.4399999999999999467 ) ) ;
#1582 = ADVANCED_FACE ( 'NONE', ( #6355 ), #4871, .F. ) ;
#1583 = CARTESIAN_POINT ( 'NONE',  ( -0.1984078272952176647, 0.2242883743056727219, 0.4400000000000001688 ) ) ;
#1584 = VECTOR ( 'NONE', #4836, 1000.000000000000000 ) ;
#1585 = CYLINDRICAL_SURFACE ( 'NONE', #9474, 0.1571850217640345937 ) ;
#1586 = ADVANCED_FACE ( 'NONE', ( #3277 ), #2663, .T. ) ;
#1587 = CARTESIAN_POINT ( 'NONE',  ( -0.9254319612428826280, 0.1814158386653542954, 0.4389999999999999458 ) ) ;
#1588 = AXIS2_PLACEMENT_3D ( 'NONE', #2536, #9027, #8335 ) ;
#1589 = ORIENTED_EDGE ( 'NONE', *, *, #2639, .T. ) ;
#1590 = CARTESIAN_POINT ( 'NONE',  ( -0.3254360525064402543, -0.1042300963828590582, 0.4400000000000000577 ) ) ;
#1591 = CARTESIAN_POINT ( 'NONE',  ( -0.9494350565958208366, -0.2012716355091538067, 0.4400000000000000022 ) ) ;
#1592 = CARTESIAN_POINT ( 'NONE',  ( 0.8981011234464266746, 0.2007656540982750426, 0.4389999999999999458 ) ) ;
#1593 = CARTESIAN_POINT ( 'NONE',  ( -1.028784328985340002, 0.06111036129029265990, 0.4400000000000000577 ) ) ;
#1594 = CARTESIAN_POINT ( 'NONE',  ( -0.9494350565958208366, -0.2012716355091538067, 0.4390000000000000013 ) ) ;
#1595 = VECTOR ( 'NONE', #6434, 1000.000000000000000 ) ;
#1596 = EDGE_CURVE ( 'NONE', #2018, #2136, #7690, .T. ) ;
#1597 = CARTESIAN_POINT ( 'NONE',  ( 0.09072869663968248510, 0.1129420083688947862, 0.4399999999999997802 ) ) ;
#1598 = SURFACE_STYLE_USAGE ( .BOTH. , #2331 ) ;
#1599 = FACE_OUTER_BOUND ( 'NONE', #6928, .T. ) ;
#1600 = ORIENTED_EDGE ( 'NONE', *, *, #8216, .F. ) ;
#1601 = CARTESIAN_POINT ( 'NONE',  ( 0.8821446519057658531, -0.1791864318095373054, 0.4400000000000000577 ) ) ;
#1602 = ORIENTED_EDGE ( 'NONE', *, *, #1673, .F. ) ;
#1603 = CARTESIAN_POINT ( 'NONE',  ( 0.3784101013397135338, -0.1683226444597820948, 0.4400000000000000022 ) ) ;
#1604 = FILL_AREA_STYLE_COLOUR ( '', #3201 ) ;
#1605 = CARTESIAN_POINT ( 'NONE',  ( -0.7000000000000005107, 0.6999999999999995115, -0.1549999999999999711 ) ) ;
#1606 = CARTESIAN_POINT ( 'NONE',  ( 0.2942161438281951646, -0.03463235271249406888, 0.4400000000000001688 ) ) ;
#1607 = VECTOR ( 'NONE', #3633, 1000.000000000000000 ) ;
#1608 = CARTESIAN_POINT ( 'NONE',  ( -0.2265461713530396992, -0.1132264646748479958, 0.4390000000000001679 ) ) ;
#1609 = FACE_OUTER_BOUND ( 'NONE', #7112, .T. ) ;
#1610 = CARTESIAN_POINT ( 'NONE',  ( 0.7964329443659298180, -0.1820700295209827513, 0.4400000000000001688 ) ) ;
#1611 = CARTESIAN_POINT ( 'NONE',  ( -0.4843288654863744380, 0.07940747589154534269, 0.4400000000000001132 ) ) ;
#1612 = FILL_AREA_STYLE_COLOUR ( '', #7894 ) ;
#1613 = CARTESIAN_POINT ( 'NONE',  ( 0.1554479651890066927, 0.2234954739214252972, 0.4400000000000001688 ) ) ;
#1614 = CARTESIAN_POINT ( 'NONE',  ( 0.9463512113428983463, 0.02021759778678919317, 0.4400000000000001132 ) ) ;
#1615 = VECTOR ( 'NONE', #9488, 1000.000000000000000 ) ;
#1616 = ORIENTED_EDGE ( 'NONE', *, *, #3395, .F. ) ;
#1617 = ORIENTED_EDGE ( 'NONE', *, *, #5978, .T. ) ;
#1618 = CARTESIAN_POINT ( 'NONE',  ( 0.2513334644089655345, 0.2467194706191512821, 0.4389999999999998903 ) ) ;
#1619 = EDGE_CURVE ( 'NONE', #2202, #2508, #2716, .T. ) ;
#1620 = EDGE_CURVE ( 'NONE', #381, #619, #8570, .T. ) ;
#1621 = CARTESIAN_POINT ( 'NONE',  ( -1.075436052506440143, 0.01313769207867942004, 0.4390000000000000013 ) ) ;
#1622 = CARTESIAN_POINT ( 'NONE',  ( 0.9839897778761776959, -0.09985240609080045515, 0.4399999999999999467 ) ) ;
#1623 = CARTESIAN_POINT ( 'NONE',  ( 1.024479458306194024, -0.1082644576094350108, 0.4390000000000000568 ) ) ;
#1624 = CARTESIAN_POINT ( 'NONE',  ( -0.4630862928910556287, 0.01232639400175632692, 0.4400000000000000022 ) ) ;
#1625 = DIRECTION ( 'NONE',  ( -2.706316702822271341E-16, 1.000000000000000000, 0.000000000000000000 ) ) ;
#1626 = CARTESIAN_POINT ( 'NONE',  ( 3.112264208245613817E-16, -1.150000000000000355, -0.1549999999999999711 ) ) ;
#1627 = CARTESIAN_POINT ( 'NONE',  ( -0.2241572558891679612, 0.2006178687331114652, 0.4390000000000001679 ) ) ;
#1628 = CARTESIAN_POINT ( 'NONE',  ( 0.8821791933144943476, 0.01569864098138409186, 0.4400000000000000577 ) ) ;
#1629 = VERTEX_POINT ( 'NONE', #8411 ) ;
#1630 = DIRECTION ( 'NONE',  ( 0.000000000000000000, 0.000000000000000000, -1.000000000000000000 ) ) ;
#1631 = CARTESIAN_POINT ( 'NONE',  ( 0.6513123717139294167, -0.2011012082292962522, 0.4399999999999998912 ) ) ;
#1632 = EDGE_CURVE ( 'NONE', #4182, #5292, #4818, .T. ) ;
#1633 = EDGE_CURVE ( 'NONE', #8219, #4125, #2612, .T. ) ;
#1634 = CARTESIAN_POINT ( 'NONE',  ( 1.015322687568312121, -0.1503001716521157327, 0.4390000000000001124 ) ) ;
#1635 = CARTESIAN_POINT ( 'NONE',  ( 0.8392174697982378584, 0.04847397028318149032, 0.4390000000000001124 ) ) ;
#1636 = DIRECTION ( 'NONE',  ( -1.000000000000000000, 0.000000000000000000, 0.000000000000000000 ) ) ;
#1637 = CARTESIAN_POINT ( 'NONE',  ( 0.9956400097734818821, -0.02725125928718050150, 0.4399999999999998912 ) ) ;
#1638 = VERTEX_POINT ( 'NONE', #3226 ) ;
#1639 = VERTEX_POINT ( 'NONE', #6988 ) ;
#1640 = ORIENTED_EDGE ( 'NONE', *, *, #801, .T. ) ;
#1641 = CARTESIAN_POINT ( 'NONE',  ( 0.2072992598869405068, 0.2447046680416607167, 0.4399999999999998357 ) ) ;
#1642 = B_SPLINE_CURVE_WITH_KNOTS ( 'NONE', 3,
 ( #6702, #6660, #74, #3777, #5091, #5942, #8013, #112, #8881, #2333, #5259 ),
 .UNSPECIFIED., .F., .F.,
 ( 4, 1, 1, 1, 1, 1, 1, 1, 4 ),
 ( 0.000000000000000000, 0.1430730837303635372, 0.2759029640930095173, 0.4023708562739971017, 0.5284136450935948970, 0.6503563791869512167, 0.7658950861246937025, 0.8807741308440214523, 1.000000000000000000 ),
 .UNSPECIFIED. ) ;
#1643 =( LENGTH_UNIT ( ) NAMED_UNIT ( * ) SI_UNIT ( .MILLI., .METRE. ) );
#1644 = EDGE_CURVE ( 'NONE', #2818, #4719, #5539, .T. ) ;
#1645 =( LENGTH_UNIT ( ) NAMED_UNIT ( * ) SI_UNIT ( .MILLI., .METRE. ) );
#1646 = LINE ( 'NONE', #8882, #8673 ) ;
#1647 = ORIENTED_EDGE ( 'NONE', *, *, #7881, .F. ) ;
#1648 = LINE ( 'NONE', #1742, #1160 ) ;
#1649 = CARTESIAN_POINT ( 'NONE',  ( -0.4135074368062525152, -0.02619844223432353861, 0.4390000000000000568 ) ) ;
#1650 = ORIENTED_EDGE ( 'NONE', *, *, #1153, .T. ) ;
#1651 = CARTESIAN_POINT ( 'NONE',  ( -0.6745995809851816905, -0.1716687742771789982, 0.4399999999999998912 ) ) ;
#1652 = CARTESIAN_POINT ( 'NONE',  ( 0.3719915753157277405, 0.09459518340317842056, 0.4400000000000001688 ) ) ;
#1653 = CARTESIAN_POINT ( 'NONE',  ( -0.01171445769966181390, -0.05980445698274877708, 0.4400000000000001132 ) ) ;
#1654 = CARTESIAN_POINT ( 'NONE',  ( -0.3254360525064402543, -0.1042300963828590582, 0.4390000000000000568 ) ) ;
#1656 = PRESENTATION_LAYER_ASSIGNMENT (  '', '', ( #1818 ) ) ;
#1655 = CARTESIAN_POINT ( 'NONE',  ( 0.7809323034281235865, -0.1630737750070507808, 0.4400000000000000022 ) ) ;
#1657 = FACE_OUTER_BOUND ( 'NONE', #4901, .T. ) ;
#1658 = CARTESIAN_POINT ( 'NONE',  ( -0.1465898986602864051, 0.01052350938637172661, 0.4390000000000000013 ) ) ;
#1659 = SURFACE_STYLE_USAGE ( .BOTH. , #4465 ) ;
#1660 = CARTESIAN_POINT ( 'NONE',  ( 0.1675137544115314903, 0.2307363173822501445, 0.4399999999999997802 ) ) ;
#1661 = CARTESIAN_POINT ( 'NONE',  ( 0.1606128102566608262, 0.1713741338729881103, 0.4390000000000000568 ) ) ;
#1662 = ORIENTED_EDGE ( 'NONE', *, *, #573, .T. ) ;
#1663 = ORIENTED_EDGE ( 'NONE', *, *, #6103, .F. ) ;
#1664 = VECTOR ( 'NONE', #7600, 1000.000000000000000 ) ;
#1665 = CARTESIAN_POINT ( 'NONE',  ( 0.2789556612696285076, 0.2417171907888273630, 0.4389999999999999458 ) ) ;
#1666 = CARTESIAN_POINT ( 'NONE',  ( 0.9752240626453163586, -0.06987838024578864327, 0.4400000000000000577 ) ) ;
#1667 =( LENGTH_UNIT ( ) NAMED_UNIT ( * ) SI_UNIT ( .MILLI., .METRE. ) );
#1668 = CARTESIAN_POINT ( 'NONE',  ( -1.607071067811865595, -1.257071067811865506, 0.1500000000000000222 ) ) ;
#1669 = CARTESIAN_POINT ( 'NONE',  ( -0.04337475442951722882, 0.03756677861714095151, 0.4390000000000000013 ) ) ;
#1670 = CARTESIAN_POINT ( 'NONE',  ( 0.6363512187081699079, -0.1549538441917169829, 0.4400000000000000577 ) ) ;
#1671 = CARTESIAN_POINT ( 'NONE',  ( -0.3387426493151648454, 0.1812413703688390554, 0.4400000000000001688 ) ) ;
#1672 = ADVANCED_FACE ( 'NONE', ( #7744 ), #4716, .T. ) ;
#1673 = EDGE_CURVE ( 'NONE', #7242, #139, #7281, .T. ) ;
#1674 = DIRECTION ( 'NONE',  ( 0.000000000000000000, 1.000000000000000000, 0.000000000000000000 ) ) ;
#1675 = ORIENTED_EDGE ( 'NONE', *, *, #1596, .F. ) ;
#1676 = CARTESIAN_POINT ( 'NONE',  ( -0.5617869859370588914, 0.1329349080182208598, 0.4400000000000000577 ) ) ;
#1677 = CARTESIAN_POINT ( 'NONE',  ( 0.6338526641773484238, -0.2110180705429347270, 0.4400000000000000577 ) ) ;
#1678 = CARTESIAN_POINT ( 'NONE',  ( 0.9054206474952301020, 0.2004842256966972991, 0.4390000000000001124 ) ) ;
#1679 = CARTESIAN_POINT ( 'NONE',  ( -0.9254319612428826280, 0.1814158386653542954, 0.4399999999999999467 ) ) ;
#1680 = CARTESIAN_POINT ( 'NONE',  ( -0.05308105990736528695, -0.009443455579521376972, 0.4390000000000000013 ) ) ;
#1681 = VECTOR ( 'NONE', #7777, 1000.000000000000227 ) ;
#1682 = CARTESIAN_POINT ( 'NONE',  ( 0.7957656325240215489, 0.1831244531306015499, 0.4400000000000000022 ) ) ;
#1683 = ORIENTED_EDGE ( 'NONE', *, *, #2962, .F. ) ;
#1684 = EDGE_CURVE ( 'NONE', #7068, #3071, #4073, .T. ) ;
#1685 = CARTESIAN_POINT ( 'NONE',  ( 0.1801265342785109691, 0.2367896199024590309, 0.4400000000000000577 ) ) ;
#1686 = CARTESIAN_POINT ( 'NONE',  ( 1.600000000000000089, 0.000000000000000000, 0.1500000000000000222 ) ) ;
#1687 = AXIS2_PLACEMENT_3D ( 'NONE', #8803, #1440, #4506 ) ;
#1688 =( NAMED_UNIT ( * ) PLANE_ANGLE_UNIT ( ) SI_UNIT ( $, .RADIAN. ) );
#1689 = CARTESIAN_POINT ( 'NONE',  ( 0.7014870244166366842, 0.1893696632325255758, 0.4400000000000000022 ) ) ;
#1690 = CARTESIAN_POINT ( 'NONE',  ( 0.6882663226408225476, 0.02786912743620751504, 0.4390000000000000013 ) ) ;
#1691 = LINE ( 'NONE', #1073, #6376 ) ;
#1692 = LINE ( 'NONE', #6951, #6439 ) ;
#1693 = EDGE_CURVE ( 'NONE', #7876, #2400, #7962, .T. ) ;
#1694 = AXIS2_PLACEMENT_3D ( 'NONE', #5484, #1209, #4919 ) ;
#1695 = PRESENTATION_LAYER_ASSIGNMENT (  '', '', ( #3718 ) ) ;
#1696 = CARTESIAN_POINT ( 'NONE',  ( -0.3954727650497736891, -0.04338554627878805914, 0.4399999999999998912 ) ) ;
#1697 = CARTESIAN_POINT ( 'NONE',  ( 0.3167348696625138516, -0.009180151470120448756, 0.4400000000000003353 ) ) ;
#1698 = CARTESIAN_POINT ( 'NONE',  ( -0.1185224161363863937, 0.2008343725616066056, 0.4389999999999999458 ) ) ;
#1699 = CARTESIAN_POINT ( 'NONE',  ( -0.7870436614209322945, -0.1755961408165312709, 0.4400000000000000022 ) ) ;
#1700 = LINE ( 'NONE', #8980, #2945 ) ;
#1701 = CARTESIAN_POINT ( 'NONE',  ( -0.008325113252065403577, -0.08047591187978772598, 0.4399999999999997802 ) ) ;
#1702 = CYLINDRICAL_SURFACE ( 'NONE', #6272, 0.1499999999999999667 ) ;
#1703 = CARTESIAN_POINT ( 'NONE',  ( 0.1148868727923775535, 0.1824846794851368026, 0.4399999999999999467 ) ) ;
#1704 = EDGE_CURVE ( 'NONE', #3972, #9002, #3255, .T. ) ;
#1705 = CARTESIAN_POINT ( 'NONE',  ( 0.8286318327696376995, 0.1478095288284511089, 0.4400000000000000577 ) ) ;
#1706 = B_SPLINE_SURFACE_WITH_KNOTS ( 'NONE', 3, 1, ( 
 ( #2150, #9504 ),
 ( #2828, #1322 ),
 ( #5933, #648 ),
 ( #8736, #1506 ),
 ( #8047, #695 ),
 ( #7910, #2961 ),
 ( #3631, #2870 ),
 ( #15, #3004 ),
 ( #5082, #8003 ),
 ( #4261, #5798 ),
 ( #8687, #6520 ),
 ( #785, #9458 ),
 ( #5036, #2198 ),
 ( #1421, #5887 ),
 ( #1464, #2103 ),
 ( #1370, #4308 ),
 ( #8828, #4351 ),
 ( #2051, #7205 ),
 ( #6563, #7247 ) ),
 .UNSPECIFIED., .F., .F., .F.,
 ( 4, 1, 1, 1, 1, 1, 1, 1, 1, 1, 1, 1, 1, 1, 1, 1, 4 ),
 ( 2, 2 ),
 ( 0.000000000000000000, 0.06432321657984213514, 0.1262901037035558949, 0.1867264692161329231, 0.2461464323353445005, 0.3055756426461386788, 0.3654293856180520494, 0.4263263089482598467, 0.4888399064006412886, 0.5517249718140474490, 0.6139185964661592054, 0.6754837657683961938, 0.7373338970992856511, 0.8002290443945264675, 0.8645022981233225767, 0.9310407391556972945, 1.000000000000000000 ),
 ( 0.000000000000000000, 1.000000000000000000 ),
 .UNSPECIFIED. ) ;
#1707 = ORIENTED_EDGE ( 'NONE', *, *, #1122, .F. ) ;
#1708 = CARTESIAN_POINT ( 'NONE',  ( 0.3439758461782035370, 0.1972863235760553002, 0.4390000000000000013 ) ) ;
#1709 = CARTESIAN_POINT ( 'NONE',  ( -1.018374754429517193, -0.1473190386905513238, 0.4390000000000000013 ) ) ;
#1710 = FACE_OUTER_BOUND ( 'NONE', #8788, .T. ) ;
#1711 = PRESENTATION_STYLE_ASSIGNMENT (( #6920 ) ) ;
#1712 = FACE_OUTER_BOUND ( 'NONE', #1266, .T. ) ;
#1713 = CARTESIAN_POINT ( 'NONE',  ( 0.4693127721468116631, -0.1907823211450798973, 0.4390000000000000013 ) ) ;
#1714 = CARTESIAN_POINT ( 'NONE',  ( -0.2562052832756709364, 0.1316773555402178664, 0.4400000000000000022 ) ) ;
#1715 = CARTESIAN_POINT ( 'NONE',  ( -0.2562052832756709364, 0.1316773555402178664, 0.4390000000000000013 ) ) ;
#1716 = CARTESIAN_POINT ( 'NONE',  ( -0.2158206678910555287, 0.1316773555402178664, 0.4390000000000000013 ) ) ;
#1717 = VERTEX_POINT ( 'NONE', #6185 ) ;
#1718 = CARTESIAN_POINT ( 'NONE',  ( -0.9494350565958208366, -0.2012716355091538067, 0.4390000000000000013 ) ) ;
#1719 = EDGE_CURVE ( 'NONE', #9519, #6323, #8937, .T. ) ;
#1720 = CARTESIAN_POINT ( 'NONE',  ( 0.3348880458199539611, 0.01331833684777401425, 0.4389999999999999458 ) ) ;
#1721 = CARTESIAN_POINT ( 'NONE',  ( 0.9411642040979691926, 0.1864051138167854282, 0.4400000000000001688 ) ) ;
#1722 = B_SPLINE_CURVE_WITH_KNOTS ( 'NONE', 3,
 ( #7871, #4738, #3450, #1085, #5512, #2014, #3354, #9276, #6279, #2587, #5665, #4842, #7014, #8600, #2791, #1283, #1802, #3499, #6431 ),
 .UNSPECIFIED., .F., .F.,
 ( 4, 1, 1, 1, 1, 1, 1, 1, 1, 1, 1, 1, 1, 1, 1, 1, 4 ),
 ( 0.000000000000000000, 0.06455784592971892943, 0.1270135315497586681, 0.1879548102020903999, 0.2480139127896341111, 0.3077476818488370514, 0.3682345146974851380, 0.4294698439426692937, 0.4927434367465847731, 0.5562577687060830112, 0.6182167855431437431, 0.6796554755875550136, 0.7412455456206293869, 0.8034152647056966856, 0.8668154615439921384, 0.9323283119492651316, 0.9999999999999998890 ),
 .UNSPECIFIED. ) ;
#1723 = DIRECTION ( 'NONE',  ( -0.000000000000000000, -0.000000000000000000, 1.000000000000000000 ) ) ;
#1724 = FILL_AREA_STYLE ('',( #1778 ) ) ;
#1725 = CARTESIAN_POINT ( 'NONE',  ( 0.5081339609052035744, -0.1643739131899798755, 0.4390000000000000013 ) ) ;
#1726 =( GEOMETRIC_REPRESENTATION_CONTEXT ( 3 ) GLOBAL_UNCERTAINTY_ASSIGNED_CONTEXT ( ( #7455 ) ) GLOBAL_UNIT_ASSIGNED_CONTEXT ( ( #6074, #200, #2381 ) ) REPRESENTATION_CONTEXT ( 'NONE', 'WORKASPACE' ) );
#1727 = CARTESIAN_POINT ( 'NONE',  ( 0.8604682028810802796, 0.03171495692889657325, 0.4389999999999997793 ) ) ;
#1728 = VECTOR ( 'NONE', #6623, 1000.000000000000000 ) ;
#1729 = CARTESIAN_POINT ( 'NONE',  ( -0.3804600300144561076, 0.0002857637720264648599, 0.4400000000000001132 ) ) ;
#1730 = ORIENTED_EDGE ( 'NONE', *, *, #5450, .T. ) ;
#1731 = ORIENTED_EDGE ( 'NONE', *, *, #8452, .F. ) ;
#1732 = EDGE_CURVE ( 'NONE', #2616, #6788, #370, .T. ) ;
#1733 = ORIENTED_EDGE ( 'NONE', *, *, #6745, .T. ) ;
#1734 = CARTESIAN_POINT ( 'NONE',  ( -0.5113759163343173375, 0.1082629250515281943, 0.4390000000000001124 ) ) ;
#1735 =( NAMED_UNIT ( * ) PLANE_ANGLE_UNIT ( ) SI_UNIT ( $, .RADIAN. ) );
#1736 = COLOUR_RGB ( '',0.9686274509803921573, 0.8784313725490195957, 0.5999999999999999778 ) ;
#1737 = SURFACE_STYLE_FILL_AREA ( #8320 ) ;
#1738 = AXIS2_PLACEMENT_3D ( 'NONE', #1033, #5273, #2537 ) ;
#1739 = FACE_OUTER_BOUND ( 'NONE', #2832, .T. ) ;
#1740 = DIRECTION ( 'NONE',  ( -0.000000000000000000, -0.000000000000000000, 1.000000000000000000 ) ) ;
#1741 = EDGE_CURVE ( 'NONE', #769, #2818, #6235, .T. ) ;
#1742 = CARTESIAN_POINT ( 'NONE',  ( -0.1465898986602864051, 0.01052350938637172661, 0.4390000000000000013 ) ) ;
#1743 = CARTESIAN_POINT ( 'NONE',  ( -0.3954727650497736891, -0.04338554627878805914, 0.4389999999999998903 ) ) ;
#1744 = VECTOR ( 'NONE', #5522, 1000.000000000000000 ) ;
#1745 = LINE ( 'NONE', #4683, #855 ) ;
#1746 = CARTESIAN_POINT ( 'NONE',  ( -1.600999999999999979, 1.100003333370371150, 0.1500000000000000222 ) ) ;
#1747 = DIRECTION ( 'NONE',  ( -1.000000000000000000, 0.000000000000000000, 0.000000000000000000 ) ) ;
#1748 = DIRECTION ( 'NONE',  ( 0.000000000000000000, 0.000000000000000000, 1.000000000000000000 ) ) ;
#1749 = CARTESIAN_POINT ( 'NONE',  ( 0.1779875282606008524, 0.1857090906480110826, 0.4400000000000001688 ) ) ;
#1750 = CARTESIAN_POINT ( 'NONE',  ( 0.1863271910653994945, 0.1904266006781387410, 0.4389999999999999458 ) ) ;
#1751 = ADVANCED_FACE ( 'NONE', ( #264 ), #2958, .T. ) ;
#1752 = CARTESIAN_POINT ( 'NONE',  ( -0.4355057469989925822, 0.04387185497709501086, 0.4399999999999999467 ) ) ;
#1753 = EDGE_CURVE ( 'NONE', #5515, #6795, #6132, .T. ) ;
#1754 = FACE_OUTER_BOUND ( 'NONE', #1254, .T. ) ;
#1755 = CARTESIAN_POINT ( 'NONE',  ( -0.008128360198747823159, -0.08466879830593596057, 0.4390000000000000013 ) ) ;
#1756 = UNCERTAINTY_MEASURE_WITH_UNIT (LENGTH_MEASURE( 1.000000000000000082E-05 ), #2600, 'distance_accuracy_value', 'NONE');
#1757 = CARTESIAN_POINT ( 'NONE',  ( 1.024563947493559946, -0.1042300963828590582, 0.4390000000000000568 ) ) ;
#1758 = MECHANICAL_DESIGN_GEOMETRIC_PRESENTATION_REPRESENTATION (  '', ( #82 ), #6683 ) ;
#1759 = ORIENTED_EDGE ( 'NONE', *, *, #873, .T. ) ;
#1760 = CARTESIAN_POINT ( 'NONE',  ( 0.8858645897406461911, -0.2258186098252275842, 0.4390000000000000568 ) ) ;
#1761 = CARTESIAN_POINT ( 'NONE',  ( 1.500000000000000000, -1.051238207896990406, -0.1499999999999999667 ) ) ;
#1762 = CARTESIAN_POINT ( 'NONE',  ( 1.600000000000000089, -1.100000000000000089, 0.1500000000000000222 ) ) ;
#1763 = CARTESIAN_POINT ( 'NONE',  ( -0.7653518758338953010, 0.1906353943347586788, 0.4390000000000000013 ) ) ;
#1764 = DIRECTION ( 'NONE',  ( 0.000000000000000000, 0.000000000000000000, 1.000000000000000000 ) ) ;
#1765 = CARTESIAN_POINT ( 'NONE',  ( 0.6781597265705335831, -0.05506321890029071409, 0.4400000000000000022 ) ) ;
#1766 = AXIS2_PLACEMENT_3D ( 'NONE', #8626, #6246, #2549 ) ;
#1767 = DIRECTION ( 'NONE',  ( 0.000000000000000000, -1.000000000000000000, 0.000000000000000000 ) ) ;
#1768 = CARTESIAN_POINT ( 'NONE',  ( 0.8960182744166367286, -0.1798611059982436478, 0.4390000000000000013 ) ) ;
#1769 = CARTESIAN_POINT ( 'NONE',  ( -0.2479907863336816565, -0.1625801540724172989, 0.4400000000000000577 ) ) ;
#1770 = STYLED_ITEM ( 'NONE', ( #6534 ), #5229 ) ;
#1771 = LINE ( 'NONE', #6447, #7029 ) ;
#1772 = ORIENTED_EDGE ( 'NONE', *, *, #7615, .F. ) ;
#1773 = ORIENTED_EDGE ( 'NONE', *, *, #963, .T. ) ;
#1774 = CARTESIAN_POINT ( 'NONE',  ( 1.449999999999999956, 1.100000000000000089, 0.4400000000000000022 ) ) ;
#1775 = DIRECTION ( 'NONE',  ( -1.000000000000000000, 0.000000000000000000, 0.000000000000000000 ) ) ;
#1776 = CARTESIAN_POINT ( 'NONE',  ( 0.8869137071089443491, 0.01232639400175632692, 0.4390000000000000013 ) ) ;
#1777 = SURFACE_SIDE_STYLE ('',( #7087 ) ) ;
#1778 = FILL_AREA_STYLE_COLOUR ( '', #3924 ) ;
#1779 = CARTESIAN_POINT ( 'NONE',  ( 0.9585518438122365703, 0.01010574182723832787, 0.4399999999999999467 ) ) ;
#1780 = CARTESIAN_POINT ( 'NONE',  ( 0.8392174697982378584, 0.04847397028318149032, 0.4400000000000001132 ) ) ;
#1781 = CARTESIAN_POINT ( 'NONE',  ( -0.3543599902265177071, -0.02725125928718030374, 0.4400000000000001688 ) ) ;
#1782 = ORIENTED_EDGE ( 'NONE', *, *, #8783, .T. ) ;
#1783 = VERTEX_POINT ( 'NONE', #2441 ) ;
#1784 = CARTESIAN_POINT ( 'NONE',  ( -0.2088449453988835691, -0.1443813078221242163, 0.4400000000000000577 ) ) ;
#1785 = CARTESIAN_POINT ( 'NONE',  ( -0.5999999999999999778, -2.020459614945045158E-16, 0.1500000000000000222 ) ) ;
#1786 =( GEOMETRIC_REPRESENTATION_CONTEXT ( 3 ) GLOBAL_UNCERTAINTY_ASSIGNED_CONTEXT ( ( #2931 ) ) GLOBAL_UNIT_ASSIGNED_CONTEXT ( ( #5478, #380, #7636 ) ) REPRESENTATION_CONTEXT ( 'NONE', 'WORKASPACE' ) );
#1787 = CARTESIAN_POINT ( 'NONE',  ( 0.000000000000000000, -1.149999999999999911, -0.1549999999999999711 ) ) ;
#1788 = CARTESIAN_POINT ( 'NONE',  ( 0.9666152139822025147, 0.2262501357037486893, 0.4390000000000002789 ) ) ;
#1789 = ORIENTED_EDGE ( 'NONE', *, *, #3353, .F. ) ;
#1790 = CARTESIAN_POINT ( 'NONE',  ( -0.5215898986602862664, 0.1439369709248332352, 0.4399999999999999467 ) ) ;
#1791 = VERTEX_POINT ( 'NONE', #5361 ) ;
#1792 = CARTESIAN_POINT ( 'NONE',  ( -0.6369745140449016851, 0.1529513940017563356, 0.4390000000000000013 ) ) ;
#1793 = LINE ( 'NONE', #4727, #1994 ) ;
#1794 = ADVANCED_FACE ( 'NONE', ( #9073 ), #3306, .T. ) ;
#1795 = CARTESIAN_POINT ( 'NONE',  ( -0.4943691064680174052, 0.2394691289407318568, 0.4399999999999998912 ) ) ;
#1796 = LINE ( 'NONE', #7008, #2834 ) ;
#1797 = B_SPLINE_SURFACE_WITH_KNOTS ( 'NONE', 3, 1, ( 
 ( #2183, #536 ),
 ( #2860, #3618 ),
 ( #1307, #3472 ),
 ( #7188, #4195 ),
 ( #4246, #588 ),
 ( #8724, #4294 ),
 ( #7133, #5785 ),
 ( #5827, #9300 ),
 ( #2900, #1256 ),
 ( #6550, #6403 ),
 ( #9346, #4917 ) ),
 .UNSPECIFIED., .F., .F., .F.,
 ( 4, 1, 1, 1, 1, 1, 1, 1, 4 ),
 ( 2, 2 ),
 ( 0.000000000000000000, 0.1430730837303666458, 0.2759029640930102945, 0.4023708562739976569, 0.5284136450935943419, 0.6503563791869519939, 0.7658950861246937025, 0.8807741308440216743, 1.000000000000000000 ),
 ( 0.000000000000000000, 1.000000000000000000 ),
 .UNSPECIFIED. ) ;
#1798 = CARTESIAN_POINT ( 'NONE',  ( -0.1030604912838717357, 0.1996815920507442332, 0.4390000000000000013 ) ) ;
#1799 = FACE_OUTER_BOUND ( 'NONE', #2232, .T. ) ;
#1800 = CARTESIAN_POINT ( 'NONE',  ( 0.1559628064745924303, 0.1665915927018306875, 0.4400000000000000022 ) ) ;
#1801 = CARTESIAN_POINT ( 'NONE',  ( -0.5200271360335078086, 0.1295708469336070978, 0.4400000000000000022 ) ) ;
#1802 = CARTESIAN_POINT ( 'NONE',  ( -0.8584888657109926990, 0.2464463007355963131, 0.4389999999999999458 ) ) ;
#1803 = CARTESIAN_POINT ( 'NONE',  ( 0.8556308935319827391, 0.2394691289407319124, 0.4399999999999999467 ) ) ;
#1804 = CARTESIAN_POINT ( 'NONE',  ( -0.4814527808999908287, -0.1754815206903647951, 0.4399999999999998912 ) ) ;
#1805 = CARTESIAN_POINT ( 'NONE',  ( -0.1184905128802258845, -0.1797819181807550348, 0.4390000000000001124 ) ) ;
#1806 = ORIENTED_EDGE ( 'NONE', *, *, #6445, .T. ) ;
#1807 = ORIENTED_EDGE ( 'NONE', *, *, #4737, .F. ) ;
#1808 = CARTESIAN_POINT ( 'NONE',  ( -0.1903310637586541898, -0.1613436678481215414, 0.4389999999999998348 ) ) ;
#1809 = FACE_OUTER_BOUND ( 'NONE', #8971, .T. ) ;
#1810 = ADVANCED_FACE ( 'NONE', ( #6281 ), #6178, .T. ) ;
#1811 = CARTESIAN_POINT ( 'NONE',  ( 0.9841793321089444824, -0.1035990867674744242, 0.4390000000000000013 ) ) ;
#1812 =( NAMED_UNIT ( * ) PLANE_ANGLE_UNIT ( ) SI_UNIT ( $, .RADIAN. ) );
#1813 = CYLINDRICAL_SURFACE ( 'NONE', #8026, 0.1571850217640345937 ) ;
#1814 = CARTESIAN_POINT ( 'NONE',  ( -0.5265303454980744258, 0.06221446878101595523, 0.4400000000000001688 ) ) ;
#1815 = CARTESIAN_POINT ( 'NONE',  ( 0.4892564909350453073, -0.2061928227223155385, 0.4390000000000000013 ) ) ;
#1816 = CARTESIAN_POINT ( 'NONE',  ( -0.08591907997252812290, 0.1958250753855066417, 0.4389999999999999458 ) ) ;
#1817 = FACE_OUTER_BOUND ( 'NONE', #5938, .T. ) ;
#1818 = STYLED_ITEM ( 'NONE', ( #5956 ), #3739 ) ;
#1819 = CARTESIAN_POINT ( 'NONE',  ( 1.425000000000000044, 0.9000000000000000222, 0.4400000000000000022 ) ) ;
#1820 = EDGE_CURVE ( 'NONE', #9330, #5238, #9328, .T. ) ;
#1821 = ORIENTED_EDGE ( 'NONE', *, *, #8515, .T. ) ;
#1822 = EDGE_LOOP ( 'NONE', ( #9221, #5389, #2841, #1806 ) ) ;
#1823 = CARTESIAN_POINT ( 'NONE',  ( -1.009872788722889103, -0.1569517293662491819, 0.4390000000000000568 ) ) ;
#1824 = CARTESIAN_POINT ( 'NONE',  ( 0.3625337469019303538, 0.05864554716713906574, 0.4390000000000000013 ) ) ;
#1825 = CARTESIAN_POINT ( 'NONE',  ( -0.5290326920304346814, -0.2034613254343790589, 0.4399999999999997247 ) ) ;
#1826 = CARTESIAN_POINT ( 'NONE',  ( 1.377502247202359031, 1.250999999999999890, 0.1500000000000000222 ) ) ;
#1827 = ORIENTED_EDGE ( 'NONE', *, *, #7975, .F. ) ;
#1828 = CARTESIAN_POINT ( 'NONE',  ( 0.9004110532642478626, -0.2259216218631637241, 0.4400000000000000577 ) ) ;
#1829 = CARTESIAN_POINT ( 'NONE',  ( 0.5602511911860172944, -0.1797530963719979336, 0.4390000000000000013 ) ) ;
#1830 = CARTESIAN_POINT ( 'NONE',  ( 1.011257350684835243, 0.1812413703688389721, 0.4390000000000000568 ) ) ;
#1831 = ORIENTED_EDGE ( 'NONE', *, *, #5807, .T. ) ;
#1832 = CARTESIAN_POINT ( 'NONE',  ( -0.8333086486602864218, 0.2470619709248333407, 0.4399999999999999467 ) ) ;
#1833 = VERTEX_POINT ( 'NONE', #7924 ) ;
#1834 = UNCERTAINTY_MEASURE_WITH_UNIT (LENGTH_MEASURE( 1.000000000000000082E-05 ), #1489, 'distance_accuracy_value', 'NONE');
#1835 = CARTESIAN_POINT ( 'NONE',  ( 0.2917212312510157890, 0.2374337801199749576, 0.4390000000000000013 ) ) ;
#1836 = CARTESIAN_POINT ( 'NONE',  ( 1.474999999999999867, -0.9000000000000000222, 0.3049999999999999933 ) ) ;
#1837 = CARTESIAN_POINT ( 'NONE',  ( 0.02745036191896608330, -0.1182420135539905687, 0.4400000000000000022 ) ) ;
#1838 = EDGE_LOOP ( 'NONE', ( #6220, #4022, #7647, #4847 ) ) ;
#1839 = AXIS2_PLACEMENT_3D ( 'NONE', #2299, #800, #2260 ) ;
#1840 = CARTESIAN_POINT ( 'NONE',  ( -0.5215898986602862664, 0.1439369709248332352, 0.4390000000000000013 ) ) ;
#1841 = CARTESIAN_POINT ( 'NONE',  ( 3.650918128422379373E-16, 0.5000000000000000000, 0.1500000000000000222 ) ) ;
#1842 = DIRECTION ( 'NONE',  ( 0.000000000000000000, 0.000000000000000000, 1.000000000000000000 ) ) ;
#1843 = VECTOR ( 'NONE', #7293, 1000.000000000000000 ) ;
#1844 = B_SPLINE_CURVE_WITH_KNOTS ( 'NONE', 3,
 ( #659, #3596, #9470, #4584, #5262, #7612, #1024, #3874, #352, #881, #3147, #2482, #8236, #6798, #8325, #3099, #8193, #3821, #1792 ),
 .UNSPECIFIED., .F., .F.,
 ( 4, 1, 1, 1, 1, 1, 1, 1, 1, 1, 1, 1, 1, 1, 1, 1, 4 ),
 ( 0.000000000000000000, 0.06854753670890327555, 0.1356829456230481401, 0.2012149895263287414, 0.2656822347546965446, 0.3292668348172593795, 0.3923954278443286259, 0.4550697616521438005, 0.5171268500645064270, 0.5787900352866528486, 0.6397398633435418258, 0.7001915036663083347, 0.7598062425966704003, 0.8196283192750081215, 0.8793547910462765627, 0.9395116077646616937, 1.000000000000000000 ),
 .UNSPECIFIED. ) ;
#1845 = ORIENTED_EDGE ( 'NONE', *, *, #7500, .F. ) ;
#1846 = ORIENTED_EDGE ( 'NONE', *, *, #8835, .F. ) ;
#1847 = AXIS2_PLACEMENT_3D ( 'NONE', #4031, #6230, #2584 ) ;
#1848 = CARTESIAN_POINT ( 'NONE',  ( 0.9672243123605896997, -0.1497813324591905637, 0.4399999999999996136 ) ) ;
#1849 = UNCERTAINTY_MEASURE_WITH_UNIT (LENGTH_MEASURE( 1.000000000000000082E-05 ), #5351, 'distance_accuracy_value', 'NONE');
#1850 = CARTESIAN_POINT ( 'NONE',  ( -0.4338325457145591479, 0.1983557177357105628, 0.4390000000000000568 ) ) ;
#1851 = EDGE_CURVE ( 'NONE', #3083, #2496, #7216, .T. ) ;
#1852 = FACE_OUTER_BOUND ( 'NONE', #4039, .T. ) ;
#1853 = CARTESIAN_POINT ( 'NONE',  ( -1.034999578325322078, 0.01449337680394994533, 0.4390000000000000568 ) ) ;
#1854 = CARTESIAN_POINT ( 'NONE',  ( -0.2735129755833632936, -0.09332264445978211143, 0.4390000000000000013 ) ) ;
#1855 = DIRECTION ( 'NONE',  ( 1.000000000000000000, 0.000000000000000000, 0.000000000000000000 ) ) ;
#1856 = CARTESIAN_POINT ( 'NONE',  ( 0.7913334033398727874, 0.1699861994883433980, 0.4390000000000000013 ) ) ;
#1857 = CARTESIAN_POINT ( 'NONE',  ( -0.03410732890295964381, 0.1114384346979328810, 0.4389999999999999458 ) ) ;
#1858 = CIRCLE ( 'NONE', #6158, 0.2000000000000000944 ) ;
#1859 = CARTESIAN_POINT ( 'NONE',  ( -0.8276451877576578298, 0.2007011548489453789, 0.4390000000000000013 ) ) ;
#1860 = ORIENTED_EDGE ( 'NONE', *, *, #8859, .F. ) ;
#1861 = CARTESIAN_POINT ( 'NONE',  ( 0.8660839948886300821, -0.2230301033092251251, 0.4399999999999997802 ) ) ;
#1862 = CARTESIAN_POINT ( 'NONE',  ( 1.600000000000000089, 1.027499999999999858, 0.1500000000000000222 ) ) ;
#1863 = CARTESIAN_POINT ( 'NONE',  ( -0.03858781455580278380, 0.03525529941894966351, 0.4390000000000000013 ) ) ;
#1864 =( NAMED_UNIT ( * ) SI_UNIT ( $, .STERADIAN. ) SOLID_ANGLE_UNIT ( ) );
#1865 = CARTESIAN_POINT ( 'NONE',  ( 0.9144942530010076176, 0.04387185497709501780, 0.4400000000000001132 ) ) ;
#1866 = FILL_AREA_STYLE ('',( #3993 ) ) ;
#1867 = ADVANCED_BREP_SHAPE_REPRESENTATION ( 'CS325S24000000ABJT', ( #2808, #6000, #3139 ), #7327 ) ;
#1868 = CARTESIAN_POINT ( 'NONE',  ( -0.1217100909679787318, 0.2009081247709871010, 0.4390000000000000013 ) ) ;
#1869 = CARTESIAN_POINT ( 'NONE',  ( 0.3316949132713840065, 0.09509185065251783697, 0.4390000000000001679 ) ) ;
#1870 = DIRECTION ( 'NONE',  ( 0.000000000000000000, 0.000000000000000000, 1.000000000000000000 ) ) ;
#1871 = EDGE_CURVE ( 'NONE', #469, #2694, #3756, .T. ) ;
#1872 = CARTESIAN_POINT ( 'NONE',  ( 0.6238506100603604665, 0.02294007052336847693, 0.4390000000000000013 ) ) ;
#1873 = CARTESIAN_POINT ( 'NONE',  ( -0.4933998385788612162, 0.1920045283017018101, 0.4390000000000000013 ) ) ;
#1874 = VERTEX_POINT ( 'NONE', #9376 ) ;
#1875 = VERTEX_POINT ( 'NONE', #7165 ) ;
#1876 = CARTESIAN_POINT ( 'NONE',  ( 0.8346582589150829401, 0.1153979140725332336, 0.4400000000000001132 ) ) ;
#1877 = B_SPLINE_SURFACE_WITH_KNOTS ( 'NONE', 3, 1, ( 
 ( #4793, #7624 ),
 ( #1805, #7721 ),
 ( #7067, #2692 ),
 ( #2495, #8341 ),
 ( #1142, #4090 ),
 ( #1036, #7017 ),
 ( #1961, #4181 ),
 ( #5723, #3646 ),
 ( #6383, #7926 ),
 ( #1288, #7217 ),
 ( #3503, #9329 ),
 ( #2795, #8796 ),
 ( #2071, #1384 ),
 ( #9472, #662 ),
 ( #7874, #4276 ),
 ( #6487, #7310 ),
 ( #2743, #8604 ),
 ( #1340, #8702 ),
 ( #2019, #516 ) ),
 .UNSPECIFIED., .F., .F., .F.,
 ( 4, 1, 1, 1, 1, 1, 1, 1, 1, 1, 1, 1, 1, 1, 1, 1, 4 ),
 ( 2, 2 ),
 ( 0.000000000000000000, 0.07607173695556525284, 0.1487517145745121117, 0.2184027938458451001, 0.2857595810623854149, 0.3505980236748792445, 0.4149640445981286896, 0.4780693385717818544, 0.5417606760069071381, 0.6043498585387176991, 0.6640750210708963319, 0.7214636230801990679, 0.7775871282364449355, 0.8326444469271312432, 0.8878435110684599341, 0.9434603426519471148, 1.000000000000000000 ),
 ( 0.000000000000000000, 1.000000000000000000 ),
 .UNSPECIFIED. ) ;
#1878 = EDGE_CURVE ( 'NONE', #3083, #2155, #7065, .T. ) ;
#1879 = CARTESIAN_POINT ( 'NONE',  ( -1.425000000000000044, -0.9000000000000000222, 0.4400000000000000022 ) ) ;
#1880 = CARTESIAN_POINT ( 'NONE',  ( -0.5535670556340700488, -0.1820700295209825847, 0.4399999999999996692 ) ) ;
#1881 = ADVANCED_FACE ( 'NONE', ( #2641 ), #8652, .F. ) ;
#1882 = CARTESIAN_POINT ( 'NONE',  ( -0.6723110525064401877, -0.1048611059982436505, 0.4400000000000000022 ) ) ;
#1883 = CARTESIAN_POINT ( 'NONE',  ( 0.9776156758145894132, -0.1983201536692132116, 0.4400000000000001132 ) ) ;
#1884 = CARTESIAN_POINT ( 'NONE',  ( -0.5204418599473605855, -0.2087706857437766073, 0.4390000000000000013 ) ) ;
#1885 = DIRECTION ( 'NONE',  ( -1.000000000000000000, 0.000000000000000000, 0.000000000000000000 ) ) ;
#1886 = CARTESIAN_POINT ( 'NONE',  ( -0.4036487886571014094, 0.02021759778678925215, 0.4400000000000001688 ) ) ;
#1887 = ORIENTED_EDGE ( 'NONE', *, *, #5561, .T. ) ;
#1888 = CARTESIAN_POINT ( 'NONE',  ( 0.2513334644089655345, 0.2467194706191512821, 0.4389999999999998903 ) ) ;
#1889 = CARTESIAN_POINT ( 'NONE',  ( -0.3682881024334320741, -0.1230544497265111809, 0.4390000000000000568 ) ) ;
#1890 = CARTESIAN_POINT ( 'NONE',  ( 0.03225625518586748564, -0.08079259638285905820, 0.4400000000000000022 ) ) ;
#1891 = ORIENTED_EDGE ( 'NONE', *, *, #1172, .F. ) ;
#1892 = DIRECTION ( 'NONE',  ( -1.000000000000000000, 0.000000000000000000, 0.000000000000000000 ) ) ;
#1893 = ORIENTED_EDGE ( 'NONE', *, *, #3951, .F. ) ;
#1894 = CARTESIAN_POINT ( 'NONE',  ( 1.607071067811865595, -1.257071067811865506, 0.1500000000000000222 ) ) ;
#1895 = DIRECTION ( 'NONE',  ( 1.000000000000000000, 0.000000000000000000, 0.000000000000000000 ) ) ;
#1896 = CIRCLE ( 'NONE', #960, 0.02500000000000001180 ) ;
#1897 = ORIENTED_EDGE ( 'NONE', *, *, #5289, .T. ) ;
#1898 = VERTEX_POINT ( 'NONE', #9174 ) ;
#1899 = CARTESIAN_POINT ( 'NONE',  ( 0.4720442943531349411, -0.1232194851987725853, 0.4390000000000001679 ) ) ;
#1900 = DIRECTION ( 'NONE',  ( 0.000000000000000000, 0.000000000000000000, -1.000000000000000000 ) ) ;
#1901 = VECTOR ( 'NONE', #1723, 1000.000000000000000 ) ;
#1902 = CARTESIAN_POINT ( 'NONE',  ( 0.5698764474935598123, 0.03360043246329480482, 0.4399999999999998357 ) ) ;
#1903 = CARTESIAN_POINT ( 'NONE',  ( 3.112264208245613817E-16, 1.150000000000000355, 0.1500000000000000222 ) ) ;
#1904 = SURFACE_STYLE_FILL_AREA ( #3401 ) ;
#1905 = CARTESIAN_POINT ( 'NONE',  ( 0.2907413248594515887, 0.01931254561775797018, 0.4400000000000000022 ) ) ;
#1906 = CARTESIAN_POINT ( 'NONE',  ( -0.1301176470816354513, 0.05695688315929639534, 0.4400000000000000022 ) ) ;
#1907 = MECHANICAL_DESIGN_GEOMETRIC_PRESENTATION_REPRESENTATION (  '', ( #532 ), #3703 ) ;
#1908 = ORIENTED_EDGE ( 'NONE', *, *, #2698, .T. ) ;
#1909 = CARTESIAN_POINT ( 'NONE',  ( -0.7142500781026853707, 0.1650820823615800070, 0.4390000000000000013 ) ) ;
#1910 = PRESENTATION_LAYER_ASSIGNMENT (  '', '', ( #3113 ) ) ;
#1911 = ORIENTED_EDGE ( 'NONE', *, *, #9416, .F. ) ;
#1912 = CARTESIAN_POINT ( 'NONE',  ( 0.6593715784462459428, -0.1952536086188986497, 0.4389999999999999458 ) ) ;
#1913 = CARTESIAN_POINT ( 'NONE',  ( -0.04116829725080021346, 0.1632902057792744444, 0.4400000000000001132 ) ) ;
#1914 = CARTESIAN_POINT ( 'NONE',  ( -0.1337301737897380605, -0.1796950151007381535, 0.4399999999999998912 ) ) ;
#1915 = CARTESIAN_POINT ( 'NONE',  ( -0.2485112347419136114, 0.1577151744390777321, 0.4390000000000000568 ) ) ;
#1916 = SURFACE_SIDE_STYLE ('',( #429 ) ) ;
#1917 = FILL_AREA_STYLE ('',( #5677 ) ) ;
#1918 = CARTESIAN_POINT ( 'NONE',  ( -0.2030140130190560277, 0.1568063323145185983, 0.4389999999999999458 ) ) ;
#1919 = CARTESIAN_POINT ( 'NONE',  ( 0.5771781301858674995, 0.07975427861714096123, 0.4400000000000000022 ) ) ;
#1920 = CARTESIAN_POINT ( 'NONE',  ( -0.1775710486189740200, -0.2177492905360075004, 0.4399999999999999467 ) ) ;
#1921 = ADVANCED_FACE ( 'NONE', ( #8545 ), #1959, .F. ) ;
#1922 = PRODUCT_DEFINITION ( 'UNKNOWN', '', #7592, #987 ) ;
#1923 = LINE ( 'NONE', #4290, #104 ) ;
#1924 = ORIENTED_EDGE ( 'NONE', *, *, #3978, .F. ) ;
#1925 = VERTEX_POINT ( 'NONE', #8602 ) ;
#1926 = CARTESIAN_POINT ( 'NONE',  ( -0.04405940382909182690, -0.2074919103476830229, 0.4389999999999997793 ) ) ;
#1927 = AXIS2_PLACEMENT_3D ( 'NONE', #288, #7601, #3912 ) ;
#1928 = CARTESIAN_POINT ( 'NONE',  ( 1.250000000000000000, -1.074999999999999956, 0.4400000000000000022 ) ) ;
#1929 = MECHANICAL_DESIGN_GEOMETRIC_PRESENTATION_REPRESENTATION (  '', ( #1770 ), #4854 ) ;
#1930 = CARTESIAN_POINT ( 'NONE',  ( 1.600000000000000089, 1.027499999999999858, 0.1500000000000000222 ) ) ;
#1931 = CARTESIAN_POINT ( 'NONE',  ( -0.2158206678910555287, 0.1316773555402178664, 0.4400000000000000022 ) ) ;
#1932 = ORIENTED_EDGE ( 'NONE', *, *, #8825, .T. ) ;
#1933 = CARTESIAN_POINT ( 'NONE',  ( -0.2316091769829676239, -0.1835188358581114065, 0.4390000000000000568 ) ) ;
#1934 = CARTESIAN_POINT ( 'NONE',  ( -0.5908206678910555842, -0.1276675963828590443, 0.4390000000000000013 ) ) ;
#1935 = ORIENTED_EDGE ( 'NONE', *, *, #3478, .T. ) ;
#1936 = CARTESIAN_POINT ( 'NONE',  ( 0.8989028898012522140, 0.2470619709248332851, 0.4390000000000000013 ) ) ;
#1937 = MECHANICAL_DESIGN_GEOMETRIC_PRESENTATION_REPRESENTATION (  '', ( #6072 ), #4382 ) ;
#1938 = FACE_OUTER_BOUND ( 'NONE', #2843, .T. ) ;
#1939 = VERTEX_POINT ( 'NONE', #3452 ) ;
#1940 = EDGE_CURVE ( 'NONE', #3455, #6151, #6381, .T. ) ;
#1941 = EDGE_CURVE ( 'NONE', #9330, #4938, #1382, .T. ) ;
#1942 = CARTESIAN_POINT ( 'NONE',  ( -1.401238207896990495, -1.149999999999999911, -0.1499999999999999667 ) ) ;
#1943 = LINE ( 'NONE', #6367, #1458 ) ;
#1944 = CARTESIAN_POINT ( 'NONE',  ( -0.3464402360764499700, -0.1710197997642485257, 0.4400000000000000022 ) ) ;
#1945 = ORIENTED_EDGE ( 'NONE', *, *, #8783, .F. ) ;
#1946 = CARTESIAN_POINT ( 'NONE',  ( -0.04766178024077948744, -0.1581693913146323682, 0.4399999999999999467 ) ) ;
#1947 = VERTEX_POINT ( 'NONE', #4319 ) ;
#1948 = SURFACE_STYLE_USAGE ( .BOTH. , #8474 ) ;
#1949 = FACE_OUTER_BOUND ( 'NONE', #4630, .T. ) ;
#1950 = ORIENTED_EDGE ( 'NONE', *, *, #6643, .T. ) ;
#1951 = EDGE_CURVE ( 'NONE', #5965, #4976, #3588, .T. ) ;
#1952 = CARTESIAN_POINT ( 'NONE',  ( 0.9077855987313305786, -0.1795333693557046584, 0.4399999999999995026 ) ) ;
#1953 = CARTESIAN_POINT ( 'NONE',  ( -0.6000000000000001998, 0.8000000000000000444, -0.1499999999999999667 ) ) ;
#1954 = CARTESIAN_POINT ( 'NONE',  ( 0.5817450308397390524, 0.03333532661997120478, 0.4399999999999997802 ) ) ;
#1955 = CARTESIAN_POINT ( 'NONE',  ( -0.8626491855319117219, 0.1993887623105310702, 0.4389999999999998903 ) ) ;
#1956 = SURFACE_STYLE_USAGE ( .BOTH. , #4997 ) ;
#1957 = CARTESIAN_POINT ( 'NONE',  ( 0.3057463482283432343, 0.03793306622417837864, 0.4400000000000000022 ) ) ;
#1958 = CARTESIAN_POINT ( 'NONE',  ( 0.2043736681924109289, 0.1971939865193397257, 0.4399999999999997802 ) ) ;
#1959 = PLANE ( 'NONE',  #829 ) ;
#1960 = ORIENTED_EDGE ( 'NONE', *, *, #1427, .T. ) ;
#1961 = CARTESIAN_POINT ( 'NONE',  ( -0.06594177741718126873, -0.1689685076526974139, 0.4390000000000000013 ) ) ;
#1962 = ORIENTED_EDGE ( 'NONE', *, *, #4396, .F. ) ;
#1963 = ORIENTED_EDGE ( 'NONE', *, *, #875, .T. ) ;
#1964 = CARTESIAN_POINT ( 'NONE',  ( 0.8566193014842419240, -0.2204362943121900009, 0.4399999999999997802 ) ) ;
#1965 = CARTESIAN_POINT ( 'NONE',  ( -0.03125856468503473984, 0.1326751878827214515, 0.4400000000000000022 ) ) ;
#1966 = FILL_AREA_STYLE_COLOUR ( '', #7388 ) ;
#1967 = CARTESIAN_POINT ( 'NONE',  ( -0.1821322911888546281, -0.1662938772315489255, 0.4400000000000001132 ) ) ;
#1968 = DIRECTION ( 'NONE',  ( 0.000000000000000000, 0.000000000000000000, 1.000000000000000000 ) ) ;
#1969 =( NAMED_UNIT ( * ) PLANE_ANGLE_UNIT ( ) SI_UNIT ( $, .RADIAN. ) );
#1970 = PRESENTATION_STYLE_ASSIGNMENT (( #8556 ) ) ;
#1971 = CARTESIAN_POINT ( 'NONE',  ( -0.6369745140449016851, 0.1529513940017563356, 0.4400000000000000022 ) ) ;
#1972 = CARTESIAN_POINT ( 'NONE',  ( 0.3784101013397135338, -0.1683226444597820948, 0.4390000000000000013 ) ) ;
#1973 = B_SPLINE_CURVE_WITH_KNOTS ( 'NONE', 3,
 ( #30, #1517, #2973, #4454, #9516, #7353, #750, #7398, #3689, #6618, #3100, #8841, #77, #3018, #8884, #5220, #8144, #4496, #6022 ),
 .UNSPECIFIED., .F., .F.,
 ( 4, 1, 1, 1, 1, 1, 1, 1, 1, 1, 1, 1, 1, 1, 1, 1, 4 ),
 ( 0.000000000000000000, 0.05720826943350933863, 0.1136960596574903698, 0.1691779164171952343, 0.2241592165805428583, 0.2787198783810436176, 0.3337942174469891166, 0.3892414593400027600, 0.4458220733936217872, 0.5037042811090205463, 0.5642938918193635134, 0.6279754158952238763, 0.6950382596840515292, 0.7653727258510127918, 0.8396114430907352100, 0.9175377500777892603, 1.000000000000000000 ),
 .UNSPECIFIED. ) ;
#1974 = CARTESIAN_POINT ( 'NONE',  ( -0.6369745140449016851, 0.1529513940017563356, 0.4400000000000000022 ) ) ;
#1975 = ORIENTED_EDGE ( 'NONE', *, *, #7394, .F. ) ;
#1976 = EDGE_LOOP ( 'NONE', ( #398, #2670, #2558, #4824 ) ) ;
#1977 = CARTESIAN_POINT ( 'NONE',  ( -0.06228017749135394965, -0.2158385003439742822, 0.4390000000000001679 ) ) ;
#1978 = CARTESIAN_POINT ( 'NONE',  ( -0.9474026765681113904, -0.1495667768738417336, 0.4399999999999998912 ) ) ;
#1979 = ADVANCED_FACE ( 'NONE', ( #2115 ), #2424, .T. ) ;
#1980 = EDGE_CURVE ( 'NONE', #2844, #1219, #3142, .T. ) ;
#1981 = CARTESIAN_POINT ( 'NONE',  ( 0.2815951974935598789, -0.04816038484439750383, 0.4400000000000000022 ) ) ;
#1982 = CARTESIAN_POINT ( 'NONE',  ( -0.8330382159679786680, -0.1798611059982436478, 0.4390000000000000013 ) ) ;
#1983 = STYLED_ITEM ( 'NONE', ( #5666 ), #3872 ) ;
#1984 = CARTESIAN_POINT ( 'NONE',  ( 0.7108810573934265520, -0.1202876795350050765, 0.4399999999999996692 ) ) ;
#1985 = ORIENTED_EDGE ( 'NONE', *, *, #1400, .F. ) ;
#1986 = CARTESIAN_POINT ( 'NONE',  ( 0.9568213085521279915, -0.2120255317236433290, 0.4400000000000001132 ) ) ;
#1987 = CARTESIAN_POINT ( 'NONE',  ( -0.8584888657109926990, 0.2464463007355963131, 0.4399999999999996692 ) ) ;
#1988 = B_SPLINE_CURVE_WITH_KNOTS ( 'NONE', 3,
 ( #3025, #2262, #2935, #1488, #4462, #5193, #4422, #845, #7361, #761, #3698, #39, #2981, #8111, #3065, #803, #2125, #5954, #8893 ),
 .UNSPECIFIED., .F., .F.,
 ( 4, 1, 1, 1, 1, 1, 1, 1, 1, 1, 1, 1, 1, 1, 1, 1, 4 ),
 ( 0.000000000000000000, 0.06148425519689046381, 0.1217745277022104639, 0.1809195598139319572, 0.2402561150782713817, 0.3001144444023517432, 0.3611459476126113732, 0.4235005824125858132, 0.4886693612807191389, 0.5539541046535623181, 0.6175812610152620064, 0.6802384268167395165, 0.7421873887724537155, 0.8046632117692936736, 0.8682589893126629876, 0.9330202571803759559, 1.000000000000000000 ),
 .UNSPECIFIED. ) ;
#1989 = ORIENTED_EDGE ( 'NONE', *, *, #1693, .T. ) ;
#1990 = CARTESIAN_POINT ( 'NONE',  ( 1.003511658980603238, 0.1908272132656883557, 0.4399999999999998912 ) ) ;
#1991 = CARTESIAN_POINT ( 'NONE',  ( -0.3839712784505387999, -0.05685096494155039010, 0.4390000000000000013 ) ) ;
#1992 = EDGE_LOOP ( 'NONE', ( #5309, #9379, #5005, #8683, #6152, #1191, #9265, #5981, #8163, #9344, #8641, #1226, #554, #4024, #4931, #2659, #7185 ) ) ;
#1993 = CARTESIAN_POINT ( 'NONE',  ( -0.5400205079471455116, 0.2068196935808351566, 0.4400000000000000577 ) ) ;
#1994 = VECTOR ( 'NONE', #4585, 1000.000000000000000 ) ;
#1995 = ORIENTED_EDGE ( 'NONE', *, *, #9151, .F. ) ;
#1996 = LINE ( 'NONE', #4775, #4165 ) ;
#1997 = CARTESIAN_POINT ( 'NONE',  ( 0.7187092070463243498, -0.07111839284569350383, 0.4400000000000001132 ) ) ;
#1998 = CARTESIAN_POINT ( 'NONE',  ( -0.2300297239575534447, -0.1035269968023639492, 0.4390000000000000013 ) ) ;
#1999 = CARTESIAN_POINT ( 'NONE',  ( -0.03219786286287534827, -0.1442887358360806505, 0.4399999999999998912 ) ) ;
#2000 = ORIENTED_EDGE ( 'NONE', *, *, #1351, .T. ) ;
#2001 = CARTESIAN_POINT ( 'NONE',  ( -0.04100033213325378345, 0.2226194861581296813, 0.4389999999999999458 ) ) ;
#2002 = CARTESIAN_POINT ( 'NONE',  ( 0.8580675532627902724, 0.08579394207867938049, 0.4390000000000000013 ) ) ;
#2003 = ADVANCED_FACE ( 'NONE', ( #4626 ), #3961, .T. ) ;
#2004 = ORIENTED_EDGE ( 'NONE', *, *, #9441, .T. ) ;
#2005 = ORIENTED_EDGE ( 'NONE', *, *, #2110, .T. ) ;
#2006 = B_SPLINE_CURVE_WITH_KNOTS ( 'NONE', 3,
 ( #9253, #2513, #8362, #5590, #8518, #1008, #3379, #4110, #4057, #7792, #7599 ),
 .UNSPECIFIED., .F., .F.,
 ( 4, 1, 1, 1, 1, 1, 1, 1, 4 ),
 ( 0.000000000000000000, 0.1182713048357255797, 0.2361775330837638798, 0.3556629329485099245, 0.4759041646706833606, 0.6001273417110841724, 0.7286081161551209995, 0.8613134756739431186, 1.000000000000000000 ),
 .UNSPECIFIED. ) ;
#2007 = CARTESIAN_POINT ( 'NONE',  ( 0.9411052293973211080, -0.1696187298951029321, 0.4389999999999997793 ) ) ;
#2008 = CARTESIAN_POINT ( 'NONE',  ( -0.4153565415565217411, 0.1906278572401061133, 0.4400000000000000577 ) ) ;
#2009 = PRESENTATION_LAYER_ASSIGNMENT (  '', '', ( #3846 ) ) ;
#2010 = CARTESIAN_POINT ( 'NONE',  ( 0.6768057961030105041, -0.04472617807213110502, 0.4399999999999998357 ) ) ;
#2011 =( LENGTH_UNIT ( ) NAMED_UNIT ( * ) SI_UNIT ( .MILLI., .METRE. ) );
#2012 = CARTESIAN_POINT ( 'NONE',  ( 0.5517911893582442273, 0.07770314798463084927, 0.4400000000000001132 ) ) ;
#2013 = VECTOR ( 'NONE', #8046, 1000.000000000000000 ) ;
#2014 = CARTESIAN_POINT ( 'NONE',  ( -1.058486941357307920, 0.1042878245572932266, 0.4390000000000002789 ) ) ;
#2015 = CARTESIAN_POINT ( 'NONE',  ( 0.1701365853557542385, 0.1800797843855413416, 0.4389999999999999458 ) ) ;
#2016 = EDGE_CURVE ( 'NONE', #4886, #5965, #8184, .T. ) ;
#2017 = CARTESIAN_POINT ( 'NONE',  ( -1.250000000000000000, -1.100000000000000089, 0.4149999999999999800 ) ) ;
#2018 = VERTEX_POINT ( 'NONE', #1390 ) ;
#2019 = CARTESIAN_POINT ( 'NONE',  ( -0.008128360198747823159, -0.08466879830593596057, 0.4390000000000000013 ) ) ;
#2020 = AXIS2_PLACEMENT_3D ( 'NONE', #898, #2959, #4442 ) ;
#2021 = ORIENTED_EDGE ( 'NONE', *, *, #8691, .F. ) ;
#2022 = ORIENTED_EDGE ( 'NONE', *, *, #7920, .T. ) ;
#2023 = CARTESIAN_POINT ( 'NONE',  ( 0.6149412319147495865, -0.2184024503826865471, 0.4389999999999999458 ) ) ;
#2024 = CARTESIAN_POINT ( 'NONE',  ( 0.5771781301858674995, 0.07975427861714096123, 0.4400000000000000022 ) ) ;
#2025 = CARTESIAN_POINT ( 'NONE',  ( -0.02910350215001828583, 0.03067559058335334043, 0.4399999999999999467 ) ) ;
#2026 = CARTESIAN_POINT ( 'NONE',  ( -0.3387426493151648454, 0.1812413703688390554, 0.4390000000000001679 ) ) ;
#2027 = CARTESIAN_POINT ( 'NONE',  ( 1.377499999999999947, 1.250000000000000000, 0.1500000000000000222 ) ) ;
#2028 = CARTESIAN_POINT ( 'NONE',  ( 1.600000000000000089, -1.027500000000000080, -0.1499999999999999667 ) ) ;
#2029 = CARTESIAN_POINT ( 'NONE',  ( -0.2074940280727327335, 0.1490375732591638913, 0.4400000000000001688 ) ) ;
#2030 = CARTESIAN_POINT ( 'NONE',  ( -1.250000000000000000, -0.9000000000000000222, 0.4400000000000000022 ) ) ;
#2031 = STYLED_ITEM ( 'NONE', ( #6820 ), #2782 ) ;
#2032 = CARTESIAN_POINT ( 'NONE',  ( 0.7881932985399601188, 0.1468049130941413150, 0.4390000000000001124 ) ) ;
#2033 = B_SPLINE_SURFACE_WITH_KNOTS ( 'NONE', 3, 1, ( 
 ( #1274, #3492 ),
 ( #7760, #607 ),
 ( #7053, #4940 ),
 ( #5656, #1179 ),
 ( #3539, #6271 ),
 ( #9318, #456 ),
 ( #2731, #8588 ),
 ( #6472, #6424 ),
 ( #4887, #8640 ),
 ( #9267, #4123 ),
 ( #2002, #3393 ) ),
 .UNSPECIFIED., .F., .F., .F.,
 ( 4, 1, 1, 1, 1, 1, 1, 1, 4 ),
 ( 2, 2 ),
 ( 0.000000000000000000, 0.1072852142689559862, 0.2147458609696396015, 0.3229385595552864974, 0.4341161625174665972, 0.5534123109627961945, 0.6860729848107296469, 0.8342559920595852274, 1.000000000000000000 ),
 ( 0.000000000000000000, 1.000000000000000000 ),
 .UNSPECIFIED. ) ;
#2034 = DIRECTION ( 'NONE',  ( -0.7941277684358850619, -0.6077508431907282516, 0.000000000000000000 ) ) ;
#2035 = AXIS2_PLACEMENT_3D ( 'NONE', #706, #7397, #2881 ) ;
#2036 = VERTEX_POINT ( 'NONE', #3051 ) ;
#2037 = DIRECTION ( 'NONE',  ( 1.000000000000000000, -2.409338161078897701E-16, 0.000000000000000000 ) ) ;
#2038 = CARTESIAN_POINT ( 'NONE',  ( -0.9913005811880895024, -0.1118815584306892402, 0.4399999999999999467 ) ) ;
#2039 = CARTESIAN_POINT ( 'NONE',  ( 0.6783019216426894316, -0.06973956335837774856, 0.4399999999999999467 ) ) ;
#2040 = CARTESIAN_POINT ( 'NONE',  ( -0.7237464665025887811, 0.1712883670256704904, 0.4399999999999998357 ) ) ;
#2041 = CARTESIAN_POINT ( 'NONE',  ( 0.6809615945447207164, -0.1746763901664268037, 0.4390000000000000568 ) ) ;
#2042 = CARTESIAN_POINT ( 'NONE',  ( -0.2724553038724425447, -0.09863148026946200186, 0.4390000000000000568 ) ) ;
#2043 = CARTESIAN_POINT ( 'NONE',  ( -0.8829610118971543686, 0.2432169572126103019, 0.4399999999999996692 ) ) ;
#2044 = DIRECTION ( 'NONE',  ( -1.000000000000000000, 0.000000000000000000, 0.000000000000000000 ) ) ;
#2045 = ADVANCED_FACE ( 'NONE', ( #3918 ), #7267, .F. ) ;
#2046 = EDGE_LOOP ( 'NONE', ( #6066, #5721, #8371, #8606 ) ) ;
#2047 = CARTESIAN_POINT ( 'NONE',  ( -0.5307574541001883750, 0.2171842847642392604, 0.4399999999999999467 ) ) ;
#2048 = VERTEX_POINT ( 'NONE', #4070 ) ;
#2049 = CARTESIAN_POINT ( 'NONE',  ( 0.1303331782627906443, 0.09706197092483324906, 0.4400000000000000022 ) ) ;
#2050 = CARTESIAN_POINT ( 'NONE',  ( 0.2595706017017250788, -0.01528333215332233937, 0.4399999999999998912 ) ) ;
#2051 = CARTESIAN_POINT ( 'NONE',  ( -0.8401685470682610513, -0.1797280331419895960, 0.4389999999999999458 ) ) ;
#2052 = CARTESIAN_POINT ( 'NONE',  ( 1.449999999999999956, -1.250000000000000000, 0.2799999999999999711 ) ) ;
#2053 = CARTESIAN_POINT ( 'NONE',  ( -1.072126895471015029, -0.03198854899053876072, 0.4400000000000001688 ) ) ;
#2054 = CARTESIAN_POINT ( 'NONE',  ( -0.8613078258313726643, -0.2248356670060377704, 0.4389999999999997793 ) ) ;
#2055 = EDGE_CURVE ( 'NONE', #8766, #1898, #3612, .T. ) ;
#2056 = ORIENTED_EDGE ( 'NONE', *, *, #7501, .T. ) ;
#2057 = ORIENTED_EDGE ( 'NONE', *, *, #1247, .T. ) ;
#2058 = CARTESIAN_POINT ( 'NONE',  ( 0.5081339609052035744, -0.1643739131899798755, 0.4390000000000000013 ) ) ;
#2059 = B_SPLINE_CURVE_WITH_KNOTS ( 'NONE', 3,
 ( #6923, #8946, #1765, #2500, #2454, #9131, #6003, #4702, #2361, #6769, #3264, #7543, #7588, #947, #900, #325, #225, #8254, #2551 ),
 .UNSPECIFIED., .F., .F.,
 ( 4, 1, 1, 1, 1, 1, 1, 1, 1, 1, 1, 1, 1, 1, 1, 1, 4 ),
 ( 0.000000000000000000, 0.06535138202659354634, 0.1279160318306126198, 0.1883602055716998847, 0.2472160772654518890, 0.3056301291974112821, 0.3637698398318189308, 0.4226609139127797676, 0.4826872940903917941, 0.5433002212395586783, 0.6041179553231029731, 0.6649648912652841304, 0.7274134941125657283, 0.7914676251494241477, 0.8580554427291000597, 0.9270368146149481348, 1.000000000000000000 ),
 .UNSPECIFIED. ) ;
#2060 = CARTESIAN_POINT ( 'NONE',  ( -0.4088357959020309518, 0.1864051138167852062, 0.4399999999999999467 ) ) ;
#2061 = CARTESIAN_POINT ( 'NONE',  ( -0.6723110525064401877, -0.1048611059982436505, 0.4390000000000000013 ) ) ;
#2062 = EDGE_CURVE ( 'NONE', #1366, #4729, #450, .T. ) ;
#2063 = CARTESIAN_POINT ( 'NONE',  ( -0.9954394044662722152, 0.1273289807628480708, 0.4390000000000000013 ) ) ;
#2064 = CARTESIAN_POINT ( 'NONE',  ( -0.1212106763343820393, 0.008722374194050870611, 0.4390000000000002789 ) ) ;
#2065 = CARTESIAN_POINT ( 'NONE',  ( 0.8613928012042399995, 0.08282648340288355227, 0.4400000000000001132 ) ) ;
#2066 = ORIENTED_EDGE ( 'NONE', *, *, #4253, .T. ) ;
#2067 = CARTESIAN_POINT ( 'NONE',  ( -1.250000000000000000, -0.9000000000000000222, 0.4400000000000000022 ) ) ;
#2068 = CARTESIAN_POINT ( 'NONE',  ( 0.1402205048832330381, 0.1408384875437377615, 0.4399999999999998357 ) ) ;
#2069 = CARTESIAN_POINT ( 'NONE',  ( -0.03169014410001719240, 0.1207629568183215263, 0.4400000000000000577 ) ) ;
#2070 = ORIENTED_EDGE ( 'NONE', *, *, #4862, .F. ) ;
#2071 = CARTESIAN_POINT ( 'NONE',  ( -0.02027104039877048250, -0.1288127343277742920, 0.4389999999999998348 ) ) ;
#2072 =( GEOMETRIC_REPRESENTATION_CONTEXT ( 3 ) GLOBAL_UNCERTAINTY_ASSIGNED_CONTEXT ( ( #1576 ) ) GLOBAL_UNIT_ASSIGNED_CONTEXT ( ( #5564, #7919, #3449 ) ) REPRESENTATION_CONTEXT ( 'NONE', 'WORKASPACE' ) );
#2073 = VERTEX_POINT ( 'NONE', #9211 ) ;
#2074 = CARTESIAN_POINT ( 'NONE',  ( 0.8758733706426670151, -0.2246638737709479028, 0.4399999999999996136 ) ) ;
#2075 = CARTESIAN_POINT ( 'NONE',  ( 0.7034285686371269941, 0.004252416027599812375, 0.4400000000000000577 ) ) ;
#2076 =( NAMED_UNIT ( * ) PLANE_ANGLE_UNIT ( ) SI_UNIT ( $, .RADIAN. ) );
#2077 = EDGE_CURVE ( 'NONE', #404, #4697, #1143, .T. ) ;
#2078 = CARTESIAN_POINT ( 'NONE',  ( -0.4048017036825391490, 0.2381198594639993837, 0.4390000000000000568 ) ) ;
#2079 = CARTESIAN_POINT ( 'NONE',  ( 0.2859029080169229742, -0.04354307289092915895, 0.4400000000000000577 ) ) ;
#2080 = EDGE_CURVE ( 'NONE', #7039, #5493, #5600, .T. ) ;
#2081 = CARTESIAN_POINT ( 'NONE',  ( 0.8781946344373550151, 0.06997160733539459221, 0.4400000000000000577 ) ) ;
#2082 = SURFACE_STYLE_FILL_AREA ( #1917 ) ;
#2083 = CARTESIAN_POINT ( 'NONE',  ( -0.1825046713163777645, 0.1808543805932190662, 0.4390000000000000013 ) ) ;
#2084 =( LENGTH_UNIT ( ) NAMED_UNIT ( * ) SI_UNIT ( .MILLI., .METRE. ) );
#2085 = COLOUR_RGB ( '',0.9686274509803921573, 0.8784313725490195957, 0.5999999999999999778 ) ;
#2086 = CARTESIAN_POINT ( 'NONE',  ( -0.1162844130860778563, -0.2258092546678455714, 0.4389999999999999458 ) ) ;
#2087 = CARTESIAN_POINT ( 'NONE',  ( -0.1932272004231346263, 0.1702452821604417688, 0.4389999999999999458 ) ) ;
#2088 = ORIENTED_EDGE ( 'NONE', *, *, #743, .F. ) ;
#2089 = CARTESIAN_POINT ( 'NONE',  ( -0.7736745290077069459, 0.2409712465954906846, 0.4399999999999999467 ) ) ;
#2090 = EDGE_LOOP ( 'NONE', ( #2620, #2163, #6215, #297, #2273, #1287 ) ) ;
#2091 = PLANE ( 'NONE',  #913 ) ;
#2092 = CARTESIAN_POINT ( 'NONE',  ( 0.6527141936371049225, -0.1390204595922348019, 0.4390000000000000568 ) ) ;
#2093 = CARTESIAN_POINT ( 'NONE',  ( 0.5663884423613051444, 0.03352578502874850597, 0.4390000000000000013 ) ) ;
#2094 = EDGE_LOOP ( 'NONE', ( #3737, #4052, #3575, #8625 ) ) ;
#2095 = DIRECTION ( 'NONE',  ( 0.000000000000000000, 0.000000000000000000, -1.000000000000000000 ) ) ;
#2096 = CARTESIAN_POINT ( 'NONE',  ( -0.9063717307847104498, 0.2380286903527312481, 0.4390000000000000568 ) ) ;
#2097 = CARTESIAN_POINT ( 'NONE',  ( -0.02804853669433990393, 0.2123383057002308505, 0.4399999999999998357 ) ) ;
#2098 = ORIENTED_EDGE ( 'NONE', *, *, #9103, .T. ) ;
#2099 = AXIS2_PLACEMENT_3D ( 'NONE', #1841, #3392, #7003 ) ;
#2100 = CARTESIAN_POINT ( 'NONE',  ( -0.5614746631663233289, 0.1562250927172158799, 0.4400000000000001132 ) ) ;
#2101 = CARTESIAN_POINT ( 'NONE',  ( 0.3722441852124658279, 0.1264963821749662265, 0.4390000000000001124 ) ) ;
#2102 = CARTESIAN_POINT ( 'NONE',  ( 0.2986913469779148289, 0.02916517576289591462, 0.4389999999999999458 ) ) ;
#2103 = CARTESIAN_POINT ( 'NONE',  ( -0.8942786296109150879, -0.1725486055844735744, 0.4399999999999999467 ) ) ;
#2104 = CARTESIAN_POINT ( 'NONE',  ( -0.7599693688040062289, -0.2165234898516969209, 0.4390000000000001124 ) ) ;
#2105 = CARTESIAN_POINT ( 'NONE',  ( 0.3040446516985774728, 0.1740670878935349219, 0.4399999999999997802 ) ) ;
#2106 = CARTESIAN_POINT ( 'NONE',  ( -0.8327677832756711362, -0.2260149521520898319, 0.4399999999999999467 ) ) ;
#2107 = AXIS2_PLACEMENT_3D ( 'NONE', #9356, #5747, #9501 ) ;
#2108 = ORIENTED_EDGE ( 'NONE', *, *, #8135, .T. ) ;
#2109 = CARTESIAN_POINT ( 'NONE',  ( 0.9138819142052632127, -0.007535518353710871087, 0.4389999999999999458 ) ) ;
#2110 = EDGE_CURVE ( 'NONE', #1898, #5928, #1943, .T. ) ;
#2111 = EDGE_CURVE ( 'NONE', #2903, #5363, #3136, .T. ) ;
#2113 = CARTESIAN_POINT ( 'NONE',  ( -0.4088947706026783702, -0.1696187298951029876, 0.4399999999999998912 ) ) ;
#2112 = B_SPLINE_SURFACE_WITH_KNOTS ( 'NONE', 3, 1, ( 
 ( #4787, #5560 ),
 ( #1232, #4837 ),
 ( #7766, #1279 ),
 ( #1186, #7712 ),
 ( #7057, #3495 ),
 ( #4172, #561 ),
 ( #6229, #9322 ),
 ( #7106, #8595 ),
 ( #8429, #2060 ),
 ( #6374, #2008 ),
 ( #1330, #4268 ),
 ( #1850, #2735 ),
 ( #4943, #3590 ),
 ( #611, #8693 ),
 ( #6479, #745 ) ),
 .UNSPECIFIED., .F., .F., .F.,
 ( 4, 1, 1, 1, 1, 1, 1, 1, 1, 1, 1, 1, 4 ),
 ( 2, 2 ),
 ( 0.000000000000000000, 0.09846943102555762162, 0.1896291011376318170, 0.2741840894379701798, 0.3521831609671542407, 0.4231988731834701589, 0.4885509460005326154, 0.5484733460279377359, 0.6014401636178720034, 0.7011980824257663114, 0.7995918021381838159, 0.8985450984822276332, 1.000000000000000000 ),
 ( 0.000000000000000000, 1.000000000000000000 ),
 .UNSPECIFIED. ) ;
#2114 = CARTESIAN_POINT ( 'NONE',  ( -0.03270135837984125549, 0.1441807590549141205, 0.4389999999999998348 ) ) ;
#2115 = FACE_OUTER_BOUND ( 'NONE', #7505, .T. ) ;
#2116 = VERTEX_POINT ( 'NONE', #9155 ) ;
#2117 = SURFACE_STYLE_USAGE ( .BOTH. , #2883 ) ;
#2118 = EDGE_LOOP ( 'NONE', ( #2798, #2337, #1683, #5222 ) ) ;
#2119 = ORIENTED_EDGE ( 'NONE', *, *, #8248, .F. ) ;
#2120 = DIRECTION ( 'NONE',  ( 0.000000000000000000, 0.000000000000000000, 1.000000000000000000 ) ) ;
#2121 = CARTESIAN_POINT ( 'NONE',  ( 0.3320134264055954465, 0.1188039266460833854, 0.4390000000000000013 ) ) ;
#2122 = B_SPLINE_CURVE_WITH_KNOTS ( 'NONE', 3,
 ( #636, #3520, #4389, #5069, #3620, #3666, #6597, #7945, #2948, #1308, #7990, #5876, #7841, #2861, #1257 ),
 .UNSPECIFIED., .F., .F.,
 ( 4, 1, 1, 1, 1, 1, 1, 1, 1, 1, 1, 1, 4 ),
 ( 0.000000000000000000, 0.1101655532114439034, 0.2157872561749716311, 0.3180274349094175390, 0.4175739541655088538, 0.5116504876474463614, 0.5961620971027628002, 0.6729345334849969884, 0.7436695573498566247, 0.8106770010653612246, 0.8740589623137362540, 0.9366963019193724760, 0.9999999999999998890 ),
 .UNSPECIFIED. ) ;
#2123 = LINE ( 'NONE', #5056, #5830 ) ;
#2124 = CARTESIAN_POINT ( 'NONE',  ( -0.2436513305026071219, 0.1696881986178840063, 0.4389999999999999458 ) ) ;
#2125 = CARTESIAN_POINT ( 'NONE',  ( -0.4409488848192905652, -0.2257380525320007159, 0.4390000000000000013 ) ) ;
#2126 = CARTESIAN_POINT ( 'NONE',  ( 1.377499999999999947, -1.250000000000000000, 0.1500000000000000222 ) ) ;
#2127 = PRESENTATION_LAYER_ASSIGNMENT (  '', '', ( #1016 ) ) ;
#2128 = DIRECTION ( 'NONE',  ( -2.241125390565905221E-14, -3.341571885725472562E-13, 1.000000000000000000 ) ) ;
#2129 = CARTESIAN_POINT ( 'NONE',  ( -0.4556043217372094389, 0.2009081247709871010, 0.4400000000000000022 ) ) ;
#2130 = CARTESIAN_POINT ( 'NONE',  ( 0.8840564903720593559, 0.2465110166644899348, 0.4390000000000000013 ) ) ;
#2131 = EDGE_CURVE ( 'NONE', #1268, #1105, #4676, .T. ) ;
#2132 = CARTESIAN_POINT ( 'NONE',  ( -0.3696524627605269897, -0.08099885353462206450, 0.4399999999999999467 ) ) ;
#2133 = VERTEX_POINT ( 'NONE', #3967 ) ;
#2134 = DIRECTION ( 'NONE',  ( 0.000000000000000000, -1.000000000000000000, 0.000000000000000000 ) ) ;
#2135 = B_SPLINE_CURVE_WITH_KNOTS ( 'NONE', 3,
 ( #7349, #5847, #4361, #1429, #6528, #9510, #7304, #6571, #9467, #2878, #2920, #1474, #1556, #5090, #3640, #1514, #8791, #8012, #2204 ),
 .UNSPECIFIED., .F., .F.,
 ( 4, 1, 1, 1, 1, 1, 1, 1, 1, 1, 1, 1, 1, 1, 1, 1, 4 ),
 ( 0.000000000000000000, 0.06554117033740380904, 0.1289631677825938683, 0.1903771361885615299, 0.2500923616690531870, 0.3085484324592016048, 0.3663979630552964828, 0.4245421892666805253, 0.4831699964229062561, 0.5422433998311204650, 0.6017393520173305310, 0.6625060022496072065, 0.7248555134488471330, 0.7891278292811814143, 0.8563463998785102449, 0.9262952349869054691, 1.000000000000000000 ),
 .UNSPECIFIED. ) ;
#2136 = VERTEX_POINT ( 'NONE', #2623 ) ;
#2137 = LINE ( 'NONE', #7840, #8779 ) ;
#2138 = CARTESIAN_POINT ( 'NONE',  ( 0.8960182744166367286, -0.1798611059982436478, 0.4390000000000000013 ) ) ;
#2139 = CARTESIAN_POINT ( 'NONE',  ( 0.6448919787323050823, -0.1473737060432816215, 0.4390000000000001124 ) ) ;
#2140 = VERTEX_POINT ( 'NONE', #9314 ) ;
#2141 = CARTESIAN_POINT ( 'NONE',  ( 0.03216347841604139807, -0.07715323677550965653, 0.4399999999999999467 ) ) ;
#2142 = CARTESIAN_POINT ( 'NONE',  ( 0.8943956782627906499, 0.2009081247709871010, 0.4400000000000000022 ) ) ;
#2143 = ADVANCED_FACE ( 'NONE', ( #402 ), #4258, .T. ) ;
#2144 = CARTESIAN_POINT ( 'NONE',  ( -0.1047585881073525710, 0.2465338501894342726, 0.4399999999999996136 ) ) ;
#2145 = VERTEX_POINT ( 'NONE', #602 ) ;
#2146 = LINE ( 'NONE', #7144, #229 ) ;
#2147 = CARTESIAN_POINT ( 'NONE',  ( 0.3439758461782035370, 0.1972863235760553002, 0.4400000000000000022 ) ) ;
#2148 = STYLED_ITEM ( 'NONE', ( #4595 ), #3814 ) ;
#2149 = CARTESIAN_POINT ( 'NONE',  ( 0.7108810573934265520, -0.1202876795350050765, 0.4400000000000000022 ) ) ;
#2150 = CARTESIAN_POINT ( 'NONE',  ( -1.035051437121824680, 0.01007278823252557784, 0.4390000000000000013 ) ) ;
#2151 = CARTESIAN_POINT ( 'NONE',  ( -0.8999999999999998002, 0.5000000000000000000, 0.1500000000000000222 ) ) ;
#2152 = CARTESIAN_POINT ( 'NONE',  ( 0.7014870244166366842, 0.1893696632325255758, 0.4390000000000000013 ) ) ;
#2153 = CARTESIAN_POINT ( 'NONE',  ( 0.8188450731118674941, -0.1374642500491516095, 0.4390000000000000568 ) ) ;
#2154 = TOROIDAL_SURFACE ( 'NONE', #1221, 0.2250000000000000056, 0.02500000000000000139 ) ;
#2155 = VERTEX_POINT ( 'NONE', #2827 ) ;
#2156 = SURFACE_STYLE_USAGE ( .BOTH. , #9418 ) ;
#2157 = DIRECTION ( 'NONE',  ( -1.000000000000000000, 0.000000000000000000, 0.000000000000000000 ) ) ;
#2158 = CARTESIAN_POINT ( 'NONE',  ( -0.4539817255833632492, -0.1798611059982436478, 0.4390000000000000013 ) ) ;
#2159 = CARTESIAN_POINT ( 'NONE',  ( -0.4500362720890284107, -0.1797512195323873185, 0.4400000000000000022 ) ) ;
#2160 = FACE_OUTER_BOUND ( 'NONE', #9320, .T. ) ;
#2161 = SURFACE_STYLE_USAGE ( .BOTH. , #3056 ) ;
#2162 = DIRECTION ( 'NONE',  ( 0.000000000000000000, 0.000000000000000000, -1.000000000000000000 ) ) ;
#2163 = ORIENTED_EDGE ( 'NONE', *, *, #7395, .T. ) ;
#2164 = ORIENTED_EDGE ( 'NONE', *, *, #1704, .F. ) ;
#2165 = EDGE_CURVE ( 'NONE', #6151, #7068, #5581, .T. ) ;
#2166 = CARTESIAN_POINT ( 'NONE',  ( -0.4088357959020309518, 0.1864051138167852062, 0.4389999999999998348 ) ) ;
#2167 = CARTESIAN_POINT ( 'NONE',  ( 0.2967917420091601421, 0.1803261000269946457, 0.4390000000000003344 ) ) ;
#2168 = CARTESIAN_POINT ( 'NONE',  ( -0.2162732915592631977, 0.2094138214360276584, 0.4400000000000001132 ) ) ;
#2169 = ORIENTED_EDGE ( 'NONE', *, *, #4816, .T. ) ;
#2170 = CARTESIAN_POINT ( 'NONE',  ( -0.4943691064680174052, 0.2394691289407318568, 0.4399999999999998357 ) ) ;
#2171 = CARTESIAN_POINT ( 'NONE',  ( -0.1410226059248251562, 0.05677183030437662342, 0.4389999999999999458 ) ) ;
#2172 = CARTESIAN_POINT ( 'NONE',  ( -0.9498293279158511737, 0.2209748956376221818, 0.4399999999999999467 ) ) ;
#2173 = CARTESIAN_POINT ( 'NONE',  ( 1.500000000000000000, 0.000000000000000000, -0.1549999999999999711 ) ) ;
#2174 = MECHANICAL_DESIGN_GEOMETRIC_PRESENTATION_REPRESENTATION (  '', ( #9388 ), #1535 ) ;
#2175 = CARTESIAN_POINT ( 'NONE',  ( 0.02107151668687825413, -0.1363995781323537604, 0.4389999999999999458 ) ) ;
#2176 = AXIS2_PLACEMENT_3D ( 'NONE', #5738, #2712, #8675 ) ;
#2177 = FACE_OUTER_BOUND ( 'NONE', #2928, .T. ) ;
#2178 = ORIENTED_EDGE ( 'NONE', *, *, #1878, .F. ) ;
#2179 = CARTESIAN_POINT ( 'NONE',  ( 0.5241733224935598567, 0.07101028823252558686, 0.4390000000000000013 ) ) ;
#2180 = AXIS2_PLACEMENT_3D ( 'NONE', #3154, #1748, #4639 ) ;
#2181 = ORIENTED_EDGE ( 'NONE', *, *, #6844, .F. ) ;
#2182 = COLOUR_RGB ( '',0.9686274509803921573, 0.8784313725490195957, 0.5999999999999999778 ) ;
#2183 = CARTESIAN_POINT ( 'NONE',  ( 0.8943956782627906499, 0.2009081247709871010, 0.4390000000000000013 ) ) ;
#2184 = EDGE_CURVE ( 'NONE', #710, #2903, #6966, .T. ) ;
#2185 = CARTESIAN_POINT ( 'NONE',  ( 0.6596256949257512936, -0.1300876518661747971, 0.4400000000000000022 ) ) ;
#2186 = CARTESIAN_POINT ( 'NONE',  ( 0.5481393760972237406, 0.03223682170836352640, 0.4389999999999998903 ) ) ;
#2187 = ORIENTED_EDGE ( 'NONE', *, *, #7862, .F. ) ;
#2188 = CARTESIAN_POINT ( 'NONE',  ( -0.4945850662947478549, 0.08840110533652516256, 0.4390000000000000568 ) ) ;
#2189 = CARTESIAN_POINT ( 'NONE',  ( 1.250000000000000000, 0.9000000000000000222, 0.3049999999999999933 ) ) ;
#2190 = AXIS2_PLACEMENT_3D ( 'NONE', #878, #8966, #3818 ) ;
#2191 = CARTESIAN_POINT ( 'NONE',  ( -0.4422144012686691217, -0.1795333693557046306, 0.4389999999999999458 ) ) ;
#2192 = ORIENTED_EDGE ( 'NONE', *, *, #7999, .F. ) ;
#2193 = CARTESIAN_POINT ( 'NONE',  ( -0.3464402360764499700, -0.1710197997642485257, 0.4400000000000000022 ) ) ;
#2194 = B_SPLINE_SURFACE_WITH_KNOTS ( 'NONE', 3, 1, ( 
 ( #2406, #1624 ),
 ( #5284, #3994 ),
 ( #1045, #5474 ),
 ( #273, #9039 ),
 ( #8402, #177 ),
 ( #5371, #8299 ),
 ( #3078, #4653 ),
 ( #6050, #1814 ),
 ( #4752, #9086 ),
 ( #4046, #6975 ),
 ( #997, #5328 ) ),
 .UNSPECIFIED., .F., .F., .F.,
 ( 4, 1, 1, 1, 1, 1, 1, 1, 4 ),
 ( 2, 2 ),
 ( 0.000000000000000000, 0.1815353013762842915, 0.3470816724816285226, 0.4955678164315543421, 0.6283573018772137253, 0.7455196699921555759, 0.8458307507576513506, 0.9307818073847582419, 1.000000000000000000 ),
 ( 0.000000000000000000, 1.000000000000000000 ),
 .UNSPECIFIED. ) ;
#2195 = DIRECTION ( 'NONE',  ( -0.000000000000000000, -0.000000000000000000, 1.000000000000000000 ) ) ;
#2196 = CARTESIAN_POINT ( 'NONE',  ( -0.3659735818046087608, -0.1068828600102106896, 0.4390000000000000568 ) ) ;
#2197 = ADVANCED_FACE ( 'NONE', ( #9359 ), #8793, .T. ) ;
#2198 = CARTESIAN_POINT ( 'NONE',  ( -0.9305875538530132829, -0.1588644046195192561, 0.4399999999999997802 ) ) ;
#2199 = CARTESIAN_POINT ( 'NONE',  ( -0.8276569591053291042, -0.2259571002982809218, 0.4390000000000000013 ) ) ;
#2200 = FACE_OUTER_BOUND ( 'NONE', #2667, .T. ) ;
#2201 = CARTESIAN_POINT ( 'NONE',  ( 0.8007582565686282017, -0.1107836697771575341, 0.4390000000000000013 ) ) ;
#2202 = VERTEX_POINT ( 'NONE', #4400 ) ;
#2203 =( LENGTH_UNIT ( ) NAMED_UNIT ( * ) SI_UNIT ( .MILLI., .METRE. ) );
#2204 = CARTESIAN_POINT ( 'NONE',  ( -0.2735129755833632936, -0.09332264445978211143, 0.4390000000000000013 ) ) ;
#2205 = CARTESIAN_POINT ( 'NONE',  ( -0.5215898986602862664, 0.1439369709248332352, 0.4390000000000000013 ) ) ;
#2206 = CARTESIAN_POINT ( 'NONE',  ( -0.3719127969437024950, -0.1323342148985768851, 0.4400000000000000577 ) ) ;
#2207 = CARTESIAN_POINT ( 'NONE',  ( -0.8541788984826920172, -0.1794665589616718515, 0.4390000000000000568 ) ) ;
#2208 = FACE_BOUND ( 'NONE', #6539, .T. ) ;
#2209 =( NAMED_UNIT ( * ) SI_UNIT ( $, .STERADIAN. ) SOLID_ANGLE_UNIT ( ) );
#2210 = ORIENTED_EDGE ( 'NONE', *, *, #8263, .T. ) ;
#2211 = ORIENTED_EDGE ( 'NONE', *, *, #5346, .T. ) ;
#2212 = CARTESIAN_POINT ( 'NONE',  ( 0.5999999999999999778, 0.4999999999999998890, -0.1499999999999999667 ) ) ;
#2213 = LINE ( 'NONE', #6126, #7132 ) ;
#2214 = CARTESIAN_POINT ( 'NONE',  ( 0.2891296242053444376, 0.1858706252945560022, 0.4399999999999996136 ) ) ;
#2215 = CARTESIAN_POINT ( 'NONE',  ( -0.2241572558891679612, 0.2006178687331114652, 0.4390000000000001679 ) ) ;
#2216 = CARTESIAN_POINT ( 'NONE',  ( 0.002104913779166286969, 0.003231407439605372880, 0.4400000000000000577 ) ) ;
#2217 = FACE_OUTER_BOUND ( 'NONE', #9312, .T. ) ;
#2218 = CARTESIAN_POINT ( 'NONE',  ( 1.449999999999999956, -0.9000000000000000222, 0.4149999999999999800 ) ) ;
#2219 = CARTESIAN_POINT ( 'NONE',  ( -1.600000000000000089, -1.250000000000000000, 0.1500000000000000222 ) ) ;
#2220 = CARTESIAN_POINT ( 'NONE',  ( 0.5656123416766530854, -0.2259808974453771657, 0.4399999999999997247 ) ) ;
#2221 = CARTESIAN_POINT ( 'NONE',  ( -1.600000000000000089, 1.100000000000000089, 0.2799999999999999711 ) ) ;
#2222 = CARTESIAN_POINT ( 'NONE',  ( -0.3819564851987478638, -0.05942841369055133771, 0.4399999999999999467 ) ) ;
#2223 =( NAMED_UNIT ( * ) SI_UNIT ( $, .STERADIAN. ) SOLID_ANGLE_UNIT ( ) );
#2224 = CARTESIAN_POINT ( 'NONE',  ( -0.008196196009503737417, -0.08780122391816941319, 0.4390000000000000568 ) ) ;
#2225 = AXIS2_PLACEMENT_3D ( 'NONE', #2030, #3512, #8665 ) ;
#2227 = ORIENTED_EDGE ( 'NONE', *, *, #4671, .T. ) ;
#2226 = VECTOR ( 'NONE', #6948, 1000.000000000000000 ) ;
#2228 = CARTESIAN_POINT ( 'NONE',  ( 0.9568213085521279915, -0.2120255317236433290, 0.4400000000000001688 ) ) ;
#2229 = CARTESIAN_POINT ( 'NONE',  ( 0.7014870244166366842, 0.1893696632325255758, 0.4390000000000000013 ) ) ;
#2230 = DIRECTION ( 'NONE',  ( 0.000000000000000000, 0.000000000000000000, -1.000000000000000000 ) ) ;
#2231 = EDGE_CURVE ( 'NONE', #267, #4719, #647, .T. ) ;
#2232 = EDGE_LOOP ( 'NONE', ( #5533, #8989, #1272, #1577 ) ) ;
#2233 = CARTESIAN_POINT ( 'NONE',  ( 0.03069008932950439278, -0.05921102929260922687, 0.4390000000000001124 ) ) ;
#2234 = CARTESIAN_POINT ( 'NONE',  ( 0.9693912991535827972, 0.1591840875540754818, 0.4400000000000001132 ) ) ;
#2235 = AXIS2_PLACEMENT_3D ( 'NONE', #374, #3842, #8251 ) ;
#2236 = CARTESIAN_POINT ( 'NONE',  ( -0.9954394044662722152, 0.1273289807628480708, 0.4390000000000000013 ) ) ;
#2237 = ORIENTED_EDGE ( 'NONE', *, *, #2367, .T. ) ;
#2238 = CARTESIAN_POINT ( 'NONE',  ( -0.3825007992134810686, -0.2057938901442452340, 0.4400000000000001132 ) ) ;
#2239 = CARTESIAN_POINT ( 'NONE',  ( -0.3660102221238223374, -0.09985240609080048291, 0.4390000000000000013 ) ) ;
#2240 = CARTESIAN_POINT ( 'NONE',  ( 0.006251212487734848083, 0.1024834233776862613, 0.4390000000000000568 ) ) ;
#2241 = B_SPLINE_CURVE_WITH_KNOTS ( 'NONE', 3,
 ( #6130, #5461, #4789, #1138, #6034, #6232, #1750, #5315, #4691, #4736, #7716, #5358, #7621, #364, #8386, #311, #4086, #7013, #9169 ),
 .UNSPECIFIED., .F., .F.,
 ( 4, 1, 1, 1, 1, 1, 1, 1, 1, 1, 1, 1, 1, 1, 1, 1, 4 ),
 ( 0.000000000000000000, 0.06443867159524239996, 0.1265469112716764155, 0.1868871534365695586, 0.2458775355894544101, 0.3040408846912666108, 0.3621912180726597486, 0.4209759327916441918, 0.4806602832796658675, 0.5406002749537570651, 0.6006890983494531655, 0.6619357897571953586, 0.7244425059139824041, 0.7890383938817433496, 0.8563137570509944396, 0.9263520282058635980, 1.000000000000000000 ),
 .UNSPECIFIED. ) ;
#2242 = DIRECTION ( 'NONE',  ( -1.000000000000000000, 0.000000000000000000, 0.000000000000000000 ) ) ;
#2243 = CARTESIAN_POINT ( 'NONE',  ( 0.6882663226408225476, 0.02786912743620751504, 0.4390000000000000013 ) ) ;
#2244 = CARTESIAN_POINT ( 'NONE',  ( 0.9364925631937477402, -0.02619844223432343105, 0.4390000000000002234 ) ) ;
#2245 = CARTESIAN_POINT ( 'NONE',  ( 0.8188450731118674941, -0.1374642500491516095, 0.4399999999999998912 ) ) ;
#2246 = COLOUR_RGB ( '',0.9686274509803921573, 0.8784313725490195957, 0.5999999999999999778 ) ;
#2247 = EDGE_CURVE ( 'NONE', #6625, #1337, #8781, .T. ) ;
#2248 = ORIENTED_EDGE ( 'NONE', *, *, #1940, .F. ) ;
#2249 = CARTESIAN_POINT ( 'NONE',  ( -0.2158206678910555287, 0.1316773555402178664, 0.4400000000000000022 ) ) ;
#2250 = AXIS2_PLACEMENT_3D ( 'NONE', #9377, #6532, #2162 ) ;
#2251 = CARTESIAN_POINT ( 'NONE',  ( 0.9545272349502259557, -0.04338554627878792730, 0.4399999999999999467 ) ) ;
#2252 = CARTESIAN_POINT ( 'NONE',  ( 0.4340620906262844247, -0.1382815346782318155, 0.4399999999999997802 ) ) ;
#2253 = CARTESIAN_POINT ( 'NONE',  ( 0.8864190095165473959, 0.06391827649174547377, 0.4389999999999998903 ) ) ;
#2254 = DIRECTION ( 'NONE',  ( 0.000000000000000000, 1.000000000000000000, 0.000000000000000000 ) ) ;
#2255 =( NAMED_UNIT ( * ) SI_UNIT ( $, .STERADIAN. ) SOLID_ANGLE_UNIT ( ) );
#2256 = VECTOR ( 'NONE', #3259, 1000.000000000000000 ) ;
#2257 = CARTESIAN_POINT ( 'NONE',  ( -0.7327860447860697901, 0.2281932843109778231, 0.4390000000000001124 ) ) ;
#2258 = EDGE_CURVE ( 'NONE', #534, #8439, #5652, .T. ) ;
#2259 = ORIENTED_EDGE ( 'NONE', *, *, #7576, .T. ) ;
#2260 = DIRECTION ( 'NONE',  ( -1.000000000000000000, 4.872818752743834533E-15, 0.000000000000000000 ) ) ;
#2261 = CARTESIAN_POINT ( 'NONE',  ( -1.600000000000000089, 1.250000000000000000, 0.2799999999999999711 ) ) ;
#2262 = CARTESIAN_POINT ( 'NONE',  ( -0.3255205416938062868, -0.1082644576094349553, 0.4390000000000000013 ) ) ;
#2263 = CARTESIAN_POINT ( 'NONE',  ( -0.03136747263914869965, 0.1271265569808806839, 0.4390000000000000013 ) ) ;
#2264 = LINE ( 'NONE', #2218, #2845 ) ;
#2265 = DIRECTION ( 'NONE',  ( -1.000000000000000000, -1.949127501097535707E-15, 0.000000000000000000 ) ) ;
#2266 = FACE_OUTER_BOUND ( 'NONE', #5113, .T. ) ;
#2267 = FILL_AREA_STYLE_COLOUR ( '', #4707 ) ;
#2268 = CARTESIAN_POINT ( 'NONE',  ( 0.09661330375681777272, 0.1429478418848315613, 0.4389999999999998903 ) ) ;
#2269 = AXIS2_PLACEMENT_3D ( 'NONE', #1716, #1674, #6927 ) ;
#2270 = CARTESIAN_POINT ( 'NONE',  ( -0.6852861541895707287, -0.1801743484263730599, 0.4400000000000001688 ) ) ;
#2271 = LINE ( 'NONE', #2229, #7569 ) ;
#2272 = CARTESIAN_POINT ( 'NONE',  ( 1.011257350684835243, 0.1812413703688389721, 0.4400000000000000577 ) ) ;
#2273 = ORIENTED_EDGE ( 'NONE', *, *, #7950, .F. ) ;
#2274 = CARTESIAN_POINT ( 'NONE',  ( -0.5200271360335078086, 0.1295708469336070978, 0.4390000000000000013 ) ) ;
#2275 = CARTESIAN_POINT ( 'NONE',  ( 0.9704974370261051364, -0.06299964610007652288, 0.4390000000000000013 ) ) ;
#2276 = CARTESIAN_POINT ( 'NONE',  ( -0.8493229532247059677, 0.2007527926940220475, 0.4390000000000000568 ) ) ;
#2277 = ORIENTED_EDGE ( 'NONE', *, *, #4949, .T. ) ;
#2278 = ORIENTED_EDGE ( 'NONE', *, *, #8037, .T. ) ;
#2279 = CARTESIAN_POINT ( 'NONE',  ( -0.4539817255833632492, -0.2260149521520898042, 0.4400000000000000022 ) ) ;
#2280 = EDGE_CURVE ( 'NONE', #6312, #515, #263, .T. ) ;
#2281 = EDGE_CURVE ( 'NONE', #854, #3838, #6695, .T. ) ;
#2282 = CARTESIAN_POINT ( 'NONE',  ( 0.6670447170427511452, -0.1889602581395649350, 0.4400000000000000577 ) ) ;
#2283 = CARTESIAN_POINT ( 'NONE',  ( 1.003559763923550285, -0.1710197997642486922, 0.4390000000000000568 ) ) ;
#2284 = CARTESIAN_POINT ( 'NONE',  ( -0.5492417434313716651, -0.1107836697771575202, 0.4390000000000000013 ) ) ;
#2285 = DIRECTION ( 'NONE',  ( -0.000000000000000000, 1.000000000000000000, 0.000000000000000000 ) ) ;
#2286 = CARTESIAN_POINT ( 'NONE',  ( -0.9912587313768872477, -0.1741551837561768623, 0.4400000000000000577 ) ) ;
#2287 = VERTEX_POINT ( 'NONE', #5885 ) ;
#2288 = CARTESIAN_POINT ( 'NONE',  ( -1.600000000000000089, 1.250000000000000000, -0.1499999999999999667 ) ) ;
#2289 = PRESENTATION_STYLE_ASSIGNMENT (( #5302 ) ) ;
#2290 = CARTESIAN_POINT ( 'NONE',  ( -0.5619745140449017295, 0.1420439420786794305, 0.4390000000000000013 ) ) ;
#2291 = CARTESIAN_POINT ( 'NONE',  ( 0.5113442885557141215, -0.2173661255176127516, 0.4390000000000000568 ) ) ;
#2292 = LINE ( 'NONE', #6121, #6659 ) ;
#2293 = EDGE_CURVE ( 'NONE', #1783, #2695, #5210, .T. ) ;
#2294 = SURFACE_STYLE_USAGE ( .BOTH. , #5263 ) ;
#2295 = VECTOR ( 'NONE', #7706, 1000.000000000000000 ) ;
#2296 = CARTESIAN_POINT ( 'NONE',  ( -0.6369745140449016851, 0.1529513940017563356, 0.4400000000000000577 ) ) ;
#2297 = EDGE_LOOP ( 'NONE', ( #4001, #6549, #3754, #665 ) ) ;
#2298 = CARTESIAN_POINT ( 'NONE',  ( -0.3699181737693645333, 0.1460557915615879609, 0.4390000000000001124 ) ) ;
#2299 = CARTESIAN_POINT ( 'NONE',  ( 1.600000000000000089, -1.250000000000000000, -0.1549999999999999711 ) ) ;
#2300 = EDGE_CURVE ( 'NONE', #8357, #3505, #5699, .T. ) ;
#2301 = DIRECTION ( 'NONE',  ( 1.000000000000000000, 0.000000000000000000, 0.000000000000000000 ) ) ;
#2302 = LINE ( 'NONE', #5230, #150 ) ;
#2303 = CARTESIAN_POINT ( 'NONE',  ( 0.002067978689362854824, 0.08967236048426037442, 0.4389999999999999458 ) ) ;
#2304 = EDGE_CURVE ( 'NONE', #3396, #4157, #2414, .T. ) ;
#2305 = CARTESIAN_POINT ( 'NONE',  ( -1.071500386544141259, 0.06052787754343282728, 0.4400000000000002243 ) ) ;
#2306 = CARTESIAN_POINT ( 'NONE',  ( 0.5999999999999999778, -2.020459614945045158E-16, -0.1549999999999999711 ) ) ;
#2307 = CARTESIAN_POINT ( 'NONE',  ( 0.6983689415357129393, -0.1492280190670534634, 0.4390000000000000013 ) ) ;
#2308 = CARTESIAN_POINT ( 'NONE',  ( -0.4352486949358444490, 0.2465153427207062431, 0.4389999999999998903 ) ) ;
#2309 = ORIENTED_EDGE ( 'NONE', *, *, #8338, .T. ) ;
#2310 = CARTESIAN_POINT ( 'NONE',  ( -0.1465898986602864051, 0.05667735554021788302, 0.4400000000000000022 ) ) ;
#2311 = CARTESIAN_POINT ( 'NONE',  ( -0.3462369478530697986, -0.03863916187604664321, 0.4399999999999999467 ) ) ;
#2312 = CARTESIAN_POINT ( 'NONE',  ( 0.2072992598869405068, 0.2447046680416607167, 0.4390000000000000013 ) ) ;
#2313 = CARTESIAN_POINT ( 'NONE',  ( 0.9959344901715613263, -0.1807663367254274678, 0.4400000000000001132 ) ) ;
#2314 = TOROIDAL_SURFACE ( 'NONE', #5536, 0.2250000000000000056, 0.02500000000000000139 ) ;
#2315 = CARTESIAN_POINT ( 'NONE',  ( 1.250000000000000000, -1.100000000000000089, 0.4149999999999999800 ) ) ;
#2316 = CARTESIAN_POINT ( 'NONE',  ( -0.2241572558891679612, 0.2006178687331114652, 0.4400000000000001688 ) ) ;
#2317 = VECTOR ( 'NONE', #7742, 1000.000000000000000 ) ;
#2318 = CARTESIAN_POINT ( 'NONE',  ( 0.9841793321089444824, -0.1035990867674744242, 0.4400000000000000022 ) ) ;
#2319 = CARTESIAN_POINT ( 'NONE',  ( -0.9591758537126224837, 0.1616609599619874549, 0.4389999999999999458 ) ) ;
#2320 = AXIS2_PLACEMENT_3D ( 'NONE', #7933, #3558, #476 ) ;
#2321 = ORIENTED_EDGE ( 'NONE', *, *, #258, .T. ) ;
#2322 = CARTESIAN_POINT ( 'NONE',  ( 0.5999999999999997558, -1.150000000000000133, 0.1500000000000000222 ) ) ;
#2323 = CARTESIAN_POINT ( 'NONE',  ( 0.5840309294399756990, -0.2248365095912656930, 0.4400000000000000022 ) ) ;
#2324 = CARTESIAN_POINT ( 'NONE',  ( 0.9463371921142065268, 0.1824482515472023170, 0.4400000000000000022 ) ) ;
#2325 = CIRCLE ( 'NONE', #6765, 0.2249999999999999500 ) ;
#2326 = CARTESIAN_POINT ( 'NONE',  ( 0.8177689828753529344, 0.06804949803551914311, 0.4389999999999999458 ) ) ;
#2327 = CARTESIAN_POINT ( 'NONE',  ( -1.600000000000000089, -1.250000000000000000, 0.1500000000000000222 ) ) ;
#2328 = CARTESIAN_POINT ( 'NONE',  ( -0.9604746894859819140, -0.1953841493647250072, 0.4399999999999999467 ) ) ;
#2329 = CIRCLE ( 'NONE', #8291, 0.02500000000000001180 ) ;
#2330 = CARTESIAN_POINT ( 'NONE',  ( -0.5200271360335078086, 0.1295708469336070978, 0.4390000000000000013 ) ) ;
#2331 = SURFACE_SIDE_STYLE ('',( #8916 ) ) ;
#2332 = CARTESIAN_POINT ( 'NONE',  ( 0.8916437684873053104, 0.008918299979704568531, 0.4399999999999999467 ) ) ;
#2333 = CARTESIAN_POINT ( 'NONE',  ( -0.5213681672303623893, 0.1478095288284510811, 0.4400000000000000577 ) ) ;
#2334 = EDGE_LOOP ( 'NONE', ( #3273, #9136, #3823, #6503 ) ) ;
#2336 = CARTESIAN_POINT ( 'NONE',  ( 1.018794716724329197, 0.1708900959248332574, 0.4400000000000000022 ) ) ;
#2335 = B_SPLINE_SURFACE_WITH_KNOTS ( 'NONE', 3, 1, ( 
 ( #1213, #1261 ),
 ( #7845, #1059 ),
 ( #3479, #7037 ),
 ( #6305, #8413 ),
 ( #338, #4974 ),
 ( #2614, #442 ),
 ( #492, #3427 ),
 ( #3381, #4923 ),
 ( #5642, #3329 ),
 ( #6257, #5691 ),
 ( #1933, #9254 ),
 ( #8572, #2665 ),
 ( #9144, #541 ),
 ( #7794, #2766 ),
 ( #4155, #2562 ),
 ( #4201, #7137 ),
 ( #6409, #8623 ),
 ( #2042, #6935 ),
 ( #1313, #5879 ) ),
 .UNSPECIFIED., .F., .F., .F.,
 ( 4, 1, 1, 1, 1, 1, 1, 1, 1, 1, 1, 1, 1, 1, 1, 1, 4 ),
 ( 2, 2 ),
 ( 0.000000000000000000, 0.06554117033740380904, 0.1289631677825938683, 0.1903771361885615299, 0.2500923616690531870, 0.3085484324592016048, 0.3663979630552964828, 0.4245421892666805253, 0.4831699964229062561, 0.5422433998311204650, 0.6017393520173305310, 0.6625060022496072065, 0.7248555134488471330, 0.7891278292811814143, 0.8563463998785102449, 0.9262952349869054691, 1.000000000000000000 ),
 ( 0.000000000000000000, 1.000000000000000000 ),
 .UNSPECIFIED. ) ;
#2337 = ORIENTED_EDGE ( 'NONE', *, *, #4080, .F. ) ;
#2338 =( NAMED_UNIT ( * ) SI_UNIT ( $, .STERADIAN. ) SOLID_ANGLE_UNIT ( ) );
#2339 = CARTESIAN_POINT ( 'NONE',  ( 1.449999999999999956, 1.260000000000000009, 0.4400000000000000022 ) ) ;
#2340 = ADVANCED_FACE ( 'NONE', ( #3085 ), #3265, .T. ) ;
#2341 = VERTEX_POINT ( 'NONE', #6255 ) ;
#2342 = CARTESIAN_POINT ( 'NONE',  ( -0.6852861541895707287, -0.1801743484263730599, 0.4400000000000001132 ) ) ;
#2343 = CARTESIAN_POINT ( 'NONE',  ( 0.3348880458199539611, 0.01331833684777401425, 0.4400000000000001132 ) ) ;
#2344 = CARTESIAN_POINT ( 'NONE',  ( -0.07799153863468091807, 0.1928409965435732565, 0.4390000000000001124 ) ) ;
#2345 = LINE ( 'NONE', #4461, #305 ) ;
#2346 = PLANE ( 'NONE',  #4619 ) ;
#2347 = CARTESIAN_POINT ( 'NONE',  ( -0.4919324467372094278, 0.08579394207867938049, 0.4400000000000000022 ) ) ;
#2348 = DIRECTION ( 'NONE',  ( 1.000000000000000000, 0.000000000000000000, 0.000000000000000000 ) ) ;
#2349 = FACE_OUTER_BOUND ( 'NONE', #5300, .T. ) ;
#2350 = CARTESIAN_POINT ( 'NONE',  ( 0.2367033705704829349, 0.2470619709248332851, 0.4400000000000000022 ) ) ;
#2351 = CARTESIAN_POINT ( 'NONE',  ( 0.3674991767059351822, 0.1518727839490219556, 0.4400000000000001688 ) ) ;
#2352 = ORIENTED_EDGE ( 'NONE', *, *, #7689, .T. ) ;
#2353 = AXIS2_PLACEMENT_3D ( 'NONE', #4427, #8116, #765 ) ;
#2354 = ORIENTED_EDGE ( 'NONE', *, *, #7513, .F. ) ;
#2355 = CARTESIAN_POINT ( 'NONE',  ( 0.8125877712370631611, -0.1972824725619164998, 0.4390000000000000013 ) ) ;
#2356 = EDGE_CURVE ( 'NONE', #3914, #7251, #7033, .T. ) ;
#2357 = CARTESIAN_POINT ( 'NONE',  ( 0.6784101013397136892, -0.06573850984439749690, 0.4400000000000000022 ) ) ;
#2358 = EDGE_CURVE ( 'NONE', #6171, #4320, #5483, .T. ) ;
#2359 = CARTESIAN_POINT ( 'NONE',  ( -0.04766178024077948744, -0.1581693913146323682, 0.4389999999999999458 ) ) ;
#2360 = CARTESIAN_POINT ( 'NONE',  ( 0.9568213085521279915, -0.2120255317236433290, 0.4390000000000001124 ) ) ;
#2361 = CARTESIAN_POINT ( 'NONE',  ( 0.6558717870648773651, -0.0009414850948815936191, 0.4399999999999998912 ) ) ;
#2362 = LINE ( 'NONE', #4434, #1289 ) ;
#2363 = CARTESIAN_POINT ( 'NONE',  ( 0.9147513050641558063, 0.2465153427207062986, 0.4400000000000000577 ) ) ;
#2364 = AXIS2_PLACEMENT_3D ( 'NONE', #6243, #9283, #7071 ) ;
#2365 = DIRECTION ( 'NONE',  ( 0.000000000000000000, 0.000000000000000000, -1.000000000000000000 ) ) ;
#2366 = CARTESIAN_POINT ( 'NONE',  ( 1.250000000000000000, 1.100000000000000089, 0.4149999999999999800 ) ) ;
#2367 = EDGE_CURVE ( 'NONE', #7709, #8951, #438, .T. ) ;
#2368 = VECTOR ( 'NONE', #9341, 1000.000000000000000 ) ;
#2369 = ORIENTED_EDGE ( 'NONE', *, *, #5072, .T. ) ;
#2370 = CARTESIAN_POINT ( 'NONE',  ( -0.4282370905196330457, -0.2239694611288362280, 0.4399999999999999467 ) ) ;
#2371 = AXIS2_PLACEMENT_3D ( 'NONE', #2439, #2348, #3158 ) ;
#2372 = CARTESIAN_POINT ( 'NONE',  ( 0.5484221205704828961, 0.1893696632325255758, 0.4400000000000000022 ) ) ;
#2373 = LINE ( 'NONE', #5295, #2954 ) ;
#2374 = CARTESIAN_POINT ( 'NONE',  ( 1.449999999999999956, 1.125000000000000000, 0.3049999999999999933 ) ) ;
#2375 = DIRECTION ( 'NONE',  ( 0.000000000000000000, -1.000000000000000000, -0.000000000000000000 ) ) ;
#2376 = CARTESIAN_POINT ( 'NONE',  ( -0.4630862928910556287, 0.01232639400175632692, 0.4390000000000000013 ) ) ;
#2377 = VECTOR ( 'NONE', #7560, 1000.000000000000000 ) ;
#2378 = CARTESIAN_POINT ( 'NONE',  ( 0.1333240908070869868, 0.2050013978864320130, 0.4389999999999998903 ) ) ;
#2379 = CARTESIAN_POINT ( 'NONE',  ( 0.7880880443658273560, 0.1390052152411147823, 0.4400000000000000022 ) ) ;
#2380 = CARTESIAN_POINT ( 'NONE',  ( 0.000000000000000000, 1.250999999999999890, 0.1500000000000000222 ) ) ;
#2381 =( NAMED_UNIT ( * ) SI_UNIT ( $, .STERADIAN. ) SOLID_ANGLE_UNIT ( ) );
#2382 = CARTESIAN_POINT ( 'NONE',  ( -0.4556043217372094389, 0.2009081247709871010, 0.4390000000000000013 ) ) ;
#2383 = VERTEX_POINT ( 'NONE', #3178 ) ;
#2384 = LINE ( 'NONE', #7567, #2705 ) ;
#2385 =( NAMED_UNIT ( * ) PLANE_ANGLE_UNIT ( ) SI_UNIT ( $, .RADIAN. ) );
#2386 = CARTESIAN_POINT ( 'NONE',  ( -0.3819564851987478638, -0.05942841369055133771, 0.4400000000000000022 ) ) ;
#2387 = DIRECTION ( 'NONE',  ( 1.000000000000000000, 0.000000000000000000, 0.000000000000000000 ) ) ;
#2388 = PRESENTATION_LAYER_ASSIGNMENT (  '', '', ( #6058 ) ) ;
#2389 = DIRECTION ( 'NONE',  ( -0.6040849710794065075, 0.7969199129874925402, 0.000000000000000000 ) ) ;
#2390 = EDGE_CURVE ( 'NONE', #8546, #7973, #9395, .T. ) ;
#2391 = EDGE_CURVE ( 'NONE', #195, #9366, #1532, .T. ) ;
#2392 = CARTESIAN_POINT ( 'NONE',  ( -0.6884215033824746532, -0.1225466259018928583, 0.4389999999999998903 ) ) ;
#2393 = DIRECTION ( 'NONE',  ( -0.7969199129874933174, -0.6040849710794053973, 0.000000000000000000 ) ) ;
#2394 = CARTESIAN_POINT ( 'NONE',  ( 0.000000000000000000, -1.250000000000000000, 0.1500000000000000222 ) ) ;
#2395 = DIRECTION ( 'NONE',  ( 0.000000000000000000, 0.000000000000000000, -1.000000000000000000 ) ) ;
#2396 = DIRECTION ( 'NONE',  ( 0.2009441437213313475, 0.9796027006414900207, 0.000000000000000000 ) ) ;
#2397 = CARTESIAN_POINT ( 'NONE',  ( -0.7061619910186970328, -0.1378836972568293906, 0.4400000000000000577 ) ) ;
#2398 = CARTESIAN_POINT ( 'NONE',  ( 0.3439758461782035370, 0.1972863235760553002, 0.4400000000000000022 ) ) ;
#2399 = CIRCLE ( 'NONE', #3471, 0.2000000000000000944 ) ;
#2400 = VERTEX_POINT ( 'NONE', #9196 ) ;
#2401 = CARTESIAN_POINT ( 'NONE',  ( -1.500000000000000000, -0.5000000000000000000, 0.1500000000000000222 ) ) ;
#2402 = CARTESIAN_POINT ( 'NONE',  ( -1.022930765736633996, -0.1417208858297782093, 0.4399999999999999467 ) ) ;
#2403 = LINE ( 'NONE', #7172, #1681 ) ;
#2404 = CARTESIAN_POINT ( 'NONE',  ( 0.7942797271809144410, 0.1064177203410478917, 0.4399999999999998912 ) ) ;
#2405 = CARTESIAN_POINT ( 'NONE',  ( 1.024563947493559724, -0.1042300963828590443, 0.4390000000000000013 ) ) ;
#2406 = CARTESIAN_POINT ( 'NONE',  ( -0.4630862928910556287, 0.01232639400175632692, 0.4390000000000000013 ) ) ;
#2407 = CARTESIAN_POINT ( 'NONE',  ( 0.6178270783071143635, -0.1673192134538309117, 0.4400000000000000022 ) ) ;
#2408 = CARTESIAN_POINT ( 'NONE',  ( -0.1681664584762269377, 0.2397708740019593165, 0.4400000000000001688 ) ) ;
#2409 = EDGE_CURVE ( 'NONE', #7278, #5789, #1161, .T. ) ;
#2410 = CARTESIAN_POINT ( 'NONE',  ( -1.034999578325322078, 0.01449337680394994533, 0.4390000000000000568 ) ) ;
#2411 = ORIENTED_EDGE ( 'NONE', *, *, #7061, .F. ) ;
#2412 = CARTESIAN_POINT ( 'NONE',  ( -1.015530276793257691, -0.1505418196508021556, 0.4389999999999998903 ) ) ;
#2413 = PRODUCT_DEFINITION_SHAPE ( 'NONE', 'NONE',  #1922 ) ;
#2414 = LINE ( 'NONE', #2372, #6914 ) ;
#2415 = FACE_OUTER_BOUND ( 'NONE', #9179, .T. ) ;
#2416 = EDGE_CURVE ( 'NONE', #609, #8038, #7687, .T. ) ;
#2417 = CARTESIAN_POINT ( 'NONE',  ( -0.8885466234769114902, 0.1946269223189293629, 0.4400000000000000577 ) ) ;
#2418 = CARTESIAN_POINT ( 'NONE',  ( -0.008128360198747823159, -0.08466879830593596057, 0.4390000000000000013 ) ) ;
#2419 = DIRECTION ( 'NONE',  ( 1.000000000000000000, 0.000000000000000000, 0.000000000000000000 ) ) ;
#2420 = ORIENTED_EDGE ( 'NONE', *, *, #8592, .T. ) ;
#2421 = VERTEX_POINT ( 'NONE', #6107 ) ;
#2422 = ORIENTED_EDGE ( 'NONE', *, *, #7565, .T. ) ;
#2423 = CARTESIAN_POINT ( 'NONE',  ( -0.5214381814503286083, 0.1367003154705438706, 0.4390000000000000013 ) ) ;
#2424 = PLANE ( 'NONE',  #3289 ) ;
#2425 = PRESENTATION_STYLE_ASSIGNMENT (( #6073 ) ) ;
#2426 = B_SPLINE_CURVE_WITH_KNOTS ( 'NONE', 3,
 ( #1114, #6410, #4060, #8573, #493, #7196, #7693, #5593, #1884, #6458, #7795, #1214, #5692, #6306, #4156, #3527, #7038, #4820, #1934 ),
 .UNSPECIFIED., .F., .F.,
 ( 4, 1, 1, 1, 1, 1, 1, 1, 1, 1, 1, 1, 1, 1, 1, 1, 4 ),
 ( 0.000000000000000000, 0.05720826943350933863, 0.1136960596574903698, 0.1691779164171952343, 0.2241592165805428583, 0.2787198783810436176, 0.3337942174469891166, 0.3892414593400027600, 0.4458220733936217872, 0.5037042811090205463, 0.5642938918193635134, 0.6279754158952238763, 0.6950382596840515292, 0.7653727258510127918, 0.8396114430907352100, 0.9175377500777892603, 1.000000000000000000 ),
 .UNSPECIFIED. ) ;
#2427 = CARTESIAN_POINT ( 'NONE',  ( -1.449999999999999956, -1.250000000000000000, -0.2810000000000000275 ) ) ;
#2428 = CARTESIAN_POINT ( 'NONE',  ( 0.7014870244166366842, 0.2355235093863717322, 0.4390000000000000013 ) ) ;
#2429 = ORIENTED_EDGE ( 'NONE', *, *, #5502, .T. ) ;
#2430 = DIRECTION ( 'NONE',  ( -1.000000000000000000, 0.000000000000000000, 0.000000000000000000 ) ) ;
#2431 = CARTESIAN_POINT ( 'NONE',  ( -0.3839712784505387999, -0.05685096494155039010, 0.4390000000000000013 ) ) ;
#2432 = LINE ( 'NONE', #8928, #7605 ) ;
#2433 = CARTESIAN_POINT ( 'NONE',  ( 0.3682997268999168572, 0.07633612962114021128, 0.4390000000000000013 ) ) ;
#2434 = CARTESIAN_POINT ( 'NONE',  ( -0.008717640342911364693, -0.07211100224635529077, 0.4399999999999999467 ) ) ;
#2435 = CARTESIAN_POINT ( 'NONE',  ( -0.6777537670949387305, -0.1108359379831116015, 0.4389999999999999458 ) ) ;
#2437 = TOROIDAL_SURFACE ( 'NONE', #9517, 0.2250000000000000056, 0.02500000000000000139 ) ;
#2436 = CARTESIAN_POINT ( 'NONE',  ( 0.7734907936305730480, -0.1521465942845240671, 0.4399999999999998912 ) ) ;
#2438 = CARTESIAN_POINT ( 'NONE',  ( -0.4919324467372094278, 0.08579394207867938049, 0.4400000000000000022 ) ) ;
#2439 = CARTESIAN_POINT ( 'NONE',  ( 1.500000000000000000, 0.000000000000000000, 0.1500000000000000222 ) ) ;
#2440 = CARTESIAN_POINT ( 'NONE',  ( 0.8939054648236415268, 0.2468765150104014483, 0.4389999999999999458 ) ) ;
#2441 = CARTESIAN_POINT ( 'NONE',  ( 1.024563947493559946, -0.1042300963828590582, 0.4390000000000000568 ) ) ;
#2442 = CARTESIAN_POINT ( 'NONE',  ( 0.3515747075538961375, 0.1865521645402074546, 0.4399999999999999467 ) ) ;
#2443 = EDGE_CURVE ( 'NONE', #8764, #469, #4055, .T. ) ;
#2444 = ORIENTED_EDGE ( 'NONE', *, *, #2988, .T. ) ;
#2445 = ORIENTED_EDGE ( 'NONE', *, *, #7458, .F. ) ;
#2446 = CIRCLE ( 'NONE', #2917, 0.1750000000000000167 ) ;
#2447 = B_SPLINE_CURVE_WITH_KNOTS ( 'NONE', 3,
 ( #9004, #6827, #233, #5535, #6153, #6106, #9044, #2461, #4054, #6984, #1718, #383, #4105, #3129, #3325, #6057, #1823, #2412, #1055 ),
 .UNSPECIFIED., .F., .F.,
 ( 4, 1, 1, 1, 1, 1, 1, 1, 1, 1, 1, 1, 1, 1, 1, 1, 4 ),
 ( 0.000000000000000000, 0.06966280089907743445, 0.1377495622582724510, 0.2039167435177824950, 0.2687798623293362610, 0.3324137064772234584, 0.3947535404471388953, 0.4561800316591683724, 0.5169956491967192536, 0.5773959379659514557, 0.6371983435092747339, 0.6969991842614543520, 0.7567561942255589535, 0.8165539052726074054, 0.8769479965978697056, 0.9381317879205949284, 1.000000000000000000 ),
 .UNSPECIFIED. ) ;
#2448 = CARTESIAN_POINT ( 'NONE',  ( -0.1978819659679786902, -0.1555221636905513571, 0.4390000000000000013 ) ) ;
#2449 = DIRECTION ( 'NONE',  ( 0.000000000000000000, 0.000000000000000000, -1.000000000000000000 ) ) ;
#2450 = CARTESIAN_POINT ( 'NONE',  ( -0.1222509563525940868, 0.2470619709248332851, 0.4400000000000000022 ) ) ;
#2451 = SURFACE_STYLE_FILL_AREA ( #8252 ) ;
#2452 = APPLICATION_PROTOCOL_DEFINITION ( 'draft international standard', 'automotive_design', 1998, #1159 ) ;
#2453 = CARTESIAN_POINT ( 'NONE',  ( -1.250000000000000000, 0.9000000000000000222, 0.3049999999999999933 ) ) ;
#2454 = CARTESIAN_POINT ( 'NONE',  ( 0.6744507568003916820, -0.03494535834764021798, 0.4399999999999999467 ) ) ;
#2455 = DIRECTION ( 'NONE',  ( -1.000000000000000000, 0.000000000000000000, 0.000000000000000000 ) ) ;
#2456 = CARTESIAN_POINT ( 'NONE',  ( 1.003511658980603238, 0.1908272132656883557, 0.4399999999999998912 ) ) ;
#2457 = CARTESIAN_POINT ( 'NONE',  ( -1.035051437121824902, 0.01007278823252557957, 0.4400000000000000577 ) ) ;
#2458 = EDGE_CURVE ( 'NONE', #8023, #1319, #2610, .T. ) ;
#2459 = B_SPLINE_CURVE_WITH_KNOTS ( 'NONE', 3,
 ( #3096, #5305, #9108, #8232, #4581, #5447, #1788, #6019, #3241, #3969, #3920, #7653, #8968, #2524, #7516 ),
 .UNSPECIFIED., .F., .F.,
 ( 4, 1, 1, 1, 1, 1, 1, 1, 1, 1, 1, 1, 4 ),
 ( 0.000000000000000000, 0.1072327993600885876, 0.2132518127818483211, 0.3188304473075866396, 0.4267935306342744428, 0.4836459507827178261, 0.5436038220211416583, 0.6083076495640822312, 0.6771267602600405944, 0.7506856360204946510, 0.8287134184432866091, 0.9121903482234512417, 1.000000000000000000 ),
 .UNSPECIFIED. ) ;
#2460 = EDGE_LOOP ( 'NONE', ( #661, #3626, #8571, #5048 ) ) ;
#2461 = CARTESIAN_POINT ( 'NONE',  ( -0.9139514957720977772, -0.2150249644077862343, 0.4390000000000000013 ) ) ;
#2462 = EDGE_CURVE ( 'NONE', #3278, #3071, #6302, .T. ) ;
#2463 = CARTESIAN_POINT ( 'NONE',  ( 0.3726408705704829516, 0.1132879324632948131, 0.4390000000000000013 ) ) ;
#2464 = CARTESIAN_POINT ( 'NONE',  ( 0.9871872918267114994, -0.1899184998996603646, 0.4389999999999998348 ) ) ;
#2465 = DIRECTION ( 'NONE',  ( 1.000000000000000000, 0.000000000000000000, 0.000000000000000000 ) ) ;
#2466 =( LENGTH_UNIT ( ) NAMED_UNIT ( * ) SI_UNIT ( .MILLI., .METRE. ) );
#2467 = CARTESIAN_POINT ( 'NONE',  ( -0.008717640342911364693, -0.07211100224635529077, 0.4389999999999999458 ) ) ;
#2468 = CARTESIAN_POINT ( 'NONE',  ( 0.8869137071089443491, 0.01232639400175632692, 0.4400000000000000022 ) ) ;
#2469 = VECTOR ( 'NONE', #1368, 1000.000000000000000 ) ;
#2470 = CARTESIAN_POINT ( 'NONE',  ( -0.4556043217372094389, 0.2009081247709871010, 0.4400000000000000022 ) ) ;
#2471 = ORIENTED_EDGE ( 'NONE', *, *, #6388, .F. ) ;
#2472 = ORIENTED_EDGE ( 'NONE', *, *, #2055, .F. ) ;
#2473 = EDGE_CURVE ( 'NONE', #8032, #769, #9251, .T. ) ;
#2474 = ORIENTED_EDGE ( 'NONE', *, *, #5241, .T. ) ;
#2475 = CARTESIAN_POINT ( 'NONE',  ( 0.2367033705704829349, 0.2470619709248332851, 0.4390000000000000013 ) ) ;
#2476 = CARTESIAN_POINT ( 'NONE',  ( 0.8131757263397135782, 0.07353432669406401168, 0.4390000000000000013 ) ) ;
#2477 = CIRCLE ( 'NONE', #3082, 0.1499999999999999667 ) ;
#2478 = DIRECTION ( 'NONE',  ( -0.000000000000000000, -0.000000000000000000, 1.000000000000000000 ) ) ;
#2479 = FILL_AREA_STYLE ('',( #3190 ) ) ;
#2480 = ORIENTED_EDGE ( 'NONE', *, *, #4617, .T. ) ;
#2481 = CARTESIAN_POINT ( 'NONE',  ( 0.8913984289531203808, -0.1796364429379935512, 0.4400000000000000577 ) ) ;
#2482 = CARTESIAN_POINT ( 'NONE',  ( -0.6957935020510385149, 0.2087994631964149306, 0.4390000000000001124 ) ) ;
#2483 = CARTESIAN_POINT ( 'NONE',  ( -0.3819564851987478638, -0.05942841369055133771, 0.4390000000000000013 ) ) ;
#2484 = ORIENTED_EDGE ( 'NONE', *, *, #2111, .T. ) ;
#2485 = AXIS2_PLACEMENT_3D ( 'NONE', #1453, #5070, #7897 ) ;
#2486 = CARTESIAN_POINT ( 'NONE',  ( -0.6966097372053116077, -0.1879274410189626932, 0.4389999999999997238 ) ) ;
#2487 = CARTESIAN_POINT ( 'NONE',  ( 0.9800818262306355555, 0.1460557915615879332, 0.4390000000000000013 ) ) ;
#2488 = CARTESIAN_POINT ( 'NONE',  ( -0.1997872813062001041, -0.1538518553556947610, 0.4390000000000000568 ) ) ;
#2489 = CARTESIAN_POINT ( 'NONE',  ( -1.449999999999999956, -0.9000000000000000222, 0.4149999999999999800 ) ) ;
#2490 = CARTESIAN_POINT ( 'NONE',  ( 0.1863271910653994945, 0.1904266006781387410, 0.4399999999999999467 ) ) ;
#2491 = CARTESIAN_POINT ( 'NONE',  ( 1.250000000000000000, 1.100000000000000089, 0.4149999999999999800 ) ) ;
#2492 = CARTESIAN_POINT ( 'NONE',  ( -0.4431842790432248824, 0.04931782448408651709, 0.4389999999999998903 ) ) ;
#2493 = DIRECTION ( 'NONE',  ( 0.5141968420297349240, -0.8576722029112566759, 0.000000000000000000 ) ) ;
#2494 = CARTESIAN_POINT ( 'NONE',  ( 0.1439657729713016143, 0.2149255141320609019, 0.4400000000000000577 ) ) ;
#2495 = CARTESIAN_POINT ( 'NONE',  ( -0.09824031921962461666, -0.1782030537880537613, 0.4390000000000000568 ) ) ;
#2496 = VERTEX_POINT ( 'NONE', #336 ) ;
#2497 = CARTESIAN_POINT ( 'NONE',  ( 1.600000000000000089, -1.100000000000000089, -0.2810000000000000275 ) ) ;
#2498 = CARTESIAN_POINT ( 'NONE',  ( -1.072126895471015029, -0.03198854899053876072, 0.4390000000000001679 ) ) ;
#2499 = PLANE ( 'NONE',  #4614 ) ;
#2500 = CARTESIAN_POINT ( 'NONE',  ( 0.6768057961030105041, -0.04472617807213110502, 0.4400000000000000022 ) ) ;
#2501 = B_SPLINE_SURFACE_WITH_KNOTS ( 'NONE', 3, 1, ( 
 ( #5444, #6168 ),
 ( #3236, #8183 ),
 ( #2423, #3917 ),
 ( #2330, #196 ),
 ( #8318, #244 ),
 ( #8372, #6070 ),
 ( #1734, #4675 ),
 ( #6891, #7607 ),
 ( #1014, #3966 ),
 ( #4881, #8581 ),
 ( #3337, #9210 ) ),
 .UNSPECIFIED., .F., .F., .F.,
 ( 4, 1, 1, 1, 1, 1, 1, 1, 4 ),
 ( 2, 2 ),
 ( 0.000000000000000000, 0.1072852142689559307, 0.2147458609696391574, 0.3229385595552862753, 0.4341161625174662642, 0.5534123109627949733, 0.6860729848107299800, 0.8342559920595843392, 1.000000000000000000 ),
 ( 0.000000000000000000, 1.000000000000000000 ),
 .UNSPECIFIED. ) ;
#2502 = CARTESIAN_POINT ( 'NONE',  ( 0.2711140758629081438, -0.002844951564662575455, 0.4390000000000000568 ) ) ;
#2503 = UNCERTAINTY_MEASURE_WITH_UNIT (LENGTH_MEASURE( 1.000000000000000082E-05 ), #3195, 'distance_accuracy_value', 'NONE');
#2504 = CARTESIAN_POINT ( 'NONE',  ( 0.8427750760038426048, -0.1611520911732861050, 0.4390000000000000013 ) ) ;
#2505 = CARTESIAN_POINT ( 'NONE',  ( 0.6711819722357826867, -0.02567352826553056730, 0.4390000000000000013 ) ) ;
#2506 = DIRECTION ( 'NONE',  ( 0.000000000000000000, 0.000000000000000000, -1.000000000000000000 ) ) ;
#2507 = ORIENTED_EDGE ( 'NONE', *, *, #3753, .T. ) ;
#2508 = VERTEX_POINT ( 'NONE', #3275 ) ;
#2509 = FACE_OUTER_BOUND ( 'NONE', #744, .T. ) ;
#2510 = FACE_OUTER_BOUND ( 'NONE', #7863, .T. ) ;
#2511 = EDGE_CURVE ( 'NONE', #2797, #3097, #6205, .T. ) ;
#2512 = CARTESIAN_POINT ( 'NONE',  ( -0.5613697208754168111, -0.1730172428030498644, 0.4389999999999999458 ) ) ;
#2513 = CARTESIAN_POINT ( 'NONE',  ( -0.1953624061290305802, -0.1574646637615456091, 0.4400000000000000577 ) ) ;
#2514 = PRESENTATION_STYLE_ASSIGNMENT (( #9008 ) ) ;
#2515 = CARTESIAN_POINT ( 'NONE',  ( -0.07272484890604342944, -0.0005558615189205955631, 0.4389999999999998348 ) ) ;
#2516 = VECTOR ( 'NONE', #7816, 1000.000000000000000 ) ;
#2517 = CARTESIAN_POINT ( 'NONE',  ( -0.6637702268512887249, 0.1836820651694813511, 0.4400000000000000022 ) ) ;
#2518 = CIRCLE ( 'NONE', #70, 0.1499999999999999667 ) ;
#2519 = DIRECTION ( 'NONE',  ( 0.000000000000000000, 1.000000000000000000, 0.000000000000000000 ) ) ;
#2520 = EDGE_LOOP ( 'NONE', ( #8723, #3334, #193, #6411 ) ) ;
#2521 = CARTESIAN_POINT ( 'NONE',  ( 0.2367033705704829349, 0.2470619709248332851, 0.4399999999999998357 ) ) ;
#2522 = DIRECTION ( 'NONE',  ( -1.000000000000000000, 4.872818752743834533E-15, 0.000000000000000000 ) ) ;
#2523 = VECTOR ( 'NONE', #6883, 1000.000000000000000 ) ;
#2524 = CARTESIAN_POINT ( 'NONE',  ( 1.016240246986480633, 0.1743982202718302454, 0.4390000000000000568 ) ) ;
#2525 = ORIENTED_EDGE ( 'NONE', *, *, #5886, .T. ) ;
#2526 = CARTESIAN_POINT ( 'NONE',  ( -0.1227016775064402876, -0.1798611059982436478, 0.4400000000000000022 ) ) ;
#2527 = ORIENTED_EDGE ( 'NONE', *, *, #4816, .F. ) ;
#2528 = CARTESIAN_POINT ( 'NONE',  ( -0.3882010848592430396, -0.05143993369705912588, 0.4399999999999998912 ) ) ;
#2529 = ADVANCED_FACE ( 'NONE', ( #2510 ), #1208, .T. ) ;
#2530 = CARTESIAN_POINT ( 'NONE',  ( -0.7084214699559889805, -0.1950362689981247344, 0.4390000000000002789 ) ) ;
#2531 = CARTESIAN_POINT ( 'NONE',  ( 0.3625337469019303538, 0.05864554716713906574, 0.4390000000000000013 ) ) ;
#2532 = UNCERTAINTY_MEASURE_WITH_UNIT (LENGTH_MEASURE( 1.000000000000000082E-05 ), #2577, 'distance_accuracy_value', 'NONE');
#2533 = CARTESIAN_POINT ( 'NONE',  ( -0.3312052832756709475, 0.1708900959248332574, 0.4390000000000000013 ) ) ;
#2534 = CARTESIAN_POINT ( 'NONE',  ( 1.600999999999999979, 1.027502247202359387, -0.1549999999999999711 ) ) ;
#2535 = CARTESIAN_POINT ( 'NONE',  ( 0.1336982253885924399, 0.1202000109223574364, 0.4400000000000000577 ) ) ;
#2536 = CARTESIAN_POINT ( 'NONE',  ( -1.600000000000000089, 1.260000000000000009, 0.2799999999999999711 ) ) ;
#2537 = DIRECTION ( 'NONE',  ( 0.000000000000000000, -0.000000000000000000, -1.000000000000000000 ) ) ;
#2538 = CARTESIAN_POINT ( 'NONE',  ( 0.8939054648236415268, 0.2468765150104014483, 0.4399999999999998357 ) ) ;
#2539 = EDGE_CURVE ( 'NONE', #1165, #5443, #234, .T. ) ;
#2540 = DIRECTION ( 'NONE',  ( -0.000000000000000000, -0.000000000000000000, 1.000000000000000000 ) ) ;
#2541 = UNCERTAINTY_MEASURE_WITH_UNIT (LENGTH_MEASURE( 1.000000000000000082E-05 ), #1667, 'distance_accuracy_value', 'NONE');
#2542 = LINE ( 'NONE', #9076, #6064 ) ;
#2543 = CIRCLE ( 'NONE', #5161, 0.1499999999999999667 ) ;
#2544 = ORIENTED_EDGE ( 'NONE', *, *, #1222, .F. ) ;
#2545 = LINE ( 'NONE', #6969, #7323 ) ;
#2546 = CARTESIAN_POINT ( 'NONE',  ( -1.053494343455116500, -0.09372377004575838111, 0.4399999999999999467 ) ) ;
#2547 = CARTESIAN_POINT ( 'NONE',  ( 0.009179332108944296409, 0.1301449036171409557, 0.4400000000000000022 ) ) ;
#2548 = CARTESIAN_POINT ( 'NONE',  ( 0.8072741200894489877, 0.08139206477428051478, 0.4399999999999998912 ) ) ;
#2549 = DIRECTION ( 'NONE',  ( 0.000000000000000000, 0.000000000000000000, 1.000000000000000000 ) ) ;
#2550 = DIRECTION ( 'NONE',  ( 0.000000000000000000, 0.000000000000000000, -1.000000000000000000 ) ) ;
#2551 = CARTESIAN_POINT ( 'NONE',  ( 0.5698764474935598123, 0.03360043246329480482, 0.4400000000000000022 ) ) ;
#2552 = PLANE ( 'NONE',  #8829 ) ;
#2553 = CARTESIAN_POINT ( 'NONE',  ( -0.1122517648783276922, 0.2006892905162383500, 0.4399999999999997802 ) ) ;
#2554 = B_SPLINE_CURVE_WITH_KNOTS ( 'NONE', 3,
 ( #5018, #5681, #2606, #8453, #1873, #5582, #531, #7230, #8508, #2706, #7890 ),
 .UNSPECIFIED., .F., .F.,
 ( 4, 1, 1, 1, 1, 1, 1, 1, 4 ),
 ( 0.000000000000000000, 0.1430730837303635372, 0.2759029640930095173, 0.4023708562739971017, 0.5284136450935948970, 0.6503563791869512167, 0.7658950861246937025, 0.8807741308440214523, 1.000000000000000000 ),
 .UNSPECIFIED. ) ;
#2555 = CARTESIAN_POINT ( 'NONE',  ( -0.2724553038724425447, -0.09863148026946200186, 0.4400000000000000577 ) ) ;
#2556 = CARTESIAN_POINT ( 'NONE',  ( 0.8145989796478283473, 0.07183481340275379989, 0.4400000000000000022 ) ) ;
#2557 = VERTEX_POINT ( 'NONE', #7895 ) ;
#2558 = ORIENTED_EDGE ( 'NONE', *, *, #5123, .T. ) ;
#2559 = LINE ( 'NONE', #8565, #1327 ) ;
#2560 = DIRECTION ( 'NONE',  ( 0.000000000000000000, -1.000000000000000000, 0.000000000000000000 ) ) ;
#2561 = CARTESIAN_POINT ( 'NONE',  ( -0.5838482843567305292, -0.1402952202297988171, 0.4390000000000000013 ) ) ;
#2562 = CARTESIAN_POINT ( 'NONE',  ( -0.2609224480757703635, -0.1377442280540102926, 0.4400000000000000022 ) ) ;
#2563 = CARTESIAN_POINT ( 'NONE',  ( -0.01664374024062936080, -0.04794716109772117346, 0.4390000000000000013 ) ) ;
#2564 = CARTESIAN_POINT ( 'NONE',  ( 0.8731271634684708571, 0.02214612041285969612, 0.4400000000000000577 ) ) ;
#2565 = EDGE_LOOP ( 'NONE', ( #7927, #1498, #2422, #2278, #1305, #7582, #2211, #4781, #8639, #6813, #1339, #1425, #435, #7493, #9163, #6297, #6895 ) ) ;
#2566 = ORIENTED_EDGE ( 'NONE', *, *, #5323, .F. ) ;
#2567 = CARTESIAN_POINT ( 'NONE',  ( 0.5168716398012520585, 0.2355235093863717322, 0.4390000000000000013 ) ) ;
#2568 = ADVANCED_FACE ( 'NONE', ( #4969 ), #1797, .T. ) ;
#2569 = ORIENTED_EDGE ( 'NONE', *, *, #4469, .F. ) ;
#2570 = B_SPLINE_CURVE_WITH_KNOTS ( 'NONE', 3,
 ( #6402, #3470, #4868, #1306, #4243, #2089, #1207, #2709, #5066, #3517, #7186, #7986, #1403, #9392, #4916, #7232, #8670, #7838, #1255 ),
 .UNSPECIFIED., .F., .F.,
 ( 4, 1, 1, 1, 1, 1, 1, 1, 1, 1, 1, 1, 1, 1, 1, 1, 4 ),
 ( 0.000000000000000000, 0.06854753670890327555, 0.1356829456230481401, 0.2012149895263287414, 0.2656822347546965446, 0.3292668348172593795, 0.3923954278443286259, 0.4550697616521438005, 0.5171268500645064270, 0.5787900352866528486, 0.6397398633435418258, 0.7001915036663083347, 0.7598062425966704003, 0.8196283192750081215, 0.8793547910462765627, 0.9395116077646616937, 1.000000000000000000 ),
 .UNSPECIFIED. ) ;
#2571 = DIRECTION ( 'NONE',  ( -1.000000000000000000, 0.000000000000000000, 0.000000000000000000 ) ) ;
#2572 = COLOUR_RGB ( '',0.9686274509803921573, 0.8784313725490195957, 0.5999999999999999778 ) ;
#2573 = CARTESIAN_POINT ( 'NONE',  ( -0.4043600750214305650, -0.2171106399872061443, 0.4399999999999998357 ) ) ;
#2574 = DIRECTION ( 'NONE',  ( 3.152355471214259314E-16, -1.000000000000000000, 0.000000000000000000 ) ) ;
#2575 = CARTESIAN_POINT ( 'NONE',  ( -0.009983098091257944923, -0.1031560255797583370, 0.4399999999999999467 ) ) ;
#2576 = ORIENTED_EDGE ( 'NONE', *, *, #1510, .F. ) ;
#2577 =( LENGTH_UNIT ( ) NAMED_UNIT ( * ) SI_UNIT ( .MILLI., .METRE. ) );
#2578 = CARTESIAN_POINT ( 'NONE',  ( -1.500000000000000000, 0.000000000000000000, 0.1500000000000000222 ) ) ;
#2579 = ORIENTED_EDGE ( 'NONE', *, *, #4007, .T. ) ;
#2580 = B_SPLINE_CURVE_WITH_KNOTS ( 'NONE', 3,
 ( #6976, #7589, #3318, #2502, #2602, #3995, #3947, #6924, #5423, #326, #5528, #6196, #1869, #4806, #7732 ),
 .UNSPECIFIED., .F., .F.,
 ( 4, 1, 1, 1, 1, 1, 1, 1, 1, 1, 1, 1, 4 ),
 ( 0.000000000000000000, 0.1108026438013179904, 0.2128292023477703632, 0.3061013098231107343, 0.3906473211160099157, 0.4669244693608516905, 0.5344810392840304569, 0.5935869409656723272, 0.6445570045087172240, 0.7362004526293730589, 0.8250240256188644539, 0.9119855848297583334, 1.000000000000000000 ),
 .UNSPECIFIED. ) ;
#2581 = PLANE ( 'NONE',  #6968 ) ;
#2582 = B_SPLINE_SURFACE_WITH_KNOTS ( 'NONE', 3, 1, ( 
 ( #8435, #214 ),
 ( #2588, #5360 ),
 ( #2640, #3159 ),
 ( #1856, #8388 ),
 ( #6089, #9122 ),
 ( #4791, #3204 ),
 ( #6962, #7578 ),
 ( #5513, #6858 ),
 ( #4088, #7719 ),
 ( #1140, #7015 ),
 ( #418, #1803 ),
 ( #1086, #985 ),
 ( #262, #3356 ),
 ( #2440, #2538 ),
 ( #4035, #8287 ) ),
 .UNSPECIFIED., .F., .F., .F.,
 ( 4, 1, 1, 1, 1, 1, 1, 1, 1, 1, 1, 1, 4 ),
 ( 2, 2 ),
 ( 0.000000000000000000, 0.08378537065370982029, 0.1657798879221412947, 0.2462800078932624315, 0.3274609277363891846, 0.4087969540320671169, 0.4897152412309879188, 0.5713760321300516143, 0.6555233211112763136, 0.7410194827999723177, 0.8265467605037594145, 0.9119888516548315671, 1.000000000000000000 ),
 ( 0.000000000000000000, 1.000000000000000000 ),
 .UNSPECIFIED. ) ;
#2583 = CARTESIAN_POINT ( 'NONE',  ( -0.3677136967372094389, 0.1432158170786793916, 0.4400000000000000022 ) ) ;
#2584 = DIRECTION ( 'NONE',  ( -0.7969199129874933174, -0.6040849710794053973, 0.000000000000000000 ) ) ;
#2585 = ADVANCED_FACE ( 'NONE', ( #488 ), #2091, .T. ) ;
#2586 = DIRECTION ( 'NONE',  ( -1.000000000000000000, 0.000000000000000000, 0.000000000000000000 ) ) ;
#2587 = CARTESIAN_POINT ( 'NONE',  ( -1.006615225993745755, 0.1798239291900923520, 0.4390000000000001679 ) ) ;
#2588 = CARTESIAN_POINT ( 'NONE',  ( 0.7881932985399601188, 0.1468049130941413150, 0.4390000000000001124 ) ) ;
#2589 = CARTESIAN_POINT ( 'NONE',  ( -1.600000000000000089, -1.250000000000000000, 0.2799999999999999711 ) ) ;
#2590 = ORIENTED_EDGE ( 'NONE', *, *, #692, .T. ) ;
#2591 = CARTESIAN_POINT ( 'NONE',  ( 1.012063343228134071, -0.05262530128274758856, 0.4389999999999998348 ) ) ;
#2592 = ORIENTED_EDGE ( 'NONE', *, *, #5659, .T. ) ;
#2593 = ORIENTED_EDGE ( 'NONE', *, *, #3686, .T. ) ;
#2594 = EDGE_CURVE ( 'NONE', #2287, #7925, #6301, .T. ) ;
#2595 = CARTESIAN_POINT ( 'NONE',  ( -0.3658206678910556064, -0.1035990867674744242, 0.4390000000000000013 ) ) ;
#2596 = CARTESIAN_POINT ( 'NONE',  ( 0.6575859892699965625, 0.05664340798982005210, 0.4399999999999998912 ) ) ;
#2597 = CARTESIAN_POINT ( 'NONE',  ( 0.9704974370261051364, -0.06299964610007652288, 0.4400000000000000022 ) ) ;
#2598 = EDGE_CURVE ( 'NONE', #4250, #5725, #2137, .T. ) ;
#2599 = CARTESIAN_POINT ( 'NONE',  ( 0.7882130140629413084, 0.1329349080182208875, 0.4390000000000000568 ) ) ;
#2600 =( LENGTH_UNIT ( ) NAMED_UNIT ( * ) SI_UNIT ( .MILLI., .METRE. ) );
#2601 = FACE_OUTER_BOUND ( 'NONE', #9031, .T. ) ;
#2602 = CARTESIAN_POINT ( 'NONE',  ( 0.2814819457887888232, 0.008694275103467258639, 0.4390000000000000013 ) ) ;
#2603 = CARTESIAN_POINT ( 'NONE',  ( 0.7972201974935596569, -0.1048611059982436505, 0.4390000000000000013 ) ) ;
#2604 =( LENGTH_UNIT ( ) NAMED_UNIT ( * ) SI_UNIT ( .MILLI., .METRE. ) );
#2605 = AXIS2_PLACEMENT_3D ( 'NONE', #8084, #1364, #1411 ) ;
#2606 = CARTESIAN_POINT ( 'NONE',  ( -0.4692175892854708597, 0.2004519084499515325, 0.4390000000000000013 ) ) ;
#2607 = ORIENTED_EDGE ( 'NONE', *, *, #5589, .F. ) ;
#2608 = ORIENTED_EDGE ( 'NONE', *, *, #2697, .F. ) ;
#2609 = CARTESIAN_POINT ( 'NONE',  ( -0.5557202728190854257, 0.1064177203410478778, 0.4390000000000000013 ) ) ;
#2610 = LINE ( 'NONE', #282, #4771 ) ;
#2611 = CARTESIAN_POINT ( 'NONE',  ( -0.4539817255833632492, -0.2260149521520898042, 0.4399999999999997247 ) ) ;
#2612 = LINE ( 'NONE', #1111, #8681 ) ;
#2613 = ORIENTED_EDGE ( 'NONE', *, *, #994, .F. ) ;
#2614 = CARTESIAN_POINT ( 'NONE',  ( -0.1775710486189740200, -0.2177492905360075004, 0.4389999999999999458 ) ) ;
#2615 = CARTESIAN_POINT ( 'NONE',  ( -0.9498293279158511737, 0.2209748956376221818, 0.4389999999999999458 ) ) ;
#2616 = VERTEX_POINT ( 'NONE', #2815 ) ;
#2617 = CARTESIAN_POINT ( 'NONE',  ( 0.03216347841604139807, -0.07715323677550965653, 0.4390000000000000013 ) ) ;
#2618 = VERTEX_POINT ( 'NONE', #6451 ) ;
#2619 = CARTESIAN_POINT ( 'NONE',  ( 0.7913334033398727874, 0.1699861994883433980, 0.4400000000000000022 ) ) ;
#2620 = ORIENTED_EDGE ( 'NONE', *, *, #6389, .F. ) ;
#2621 = UNCERTAINTY_MEASURE_WITH_UNIT (LENGTH_MEASURE( 1.000000000000000082E-05 ), #5435, 'distance_accuracy_value', 'NONE');
#2622 = FILL_AREA_STYLE_COLOUR ( '', #5089 ) ;
#2623 = CARTESIAN_POINT ( 'NONE',  ( -0.2562052832756709364, 0.1316773555402178664, 0.4400000000000000022 ) ) ;
#2624 = CARTESIAN_POINT ( 'NONE',  ( -0.3346773124316884673, -0.1503001716521155939, 0.4390000000000001124 ) ) ;
#2625 = VERTEX_POINT ( 'NONE', #7988 ) ;
#2626 = VECTOR ( 'NONE', #6737, 1000.000000000000000 ) ;
#2627 = CARTESIAN_POINT ( 'NONE',  ( 0.5698764474935598123, 0.03360043246329480482, 0.4390000000000000013 ) ) ;
#2628 = VERTEX_POINT ( 'NONE', #9396 ) ;
#2629 = FILL_AREA_STYLE_COLOUR ( '', #2246 ) ;
#2630 = CARTESIAN_POINT ( 'NONE',  ( -0.4355057469989925822, 0.04387185497709501086, 0.4389999999999999458 ) ) ;
#2631 = EDGE_LOOP ( 'NONE', ( #1675, #9484, #1963, #5491 ) ) ;
#2632 = CARTESIAN_POINT ( 'NONE',  ( 0.5618536109550983371, -0.2260149521520898042, 0.4400000000000000022 ) ) ;
#2633 = CARTESIAN_POINT ( 'NONE',  ( 0.4988321107795884446, -0.1579228251335826894, 0.4400000000000000577 ) ) ;
#2634 = CARTESIAN_POINT ( 'NONE',  ( 0.6412982246965102107, 0.01267904142431121664, 0.4399999999999998357 ) ) ;
#2635 = DIRECTION ( 'NONE',  ( 0.000000000000000000, -1.000000000000000000, 0.000000000000000000 ) ) ;
#2636 = PLANE ( 'NONE',  #3281 ) ;
#2637 = EDGE_CURVE ( 'NONE', #9357, #8563, #2329, .T. ) ;
#2638 = DIRECTION ( 'NONE',  ( 0.000000000000000000, 1.000000000000000000, 0.000000000000000000 ) ) ;
#2639 = EDGE_CURVE ( 'NONE', #9013, #769, #1180, .T. ) ;
#2640 = CARTESIAN_POINT ( 'NONE',  ( 0.7885253368336768709, 0.1562250927172159076, 0.4390000000000001124 ) ) ;
#2641 = FACE_OUTER_BOUND ( 'NONE', #3903, .T. ) ;
#2642 = VECTOR ( 'NONE', #9449, 1000.000000000000000 ) ;
#2643 = CARTESIAN_POINT ( 'NONE',  ( 1.024563947493559946, -0.1042300963828590582, 0.4400000000000000577 ) ) ;
#2644 = ORIENTED_EDGE ( 'NONE', *, *, #1019, .F. ) ;
#2645 = ORIENTED_EDGE ( 'NONE', *, *, #387, .F. ) ;
#2646 = LINE ( 'NONE', #2595, #5459 ) ;
#2647 = CARTESIAN_POINT ( 'NONE',  ( 0.7135015086710025933, -0.02233098196293319126, 0.4400000000000000022 ) ) ;
#2648 = CARTESIAN_POINT ( 'NONE',  ( 0.5641973609550983149, -0.1798611059982436478, 0.4390000000000000013 ) ) ;
#2649 = CARTESIAN_POINT ( 'NONE',  ( -0.1735096629778327681, -0.1705831519174466904, 0.4400000000000000577 ) ) ;
#2650 = CARTESIAN_POINT ( 'NONE',  ( -0.01122776153011273426, 0.06631016023398507431, 0.4400000000000001132 ) ) ;
#2651 = PRESENTATION_STYLE_ASSIGNMENT (( #1199 ) ) ;
#2652 = CARTESIAN_POINT ( 'NONE',  ( -0.1879145633710806174, 0.1758295023454945760, 0.4400000000000001132 ) ) ;
#2653 = CARTESIAN_POINT ( 'NONE',  ( -1.449999999999999956, -1.125000000000000000, 0.3049999999999999933 ) ) ;
#2654 = CARTESIAN_POINT ( 'NONE',  ( 0.6143068044143648043, 0.02698595602458087397, 0.4389999999999999458 ) ) ;
#2655 = EDGE_CURVE ( 'NONE', #6105, #914, #1450, .T. ) ;
#2656 = ADVANCED_FACE ( 'NONE', ( #5327 ), #8211, .T. ) ;
#2657 = CARTESIAN_POINT ( 'NONE',  ( -0.6369745140449016851, 0.1529513940017563356, 0.4390000000000000013 ) ) ;
#2658 = ORIENTED_EDGE ( 'NONE', *, *, #2367, .F. ) ;
#2659 = ORIENTED_EDGE ( 'NONE', *, *, #8987, .F. ) ;
#2660 = CARTESIAN_POINT ( 'NONE',  ( -0.02724153469113742634, -0.1970505953120585130, 0.4390000000000001124 ) ) ;
#2661 = DIRECTION ( 'NONE',  ( -3.367432691575075263E-16, 1.000000000000000000, 0.000000000000000000 ) ) ;
#2662 = CARTESIAN_POINT ( 'NONE',  ( -0.5204418599473605855, -0.2087706857437766073, 0.4390000000000000013 ) ) ;
#2663 = PLANE ( 'NONE',  #1119 ) ;
#2664 = ORIENTED_EDGE ( 'NONE', *, *, #6404, .T. ) ;
#2665 = CARTESIAN_POINT ( 'NONE',  ( -0.2401916700982698882, -0.1735083917194085446, 0.4400000000000000022 ) ) ;
#2666 = CARTESIAN_POINT ( 'NONE',  ( -0.9498293279158511737, 0.2209748956376221818, 0.4399999999999996692 ) ) ;
#2667 = EDGE_LOOP ( 'NONE', ( #1602, #4149, #6937, #8082, #6173, #4821 ) ) ;
#2668 = EDGE_CURVE ( 'NONE', #4719, #854, #8517, .T. ) ;
#2669 = PLANE ( 'NONE',  #1766 ) ;
#2670 = ORIENTED_EDGE ( 'NONE', *, *, #108, .F. ) ;
#2671 = CARTESIAN_POINT ( 'NONE',  ( -0.3254360525064402543, -0.1042300963828590582, 0.4400000000000001132 ) ) ;
#2672 = ORIENTED_EDGE ( 'NONE', *, *, #7680, .F. ) ;
#2673 = FACE_OUTER_BOUND ( 'NONE', #1976, .T. ) ;
#2674 = DIRECTION ( 'NONE',  ( -0.000000000000000000, -0.000000000000000000, 1.000000000000000000 ) ) ;
#2675 = CARTESIAN_POINT ( 'NONE',  ( -0.3304296680666183872, -0.1393830286234709337, 0.4400000000000000577 ) ) ;
#2676 = ORIENTED_EDGE ( 'NONE', *, *, #9170, .F. ) ;
#2677 = STYLED_ITEM ( 'NONE', ( #4222 ), #3058 ) ;
#2678 = CARTESIAN_POINT ( 'NONE',  ( 0.5920836906620956519, 0.07943165990797160236, 0.4399999999999997802 ) ) ;
#2679 = ORIENTED_EDGE ( 'NONE', *, *, #5336, .T. ) ;
#2680 = SURFACE_SIDE_STYLE ('',( #7808 ) ) ;
#2681 = AXIS2_PLACEMENT_3D ( 'NONE', #713, #5858, #8707 ) ;
#2682 = ORIENTED_EDGE ( 'NONE', *, *, #3355, .F. ) ;
#2683 = CARTESIAN_POINT ( 'NONE',  ( 0.4659422345426248446, -0.1033831334009824299, 0.4390000000000000568 ) ) ;
#2684 = CARTESIAN_POINT ( 'NONE',  ( -0.1421712812939399939, 0.01027630599453067083, 0.4399999999999998912 ) ) ;
#2685 = VECTOR ( 'NONE', #3700, 1000.000000000000000 ) ;
#2686 = CARTESIAN_POINT ( 'NONE',  ( 0.6489171156749066194, 0.006141843226340525444, 0.4399999999999998357 ) ) ;
#2687 = DIRECTION ( 'NONE',  ( 0.000000000000000000, -0.000000000000000000, -1.000000000000000000 ) ) ;
#2688 = FACE_OUTER_BOUND ( 'NONE', #1004, .T. ) ;
#2689 = CARTESIAN_POINT ( 'NONE',  ( 0.1559628064745924303, 0.1665915927018306875, 0.4399999999999998357 ) ) ;
#2690 = DIRECTION ( 'NONE',  ( 0.000000000000000000, -1.000000000000000000, 0.000000000000000000 ) ) ;
#2691 = ORIENTED_EDGE ( 'NONE', *, *, #3803, .T. ) ;
#2692 = CARTESIAN_POINT ( 'NONE',  ( -0.1102559439907205147, -0.1796270732396998138, 0.4400000000000000022 ) ) ;
#2693 = VECTOR ( 'NONE', #4153, 1000.000000000000000 ) ;
#2694 = VERTEX_POINT ( 'NONE', #7372 ) ;
#2695 = VERTEX_POINT ( 'NONE', #4561 ) ;
#2696 = CARTESIAN_POINT ( 'NONE',  ( 0.8295581400526392812, -0.2087706857437766073, 0.4399999999999997247 ) ) ;
#2697 = EDGE_CURVE ( 'NONE', #4938, #5429, #772, .T. ) ;
#2698 = EDGE_CURVE ( 'NONE', #4599, #699, #6767, .T. ) ;
#2699 = CARTESIAN_POINT ( 'NONE',  ( 0.6964648070265772040, 0.01640597258775980394, 0.4400000000000000577 ) ) ;
#2700 = CARTESIAN_POINT ( 'NONE',  ( -0.3387426493151648454, 0.1812413703688390554, 0.4400000000000002243 ) ) ;
#2701 = CARTESIAN_POINT ( 'NONE',  ( 0.3682997268999168572, 0.07633612962114021128, 0.4400000000000000022 ) ) ;
#2702 = DIRECTION ( 'NONE',  ( -0.000000000000000000, -0.000000000000000000, 1.000000000000000000 ) ) ;
#2703 = CARTESIAN_POINT ( 'NONE',  ( -0.1368418223894737051, 0.2003798227651711616, 0.4390000000000000013 ) ) ;
#2704 = CARTESIAN_POINT ( 'NONE',  ( -0.1896368390124303915, -0.2130703522685150342, 0.4400000000000000022 ) ) ;
#2705 = VECTOR ( 'NONE', #8376, 1000.000000000000000 ) ;
#2706 = CARTESIAN_POINT ( 'NONE',  ( -0.5213681672303623893, 0.1478095288284510811, 0.4390000000000000568 ) ) ;
#2707 = ORIENTED_EDGE ( 'NONE', *, *, #9033, .T. ) ;
#2708 = ORIENTED_EDGE ( 'NONE', *, *, #1122, .T. ) ;
#2709 = CARTESIAN_POINT ( 'NONE',  ( -0.7460415902400887589, 0.2332122669086980349, 0.4399999999999999467 ) ) ;
#2710 = COLOUR_RGB ( '',0.9686274509803921573, 0.8784313725490195957, 0.5999999999999999778 ) ;
#2711 = B_SPLINE_CURVE_WITH_KNOTS ( 'NONE', 3,
 ( #6108, #6882, #283, #8871, #4572, #1634, #910, #2283, #4618, #2464, #187, #5211, #824, #3132, #9006, #8131, #1546, #3768, #6060 ),
 .UNSPECIFIED., .F., .F.,
 ( 4, 1, 1, 1, 1, 1, 1, 1, 1, 1, 1, 1, 1, 1, 1, 1, 4 ),
 ( 0.000000000000000000, 0.06148425519689045687, 0.1217745277022106165, 0.1809195598139317074, 0.2402561150782709098, 0.3001144444023520208, 0.3611459476126110402, 0.4235005824125854246, 0.4886693612807199716, 0.5539541046535630953, 0.6175812610152614512, 0.6802384268167392944, 0.7421873887724540486, 0.8046632117692941177, 0.8682589893126638758, 0.9330202571803754008, 1.000000000000000000 ),
 .UNSPECIFIED. ) ;
#2712 = DIRECTION ( 'NONE',  ( 0.000000000000000000, 0.000000000000000000, -1.000000000000000000 ) ) ;
#2713 = ADVANCED_FACE ( 'NONE', ( #95 ), #7853, .T. ) ;
#2714 = VECTOR ( 'NONE', #6502, 1000.000000000000000 ) ;
#2715 = DIRECTION ( 'NONE',  ( -0.000000000000000000, -0.000000000000000000, 1.000000000000000000 ) ) ;
#2716 = LINE ( 'NONE', #1826, #1437 ) ;
#2717 = CARTESIAN_POINT ( 'NONE',  ( 0.9456399249785685246, -0.2171106399872060611, 0.4399999999999997802 ) ) ;
#2718 = CARTESIAN_POINT ( 'NONE',  ( -1.048804824760901422, 0.1247474320157012651, 0.4390000000000000013 ) ) ;
#2719 = CARTESIAN_POINT ( 'NONE',  ( 0.9147513050641558063, 0.2465153427207062986, 0.4390000000000000568 ) ) ;
#2720 = CARTESIAN_POINT ( 'NONE',  ( -0.01687715673383100717, 0.2006126812232858214, 0.4390000000000000568 ) ) ;
#2721 = VERTEX_POINT ( 'NONE', #3168 ) ;
#2722 = CARTESIAN_POINT ( 'NONE',  ( 0.9822863032627905389, 0.1432158170786793916, 0.4400000000000000022 ) ) ;
#2723 = ORIENTED_EDGE ( 'NONE', *, *, #330, .F. ) ;
#2724 = CARTESIAN_POINT ( 'NONE',  ( 0.2654842948386222368, 0.2447701954276504110, 0.4390000000000000568 ) ) ;
#2725 = CARTESIAN_POINT ( 'NONE',  ( -0.4088947706026783702, -0.1696187298951029876, 0.4389999999999998903 ) ) ;
#2726 = ADVANCED_FACE ( 'NONE', ( #6869 ), #4944, .T. ) ;
#2727 = CARTESIAN_POINT ( 'NONE',  ( -0.2320762227278549139, -0.09678751759432140112, 0.4389999999999999458 ) ) ;
#2728 = CARTESIAN_POINT ( 'NONE',  ( -0.01235950959297100159, -0.1120350179253319645, 0.4400000000000000577 ) ) ;
#2729 = ORIENTED_EDGE ( 'NONE', *, *, #8835, .T. ) ;
#2730 = CARTESIAN_POINT ( 'NONE',  ( -1.043575372071065877, -0.1125553969012208777, 0.4399999999999999467 ) ) ;
#2731 = CARTESIAN_POINT ( 'NONE',  ( 0.8386240836656831954, 0.1082629250515282915, 0.4390000000000000013 ) ) ;
#2732 = ORIENTED_EDGE ( 'NONE', *, *, #6542, .F. ) ;
#2733 =( GEOMETRIC_REPRESENTATION_CONTEXT ( 3 ) GLOBAL_UNCERTAINTY_ASSIGNED_CONTEXT ( ( #8800 ) ) GLOBAL_UNIT_ASSIGNED_CONTEXT ( ( #2895, #2942, #7275 ) ) REPRESENTATION_CONTEXT ( 'NONE', 'WORKASPACE' ) );
#2734 = DIRECTION ( 'NONE',  ( 0.000000000000000000, -0.000000000000000000, 1.000000000000000000 ) ) ;
#2735 = CARTESIAN_POINT ( 'NONE',  ( -0.4338325457145591479, 0.1983557177357105628, 0.4400000000000001688 ) ) ;
#2736 = CARTESIAN_POINT ( 'NONE',  ( 0.000000000000000000, 0.000000000000000000, -0.1499999999999999667 ) ) ;
#2737 = CARTESIAN_POINT ( 'NONE',  ( -1.015639926154153549, 0.09599568998578486556, 0.4389999999999998903 ) ) ;
#2738 = CARTESIAN_POINT ( 'NONE',  ( -0.1097253343086152244, 0.007379855027035813961, 0.4399999999999997247 ) ) ;
#2739 = CARTESIAN_POINT ( 'NONE',  ( 0.5113442885557141215, -0.2173661255176127516, 0.4400000000000000577 ) ) ;
#2740 = CARTESIAN_POINT ( 'NONE',  ( 0.2346300532627904334, 0.2009081247709871010, 0.4399999999999998357 ) ) ;
#2741 = CARTESIAN_POINT ( 'NONE',  ( -0.1465898986602864051, 0.05667735554021788302, 0.4400000000000000577 ) ) ;
#2742 = ORIENTED_EDGE ( 'NONE', *, *, #5686, .T. ) ;
#2743 = CARTESIAN_POINT ( 'NONE',  ( -0.008330760432336582755, -0.09401494849638236673, 0.4390000000000000568 ) ) ;
#2744 = EDGE_LOOP ( 'NONE', ( #3176, #1126, #1383, #5 ) ) ;
#2745 = CARTESIAN_POINT ( 'NONE',  ( 0.6983689415357129393, -0.1492280190670534634, 0.4390000000000000013 ) ) ;
#2746 = CARTESIAN_POINT ( 'NONE',  ( -0.03270135837984125549, 0.1441807590549141205, 0.4399999999999998357 ) ) ;
#2747 = CARTESIAN_POINT ( 'NONE',  ( -0.1264314613419156297, -0.1798049348640453071, 0.4390000000000000568 ) ) ;
#2748 = CARTESIAN_POINT ( 'NONE',  ( 0.3167348696625138516, -0.009180151470120448756, 0.4400000000000001688 ) ) ;
#2749 = CARTESIAN_POINT ( 'NONE',  ( 0.8656711345136255398, 0.07940747589154545372, 0.4400000000000000022 ) ) ;
#2750 = SURFACE_SIDE_STYLE ('',( #4858 ) ) ;
#2751 = CARTESIAN_POINT ( 'NONE',  ( 0.2379996016845359608, 0.2008187541528887454, 0.4389999999999998903 ) ) ;
#2752 = DIRECTION ( 'NONE',  ( 1.000000000000000000, -0.000000000000000000, 0.000000000000000000 ) ) ;
#2753 = ADVANCED_FACE ( 'NONE', ( #3315 ), #2499, .F. ) ;
#2754 = LINE ( 'NONE', #6544, #7009 ) ;
#2755 = DIRECTION ( 'NONE',  ( 1.000000000000000000, 0.000000000000000000, 0.000000000000000000 ) ) ;
#2756 = VERTEX_POINT ( 'NONE', #272 ) ;
#2757 = CARTESIAN_POINT ( 'NONE',  ( 0.03202553201921038567, -0.08709384624979106537, 0.4390000000000000013 ) ) ;
#2758 = CARTESIAN_POINT ( 'NONE',  ( -1.034570678553992540, -0.009637070952465307330, 0.4400000000000000022 ) ) ;
#2759 = CARTESIAN_POINT ( 'NONE',  ( 0.6653827266519712902, -0.1205583430249479865, 0.4400000000000000577 ) ) ;
#2760 = CARTESIAN_POINT ( 'NONE',  ( 0.5641973609550983149, -0.1798611059982436478, 0.4390000000000000013 ) ) ;
#2761 = VECTOR ( 'NONE', #8984, 1000.000000000000000 ) ;
#2762 = EDGE_CURVE ( 'NONE', #5891, #4157, #3368, .T. ) ;
#2763 = ORIENTED_EDGE ( 'NONE', *, *, #7975, .T. ) ;
#2764 = CARTESIAN_POINT ( 'NONE',  ( 0.6670447170427511452, -0.1889602581395649350, 0.4399999999999997247 ) ) ;
#2765 = ORIENTED_EDGE ( 'NONE', *, *, #7920, .F. ) ;
#2766 = CARTESIAN_POINT ( 'NONE',  ( -0.2547976970251602524, -0.1506071897040086038, 0.4399999999999999467 ) ) ;
#2767 = CARTESIAN_POINT ( 'NONE',  ( -1.006615225993745755, 0.1798239291900923520, 0.4390000000000001679 ) ) ;
#2768 = ORIENTED_EDGE ( 'NONE', *, *, #4521, .F. ) ;
#2769 = FACE_OUTER_BOUND ( 'NONE', #8465, .T. ) ;
#2770 = LINE ( 'NONE', #8524, #4266 ) ;
#2771 = ORIENTED_EDGE ( 'NONE', *, *, #1851, .F. ) ;
#2772 = ADVANCED_FACE ( 'NONE', ( #4604 ), #1550, .F. ) ;
#2773 = CARTESIAN_POINT ( 'NONE',  ( 0.01715547369540095998, -0.01913450435572660799, 0.4399999999999998912 ) ) ;
#2774 = ORIENTED_EDGE ( 'NONE', *, *, #6691, .T. ) ;
#2775 = DIRECTION ( 'NONE',  ( 0.000000000000000000, 0.000000000000000000, -1.000000000000000000 ) ) ;
#2776 = CARTESIAN_POINT ( 'NONE',  ( 1.250000000000000000, -0.9000000000000000222, 0.3049999999999999933 ) ) ;
#2777 = CARTESIAN_POINT ( 'NONE',  ( -0.2183198074050590465, -0.1302674729152047683, 0.4390000000000000013 ) ) ;
#2778 = CARTESIAN_POINT ( 'NONE',  ( -0.6369745140449016851, -0.1316339425367051841, 0.4390000000000000013 ) ) ;
#2779 = ORIENTED_EDGE ( 'NONE', *, *, #284, .T. ) ;
#2780 = DIRECTION ( 'NONE',  ( -0.000000000000000000, -0.000000000000000000, 1.000000000000000000 ) ) ;
#2781 = CARTESIAN_POINT ( 'NONE',  ( -0.8471779863383854803, -0.2259146599588756910, 0.4390000000000001124 ) ) ;
#2782 = ADVANCED_FACE ( 'NONE', ( #5420 ), #5369, .F. ) ;
#2783 = ADVANCED_FACE ( 'NONE', ( #8400 ), #1813, .F. ) ;
#2784 = ORIENTED_EDGE ( 'NONE', *, *, #9287, .F. ) ;
#2785 = CARTESIAN_POINT ( 'NONE',  ( 0.4905354699157906673, -0.1507720600272983713, 0.4400000000000000022 ) ) ;
#2786 = CARTESIAN_POINT ( 'NONE',  ( 0.4905354699157906673, -0.1507720600272983713, 0.4399999999999999467 ) ) ;
#2787 = AXIS2_PLACEMENT_3D ( 'NONE', #4030, #6852, #3063 ) ;
#2788 = CARTESIAN_POINT ( 'NONE',  ( 0.6781597265705335831, -0.05506321890029071409, 0.4390000000000000013 ) ) ;
#2789 = DIRECTION ( 'NONE',  ( 0.000000000000000000, 0.000000000000000000, -1.000000000000000000 ) ) ;
#2790 = CARTESIAN_POINT ( 'NONE',  ( -0.08946124733889718184, 0.003878389640053187416, 0.4389999999999999458 ) ) ;
#2791 = CARTESIAN_POINT ( 'NONE',  ( -0.9063717307847104498, 0.2380286903527312481, 0.4390000000000000568 ) ) ;
#2792 = CARTESIAN_POINT ( 'NONE',  ( 1.449999999999999956, 0.9000000000000000222, 0.4400000000000000022 ) ) ;
#2793 = CARTESIAN_POINT ( 'NONE',  ( 0.2043736681924109289, 0.1971939865193397257, 0.4389999999999999458 ) ) ;
#2794 = CARTESIAN_POINT ( 'NONE',  ( -0.08475837236643025963, 0.06703351853772293589, 0.4389999999999999458 ) ) ;
#2795 = CARTESIAN_POINT ( 'NONE',  ( -0.02575135401754740164, -0.1367013409790240330, 0.4390000000000001124 ) ) ;
#2796 = AXIS2_PLACEMENT_3D ( 'NONE', #3843, #737, #12 ) ;
#2797 = VERTEX_POINT ( 'NONE', #1394 ) ;
#2798 = ORIENTED_EDGE ( 'NONE', *, *, #7513, .T. ) ;
#2799 = CARTESIAN_POINT ( 'NONE',  ( 0.6427424119869495911, -0.2062656904661471502, 0.4390000000000000568 ) ) ;
#2800 = DIRECTION ( 'NONE',  ( 0.000000000000000000, 0.000000000000000000, -1.000000000000000000 ) ) ;
#2801 =( NAMED_UNIT ( * ) SI_UNIT ( $, .STERADIAN. ) SOLID_ANGLE_UNIT ( ) );
#2802 = CARTESIAN_POINT ( 'NONE',  ( -0.3464883410193962954, 0.1908272132656882170, 0.4399999999999999467 ) ) ;
#2803 = CARTESIAN_POINT ( 'NONE',  ( -0.2551111981881140078, 0.1362072463370522513, 0.4400000000000000022 ) ) ;
#2804 = LINE ( 'NONE', #5012, #780 ) ;
#2805 = VECTOR ( 'NONE', #970, 1000.000000000000000 ) ;
#2806 = CARTESIAN_POINT ( 'NONE',  ( -0.1749340546388546691, 0.1866080078026308153, 0.4390000000000001679 ) ) ;
#2807 = CARTESIAN_POINT ( 'NONE',  ( 0.9680435148012520585, -0.05942841369055133771, 0.4400000000000000022 ) ) ;
#2808 = MANIFOLD_SOLID_BREP ( 'Combine1', #8817 ) ;
#2809 = B_SPLINE_SURFACE_WITH_KNOTS ( 'NONE', 3, 1, ( 
 ( #690, #7998 ),
 ( #4304, #1415 ),
 ( #4928, #2100 ),
 ( #8733, #1367 ),
 ( #7906, #598 ),
 ( #4348, #8379 ),
 ( #645, #1993 ),
 ( #2824, #2047 ),
 ( #7243, #3580 ),
 ( #7852, #6416 ),
 ( #3628, #1795 ),
 ( #5033, #5794 ),
 ( #4162, #6559 ),
 ( #7095, #3432 ),
 ( #1267, #6515 ) ),
 .UNSPECIFIED., .F., .F., .F.,
 ( 4, 1, 1, 1, 1, 1, 1, 1, 1, 1, 1, 1, 4 ),
 ( 2, 2 ),
 ( 0.000000000000000000, 0.08378537065370987580, 0.1657798879221415722, 0.2462800078932625703, 0.3274609277363896842, 0.4087969540320677275, 0.4897152412309881409, 0.5713760321300523914, 0.6555233211112766467, 0.7410194827999727618, 0.8265467605037605248, 0.9119888516548326773, 1.000000000000000000 ),
 ( 0.000000000000000000, 1.000000000000000000 ),
 .UNSPECIFIED. ) ;
#2810 = CARTESIAN_POINT ( 'NONE',  ( -0.5197245487268008501, 0.2258973881926385485, 0.4390000000000001124 ) ) ;
#2811 = CIRCLE ( 'NONE', #2035, 0.1750000000000000167 ) ;
#2812 = ORIENTED_EDGE ( 'NONE', *, *, #1941, .F. ) ;
#2813 = CARTESIAN_POINT ( 'NONE',  ( 0.03202553201921038567, -0.08709384624979106537, 0.4399999999999997247 ) ) ;
#2814 = ORIENTED_EDGE ( 'NONE', *, *, #5870, .T. ) ;
#2815 = CARTESIAN_POINT ( 'NONE',  ( -1.600999999999999979, -1.027502247202359387, 0.1500000000000000222 ) ) ;
#2816 = CARTESIAN_POINT ( 'NONE',  ( 0.6653827266519712902, -0.1205583430249479865, 0.4390000000000000568 ) ) ;
#2817 = CARTESIAN_POINT ( 'NONE',  ( -0.6748318095808093497, 0.1289123208921325592, 0.4400000000000000577 ) ) ;
#2818 = VERTEX_POINT ( 'NONE', #7271 ) ;
#2819 = CARTESIAN_POINT ( 'NONE',  ( 0.01715547369540095998, -0.01913450435572660799, 0.4389999999999998903 ) ) ;
#2820 = CARTESIAN_POINT ( 'NONE',  ( -1.036844260124392347, 0.1441413012102837898, 0.4399999999999998357 ) ) ;
#2821 = STYLED_ITEM ( 'NONE', ( #1970 ), #2808 ) ;
#2822 = CARTESIAN_POINT ( 'NONE',  ( 0.009179332108944296409, 0.1301449036171409557, 0.4399999999999998357 ) ) ;
#2823 = VERTEX_POINT ( 'NONE', #4963 ) ;
#2824 = CARTESIAN_POINT ( 'NONE',  ( -0.5307574541001883750, 0.2171842847642392604, 0.4389999999999998903 ) ) ;
#2825 = EDGE_CURVE ( 'NONE', #5549, #7464, #5013, .T. ) ;
#2826 = DIRECTION ( 'NONE',  ( 0.000000000000000000, -1.000000000000000000, 0.000000000000000000 ) ) ;
#2827 = CARTESIAN_POINT ( 'NONE',  ( 0.4649485628781752644, -0.09909187522901288792, 0.4390000000000000013 ) ) ;
#2828 = CARTESIAN_POINT ( 'NONE',  ( -1.034889203247322920, 0.003421618528176316888, 0.4390000000000000568 ) ) ;
#2829 = CARTESIAN_POINT ( 'NONE',  ( 0.7135015086710025933, -0.02233098196293319126, 0.4399999999999998357 ) ) ;
#2830 = DIRECTION ( 'NONE',  ( 1.000000000000000000, 2.710505431213759902E-15, 0.000000000000000000 ) ) ;
#2831 = CARTESIAN_POINT ( 'NONE',  ( -0.8613078258313726643, -0.2248356670060377704, 0.4399999999999996692 ) ) ;
#2832 = EDGE_LOOP ( 'NONE', ( #2918, #9378, #2108, #4136 ) ) ;
#2833 = LINE ( 'NONE', #702, #8789 ) ;
#2834 = VECTOR ( 'NONE', #3348, 1000.000000000000000 ) ;
#2835 = CARTESIAN_POINT ( 'NONE',  ( 0.5241733224935598567, 0.07101028823252558686, 0.4400000000000000022 ) ) ;
#2836 = CARTESIAN_POINT ( 'NONE',  ( 0.8959949524494257300, 0.05710738349925732760, 0.4400000000000000022 ) ) ;
#2837 = ADVANCED_FACE ( 'NONE', ( #7121 ), #7075, .F. ) ;
#2838 = CARTESIAN_POINT ( 'NONE',  ( 1.449999999999999956, 1.250000000000000000, 0.1500000000000000222 ) ) ;
#2839 = CARTESIAN_POINT ( 'NONE',  ( 0.1336982253885924399, 0.1202000109223574364, 0.4390000000000000568 ) ) ;
#2840 = DIRECTION ( 'NONE',  ( 0.000000000000000000, 0.000000000000000000, 1.000000000000000000 ) ) ;
#2841 = ORIENTED_EDGE ( 'NONE', *, *, #6155, .T. ) ;
#2842 = AXIS2_PLACEMENT_3D ( 'NONE', #8792, #5181, #8743 ) ;
#2843 = EDGE_LOOP ( 'NONE', ( #4624, #6993, #1264, #639 ) ) ;
#2844 = VERTEX_POINT ( 'NONE', #2851 ) ;
#2845 = VECTOR ( 'NONE', #8027, 1000.000000000000000 ) ;
#2846 = CARTESIAN_POINT ( 'NONE',  ( 0.9585518438122365703, 0.01010574182723832787, 0.4389999999999999458 ) ) ;
#2847 = CARTESIAN_POINT ( 'NONE',  ( 0.3322562551858673774, 0.1096821632325255536, 0.4390000000000000013 ) ) ;
#2848 = CARTESIAN_POINT ( 'NONE',  ( 0.1303331782627906443, 0.09706197092483324906, 0.4390000000000000013 ) ) ;
#2849 = CARTESIAN_POINT ( 'NONE',  ( 0.3422763786656149443, 0.02348903992641098240, 0.4400000000000000577 ) ) ;
#2850 = CARTESIAN_POINT ( 'NONE',  ( -0.02910350215001828583, 0.03067559058335334043, 0.4399999999999999467 ) ) ;
#2851 = CARTESIAN_POINT ( 'NONE',  ( 0.1690050532627905000, -0.1683226444597820948, 0.4390000000000000013 ) ) ;
#2852 = EDGE_CURVE ( 'NONE', #6795, #8235, #8714, .T. ) ;
#2853 = CARTESIAN_POINT ( 'NONE',  ( -0.7061619910186970328, -0.1378836972568293906, 0.4390000000000000568 ) ) ;
#2854 = CARTESIAN_POINT ( 'NONE',  ( -0.1465898986602864051, 0.01052350938637172661, 0.4390000000000000013 ) ) ;
#2855 = CARTESIAN_POINT ( 'NONE',  ( 0.8556308935319827391, 0.2394691289407319124, 0.4390000000000000568 ) ) ;
#2856 = SURFACE_STYLE_USAGE ( .BOTH. , #9533 ) ;
#2857 = FACE_OUTER_BOUND ( 'NONE', #5078, .T. ) ;
#2858 = CARTESIAN_POINT ( 'NONE',  ( 0.02107151668687825413, -0.1363995781323537604, 0.4399999999999996692 ) ) ;
#2859 = VERTEX_POINT ( 'NONE', #4142 ) ;
#2860 = CARTESIAN_POINT ( 'NONE',  ( 0.8897469825249444408, 0.2007523347771729971, 0.4390000000000000568 ) ) ;
#2861 = CARTESIAN_POINT ( 'NONE',  ( -0.03136747263914869965, 0.1271265569808806839, 0.4400000000000000022 ) ) ;
#2862 = CARTESIAN_POINT ( 'NONE',  ( -0.7653518758338953010, 0.1906353943347586788, 0.4400000000000000022 ) ) ;
#2863 = LINE ( 'NONE', #7900, #7468 ) ;
#2864 = CYLINDRICAL_SURFACE ( 'NONE', #8753, 0.1499999999999999667 ) ;
#2865 = CARTESIAN_POINT ( 'NONE',  ( -0.3882010848592430396, -0.05143993369705912588, 0.4389999999999998903 ) ) ;
#2866 = VERTEX_POINT ( 'NONE', #3463 ) ;
#2867 = CIRCLE ( 'NONE', #7462, 0.1571850217640345937 ) ;
#2868 = CARTESIAN_POINT ( 'NONE',  ( -1.072126895471015029, -0.03198854899053876072, 0.4390000000000001679 ) ) ;
#2869 = CARTESIAN_POINT ( 'NONE',  ( 0.3322562551858673774, 0.1096821632325255536, 0.4400000000000000022 ) ) ;
#2870 = CARTESIAN_POINT ( 'NONE',  ( -1.013010786042741973, -0.08119729041266454672, 0.4399999999999997802 ) ) ;
#2871 = CARTESIAN_POINT ( 'NONE',  ( -1.500000000000000000, -1.051238207896990406, 0.1500000000000000222 ) ) ;
#2872 = CARTESIAN_POINT ( 'NONE',  ( 0.3163542516234147395, 0.1599445111889150895, 0.4399999999999998912 ) ) ;
#2873 = AXIS2_PLACEMENT_3D ( 'NONE', #8897, #6676, #8938 ) ;
#2874 = FACE_OUTER_BOUND ( 'NONE', #4312, .T. ) ;
#2875 = ADVANCED_FACE ( 'NONE', ( #2217 ), #4507, .T. ) ;
#2876 = ORIENTED_EDGE ( 'NONE', *, *, #8528, .T. ) ;
#2877 = CARTESIAN_POINT ( 'NONE',  ( -1.600999999999999979, 0.000000000000000000, -0.1549999999999999711 ) ) ;
#2878 = CARTESIAN_POINT ( 'NONE',  ( -0.2221002182778798184, -0.1924264366839801843, 0.4389999999999999458 ) ) ;
#2879 = CARTESIAN_POINT ( 'NONE',  ( 0.4252733638653468096, -0.1036731255757048081, 0.4399999999999998357 ) ) ;
#2880 = CARTESIAN_POINT ( 'NONE',  ( 0.4252733638653468096, -0.1036731255757048081, 0.4400000000000000577 ) ) ;
#2881 = DIRECTION ( 'NONE',  ( 1.000000000000000000, 0.000000000000000000, 0.000000000000000000 ) ) ;
#2882 = DIRECTION ( 'NONE',  ( -1.000000000000000000, 0.000000000000000000, -0.000000000000000000 ) ) ;
#2883 = SURFACE_SIDE_STYLE ('',( #2925 ) ) ;
#2884 = ORIENTED_EDGE ( 'NONE', *, *, #7006, .F. ) ;
#2885 = SURFACE_STYLE_FILL_AREA ( #8845 ) ;
#2886 = CARTESIAN_POINT ( 'NONE',  ( -0.3982477595968986206, 0.1777477113840579548, 0.4390000000000001124 ) ) ;
#2887 = EDGE_CURVE ( 'NONE', #218, #8229, #2926, .T. ) ;
#2888 = CARTESIAN_POINT ( 'NONE',  ( 0.3213008290413915669, 0.1524054065913092171, 0.4399999999999999467 ) ) ;
#2889 = CARTESIAN_POINT ( 'NONE',  ( 1.600999999999999979, 1.027502247202359387, 0.1500000000000000222 ) ) ;
#2890 = CARTESIAN_POINT ( 'NONE',  ( 0.5381677786629082139, 0.07487383464369624930, 0.4399999999999999467 ) ) ;
#2891 = MECHANICAL_DESIGN_GEOMETRIC_PRESENTATION_REPRESENTATION (  '', ( #869 ), #1786 ) ;
#2892 = DIRECTION ( 'NONE',  ( -0.000000000000000000, -0.000000000000000000, 1.000000000000000000 ) ) ;
#2893 = CYLINDRICAL_SURFACE ( 'NONE', #7054, 0.2225000000000002531 ) ;
#2894 = LINE ( 'NONE', #5062, #1169 ) ;
#2895 =( LENGTH_UNIT ( ) NAMED_UNIT ( * ) SI_UNIT ( .MILLI., .METRE. ) );
#2896 = EDGE_CURVE ( 'NONE', #9143, #5493, #48, .T. ) ;
#2897 = B_SPLINE_CURVE_WITH_KNOTS ( 'NONE', 3,
 ( #704, #9514, #2922, #5849, #5137, #4582, #3971, #5349, #1601, #2481, #6703 ),
 .UNSPECIFIED., .F., .F.,
 ( 4, 1, 1, 1, 1, 1, 1, 1, 4 ),
 ( 0.000000000000000000, 0.1590042985173776291, 0.3046460998968142930, 0.4385469045795918897, 0.5623222987759289859, 0.6774325425257308186, 0.7868973929387557131, 0.8936108891042671143, 1.000000000000000000 ),
 .UNSPECIFIED. ) ;
#2898 = CARTESIAN_POINT ( 'NONE',  ( -0.008330760432336582755, -0.09401494849638236673, 0.4390000000000000568 ) ) ;
#2899 = ORIENTED_EDGE ( 'NONE', *, *, #8054, .F. ) ;
#2900 = CARTESIAN_POINT ( 'NONE',  ( 0.8290672115819142096, 0.1554134560710996316, 0.4390000000000000013 ) ) ;
#2901 = CARTESIAN_POINT ( 'NONE',  ( 0.6363512187081699079, -0.1549538441917169829, 0.4400000000000000577 ) ) ;
#2902 = CARTESIAN_POINT ( 'NONE',  ( 0.6272351345043694071, -0.1615701322775035531, 0.4390000000000000013 ) ) ;
#2903 = VERTEX_POINT ( 'NONE', #7407 ) ;
#2904 = CARTESIAN_POINT ( 'NONE',  ( 0.8290672115819142096, 0.1554134560710996316, 0.4390000000000000013 ) ) ;
#2905 = CARTESIAN_POINT ( 'NONE',  ( 0.9841793321089444824, -0.1035990867674744242, 0.4390000000000000013 ) ) ;
#2906 = B_SPLINE_CURVE_WITH_KNOTS ( 'NONE', 3,
 ( #6398, #6199, #8450, #4863, #9245, #1920, #2704, #7735, #1154, #4190, #7834, #8354, #1769, #3467, #7079, #433, #4808, #2555, #5426 ),
 .UNSPECIFIED., .F., .F.,
 ( 4, 1, 1, 1, 1, 1, 1, 1, 1, 1, 1, 1, 1, 1, 1, 1, 4 ),
 ( 0.000000000000000000, 0.06554117033740380904, 0.1289631677825938683, 0.1903771361885615299, 0.2500923616690531870, 0.3085484324592016048, 0.3663979630552964828, 0.4245421892666805253, 0.4831699964229062561, 0.5422433998311204650, 0.6017393520173305310, 0.6625060022496072065, 0.7248555134488471330, 0.7891278292811814143, 0.8563463998785102449, 0.9262952349869054691, 1.000000000000000000 ),
 .UNSPECIFIED. ) ;
#2907 = CARTESIAN_POINT ( 'NONE',  ( -0.9134477412689689935, 0.1867328895044895187, 0.4400000000000003908 ) ) ;
#2908 = EDGE_LOOP ( 'NONE', ( #7467, #7823, #1950, #2732 ) ) ;
#2909 = CARTESIAN_POINT ( 'NONE',  ( -0.3346773124316884673, -0.1503001716521155939, 0.4400000000000001132 ) ) ;
#2910 = LINE ( 'NONE', #3581, #6922 ) ;
#2911 =( GEOMETRIC_REPRESENTATION_CONTEXT ( 3 ) GLOBAL_UNCERTAINTY_ASSIGNED_CONTEXT ( ( #8206 ) ) GLOBAL_UNIT_ASSIGNED_CONTEXT ( ( #6380, #4226, #4177 ) ) REPRESENTATION_CONTEXT ( 'NONE', 'WORKASPACE' ) );
#2912 = CARTESIAN_POINT ( 'NONE',  ( 0.3234757012656535036, 0.06677258668918469031, 0.4390000000000000013 ) ) ;
#2913 = CARTESIAN_POINT ( 'NONE',  ( 0.08994856287817512563, 0.09706197092483324906, 0.4400000000000000022 ) ) ;
#2914 = CARTESIAN_POINT ( 'NONE',  ( 0.7184603420173722998, -0.05186135800708478738, 0.4399999999999997802 ) ) ;
#2915 = LINE ( 'NONE', #2152, #1607 ) ;
#2916 = CARTESIAN_POINT ( 'NONE',  ( 0.8075370412208330295, -0.1221310734225945910, 0.4390000000000000568 ) ) ;
#2917 = AXIS2_PLACEMENT_3D ( 'NONE', #5500, #1842, #7657 ) ;
#2918 = ORIENTED_EDGE ( 'NONE', *, *, #3476, .F. ) ;
#2919 = LINE ( 'NONE', #5845, #298 ) ;
#2920 = CARTESIAN_POINT ( 'NONE',  ( -0.2316091769829676239, -0.1835188358581114065, 0.4390000000000000568 ) ) ;
#2921 = CARTESIAN_POINT ( 'NONE',  ( 0.5485483952028857857, -0.2257513832812517995, 0.4389999999999999458 ) ) ;
#2922 = CARTESIAN_POINT ( 'NONE',  ( 0.8075370412208330295, -0.1221310734225945910, 0.4400000000000000577 ) ) ;
#2923 = CARTESIAN_POINT ( 'NONE',  ( 0.8133295309549904983, -0.1976725960309448915, 0.4390000000000000013 ) ) ;
#2924 = CARTESIAN_POINT ( 'NONE',  ( 1.500000000000000000, 0.5000000000000003331, -0.1499999999999999667 ) ) ;
#2925 = SURFACE_STYLE_FILL_AREA ( #4953 ) ;
#2926 = B_SPLINE_CURVE_WITH_KNOTS ( 'NONE', 3,
 ( #123, #2171, #3066, #1525, #4376, #5988, #40, #5911, #2982, #7318, #890, #8934, #718, #2263, #3833 ),
 .UNSPECIFIED., .F., .F.,
 ( 4, 1, 1, 1, 1, 1, 1, 1, 1, 1, 1, 1, 4 ),
 ( 0.000000000000000000, 0.1101655532114439034, 0.2157872561749716311, 0.3180274349094175390, 0.4175739541655088538, 0.5116504876474463614, 0.5961620971027628002, 0.6729345334849969884, 0.7436695573498566247, 0.8106770010653612246, 0.8740589623137362540, 0.9366963019193724760, 0.9999999999999998890 ),
 .UNSPECIFIED. ) ;
#2927 = ORIENTED_EDGE ( 'NONE', *, *, #5335, .F. ) ;
#2928 = EDGE_LOOP ( 'NONE', ( #2411, #1144, #2774, #6900 ) ) ;
#2929 = CARTESIAN_POINT ( 'NONE',  ( 1.003763052146930512, -0.03863916187604644198, 0.4390000000000001124 ) ) ;
#2930 = CARTESIAN_POINT ( 'NONE',  ( -0.4556043217372094389, 0.2009081247709871010, 0.4390000000000000013 ) ) ;
#2931 = UNCERTAINTY_MEASURE_WITH_UNIT (LENGTH_MEASURE( 1.000000000000000082E-05 ), #5478, 'distance_accuracy_value', 'NONE');
#2932 = CARTESIAN_POINT ( 'NONE',  ( 0.8864190095165473959, 0.06391827649174547377, 0.4389999999999998903 ) ) ;
#2933 = EDGE_CURVE ( 'NONE', #1206, #396, #8671, .T. ) ;
#2934 = CARTESIAN_POINT ( 'NONE',  ( -0.6723110525064401877, 0.1259081247709871176, 0.4390000000000000013 ) ) ;
#2935 = CARTESIAN_POINT ( 'NONE',  ( -0.3256878793456082777, -0.1162548354935479672, 0.4389999999999999458 ) ) ;
#2936 = CARTESIAN_POINT ( 'NONE',  ( -0.5215393538072266022, 0.1415260665410597030, 0.4400000000000000022 ) ) ;
#2937 = DIRECTION ( 'NONE',  ( 0.000000000000000000, -1.000000000000000000, 0.000000000000000000 ) ) ;
#2938 = CARTESIAN_POINT ( 'NONE',  ( -0.3804600300144561076, 0.0002857637720264648599, 0.4390000000000000568 ) ) ;
#2939 = CARTESIAN_POINT ( 'NONE',  ( 0.5840309294399756990, -0.2248365095912656930, 0.4399999999999996692 ) ) ;
#2940 =( GEOMETRIC_REPRESENTATION_CONTEXT ( 3 ) GLOBAL_UNCERTAINTY_ASSIGNED_CONTEXT ( ( #7711 ) ) GLOBAL_UNIT_ASSIGNED_CONTEXT ( ( #4932, #346, #1174 ) ) REPRESENTATION_CONTEXT ( 'NONE', 'WORKASPACE' ) );
#2941 = CARTESIAN_POINT ( 'NONE',  ( 0.8943956782627906499, 0.2009081247709871010, 0.4400000000000000022 ) ) ;
#2942 =( NAMED_UNIT ( * ) PLANE_ANGLE_UNIT ( ) SI_UNIT ( $, .RADIAN. ) );
#2943 = ORIENTED_EDGE ( 'NONE', *, *, #2825, .T. ) ;
#2944 = CARTESIAN_POINT ( 'NONE',  ( -0.08680936167545039162, -0.1761291434880555007, 0.4390000000000000568 ) ) ;
#2945 = VECTOR ( 'NONE', #2393, 999.9999999999998863 ) ;
#2946 = EDGE_LOOP ( 'NONE', ( #8740, #8343, #2592, #3939 ) ) ;
#2947 = CARTESIAN_POINT ( 'NONE',  ( -0.8327677832756710252, -0.2260149521520898042, 0.4400000000000000022 ) ) ;
#2948 = CARTESIAN_POINT ( 'NONE',  ( -0.05123524144701534222, 0.08607587997480868613, 0.4400000000000001132 ) ) ;
#2949 = CARTESIAN_POINT ( 'NONE',  ( 0.6178270783071143635, -0.1673192134538309117, 0.4390000000000000013 ) ) ;
#2950 = EDGE_LOOP ( 'NONE', ( #6285, #5332, #6202, #5486 ) ) ;
#2951 = EDGE_CURVE ( 'NONE', #1629, #9143, #379, .T. ) ;
#2952 = CARTESIAN_POINT ( 'NONE',  ( -0.4919324467372094278, 0.08579394207867938049, 0.4390000000000000013 ) ) ;
#2953 = LINE ( 'NONE', #7286, #3373 ) ;
#2954 = VECTOR ( 'NONE', #8223, 1000.000000000000000 ) ;
#2955 = CARTESIAN_POINT ( 'NONE',  ( -0.9873667502198882895, 0.1367615389671586468, 0.4390000000000000568 ) ) ;
#2956 = ORIENTED_EDGE ( 'NONE', *, *, #6420, .T. ) ;
#2957 = CARTESIAN_POINT ( 'NONE',  ( -0.4314456678910555398, 0.04099225938637172939, 0.4400000000000000022 ) ) ;
#2958 = B_SPLINE_SURFACE_WITH_KNOTS ( 'NONE', 3, 1, ( 
 ( #4596, #3836 ),
 ( #5464, #168 ),
 ( #5275, #3110 ),
 ( #5317, #3985 ),
 ( #8389, #1087 ),
 ( #8246, #6859 ),
 ( #3205, #1035 ),
 ( #7531, #1804 ),
 ( #7667, #6963 ),
 ( #367, #6809 ),
 ( #215, #3160 ) ),
 .UNSPECIFIED., .F., .F., .F.,
 ( 4, 1, 1, 1, 1, 1, 1, 1, 4 ),
 ( 2, 2 ),
 ( 0.000000000000000000, 0.1590042985173777124, 0.3046460998968144596, 0.4385469045795921117, 0.5623222987759274316, 0.6774325425257313738, 0.7868973929387540478, 0.8936108891042671143, 1.000000000000000000 ),
 ( 0.000000000000000000, 1.000000000000000000 ),
 .UNSPECIFIED. ) ;
#2959 = DIRECTION ( 'NONE',  ( 0.000000000000000000, 0.000000000000000000, 1.000000000000000000 ) ) ;
#2960 = CARTESIAN_POINT ( 'NONE',  ( 1.024563947493559946, -0.1042300963828590582, 0.4390000000000000568 ) ) ;
#2961 = CARTESIAN_POINT ( 'NONE',  ( -1.020971806829090500, -0.06449478723377864708, 0.4399999999999998912 ) ) ;
#2962 = EDGE_CURVE ( 'NONE', #3455, #7251, #8042, .T. ) ;
#2963 = CARTESIAN_POINT ( 'NONE',  ( -0.7464911519534915829, -0.2122645754832284126, 0.4389999999999999458 ) ) ;
#2964 = CARTESIAN_POINT ( 'NONE',  ( -0.5557202728190854257, 0.1064177203410478778, 0.4390000000000000013 ) ) ;
#2965 = CARTESIAN_POINT ( 'NONE',  ( -1.000728470350125576, -0.1658409021771375946, 0.4389999999999998348 ) ) ;
#2966 = EDGE_LOOP ( 'NONE', ( #8304, #1316, #941, #3193 ) ) ;
#2967 = CARTESIAN_POINT ( 'NONE',  ( -0.2074940280727327335, 0.1490375732591638913, 0.4400000000000001688 ) ) ;
#2968 = CARTESIAN_POINT ( 'NONE',  ( 0.9256754517713827735, -0.01716143980300430943, 0.4389999999999998348 ) ) ;
#2969 = CARTESIAN_POINT ( 'NONE',  ( 0.4245639474935597457, -0.09909187522901288792, 0.4399999999999997802 ) ) ;
#2970 = CARTESIAN_POINT ( 'NONE',  ( 0.8713209228574751997, 0.07518997659643915366, 0.4390000000000000568 ) ) ;
#2971 = VERTEX_POINT ( 'NONE', #1854 ) ;
#2972 = CARTESIAN_POINT ( 'NONE',  ( -0.9129248442575931266, -0.1666013120287596905, 0.4390000000000000013 ) ) ;
#2973 = CARTESIAN_POINT ( 'NONE',  ( -0.4641354102593537312, -0.2258186098252275287, 0.4399999999999999467 ) ) ;
#2974 = CARTESIAN_POINT ( 'NONE',  ( 0.8177689828753529344, 0.06804949803551914311, 0.4389999999999999458 ) ) ;
#2975 = ORIENTED_EDGE ( 'NONE', *, *, #1596, .T. ) ;
#2976 = CARTESIAN_POINT ( 'NONE',  ( -0.6546796228905633619, -0.1529447041266141782, 0.4390000000000000013 ) ) ;
#2977 = CARTESIAN_POINT ( 'NONE',  ( -1.474999999999999867, -0.9000000000000000222, 0.3049999999999999933 ) ) ;
#2978 = LINE ( 'NONE', #8891, #6300 ) ;
#2979 = ORIENTED_EDGE ( 'NONE', *, *, #7309, .T. ) ;
#2980 = CARTESIAN_POINT ( 'NONE',  ( -0.4895317971189194761, 0.03171495692889661489, 0.4400000000000001132 ) ) ;
#2981 = CARTESIAN_POINT ( 'NONE',  ( -0.3931786914478722639, -0.2120255317236433013, 0.4389999999999999458 ) ) ;
#2982 = CARTESIAN_POINT ( 'NONE',  ( -0.05123524144701534222, 0.08607587997480868613, 0.4390000000000001124 ) ) ;
#2983 = CARTESIAN_POINT ( 'NONE',  ( -0.6723110525064401877, -0.1048611059982436505, 0.4390000000000000013 ) ) ;
#2984 = CARTESIAN_POINT ( 'NONE',  ( 0.5618536109550983371, -0.2260149521520898042, 0.4399999999999996692 ) ) ;
#2985 = PRESENTATION_LAYER_ASSIGNMENT (  '', '', ( #2677 ) ) ;
#2986 = CARTESIAN_POINT ( 'NONE',  ( 0.3726408705704829516, 0.1132879324632948131, 0.4400000000000000022 ) ) ;
#2987 = VECTOR ( 'NONE', #8929, 1000.000000000000000 ) ;
#2988 = EDGE_CURVE ( 'NONE', #9157, #7502, #818, .T. ) ;
#2989 = EDGE_CURVE ( 'NONE', #2133, #8988, #2241, .T. ) ;
#2990 = CARTESIAN_POINT ( 'NONE',  ( -0.3914481561877632410, 0.01010574182723822899, 0.4399999999999998357 ) ) ;
#2991 = CARTESIAN_POINT ( 'NONE',  ( -0.1803528659865265282, 0.1824459774504612608, 0.4389999999999999458 ) ) ;
#2992 = VECTOR ( 'NONE', #2638, 1000.000000000000000 ) ;
#2993 = CARTESIAN_POINT ( 'NONE',  ( 1.024563947493559724, -0.1042300963828590443, 0.4400000000000000577 ) ) ;
#2994 = DIRECTION ( 'NONE',  ( 0.000000000000000000, 0.000000000000000000, -1.000000000000000000 ) ) ;
#2995 = DIRECTION ( 'NONE',  ( 1.000000000000000000, -2.706316702822271341E-16, 0.000000000000000000 ) ) ;
#2996 = ORIENTED_EDGE ( 'NONE', *, *, #5875, .T. ) ;
#2997 = CARTESIAN_POINT ( 'NONE',  ( 0.01185376221302815967, -0.009679821027779542467, 0.4390000000000001679 ) ) ;
#2998 = CARTESIAN_POINT ( 'NONE',  ( 0.9517522404031014682, 0.1777477113840580381, 0.4400000000000000022 ) ) ;
#2999 = CARTESIAN_POINT ( 'NONE',  ( -0.3989824773057674689, -0.1640466388733193837, 0.4390000000000000568 ) ) ;
#3000 = VERTEX_POINT ( 'NONE', #2491 ) ;
#3001 = CARTESIAN_POINT ( 'NONE',  ( -0.3931786914478722639, -0.2120255317236433013, 0.4399999999999999467 ) ) ;
#3002 = EDGE_CURVE ( 'NONE', #4976, #5515, #8981, .T. ) ;
#3003 = CARTESIAN_POINT ( 'NONE',  ( -0.8376076833259473720, -0.2259812673949169459, 0.4400000000000001132 ) ) ;
#3004 = CARTESIAN_POINT ( 'NONE',  ( -1.002951278849201655, -0.09691371442206218878, 0.4400000000000000022 ) ) ;
#3005 = CARTESIAN_POINT ( 'NONE',  ( -1.009569717579972714, 0.1068648346245563707, 0.4399999999999999467 ) ) ;
#3006 = DIRECTION ( 'NONE',  ( -0.000000000000000000, -0.000000000000000000, 1.000000000000000000 ) ) ;
#3007 = DIRECTION ( 'NONE',  ( -0.000000000000000000, -0.000000000000000000, 1.000000000000000000 ) ) ;
#3008 = ORIENTED_EDGE ( 'NONE', *, *, #9235, .F. ) ;
#3009 = EDGE_CURVE ( 'NONE', #4697, #4394, #4033, .T. ) ;
#3010 = CARTESIAN_POINT ( 'NONE',  ( -0.1980930731608860074, 0.1637577767676200724, 0.4399999999999999467 ) ) ;
#3011 = CARTESIAN_POINT ( 'NONE',  ( 0.7894333365235415290, 0.1239145142156437285, 0.4390000000000000013 ) ) ;
#3012 = LINE ( 'NONE', #4315, #3717 ) ;
#3013 = B_SPLINE_CURVE_WITH_KNOTS ( 'NONE', 3,
 ( #4252, #7138, #3480, #2234, #7378, #57, #2998, #733, #5791, #5030, #7994, #5076, #7334, #5205, #2142 ),
 .UNSPECIFIED., .F., .F.,
 ( 4, 1, 1, 1, 1, 1, 1, 1, 1, 1, 1, 1, 4 ),
 ( 0.000000000000000000, 0.09846943102555777427, 0.1896291011376333990, 0.2741840894379718452, 0.3521831609671539631, 0.4231988731834699369, 0.4885509460005340032, 0.5484733460279384021, 0.6014401636178743349, 0.7011980824257678657, 0.7995918021381864804, 0.8985450984822305198, 1.000000000000000000 ),
 .UNSPECIFIED. ) ;
#3014 = DIRECTION ( 'NONE',  ( -1.000000000000000000, 0.000000000000000000, 0.000000000000000000 ) ) ;
#3015 = ORIENTED_EDGE ( 'NONE', *, *, #7395, .F. ) ;
#3016 = CARTESIAN_POINT ( 'NONE',  ( -0.3766288014807772644, -0.1413749911480871868, 0.4399999999999998912 ) ) ;
#3017 = DIRECTION ( 'NONE',  ( -1.000000000000000000, 0.000000000000000000, -0.000000000000000000 ) ) ;
#3018 = CARTESIAN_POINT ( 'NONE',  ( -0.5613697208754168111, -0.1730172428030498644, 0.4399999999999999467 ) ) ;
#3019 = VECTOR ( 'NONE', #8408, 1000.000000000000000 ) ;
#3020 = DIRECTION ( 'NONE',  ( 0.000000000000000000, 0.000000000000000000, 1.000000000000000000 ) ) ;
#3021 = CARTESIAN_POINT ( 'NONE',  ( 0.7615468697797581621, -0.1319554234943934867, 0.4390000000000000013 ) ) ;
#3022 = CARTESIAN_POINT ( 'NONE',  ( -0.3677136967372094389, 0.1432158170786793916, 0.4390000000000000013 ) ) ;
#3023 = CARTESIAN_POINT ( 'NONE',  ( -1.474999999999999867, 0.9000000000000000222, 0.2799999999999999711 ) ) ;
#3024 = CARTESIAN_POINT ( 'NONE',  ( -0.2075529409347492971, 0.2172198091219535998, 0.4390000000000000013 ) ) ;
#3025 = CARTESIAN_POINT ( 'NONE',  ( -0.3254360525064402543, -0.1042300963828590582, 0.4390000000000000568 ) ) ;
#3026 = CARTESIAN_POINT ( 'NONE',  ( -0.4886071987957602003, 0.08282648340288363553, 0.4400000000000000577 ) ) ;
#3027 = CARTESIAN_POINT ( 'NONE',  ( 1.250000000000000000, -1.100000000000000089, 0.3049999999999999933 ) ) ;
#3028 =( LENGTH_UNIT ( ) NAMED_UNIT ( * ) SI_UNIT ( .MILLI., .METRE. ) );
#3029 = CARTESIAN_POINT ( 'NONE',  ( 0.6742705592715132479, -0.1821147272676080231, 0.4390000000000000013 ) ) ;
#3030 = CARTESIAN_POINT ( 'NONE',  ( 0.2654842948386222368, 0.2447701954276504110, 0.4400000000000000577 ) ) ;
#3031 = B_SPLINE_SURFACE_WITH_KNOTS ( 'NONE', 3, 1, ( 
 ( #3183, #2468 ),
 ( #4456, #5387 ),
 ( #8842, #2564 ),
 ( #1727, #7442 ),
 ( #3229, #8364 ),
 ( #7399, #1780 ),
 ( #31, #3960 ),
 ( #4715, #6619 ),
 ( #2974, #798 ),
 ( #3736, #7645 ),
 ( #5945, #6665 ) ),
 .UNSPECIFIED., .F., .F., .F.,
 ( 4, 1, 1, 1, 1, 1, 1, 1, 4 ),
 ( 2, 2 ),
 ( 0.000000000000000000, 0.1815353013762860956, 0.3470816724816302989, 0.4955678164315551748, 0.6283573018772136143, 0.7455196699921562420, 0.8458307507576521278, 0.9307818073847581308, 1.000000000000000000 ),
 ( 0.000000000000000000, 1.000000000000000000 ),
 .UNSPECIFIED. ) ;
#3032 = CARTESIAN_POINT ( 'NONE',  ( -1.600999999999999979, 0.000000000000000000, 0.1500000000000000222 ) ) ;
#3033 = CARTESIAN_POINT ( 'NONE',  ( -0.3257260520173822504, -0.09852548070640008981, 0.4400000000000001688 ) ) ;
#3034 = CARTESIAN_POINT ( 'NONE',  ( 0.2316788659741882139, 0.2469510849264154873, 0.4389999999999999458 ) ) ;
#3035 = STYLED_ITEM ( 'NONE', ( #6546 ), #5008 ) ;
#3036 = CARTESIAN_POINT ( 'NONE',  ( 1.019570331933381535, -0.1393830286234709337, 0.4389999999999999458 ) ) ;
#3037 = CARTESIAN_POINT ( 'NONE',  ( 0.9840264181953911615, -0.1068828600102106618, 0.4389999999999998903 ) ) ;
#3038 = CARTESIAN_POINT ( 'NONE',  ( -0.2485112347419136114, 0.1577151744390777321, 0.4400000000000000577 ) ) ;
#3039 =( NAMED_UNIT ( * ) PLANE_ANGLE_UNIT ( ) SI_UNIT ( $, .RADIAN. ) );
#3040 = CARTESIAN_POINT ( 'NONE',  ( -0.8626491855319117219, 0.1993887623105310702, 0.4400000000000002243 ) ) ;
#3041 = ORIENTED_EDGE ( 'NONE', *, *, #6474, .T. ) ;
#3042 = CARTESIAN_POINT ( 'NONE',  ( 0.8438318919965007714, 0.1009315587940001341, 0.4390000000000000568 ) ) ;
#3043 = CARTESIAN_POINT ( 'NONE',  ( -1.607071067811865595, -1.257071067811865506, 0.1500000000000000222 ) ) ;
#3044 = ADVANCED_FACE ( 'NONE', ( #935 ), #8243, .F. ) ;
#3045 = CARTESIAN_POINT ( 'NONE',  ( 0.9573314215915760261, 0.1722574370977587033, 0.4400000000000000022 ) ) ;
#3046 = CARTESIAN_POINT ( 'NONE',  ( 0.8306803787751728674, 0.05574759089130834622, 0.4389999999999998903 ) ) ;
#3047 = CARTESIAN_POINT ( 'NONE',  ( 0.9138819142052632127, -0.007535518353710871087, 0.4389999999999999458 ) ) ;
#3048 = CARTESIAN_POINT ( 'NONE',  ( -1.000728470350125576, -0.1658409021771375946, 0.4399999999999997247 ) ) ;
#3049 = ADVANCED_FACE ( 'NONE', ( #1657 ), #6399, .T. ) ;
#3050 = CARTESIAN_POINT ( 'NONE',  ( -0.1978819659679786902, -0.1555221636905513571, 0.4390000000000000013 ) ) ;
#3051 = CARTESIAN_POINT ( 'NONE',  ( 0.7880254859550981372, 0.1420439420786794305, 0.4400000000000000022 ) ) ;
#3052 = FACE_OUTER_BOUND ( 'NONE', #4849, .T. ) ;
#3053 = CARTESIAN_POINT ( 'NONE',  ( 0.5485483952028857857, -0.2257513832812517995, 0.4399999999999997247 ) ) ;
#3054 = CARTESIAN_POINT ( 'NONE',  ( 0.7186817916870329448, -0.06218623130272184218, 0.4390000000000000013 ) ) ;
#3055 = CARTESIAN_POINT ( 'NONE',  ( -1.600000000000000089, -1.100000000000000089, 0.1500000000000000222 ) ) ;
#3056 = SURFACE_SIDE_STYLE ('',( #6705 ) ) ;
#3057 = MECHANICAL_DESIGN_GEOMETRIC_PRESENTATION_REPRESENTATION (  '', ( #2148 ), #7222 ) ;
#3058 = ADVANCED_FACE ( 'NONE', ( #9226 ), #2636, .F. ) ;
#3059 = EDGE_CURVE ( 'NONE', #1366, #8536, #5586, .T. ) ;
#3060 = ORIENTED_EDGE ( 'NONE', *, *, #6856, .T. ) ;
#3061 = LINE ( 'NONE', #207, #399 ) ;
#3062 = CARTESIAN_POINT ( 'NONE',  ( 0.9264511803733536111, 0.1948136934114322871, 0.4390000000000002234 ) ) ;
#3063 = DIRECTION ( 'NONE',  ( -1.000000000000000000, 0.000000000000000000, 0.000000000000000000 ) ) ;
#3064 = CARTESIAN_POINT ( 'NONE',  ( -0.1984078272952176647, 0.2242883743056727219, 0.4390000000000001679 ) ) ;
#3065 = CARTESIAN_POINT ( 'NONE',  ( -0.4160475183123390486, -0.2210878065262956160, 0.4390000000000001679 ) ) ;
#3066 = CARTESIAN_POINT ( 'NONE',  ( -0.1301176470816354513, 0.05695688315929639534, 0.4389999999999999458 ) ) ;
#3067 = CARTESIAN_POINT ( 'NONE',  ( -0.4431842790432248824, 0.04931782448408651709, 0.4399999999999998912 ) ) ;
#3068 = CYLINDRICAL_SURFACE ( 'NONE', #5674, 0.2225000000000002531 ) ;
#3069 = CARTESIAN_POINT ( 'NONE',  ( 0.6049943193382714135, -0.2211808182184631655, 0.4390000000000002234 ) ) ;
#3070 = DIRECTION ( 'NONE',  ( -1.000000000000000000, 0.000000000000000000, -0.000000000000000000 ) ) ;
#3071 = VERTEX_POINT ( 'NONE', #8542 ) ;
#3072 = VERTEX_POINT ( 'NONE', #4895 ) ;
#3073 = CARTESIAN_POINT ( 'NONE',  ( -0.4556043217372094389, 0.2009081247709871010, 0.4390000000000000013 ) ) ;
#3074 = PRESENTATION_STYLE_ASSIGNMENT (( #6917 ) ) ;
#3075 = FILL_AREA_STYLE_COLOUR ( '', #4377 ) ;
#3076 = CARTESIAN_POINT ( 'NONE',  ( -0.6369745140449016851, -0.1316339425367051841, 0.4400000000000000022 ) ) ;
#3077 = PRESENTATION_LAYER_ASSIGNMENT (  '', '', ( #8614 ) ) ;
#3078 = CARTESIAN_POINT ( 'NONE',  ( -0.5193196212248269994, 0.05574759089130836703, 0.4389999999999999458 ) ) ;
#3079 = CARTESIAN_POINT ( 'NONE',  ( 0.9666152139822025147, 0.2262501357037486893, 0.4400000000000002798 ) ) ;
#3080 = SURFACE_SIDE_STYLE ('',( #3900 ) ) ;
#3081 = CARTESIAN_POINT ( 'NONE',  ( -0.3827756876394102781, -0.1497813324591906747, 0.4390000000000000568 ) ) ;
#3082 = AXIS2_PLACEMENT_3D ( 'NONE', #2261, #6670, #2301 ) ;
#3083 = VERTEX_POINT ( 'NONE', #7161 ) ;
#3084 = CARTESIAN_POINT ( 'NONE',  ( -0.3255205416938062868, -0.1082644576094349553, 0.4400000000000000022 ) ) ;
#3085 = FACE_OUTER_BOUND ( 'NONE', #3570, .T. ) ;
#3086 = CARTESIAN_POINT ( 'NONE',  ( 0.8943956782627906499, 0.2009081247709871010, 0.4400000000000000022 ) ) ;
#3087 = AXIS2_PLACEMENT_3D ( 'NONE', #6119, #2478, #2522 ) ;
#3088 = CARTESIAN_POINT ( 'NONE',  ( 0.8234696545019253300, 0.06221446878101587197, 0.4390000000000000013 ) ) ;
#3089 = CARTESIAN_POINT ( 'NONE',  ( 0.4649485628781752644, -0.09909187522901288792, 0.4390000000000000013 ) ) ;
#3090 = EDGE_CURVE ( 'NONE', #8487, #3380, #4841, .T. ) ;
#3091 = EDGE_CURVE ( 'NONE', #6719, #4599, #5664, .T. ) ;
#3092 = ORIENTED_EDGE ( 'NONE', *, *, #1951, .T. ) ;
#3093 = CARTESIAN_POINT ( 'NONE',  ( 0.08994856287817512563, 0.09706197092483324906, 0.4399999999999998357 ) ) ;
#3094 = CARTESIAN_POINT ( 'NONE',  ( 0.8021099193867949895, 0.08953383220155732014, 0.4400000000000001132 ) ) ;
#3095 = CARTESIAN_POINT ( 'NONE',  ( 0.9617989151407568826, -0.05143993369705918139, 0.4400000000000000577 ) ) ;
#3096 = CARTESIAN_POINT ( 'NONE',  ( 0.8989028898012522140, 0.2470619709248332851, 0.4390000000000000013 ) ) ;
#3097 = VERTEX_POINT ( 'NONE', #6378 ) ;
#3098 = DIRECTION ( 'NONE',  ( -0.000000000000000000, -0.000000000000000000, 1.000000000000000000 ) ) ;
#3099 = CARTESIAN_POINT ( 'NONE',  ( -0.6541323224681914184, 0.1741423742585807843, 0.4389999999999998903 ) ) ;
#3100 = CARTESIAN_POINT ( 'NONE',  ( -0.5374122287629368167, -0.1972824725619165553, 0.4399999999999999467 ) ) ;
#3101 = DIRECTION ( 'NONE',  ( 0.7071067811865470176, 0.7071067811865480168, 0.000000000000000000 ) ) ;
#3102 = CARTESIAN_POINT ( 'NONE',  ( 0.4707177936474059021, 0.01052350938637172661, 0.4390000000000000013 ) ) ;
#3103 = CARTESIAN_POINT ( 'NONE',  ( -0.1978819659679786902, -0.1555221636905513571, 0.4390000000000000013 ) ) ;
#3104 = CARTESIAN_POINT ( 'NONE',  ( -0.7061619910186970328, -0.1378836972568293906, 0.4390000000000000568 ) ) ;
#3105 = EDGE_CURVE ( 'NONE', #4157, #3601, #5550, .T. ) ;
#3106 = DIRECTION ( 'NONE',  ( 0.000000000000000000, 0.000000000000000000, -1.000000000000000000 ) ) ;
#3107 = CARTESIAN_POINT ( 'NONE',  ( -0.4945850662947478549, 0.08840110533652516256, 0.4400000000000000577 ) ) ;
#3108 = CARTESIAN_POINT ( 'NONE',  ( -0.2158206678910555287, 0.1316773555402178664, 0.4390000000000000013 ) ) ;
#3109 = SURFACE_STYLE_USAGE ( .BOTH. , #721 ) ;
#3110 = CARTESIAN_POINT ( 'NONE',  ( -0.5424629587791672813, -0.1221310734225946187, 0.4400000000000001688 ) ) ;
#3111 = CARTESIAN_POINT ( 'NONE',  ( -0.3337597530135194002, 0.1743982202718302454, 0.4390000000000000568 ) ) ;
#3112 = ORIENTED_EDGE ( 'NONE', *, *, #344, .T. ) ;
#3113 = STYLED_ITEM ( 'NONE', ( #2289 ), #1979 ) ;
#3114 = ORIENTED_EDGE ( 'NONE', *, *, #276, .T. ) ;
#3115 = CARTESIAN_POINT ( 'NONE',  ( 0.8758733706426670151, -0.2246638737709479028, 0.4389999999999998903 ) ) ;
#3116 =( NAMED_UNIT ( * ) PLANE_ANGLE_UNIT ( ) SI_UNIT ( $, .RADIAN. ) );
#3117 = CARTESIAN_POINT ( 'NONE',  ( -0.007505022463244374366, 0.1876613515251836228, 0.4400000000000000577 ) ) ;
#3118 = ADVANCED_FACE ( 'NONE', ( #5896 ), #6560, .T. ) ;
#3119 = FACE_OUTER_BOUND ( 'NONE', #9406, .T. ) ;
#3120 = DIRECTION ( 'NONE',  ( -1.000000000000000000, 0.000000000000000000, 0.000000000000000000 ) ) ;
#3121 = CARTESIAN_POINT ( 'NONE',  ( 0.5641973609550983149, -0.1798611059982436478, 0.4400000000000000577 ) ) ;
#3122 = CARTESIAN_POINT ( 'NONE',  ( 0.5641973609550983149, -0.1798611059982436478, 0.4400000000000000022 ) ) ;
#3123 = DIRECTION ( 'NONE',  ( 0.000000000000000000, 0.000000000000000000, -1.000000000000000000 ) ) ;
#3124 = STYLED_ITEM ( 'NONE', ( #9478 ), #335 ) ;
#3125 = CARTESIAN_POINT ( 'NONE',  ( 0.9837234070366740468, -0.1133899195192124010, 0.4399999999999997802 ) ) ;
#3126 = CARTESIAN_POINT ( 'NONE',  ( 1.600000000000000089, 1.250000000000000000, 0.1500000000000000222 ) ) ;
#3127 = AXIS2_PLACEMENT_3D ( 'NONE', #2854, #2752, #9387 ) ;
#3128 = ORIENTED_EDGE ( 'NONE', *, *, #743, .T. ) ;
#3129 = CARTESIAN_POINT ( 'NONE',  ( -0.9814104706186701499, -0.1818665511395196055, 0.4389999999999998903 ) ) ;
#3130 = AXIS2_PLACEMENT_3D ( 'NONE', #7109, #4034, #6961 ) ;
#3131 = CARTESIAN_POINT ( 'NONE',  ( 0.009029727545750272644, 0.1253868871549935204, 0.4399999999999999467 ) ) ;
#3132 = CARTESIAN_POINT ( 'NONE',  ( 0.9456399249785685246, -0.2171106399872060611, 0.4389999999999997793 ) ) ;
#3133 = CARTESIAN_POINT ( 'NONE',  ( -0.4814527808999908287, -0.1754815206903647951, 0.4389999999999998903 ) ) ;
#3134 = SURFACE_STYLE_USAGE ( .BOTH. , #6160 ) ;
#3135 = CARTESIAN_POINT ( 'NONE',  ( -0.5322310171246468213, 0.06804949803551910148, 0.4389999999999998903 ) ) ;
#3136 = CIRCLE ( 'NONE', #8513, 0.02500000000000001180 ) ;
#3137 = DIRECTION ( 'NONE',  ( -0.000000000000000000, -0.000000000000000000, 1.000000000000000000 ) ) ;
#3138 = ORIENTED_EDGE ( 'NONE', *, *, #6083, .F. ) ;
#3139 = AXIS2_PLACEMENT_3D ( 'NONE', #4560, #223, #6097 ) ;
#3140 = ORIENTED_EDGE ( 'NONE', *, *, #5432, .T. ) ;
#3141 = CARTESIAN_POINT ( 'NONE',  ( 0.1439657729713016143, 0.2149255141320609019, 0.4390000000000000568 ) ) ;
#3142 = LINE ( 'NONE', #6738, #9452 ) ;
#3143 = CARTESIAN_POINT ( 'NONE',  ( 0.8989028898012522140, 0.2470619709248332851, 0.4390000000000000013 ) ) ;
#3144 = DIRECTION ( 'NONE',  ( -1.000000000000000000, -3.152355471214259314E-16, 0.000000000000000000 ) ) ;
#3145 = EDGE_CURVE ( 'NONE', #7050, #5429, #6513, .T. ) ;
#3146 = CARTESIAN_POINT ( 'NONE',  ( 0.7090292371212383316, -0.008707662238742313807, 0.4389999999999998903 ) ) ;
#3147 = CARTESIAN_POINT ( 'NONE',  ( -0.7076293144310573657, 0.2159243290809395865, 0.4389999999999999458 ) ) ;
#3148 =( GEOMETRIC_REPRESENTATION_CONTEXT ( 3 ) GLOBAL_UNCERTAINTY_ASSIGNED_CONTEXT ( ( #8381 ) ) GLOBAL_UNIT_ASSIGNED_CONTEXT ( ( #3770, #3227, #6062 ) ) REPRESENTATION_CONTEXT ( 'NONE', 'WORKASPACE' ) );
#3149 = CARTESIAN_POINT ( 'NONE',  ( 0.5618536109550983371, -0.2260149521520898042, 0.4390000000000000013 ) ) ;
#3150 = CARTESIAN_POINT ( 'NONE',  ( -0.8327677832756710252, -0.2260149521520898042, 0.4390000000000000013 ) ) ;
#3151 = CARTESIAN_POINT ( 'NONE',  ( 0.8943956782627906499, 0.2009081247709871010, 0.4390000000000000013 ) ) ;
#3152 = AXIS2_PLACEMENT_3D ( 'NONE', #9134, #1102, #4755 ) ;
#3153 = CARTESIAN_POINT ( 'NONE',  ( -0.09913834933737558641, 0.005769967407517510166, 0.4400000000000001688 ) ) ;
#3154 = CARTESIAN_POINT ( 'NONE',  ( -1.250000000000000000, 0.9000000000000000222, 0.3049999999999999933 ) ) ;
#3155 = VECTOR ( 'NONE', #6009, 1000.000000000000000 ) ;
#3156 = LINE ( 'NONE', #8284, #7532 ) ;
#3157 = CARTESIAN_POINT ( 'NONE',  ( -0.4996092535970729775, 0.09333919625044154178, 0.4399999999999999467 ) ) ;
#3158 = DIRECTION ( 'NONE',  ( 0.000000000000000000, 0.000000000000000000, -1.000000000000000000 ) ) ;
#3159 = CARTESIAN_POINT ( 'NONE',  ( 0.7885253368336768709, 0.1562250927172159076, 0.4400000000000000022 ) ) ;
#3160 = CARTESIAN_POINT ( 'NONE',  ( -0.4539817255833632492, -0.1798611059982436478, 0.4400000000000000022 ) ) ;
#3161 = CARTESIAN_POINT ( 'NONE',  ( 0.9328952367828464709, 0.03055675664746104053, 0.4389999999999998348 ) ) ;
#3162 = COLOUR_RGB ( '',0.8627450980392157298, 0.6274509803921568540, 0.05882352941176470507 ) ;
#3163 = EDGE_CURVE ( 'NONE', #3220, #7166, #4452, .T. ) ;
#3164 = VERTEX_POINT ( 'NONE', #834 ) ;
#3165 = DIRECTION ( 'NONE',  ( -0.000000000000000000, -0.000000000000000000, 1.000000000000000000 ) ) ;
#3166 = CARTESIAN_POINT ( 'NONE',  ( -1.022930765736633996, -0.1417208858297782093, 0.4389999999999999458 ) ) ;
#3167 = DIRECTION ( 'NONE',  ( 0.000000000000000000, 0.000000000000000000, -1.000000000000000000 ) ) ;
#3168 = CARTESIAN_POINT ( 'NONE',  ( -0.1465898986602864051, 0.01052350938637172661, 0.4400000000000000022 ) ) ;
#3169 = CARTESIAN_POINT ( 'NONE',  ( -1.404407950059312071, 1.143933982822019857, -0.1499999999999999667 ) ) ;
#3170 = CARTESIAN_POINT ( 'NONE',  ( 3.112264208245613817E-16, -1.150000000000000355, 0.1500000000000000222 ) ) ;
#3171 = DIRECTION ( 'NONE',  ( 0.000000000000000000, 1.000000000000000000, 0.000000000000000000 ) ) ;
#3172 =( LENGTH_UNIT ( ) NAMED_UNIT ( * ) SI_UNIT ( .MILLI., .METRE. ) );
#3173 = EDGE_CURVE ( 'NONE', #7670, #1, #1132, .T. ) ;
#3174 = CARTESIAN_POINT ( 'NONE',  ( 1.474999999999999867, -0.9000000000000000222, 0.2799999999999999711 ) ) ;
#3175 = TOROIDAL_SURFACE ( 'NONE', #9339, 0.1749999999999999889, 0.02500000000000000139 ) ;
#3176 = ORIENTED_EDGE ( 'NONE', *, *, #2639, .F. ) ;
#3177 = CARTESIAN_POINT ( 'NONE',  ( -0.5605666634764585599, 0.1239145142156437562, 0.4390000000000000013 ) ) ;
#3178 = CARTESIAN_POINT ( 'NONE',  ( -0.2562052832756709364, 0.1316773555402178664, 0.4390000000000000013 ) ) ;
#3179 = CARTESIAN_POINT ( 'NONE',  ( 0.9161674542854406633, 0.1983557177357104795, 0.4399999999999999467 ) ) ;
#3180 = CARTESIAN_POINT ( 'NONE',  ( -0.4586015710468795969, -0.1796364429379935512, 0.4390000000000000013 ) ) ;
#3181 = CARTESIAN_POINT ( 'NONE',  ( 0.5481393760972237406, 0.03223682170836352640, 0.4399999999999998912 ) ) ;
#3182 = CARTESIAN_POINT ( 'NONE',  ( -0.1335967028264364864, 0.009796593744061062037, 0.4390000000000000013 ) ) ;
#3183 = CARTESIAN_POINT ( 'NONE',  ( 0.8869137071089443491, 0.01232639400175632692, 0.4390000000000000013 ) ) ;
#3184 = B_SPLINE_SURFACE_WITH_KNOTS ( 'NONE', 3, 1, ( 
 ( #521, #6339 ),
 ( #1863, #426 ),
 ( #7726, #2025 ),
 ( #6492, #5624 ),
 ( #5728, #7931 ),
 ( #8609, #1343 ),
 ( #4282, #622 ) ),
 .UNSPECIFIED., .F., .F., .F.,
 ( 4, 1, 1, 1, 4 ),
 ( 2, 2 ),
 ( 0.000000000000000000, 0.2538796003266569068, 0.5030089172783624996, 0.7502910806899736329, 1.000000000000000000 ),
 ( 0.000000000000000000, 1.000000000000000000 ),
 .UNSPECIFIED. ) ;
#3185 = LINE ( 'NONE', #7603, #4416 ) ;
#3186 = VERTEX_POINT ( 'NONE', #2205 ) ;
#3187 = CARTESIAN_POINT ( 'NONE',  ( 0.09072869663968248510, 0.1129420083688947862, 0.4389999999999999458 ) ) ;
#3188 = CARTESIAN_POINT ( 'NONE',  ( 0.8072741200894489877, 0.08139206477428051478, 0.4389999999999998903 ) ) ;
#3189 = DIRECTION ( 'NONE',  ( -0.000000000000000000, -0.000000000000000000, 1.000000000000000000 ) ) ;
#3190 = FILL_AREA_STYLE_COLOUR ( '', #3591 ) ;
#3191 = ORIENTED_EDGE ( 'NONE', *, *, #6745, .F. ) ;
#3192 = CARTESIAN_POINT ( 'NONE',  ( -0.4602530174750557590, 0.2007523347771729139, 0.4389999999999999458 ) ) ;
#3193 = ORIENTED_EDGE ( 'NONE', *, *, #8876, .T. ) ;
#3194 = DIRECTION ( 'NONE',  ( 0.000000000000000000, -0.000000000000000000, 1.000000000000000000 ) ) ;
#3195 =( LENGTH_UNIT ( ) NAMED_UNIT ( * ) SI_UNIT ( .MILLI., .METRE. ) );
#3196 = CARTESIAN_POINT ( 'NONE',  ( -0.4361180857947364875, -0.007535518353710652512, 0.4399999999999998912 ) ) ;
#3197 = CARTESIAN_POINT ( 'NONE',  ( -0.04337475442951722882, 0.03756677861714095151, 0.4390000000000000013 ) ) ;
#3198 = CARTESIAN_POINT ( 'NONE',  ( -0.03120528327567101065, 0.1303251920786794027, 0.4390000000000000013 ) ) ;
#3199 = CARTESIAN_POINT ( 'NONE',  ( -0.8330382159679786680, -0.1798611059982436478, 0.4390000000000000013 ) ) ;
#3201 = COLOUR_RGB ( '',0.9686274509803921573, 0.8784313725490195957, 0.5999999999999999778 ) ;
#3200 = CARTESIAN_POINT ( 'NONE',  ( 0.8383384184055377997, -0.2134143259298674211, 0.4400000000000001132 ) ) ;
#3202 = CARTESIAN_POINT ( 'NONE',  ( -0.03194479966321071146, -0.02635594360726742358, 0.4390000000000000568 ) ) ;
#3203 = CARTESIAN_POINT ( 'NONE',  ( -0.4843288654863744380, 0.07940747589154534269, 0.4400000000000001132 ) ) ;
#3204 = CARTESIAN_POINT ( 'NONE',  ( 0.8019749752490811234, 0.1955097817523507031, 0.4399999999999997802 ) ) ;
#3205 = CARTESIAN_POINT ( 'NONE',  ( -0.4945907306661376790, -0.1695412337551228943, 0.4390000000000000568 ) ) ;
#3206 = CARTESIAN_POINT ( 'NONE',  ( -0.7050239055972202795, 0.1584713553385406481, 0.4400000000000000022 ) ) ;
#3207 = ORIENTED_EDGE ( 'NONE', *, *, #8754, .F. ) ;
#3208 = CARTESIAN_POINT ( 'NONE',  ( 0.7591793321089442825, -0.1276675963828590443, 0.4390000000000000013 ) ) ;
#3209 = EDGE_CURVE ( 'NONE', #3617, #1629, #1642, .T. ) ;
#3210 = CYLINDRICAL_SURFACE ( 'NONE', #7284, 0.02500000000000001180 ) ;
#3211 = FACE_OUTER_BOUND ( 'NONE', #7697, .T. ) ;
#3212 = PLANE ( 'NONE',  #5853 ) ;
#3213 = DIRECTION ( 'NONE',  ( -1.000000000000000000, 0.000000000000000000, 0.000000000000000000 ) ) ;
#3214 = CARTESIAN_POINT ( 'NONE',  ( 0.5523982578750389338, -0.1795381556974996184, 0.4400000000000001132 ) ) ;
#3215 = CARTESIAN_POINT ( 'NONE',  ( 0.4340620906262844247, -0.1382815346782318155, 0.4390000000000000013 ) ) ;
#3216 = CARTESIAN_POINT ( 'NONE',  ( -0.03136456552196564829, 0.1373503930806933560, 0.4399999999999998912 ) ) ;
#3217 = FILL_AREA_STYLE_COLOUR ( '', #5456 ) ;
#3218 = DIRECTION ( 'NONE',  ( -1.000000000000000000, 0.000000000000000000, 0.000000000000000000 ) ) ;
#3219 = ORIENTED_EDGE ( 'NONE', *, *, #5561, .F. ) ;
#3220 = VERTEX_POINT ( 'NONE', #8189 ) ;
#3221 = CARTESIAN_POINT ( 'NONE',  ( -0.5586177866698877059, 0.1150622111971215944, 0.4390000000000000568 ) ) ;
#3222 = VECTOR ( 'NONE', #460, 1000.000000000000000 ) ;
#3223 = DIRECTION ( 'NONE',  ( 0.000000000000000000, -1.000000000000000000, 0.000000000000000000 ) ) ;
#3224 = ADVANCED_FACE ( 'NONE', ( #1599 ), #1430, .F. ) ;
#3225 = CARTESIAN_POINT ( 'NONE',  ( 0.9822863032627905389, 0.1432158170786793916, 0.4390000000000000013 ) ) ;
#3226 = CARTESIAN_POINT ( 'NONE',  ( 0.7014870244166366842, 0.1893696632325255758, 0.4390000000000000013 ) ) ;
#3227 =( NAMED_UNIT ( * ) PLANE_ANGLE_UNIT ( ) SI_UNIT ( $, .RADIAN. ) );
#3228 = CARTESIAN_POINT ( 'NONE',  ( 0.5293747720418091607, -0.1743371086953518223, 0.4390000000000000013 ) ) ;
#3229 = CARTESIAN_POINT ( 'NONE',  ( 0.8491482004940921202, 0.04046345444142675912, 0.4390000000000001679 ) ) ;
#3230 = AXIS2_PLACEMENT_3D ( 'NONE', #477, #4803, #3415 ) ;
#3231 = VECTOR ( 'NONE', #1357, 999.9999999999998863 ) ;
#3232 = CARTESIAN_POINT ( 'NONE',  ( -0.3619052919854413575, -0.01836882851375162481, 0.4400000000000000577 ) ) ;
#3233 = ORIENTED_EDGE ( 'NONE', *, *, #8394, .F. ) ;
#3234 = ORIENTED_EDGE ( 'NONE', *, *, #7939, .T. ) ;
#3235 = ORIENTED_EDGE ( 'NONE', *, *, #284, .F. ) ;
#3236 = CARTESIAN_POINT ( 'NONE',  ( -0.5215393538072266022, 0.1415260665410597030, 0.4390000000000000013 ) ) ;
#3237 = CARTESIAN_POINT ( 'NONE',  ( -0.3827756876394102781, -0.1497813324591906747, 0.4400000000000000022 ) ) ;
#3238 = EDGE_CURVE ( 'NONE', #7751, #7081, #2459, .T. ) ;
#3239 = CIRCLE ( 'NONE', #8627, 0.02500000000000001180 ) ;
#3240 = FACE_OUTER_BOUND ( 'NONE', #2520, .T. ) ;
#3241 = CARTESIAN_POINT ( 'NONE',  ( 0.9810525232861944112, 0.2146279300473576401, 0.4390000000000000568 ) ) ;
#3242 = CARTESIAN_POINT ( 'NONE',  ( -0.5213681672303623893, 0.1478095288284510811, 0.4390000000000000568 ) ) ;
#3243 = VERTEX_POINT ( 'NONE', #4021 ) ;
#3244 = CARTESIAN_POINT ( 'NONE',  ( 0.1303331782627906443, 0.09706197092483324906, 0.4390000000000000013 ) ) ;
#3245 =( NAMED_UNIT ( * ) SI_UNIT ( $, .STERADIAN. ) SOLID_ANGLE_UNIT ( ) );
#3246 = VECTOR ( 'NONE', #2254, 1000.000000000000000 ) ;
#3247 = CARTESIAN_POINT ( 'NONE',  ( -0.8026226495752876167, -0.2245904078371090684, 0.4389999999999999458 ) ) ;
#3248 = CARTESIAN_POINT ( 'NONE',  ( 0.8960182744166367286, -0.2260149521520898042, 0.4400000000000000577 ) ) ;
#3249 = CARTESIAN_POINT ( 'NONE',  ( -0.2138482929164211566, -0.1377544960891711190, 0.4389999999999998903 ) ) ;
#3250 = CARTESIAN_POINT ( 'NONE',  ( -0.8330382159679786680, -0.1798611059982436478, 0.4400000000000000022 ) ) ;
#3251 = CARTESIAN_POINT ( 'NONE',  ( -1.600000000000000089, 1.260000000000000009, 0.2799999999999999711 ) ) ;
#3252 = CARTESIAN_POINT ( 'NONE',  ( -0.04176314483079621859, -0.01708961014580455753, 0.4390000000000000013 ) ) ;
#3253 = CARTESIAN_POINT ( 'NONE',  ( -0.4909474131419350740, 0.08491489590235935803, 0.4389999999999999458 ) ) ;
#3254 =( NAMED_UNIT ( * ) SI_UNIT ( $, .STERADIAN. ) SOLID_ANGLE_UNIT ( ) );
#3255 = LINE ( 'NONE', #4550, #6505 ) ;
#3256 = CARTESIAN_POINT ( 'NONE',  ( -0.8115483535199019549, 0.2002942466613383266, 0.4390000000000000568 ) ) ;
#3257 = VERTEX_POINT ( 'NONE', #6947 ) ;
#3258 = ORIENTED_EDGE ( 'NONE', *, *, #2462, .T. ) ;
#3259 = DIRECTION ( 'NONE',  ( 0.000000000000000000, 0.000000000000000000, -1.000000000000000000 ) ) ;
#3260 = LINE ( 'NONE', #993, #8036 ) ;
#3261 = CARTESIAN_POINT ( 'NONE',  ( -0.0001668082991985494871, 0.1738199288897193107, 0.4399999999999999467 ) ) ;
#3262 = CARTESIAN_POINT ( 'NONE',  ( 0.7894333365235415290, 0.1239145142156437285, 0.4400000000000000022 ) ) ;
#3263 = SURFACE_SIDE_STYLE ('',( #9240 ) ) ;
#3264 = CARTESIAN_POINT ( 'NONE',  ( 0.6412982246965102107, 0.01267904142431121664, 0.4400000000000000022 ) ) ;
#3265 = B_SPLINE_SURFACE_WITH_KNOTS ( 'NONE', 3, 1, ( 
 ( #1545, #186 ),
 ( #8827, #3131 ),
 ( #7427, #867 ),
 ( #2240, #8091 ),
 ( #823, #6731 ),
 ( #142, #8222 ),
 ( #1505, #4443 ),
 ( #8264, #6059 ),
 ( #5334, #7383 ),
 ( #3955, #7597 ),
 ( #3326, #4763 ) ),
 .UNSPECIFIED., .F., .F., .F.,
 ( 4, 1, 1, 1, 1, 1, 1, 1, 4 ),
 ( 2, 2 ),
 ( 0.000000000000000000, 0.1280675485958902848, 0.2506083188676682116, 0.3706301659145023186, 0.4900722467299482576, 0.6103747641546194425, 0.7343130699115245630, 0.8632165042449886361, 0.9999999999999998890 ),
 ( 0.000000000000000000, 1.000000000000000000 ),
 .UNSPECIFIED. ) ;
#3266 = CARTESIAN_POINT ( 'NONE',  ( 0.4299715921335652280, -0.1257942917064105992, 0.4390000000000000013 ) ) ;
#3267 = CARTESIAN_POINT ( 'NONE',  ( 0.8305621616903422488, -0.1504965273467367692, 0.4389999999999999458 ) ) ;
#3268 = ADVANCED_FACE ( 'NONE', ( #919 ), #9016, .F. ) ;
#3269 = CARTESIAN_POINT ( 'NONE',  ( -1.500000000000000000, -0.5000000000000000000, -0.1499999999999999667 ) ) ;
#3270 = MECHANICAL_DESIGN_GEOMETRIC_PRESENTATION_REPRESENTATION (  '', ( #8316 ), #4497 ) ;
#3271 = CARTESIAN_POINT ( 'NONE',  ( -1.033548180713103060, 0.03620176151687875404, 0.4400000000000004463 ) ) ;
#3272 = ORIENTED_EDGE ( 'NONE', *, *, #6875, .T. ) ;
#3273 = ORIENTED_EDGE ( 'NONE', *, *, #758, .F. ) ;
#3274 = CARTESIAN_POINT ( 'NONE',  ( 0.7591793321089442825, -0.1276675963828590443, 0.4400000000000000022 ) ) ;
#3275 = CARTESIAN_POINT ( 'NONE',  ( 1.377502247202359031, 1.250999999999999890, -0.1549999999999999711 ) ) ;
#3276 = CARTESIAN_POINT ( 'NONE',  ( -0.5690676965718763913, -0.1630737750070507253, 0.4389999999999999458 ) ) ;
#3277 = FACE_OUTER_BOUND ( 'NONE', #634, .T. ) ;
#3278 = VERTEX_POINT ( 'NONE', #8567 ) ;
#3279 = CARTESIAN_POINT ( 'NONE',  ( 0.9959344901715613263, -0.1807663367254274678, 0.4400000000000000577 ) ) ;
#3280 = CARTESIAN_POINT ( 'NONE',  ( -0.5193196212248269994, 0.05574759089130836703, 0.4389999999999999458 ) ) ;
#3281 = AXIS2_PLACEMENT_3D ( 'NONE', #1282, #6430, #9421 ) ;
#3282 = CARTESIAN_POINT ( 'NONE',  ( -0.6452273267045570693, 0.1638394540097807828, 0.4400000000000001688 ) ) ;
#3283 =( GEOMETRIC_REPRESENTATION_CONTEXT ( 3 ) GLOBAL_UNCERTAINTY_ASSIGNED_CONTEXT ( ( #7045 ) ) GLOBAL_UNIT_ASSIGNED_CONTEXT ( ( #7577, #3883, #213 ) ) REPRESENTATION_CONTEXT ( 'NONE', 'WORKASPACE' ) );
#3284 = CARTESIAN_POINT ( 'NONE',  ( -0.3379366567718652403, -0.05262530128274746366, 0.4399999999999998912 ) ) ;
#3285 = ORIENTED_EDGE ( 'NONE', *, *, #7228, .F. ) ;
#3286 = EDGE_CURVE ( 'NONE', #4922, #664, #4535, .T. ) ;
#3287 = CARTESIAN_POINT ( 'NONE',  ( 0.2416376943817127865, 0.2469464550961354143, 0.4400000000000000022 ) ) ;
#3288 = CARTESIAN_POINT ( 'NONE',  ( 0.03156517147280400032, -0.09966669220112607530, 0.4399999999999999467 ) ) ;
#3289 = AXIS2_PLACEMENT_3D ( 'NONE', #4326, #8879, #6071 ) ;
#3290 = VERTEX_POINT ( 'NONE', #1689 ) ;
#3291 = CARTESIAN_POINT ( 'NONE',  ( -0.06594177741718126873, -0.1689685076526974139, 0.4400000000000000022 ) ) ;
#3292 = ORIENTED_EDGE ( 'NONE', *, *, #1019, .T. ) ;
#3293 = FILL_AREA_STYLE_COLOUR ( '', #990 ) ;
#3294 = CARTESIAN_POINT ( 'NONE',  ( -0.4909474131419350740, 0.08491489590235935803, 0.4389999999999999458 ) ) ;
#3295 = ADVANCED_FACE ( 'NONE', ( #4629 ), #6120, .T. ) ;
#3296 = EDGE_CURVE ( 'NONE', #8322, #710, #5395, .T. ) ;
#3297 = ORIENTED_EDGE ( 'NONE', *, *, #97, .T. ) ;
#3298 = CARTESIAN_POINT ( 'NONE',  ( 0.7014870244166366842, 0.1893696632325255758, 0.4390000000000000013 ) ) ;
#3299 = UNCERTAINTY_MEASURE_WITH_UNIT (LENGTH_MEASURE( 1.000000000000000082E-05 ), #4095, 'distance_accuracy_value', 'NONE');
#3300 = CARTESIAN_POINT ( 'NONE',  ( 0.8943956782627906499, 0.2009081247709871010, 0.4400000000000000022 ) ) ;
#3301 = CARTESIAN_POINT ( 'NONE',  ( -0.3819564851987478638, -0.05942841369055133771, 0.4400000000000000022 ) ) ;
#3302 = FILL_AREA_STYLE_COLOUR ( '', #4170 ) ;
#3303 = CARTESIAN_POINT ( 'NONE',  ( -0.5182143651674999685, 0.1224593890083548325, 0.4399999999999999467 ) ) ;
#3304 = CARTESIAN_POINT ( 'NONE',  ( 0.5231895872759538824, -0.2213050744981151230, 0.4400000000000000022 ) ) ;
#3305 =( LENGTH_UNIT ( ) NAMED_UNIT ( * ) SI_UNIT ( .MILLI., .METRE. ) );
#3306 = CYLINDRICAL_SURFACE ( 'NONE', #4355, 0.2225000000000000311 ) ;
#3307 = ORIENTED_EDGE ( 'NONE', *, *, #6756, .T. ) ;
#3308 = CARTESIAN_POINT ( 'NONE',  ( -0.6723110525064401877, 0.1259081247709871176, 0.4390000000000000013 ) ) ;
#3309 = AXIS2_PLACEMENT_3D ( 'NONE', #8874, #6523, #2830 ) ;
#3310 = VERTEX_POINT ( 'NONE', #9059 ) ;
#3311 = CARTESIAN_POINT ( 'NONE',  ( 0.7108810573934265520, -0.1202876795350050765, 0.4390000000000000013 ) ) ;
#3312 = CARTESIAN_POINT ( 'NONE',  ( 0.6065401267041337086, 0.07737813640799008630, 0.4400000000000000577 ) ) ;
#3313 = CARTESIAN_POINT ( 'NONE',  ( 0.005393274416636787555, -0.0008346636905513685027, 0.4390000000000000013 ) ) ;
#3314 = CARTESIAN_POINT ( 'NONE',  ( 0.8021099193867949895, 0.08953383220155732014, 0.4400000000000001132 ) ) ;
#3315 = FACE_OUTER_BOUND ( 'NONE', #6436, .T. ) ;
#3316 = CARTESIAN_POINT ( 'NONE',  ( 0.2967917420091601421, 0.1803261000269946457, 0.4390000000000003344 ) ) ;
#3317 = VECTOR ( 'NONE', #6600, 1000.000000000000000 ) ;
#3318 = CARTESIAN_POINT ( 'NONE',  ( 0.2595706017017250788, -0.01528333215332233937, 0.4389999999999998903 ) ) ;
#3319 = CARTESIAN_POINT ( 'NONE',  ( -0.07799153863468091807, 0.1928409965435732565, 0.4399999999999999467 ) ) ;
#3320 = CARTESIAN_POINT ( 'NONE',  ( 0.6040256031674129389, 0.02989176614735302578, 0.4389999999999998903 ) ) ;
#3321 = VECTOR ( 'NONE', #978, 1000.000000000000000 ) ;
#3322 = CARTESIAN_POINT ( 'NONE',  ( -1.035051437121824902, 0.01007278823252557957, 0.4390000000000000568 ) ) ;
#3323 = ORIENTED_EDGE ( 'NONE', *, *, #6651, .T. ) ;
#3324 = VERTEX_POINT ( 'NONE', #8321 ) ;
#3325 = CARTESIAN_POINT ( 'NONE',  ( -0.9912587313768872477, -0.1741551837561768623, 0.4390000000000001679 ) ) ;
#3326 = CARTESIAN_POINT ( 'NONE',  ( -0.04337475442951722882, 0.03756677861714095151, 0.4390000000000000013 ) ) ;
#3327 = CARTESIAN_POINT ( 'NONE',  ( -0.4741266293573327406, -0.2246638737709479861, 0.4390000000000000013 ) ) ;
#3328 = ORIENTED_EDGE ( 'NONE', *, *, #8954, .T. ) ;
#3329 = CARTESIAN_POINT ( 'NONE',  ( -0.2119174959878634135, -0.2003893265448239702, 0.4399999999999999467 ) ) ;
#3330 = CARTESIAN_POINT ( 'NONE',  ( -1.022744198981638819, 0.1625934611661233875, 0.4399999999999996136 ) ) ;
#3331 = CARTESIAN_POINT ( 'NONE',  ( 0.9884734160498910294, 0.2075745984083956219, 0.4399999999999999467 ) ) ;
#3332 = ORIENTED_EDGE ( 'NONE', *, *, #3758, .T. ) ;
#3333 = CARTESIAN_POINT ( 'NONE',  ( -0.3914481561877632410, 0.01010574182723822899, 0.4399999999999998912 ) ) ;
#3334 = ORIENTED_EDGE ( 'NONE', *, *, #7063, .F. ) ;
#3335 = ADVANCED_FACE ( 'NONE', ( #1739 ), #5490, .T. ) ;
#3336 = EDGE_CURVE ( 'NONE', #5067, #4865, #2122, .T. ) ;
#3337 = CARTESIAN_POINT ( 'NONE',  ( -0.4919324467372094278, 0.08579394207867938049, 0.4390000000000000013 ) ) ;
#3338 = CARTESIAN_POINT ( 'NONE',  ( -0.4306992557450980974, -0.1774401233779250575, 0.4390000000000000013 ) ) ;
#3339 = AXIS2_PLACEMENT_3D ( 'NONE', #7547, #3901, #6877 ) ;
#3340 = CARTESIAN_POINT ( 'NONE',  ( -0.1162844130860778563, -0.2258092546678455714, 0.4399999999999999467 ) ) ;
#3341 = ORIENTED_EDGE ( 'NONE', *, *, #3394, .F. ) ;
#3343 = DIRECTION ( 'NONE',  ( -1.000000000000000000, 0.000000000000000000, 0.000000000000000000 ) ) ;
#3342 = B_SPLINE_SURFACE_WITH_KNOTS ( 'NONE', 3, 1, ( 
 ( #7488, #8596 ),
 ( #7713, #7767 ),
 ( #2788, #5714 ),
 ( #4220, #2010 ),
 ( #1280, #7159 ),
 ( #8645, #4173 ),
 ( #9272, #4838 ),
 ( #4945, #562 ),
 ( #1136, #3350 ),
 ( #3496, #2686 ),
 ( #6276, #2634 ),
 ( #3400, #9224 ),
 ( #5562, #6428 ),
 ( #5662, #4084 ),
 ( #8540, #9371 ),
 ( #461, #8480 ),
 ( #5612, #1954 ),
 ( #1187, #4893 ),
 ( #4128, #1902 ) ),
 .UNSPECIFIED., .F., .F., .F.,
 ( 4, 1, 1, 1, 1, 1, 1, 1, 1, 1, 1, 1, 1, 1, 1, 1, 4 ),
 ( 2, 2 ),
 ( 0.000000000000000000, 0.06535138202659354634, 0.1279160318306126198, 0.1883602055716998847, 0.2472160772654518890, 0.3056301291974112821, 0.3637698398318189308, 0.4226609139127797676, 0.4826872940903917941, 0.5433002212395586783, 0.6041179553231029731, 0.6649648912652841304, 0.7274134941125657283, 0.7914676251494241477, 0.8580554427291000597, 0.9270368146149481348, 1.000000000000000000 ),
 ( 0.000000000000000000, 1.000000000000000000 ),
 .UNSPECIFIED. ) ;
#3344 = VERTEX_POINT ( 'NONE', #1981 ) ;
#3345 = CARTESIAN_POINT ( 'NONE',  ( -1.067783598960761360, -0.05342340084334209344, 0.4399999999999997802 ) ) ;
#3346 = CYLINDRICAL_SURFACE ( 'NONE', #448, 0.1499999999999999667 ) ;
#3347 = ORIENTED_EDGE ( 'NONE', *, *, #4700, .F. ) ;
#3348 = DIRECTION ( 'NONE',  ( 0.000000000000000000, -1.000000000000000000, 0.000000000000000000 ) ) ;
#3349 = CARTESIAN_POINT ( 'NONE',  ( 1.449999999999999956, -1.250000000000000000, -0.2810000000000000275 ) ) ;
#3350 = CARTESIAN_POINT ( 'NONE',  ( 0.6558717870648773651, -0.0009414850948815936191, 0.4399999999999997247 ) ) ;
#3351 = FILL_AREA_STYLE ('',( #3302 ) ) ;
#3352 = CARTESIAN_POINT ( 'NONE',  ( -0.07272484890604342944, -0.0005558615189205955631, 0.4399999999999996692 ) ) ;
#3353 = EDGE_CURVE ( 'NONE', #8406, #4418, #1358, .T. ) ;
#3354 = CARTESIAN_POINT ( 'NONE',  ( -1.048804824760901422, 0.1247474320157012651, 0.4390000000000000013 ) ) ;
#3355 = EDGE_CURVE ( 'NONE', #1238, #3310, #3826, .T. ) ;
#3356 = CARTESIAN_POINT ( 'NONE',  ( 0.8840564903720593559, 0.2465110166644899348, 0.4399999999999998912 ) ) ;
#3357 = CARTESIAN_POINT ( 'NONE',  ( 1.600000000000000089, -1.250000000000000000, 0.1500000000000000222 ) ) ;
#3358 = CARTESIAN_POINT ( 'NONE',  ( 1.003763052146930512, -0.03863916187604644198, 0.4390000000000001124 ) ) ;
#3359 = ORIENTED_EDGE ( 'NONE', *, *, #6389, .T. ) ;
#3360 = ORIENTED_EDGE ( 'NONE', *, *, #8528, .F. ) ;
#3361 = CARTESIAN_POINT ( 'NONE',  ( 0.8295581400526392812, -0.2087706857437766073, 0.4390000000000000013 ) ) ;
#3362 = LINE ( 'NONE', #1862, #7889 ) ;
#3363 = PRESENTATION_LAYER_ASSIGNMENT (  '', '', ( #2148 ) ) ;
#3364 = CARTESIAN_POINT ( 'NONE',  ( -0.4197366529340452179, 0.2433528029795972436, 0.4400000000000000577 ) ) ;
#3365 = CARTESIAN_POINT ( 'NONE',  ( -0.02031425113029734775, 0.05581025998049139736, 0.4400000000000000022 ) ) ;
#3366 = B_SPLINE_CURVE_WITH_KNOTS ( 'NONE', 3,
 ( #6245, #4044, #2548, #3314, #9184, #2404, #428, #3262, #4603, #9084, #5367 ),
 .UNSPECIFIED., .F., .F.,
 ( 4, 1, 1, 1, 1, 1, 1, 1, 4 ),
 ( 0.000000000000000000, 0.1335067689985182104, 0.2625589787303694855, 0.3882644471488779780, 0.5126673546814276561, 0.6337222699657597547, 0.7553938601370939754, 0.8775529450912776808, 1.000000000000000000 ),
 .UNSPECIFIED. ) ;
#3367 = CARTESIAN_POINT ( 'NONE',  ( -0.2735129755833632936, -0.09332264445978211143, 0.4390000000000000013 ) ) ;
#3368 = LINE ( 'NONE', #3945, #6154 ) ;
#3369 = EDGE_CURVE ( 'NONE', #8536, #7594, #3898, .T. ) ;
#3370 = CARTESIAN_POINT ( 'NONE',  ( -0.03858781455580278380, 0.03525529941894966351, 0.4390000000000000013 ) ) ;
#3371 = FACE_OUTER_BOUND ( 'NONE', #7671, .T. ) ;
#3372 = CARTESIAN_POINT ( 'NONE',  ( 0.6619600810861856477, -0.008621549366472002970, 0.4390000000000001124 ) ) ;
#3373 = VECTOR ( 'NONE', #8774, 1000.000000000000000 ) ;
#3374 = DIRECTION ( 'NONE',  ( 0.000000000000000000, 1.000000000000000000, 0.000000000000000000 ) ) ;
#3375 = ORIENTED_EDGE ( 'NONE', *, *, #8307, .F. ) ;
#3376 = CARTESIAN_POINT ( 'NONE',  ( 0.01201276777675691979, -0.1537663431782299028, 0.4399999999999998912 ) ) ;
#3377 = DIRECTION ( 'NONE',  ( 0.000000000000000000, 0.000000000000000000, -1.000000000000000000 ) ) ;
#3378 = LINE ( 'NONE', #9301, #4777 ) ;
#3379 = CARTESIAN_POINT ( 'NONE',  ( -0.1546315915196254109, -0.1766338977538639832, 0.4400000000000000022 ) ) ;
#3380 = VERTEX_POINT ( 'NONE', #8214 ) ;
#3381 = CARTESIAN_POINT ( 'NONE',  ( -0.2010622239638503728, -0.2072436625229162888, 0.4390000000000000568 ) ) ;
#3382 = CARTESIAN_POINT ( 'NONE',  ( -1.075236099049102778, 0.02123196467684392713, 0.4399999999999997802 ) ) ;
#3383 = DIRECTION ( 'NONE',  ( -0.000000000000000000, -0.000000000000000000, 1.000000000000000000 ) ) ;
#3384 = ORIENTED_EDGE ( 'NONE', *, *, #6945, .F. ) ;
#3385 = CARTESIAN_POINT ( 'NONE',  ( -0.05555698775277442131, 0.2312578549932547967, 0.4399999999999998357 ) ) ;
#3386 = ORIENTED_EDGE ( 'NONE', *, *, #5107, .T. ) ;
#3387 = CARTESIAN_POINT ( 'NONE',  ( 0.2789556612696285076, 0.2417171907888273630, 0.4399999999999999467 ) ) ;
#3388 = CARTESIAN_POINT ( 'NONE',  ( -0.4539817255833633047, -0.1798611059982436755, 0.4400000000000000022 ) ) ;
#3389 = CARTESIAN_POINT ( 'NONE',  ( -0.3540655098284389291, -0.1807663367254274678, 0.4400000000000001688 ) ) ;
#3390 = VECTOR ( 'NONE', #1900, 1000.000000000000000 ) ;
#3391 = PLANE ( 'NONE',  #8342 ) ;
#3392 = DIRECTION ( 'NONE',  ( 7.301836256844758746E-16, 1.000000000000000000, 0.000000000000000000 ) ) ;
#3393 = CARTESIAN_POINT ( 'NONE',  ( 0.8580675532627902724, 0.08579394207867938049, 0.4400000000000000022 ) ) ;
#3394 = EDGE_CURVE ( 'NONE', #1791, #3408, #8815, .T. ) ;
#3395 = EDGE_CURVE ( 'NONE', #1638, #3290, #2271, .T. ) ;
#3396 = VERTEX_POINT ( 'NONE', #6822 ) ;
#3397 = VECTOR ( 'NONE', #5192, 1000.000000000000000 ) ;
#3398 = CARTESIAN_POINT ( 'NONE',  ( 0.9840264181953911615, -0.1068828600102106618, 0.4399999999999995026 ) ) ;
#3399 = DIRECTION ( 'NONE',  ( 1.000000000000000000, 0.000000000000000000, 0.000000000000000000 ) ) ;
#3400 = CARTESIAN_POINT ( 'NONE',  ( 0.6328840292197368544, 0.01825185253956158188, 0.4389999999999999458 ) ) ;
#3401 = FILL_AREA_STYLE ('',( #8696 ) ) ;
#3402 = PLANE ( 'NONE',  #3905 ) ;
#3403 = CARTESIAN_POINT ( 'NONE',  ( 0.1779875282606008524, 0.1857090906480110826, 0.4400000000000000022 ) ) ;
#3404 = CARTESIAN_POINT ( 'NONE',  ( -0.04379596082670893231, 0.09402578689025208047, 0.4389999999999999458 ) ) ;
#3405 = AXIS2_PLACEMENT_3D ( 'NONE', #8816, #2230, #1497 ) ;
#3406 = CARTESIAN_POINT ( 'NONE',  ( 1.019191537040066597, -0.06976107480999689525, 0.4400000000000001132 ) ) ;
#3407 = ORIENTED_EDGE ( 'NONE', *, *, #9491, .F. ) ;
#3408 = VERTEX_POINT ( 'NONE', #53 ) ;
#3409 = CARTESIAN_POINT ( 'NONE',  ( -0.4556043217372094389, 0.2009081247709871010, 0.4390000000000000013 ) ) ;
#3410 = CARTESIAN_POINT ( 'NONE',  ( 0.6334546605691365739, 0.06963036601795415115, 0.4400000000000000022 ) ) ;
#3411 = EDGE_CURVE ( 'NONE', #1217, #5891, #5202, .T. ) ;
#3412 = SURFACE_SIDE_STYLE ('',( #3508 ) ) ;
#3413 = CARTESIAN_POINT ( 'NONE',  ( -0.3762140061006499780, 0.2208475868678975440, 0.4390000000000000568 ) ) ;
#3414 = CARTESIAN_POINT ( 'NONE',  ( -0.04337475442951722882, 0.03756677861714095151, 0.4400000000000000022 ) ) ;
#3415 = DIRECTION ( 'NONE',  ( -1.000000000000000000, 0.000000000000000000, 0.000000000000000000 ) ) ;
#3416 = CARTESIAN_POINT ( 'NONE',  ( 0.3106469577554035744, 0.1672330924289254506, 0.4390000000000002789 ) ) ;
#3417 = SURFACE_STYLE_FILL_AREA ( #6444 ) ;
#3418 = CARTESIAN_POINT ( 'NONE',  ( 0.6328840292197368544, 0.01825185253956158188, 0.4389999999999999458 ) ) ;
#3419 = CARTESIAN_POINT ( 'NONE',  ( -0.8999999999999998002, 0.5000000000000000000, -0.1499999999999999667 ) ) ;
#3420 = EDGE_CURVE ( 'NONE', #2140, #3915, #2362, .T. ) ;
#3421 = VERTEX_POINT ( 'NONE', #5962 ) ;
#3422 = ORIENTED_EDGE ( 'NONE', *, *, #6786, .F. ) ;
#3423 = CARTESIAN_POINT ( 'NONE',  ( -0.08176846789097030888, -0.2216316001385321699, 0.4399999999999996136 ) ) ;
#3424 = DIRECTION ( 'NONE',  ( 0.000000000000000000, -0.000000000000000000, 1.000000000000000000 ) ) ;
#3425 = CARTESIAN_POINT ( 'NONE',  ( -0.5884531302202417047, -0.1319554234943934867, 0.4399999999999997247 ) ) ;
#3426 = ORIENTED_EDGE ( 'NONE', *, *, #221, .F. ) ;
#3427 = CARTESIAN_POINT ( 'NONE',  ( -0.1896368390124303915, -0.2130703522685150342, 0.4400000000000000022 ) ) ;
#3428 = CARTESIAN_POINT ( 'NONE',  ( -1.075436052506440143, 0.01313769207867942004, 0.4390000000000000013 ) ) ;
#3429 = CARTESIAN_POINT ( 'NONE',  ( 0.02571310230536117888, -0.03861447660962753770, 0.4389999999999999458 ) ) ;
#3430 = CARTESIAN_POINT ( 'NONE',  ( -0.04100033213325378345, 0.2226194861581296813, 0.4389999999999999458 ) ) ;
#3431 = ORIENTED_EDGE ( 'NONE', *, *, #2962, .T. ) ;
#3432 = CARTESIAN_POINT ( 'NONE',  ( -0.4560945351763582845, 0.2468765150104015038, 0.4400000000000001132 ) ) ;
#3433 = DIRECTION ( 'NONE',  ( -1.000000000000000000, 0.000000000000000000, 0.000000000000000000 ) ) ;
#3434 = CARTESIAN_POINT ( 'NONE',  ( -0.4043600750214305650, -0.2171106399872061443, 0.4389999999999998348 ) ) ;
#3435 = ORIENTED_EDGE ( 'NONE', *, *, #5108, .F. ) ;
#3436 = VECTOR ( 'NONE', #8903, 1000.000000000000227 ) ;
#3437 = CARTESIAN_POINT ( 'NONE',  ( -0.5213681672303623893, 0.1478095288284510811, 0.4400000000000000022 ) ) ;
#3438 = ORIENTED_EDGE ( 'NONE', *, *, #4397, .F. ) ;
#3439 =( NAMED_UNIT ( * ) SI_UNIT ( $, .STERADIAN. ) SOLID_ANGLE_UNIT ( ) );
#3440 = COLOUR_RGB ( '',0.9686274509803921573, 0.8784313725490195957, 0.5999999999999999778 ) ;
#3441 = ORIENTED_EDGE ( 'NONE', *, *, #9220, .T. ) ;
#3442 = ORIENTED_EDGE ( 'NONE', *, *, #8569, .T. ) ;
#3443 = VECTOR ( 'NONE', #7887, 1000.000000000000000 ) ;
#3444 = CARTESIAN_POINT ( 'NONE',  ( 0.5698764474935598123, 0.03360043246329480482, 0.4390000000000000013 ) ) ;
#3445 = CARTESIAN_POINT ( 'NONE',  ( -0.2735129755833632936, -0.09332264445978211143, 0.4390000000000000013 ) ) ;
#3446 = EDGE_CURVE ( 'NONE', #1229, #2036, #901, .T. ) ;
#3447 = CARTESIAN_POINT ( 'NONE',  ( 0.3784101013397135338, -0.1683226444597820948, 0.4390000000000000013 ) ) ;
#3448 = DIRECTION ( 'NONE',  ( 2.706316702822271341E-16, 1.000000000000000000, 0.000000000000000000 ) ) ;
#3449 =( NAMED_UNIT ( * ) SI_UNIT ( $, .STERADIAN. ) SOLID_ANGLE_UNIT ( ) );
#3450 = CARTESIAN_POINT ( 'NONE',  ( -1.074842703104793795, 0.03715694069197519184, 0.4389999999999998348 ) ) ;
#3451 = CARTESIAN_POINT ( 'NONE',  ( 0.1447731206163501982, 0.1500782154740827878, 0.4399999999999998357 ) ) ;
#3452 = CARTESIAN_POINT ( 'NONE',  ( 1.450003333370371239, -1.250999999999999890, -0.1549999999999999711 ) ) ;
#3453 = AXIS2_PLACEMENT_3D ( 'NONE', #897, #6047, #8991 ) ;
#3454 = VERTEX_POINT ( 'NONE', #3848 ) ;
#3455 = VERTEX_POINT ( 'NONE', #2315 ) ;
#3456 = ORIENTED_EDGE ( 'NONE', *, *, #603, .F. ) ;
#3457 = CARTESIAN_POINT ( 'NONE',  ( 0.7964329443659298180, -0.1820700295209827513, 0.4399999999999998912 ) ) ;
#3458 = CARTESIAN_POINT ( 'NONE',  ( 0.7090292371212383316, -0.008707662238742313807, 0.4399999999999998912 ) ) ;
#3459 = EDGE_CURVE ( 'NONE', #2797, #6526, #8080, .T. ) ;
#3460 = LINE ( 'NONE', #2848, #6278 ) ;
#3461 = CARTESIAN_POINT ( 'NONE',  ( 0.3625337469019303538, 0.05864554716713906574, 0.4400000000000000022 ) ) ;
#3462 = DIRECTION ( 'NONE',  ( -1.000000000000000000, 0.000000000000000000, 0.000000000000000000 ) ) ;
#3463 = CARTESIAN_POINT ( 'NONE',  ( -0.1222509563525940868, 0.2470619709248332851, 0.4400000000000000022 ) ) ;
#3464 = CARTESIAN_POINT ( 'NONE',  ( -0.02910350215001828583, 0.03067559058335334043, 0.4389999999999999458 ) ) ;
#3465 = FACE_OUTER_BOUND ( 'NONE', #3523, .T. ) ;
#3466 = ADVANCED_FACE ( 'NONE', ( #6770 ), #8947, .F. ) ;
#3467 = CARTESIAN_POINT ( 'NONE',  ( -0.2547976970251602524, -0.1506071897040086038, 0.4399999999999999467 ) ) ;
#3468 = CARTESIAN_POINT ( 'NONE',  ( -0.1825046713163777645, 0.1808543805932190662, 0.4390000000000000013 ) ) ;
#3469 = ORIENTED_EDGE ( 'NONE', *, *, #3882, .F. ) ;
#3470 = CARTESIAN_POINT ( 'NONE',  ( -0.8281382165528909933, 0.2469999817288645594, 0.4399999999999998912 ) ) ;
#3471 = AXIS2_PLACEMENT_3D ( 'NONE', #9429, #5049, #1433 ) ;
#3472 = CARTESIAN_POINT ( 'NONE',  ( 0.8807824107145292292, 0.2004519084499515602, 0.4399999999999998912 ) ) ;
#3473 = CARTESIAN_POINT ( 'NONE',  ( 0.6363512187081699079, -0.1549538441917169829, 0.4390000000000000568 ) ) ;
#3474 = VECTOR ( 'NONE', #7402, 1000.000000000000000 ) ;
#3475 = CARTESIAN_POINT ( 'NONE',  ( 0.5698764474935598123, 0.03360043246329480482, 0.4390000000000000013 ) ) ;
#3476 = EDGE_CURVE ( 'NONE', #6863, #60, #3950, .T. ) ;
#3477 = CARTESIAN_POINT ( 'NONE',  ( 0.6427424119869495911, -0.2062656904661471502, 0.4399999999999997247 ) ) ;
#3478 = EDGE_CURVE ( 'NONE', #4058, #3083, #6938, .T. ) ;
#3479 = CARTESIAN_POINT ( 'NONE',  ( -0.1377004320408649896, -0.2256836791960692701, 0.4390000000000000013 ) ) ;
#3480 = CARTESIAN_POINT ( 'NONE',  ( 0.9758365188927919931, 0.1515249184046990882, 0.4400000000000000022 ) ) ;
#3481 = EDGE_LOOP ( 'NONE', ( #7707, #3258, #2309, #4795, #5391, #6965, #7654, #7336 ) ) ;
#3482 = CARTESIAN_POINT ( 'NONE',  ( 0.9042057026967106337, 0.2468790714335099556, 0.4389999999999999458 ) ) ;
#3483 = CARTESIAN_POINT ( 'NONE',  ( -0.04100033213325378345, 0.2226194861581296813, 0.4399999999999997802 ) ) ;
#3484 = ORIENTED_EDGE ( 'NONE', *, *, #2951, .F. ) ;
#3485 = CARTESIAN_POINT ( 'NONE',  ( -1.074949244618161215, -0.009713813564542869011, 0.4390000000000000568 ) ) ;
#3486 = ORIENTED_EDGE ( 'NONE', *, *, #5185, .T. ) ;
#3487 = CARTESIAN_POINT ( 'NONE',  ( -0.2183198074050590465, -0.1302674729152047683, 0.4400000000000000022 ) ) ;
#3488 = CARTESIAN_POINT ( 'NONE',  ( 0.3234757012656535036, 0.06677258668918469031, 0.4400000000000000022 ) ) ;
#3489 = CARTESIAN_POINT ( 'NONE',  ( -0.2225773935154087557, -0.1221182143751790433, 0.4399999999999999467 ) ) ;
#3490 = CARTESIAN_POINT ( 'NONE',  ( 0.6334546605691365739, 0.06963036601795415115, 0.4399999999999998357 ) ) ;
#3491 = CARTESIAN_POINT ( 'NONE',  ( -0.0001668082991985494871, 0.1738199288897193107, 0.4389999999999999458 ) ) ;
#3492 = CARTESIAN_POINT ( 'NONE',  ( 0.8284101013397137114, 0.1439369709248332352, 0.4400000000000000022 ) ) ;
#3493 = ORIENTED_EDGE ( 'NONE', *, *, #1620, .T. ) ;
#3494 = CARTESIAN_POINT ( 'NONE',  ( 0.9510175226942327864, -0.1640466388733194392, 0.4390000000000001124 ) ) ;
#3495 = CARTESIAN_POINT ( 'NONE',  ( -0.3866835270075957287, 0.1661804920653245643, 0.4400000000000001132 ) ) ;
#3496 = CARTESIAN_POINT ( 'NONE',  ( 0.6489171156749066194, 0.006141843226340525444, 0.4390000000000000013 ) ) ;
#3497 = CARTESIAN_POINT ( 'NONE',  ( -1.025222997787992529, 0.07308693911112600083, 0.4390000000000001124 ) ) ;
#3498 = CARTESIAN_POINT ( 'NONE',  ( -0.1421712812939399939, 0.01027630599453067083, 0.4389999999999998903 ) ) ;
#3499 = CARTESIAN_POINT ( 'NONE',  ( -0.8417922681275074037, 0.2468545417516740392, 0.4390000000000000013 ) ) ;
#3500 = CARTESIAN_POINT ( 'NONE',  ( -0.07048015474314717199, 0.1892223457051787627, 0.4399999999999998357 ) ) ;
#3501 = CARTESIAN_POINT ( 'NONE',  ( -0.1141883793267934460, 0.05919505592437089569, 0.4390000000000000568 ) ) ;
#3502 = ORIENTED_EDGE ( 'NONE', *, *, #8089, .T. ) ;
#3503 = CARTESIAN_POINT ( 'NONE',  ( -0.03219786286287534827, -0.1442887358360806505, 0.4389999999999998903 ) ) ;
#3504 = ORIENTED_EDGE ( 'NONE', *, *, #5685, .F. ) ;
#3505 = VERTEX_POINT ( 'NONE', #8403 ) ;
#3506 = CARTESIAN_POINT ( 'NONE',  ( 0.6742705592715132479, -0.1821147272676080231, 0.4390000000000000013 ) ) ;
#3507 = CARTESIAN_POINT ( 'NONE',  ( 0.6882663226408225476, 0.02786912743620751504, 0.4400000000000000022 ) ) ;
#3508 = SURFACE_STYLE_FILL_AREA ( #473 ) ;
#3509 = CARTESIAN_POINT ( 'NONE',  ( -0.1978819659679786902, -0.1555221636905513571, 0.4390000000000000013 ) ) ;
#3510 = FACE_OUTER_BOUND ( 'NONE', #4161, .T. ) ;
#3511 = DIRECTION ( 'NONE',  ( -0.000000000000000000, -0.000000000000000000, 1.000000000000000000 ) ) ;
#3512 = DIRECTION ( 'NONE',  ( 0.000000000000000000, 0.000000000000000000, -1.000000000000000000 ) ) ;
#3513 = LINE ( 'NONE', #5822, #6834 ) ;
#3514 = ADVANCED_FACE ( 'NONE', ( #1046 ), #2552, .T. ) ;
#3515 = CARTESIAN_POINT ( 'NONE',  ( -0.4943691064680174052, 0.2394691289407318568, 0.4389999999999998348 ) ) ;
#3516 = ORIENTED_EDGE ( 'NONE', *, *, #7360, .F. ) ;
#3517 = CARTESIAN_POINT ( 'NONE',  ( -0.7199614423062428159, 0.2224129101189628033, 0.4399999999999999467 ) ) ;
#3518 = ORIENTED_EDGE ( 'NONE', *, *, #5375, .F. ) ;
#3519 = DIRECTION ( 'NONE',  ( -0.000000000000000000, -0.000000000000000000, 1.000000000000000000 ) ) ;
#3520 = CARTESIAN_POINT ( 'NONE',  ( -0.1410226059248251562, 0.05677183030437662342, 0.4399999999999999467 ) ) ;
#3521 = CARTESIAN_POINT ( 'NONE',  ( 0.6780896270748646426, -0.07759133175817745087, 0.4389999999999999458 ) ) ;
#3522 = VECTOR ( 'NONE', #466, 1000.000000000000000 ) ;
#3523 = EDGE_LOOP ( 'NONE', ( #8426, #5189, #2679, #6167 ) ) ;
#3524 = CARTESIAN_POINT ( 'NONE',  ( 0.7176755248677637589, -0.08922165990784029777, 0.4389999999999998903 ) ) ;
#3525 = ORIENTED_EDGE ( 'NONE', *, *, #7565, .F. ) ;
#3526 = LINE ( 'NONE', #3669, #3317 ) ;
#3527 = CARTESIAN_POINT ( 'NONE',  ( -0.5765092063694265967, -0.1521465942845240393, 0.4390000000000000013 ) ) ;
#3528 = EDGE_LOOP ( 'NONE', ( #153, #4337, #1511, #1989, #33, #5682, #3442, #9520, #5735, #8823, #6253, #1773 ) ) ;
#3529 = CARTESIAN_POINT ( 'NONE',  ( -0.4243245482286171488, -0.01716143980300440311, 0.4389999999999999458 ) ) ;
#3530 = ORIENTED_EDGE ( 'NONE', *, *, #603, .T. ) ;
#3531 = DIRECTION ( 'NONE',  ( 0.7071067811865470176, 0.7071067811865480168, 0.000000000000000000 ) ) ;
#3532 = VERTEX_POINT ( 'NONE', #6100 ) ;
#3533 = EDGE_CURVE ( 'NONE', #1, #7088, #9040, .T. ) ;
#3534 = CARTESIAN_POINT ( 'NONE',  ( 0.3351676645621133876, 0.2073409158651018935, 0.4399999999999997802 ) ) ;
#3535 = DIRECTION ( 'NONE',  ( -1.000000000000000000, 0.000000000000000000, 0.000000000000000000 ) ) ;
#3536 = CARTESIAN_POINT ( 'NONE',  ( -0.3677136967372094389, 0.1432158170786793916, 0.4390000000000000013 ) ) ;
#3537 = DIRECTION ( 'NONE',  ( -0.6038968352533775619, -0.7970624896273534876, 0.000000000000000000 ) ) ;
#3538 = CARTESIAN_POINT ( 'NONE',  ( -0.5478900806132052104, 0.08953383220155726463, 0.4400000000000001132 ) ) ;
#3539 = CARTESIAN_POINT ( 'NONE',  ( 0.8317856348324998983, 0.1224593890083548603, 0.4390000000000000568 ) ) ;
#3540 = ORIENTED_EDGE ( 'NONE', *, *, #5107, .F. ) ;
#3541 = EDGE_CURVE ( 'NONE', #7043, #8038, #8048, .T. ) ;
#3542 = CARTESIAN_POINT ( 'NONE',  ( 0.5081339609052035744, -0.1643739131899798755, 0.4400000000000000577 ) ) ;
#3543 = CARTESIAN_POINT ( 'NONE',  ( -0.1368418223894737051, 0.2003798227651711616, 0.4400000000000000022 ) ) ;
#3544 = AXIS2_PLACEMENT_3D ( 'NONE', #2533, #2389, #6127 ) ;
#3545 = CARTESIAN_POINT ( 'NONE',  ( 0.3784101013397135338, -0.2144764906136282789, 0.4400000000000000022 ) ) ;
#3546 = CARTESIAN_POINT ( 'NONE',  ( -0.07272484890604342944, -0.0005558615189205955631, 0.4389999999999998348 ) ) ;
#3547 = CARTESIAN_POINT ( 'NONE',  ( -0.3659735818046087608, -0.1068828600102106896, 0.4400000000000000577 ) ) ;
#3548 = CARTESIAN_POINT ( 'NONE',  ( 0.8188450731118674941, -0.1374642500491516095, 0.4390000000000000568 ) ) ;
#3549 = CARTESIAN_POINT ( 'NONE',  ( 0.2242000009658911552, 0.2006356513693491328, 0.4390000000000000013 ) ) ;
#3550 = CARTESIAN_POINT ( 'NONE',  ( -0.4088357959020309518, 0.1864051138167852062, 0.4399999999999998357 ) ) ;
#3551 = CARTESIAN_POINT ( 'NONE',  ( 1.449999999999999956, 0.9000000000000000222, 0.3049999999999999933 ) ) ;
#3552 = COLOUR_RGB ( '',0.9686274509803921573, 0.8784313725490195957, 0.5999999999999999778 ) ;
#3553 = EDGE_LOOP ( 'NONE', ( #8416, #7797, #684, #9362 ) ) ;
#3554 = ORIENTED_EDGE ( 'NONE', *, *, #3420, .T. ) ;
#3555 = CARTESIAN_POINT ( 'NONE',  ( 0.000000000000000000, 0.000000000000000000, 0.1500000000000000222 ) ) ;
#3556 = DIRECTION ( 'NONE',  ( -0.000000000000000000, -0.000000000000000000, 1.000000000000000000 ) ) ;
#3557 = CARTESIAN_POINT ( 'NONE',  ( -0.1821322911888546281, -0.1662938772315489255, 0.4390000000000001124 ) ) ;
#3558 = DIRECTION ( 'NONE',  ( 0.000000000000000000, 0.000000000000000000, 1.000000000000000000 ) ) ;
#3559 = CARTESIAN_POINT ( 'NONE',  ( -1.401238207896990495, -1.149999999999999911, 0.1500000000000000222 ) ) ;
#3560 = DIRECTION ( 'NONE',  ( 3.367432691575075263E-16, 1.000000000000000000, 0.000000000000000000 ) ) ;
#3561 = AXIS2_PLACEMENT_3D ( 'NONE', #6694, #5969, #868 ) ;
#3562 = FACE_OUTER_BOUND ( 'NONE', #8674, .T. ) ;
#3563 = DIRECTION ( 'NONE',  ( -0.000000000000000000, -0.000000000000000000, 1.000000000000000000 ) ) ;
#3564 = PRESENTATION_LAYER_ASSIGNMENT (  '', '', ( #2031 ) ) ;
#3565 = DIRECTION ( 'NONE',  ( 0.000000000000000000, 0.000000000000000000, -1.000000000000000000 ) ) ;
#3566 = B_SPLINE_SURFACE_WITH_KNOTS ( 'NONE', 3, 1, ( 
 ( #2847, #8443 ),
 ( #4801, #8848 ),
 ( #2121, #5054 ),
 ( #3696, #8801 ),
 ( #3606, #9479 ),
 ( #83, #6582 ),
 ( #5100, #2888 ),
 ( #8709, #4460 ),
 ( #6624, #8067 ),
 ( #5771, #3651 ),
 ( #2167, #7977 ),
 ( #4373, #2214 ),
 ( #8022, #5814 ),
 ( #843, #3785 ),
 ( #5147, #1486 ),
 ( #5951, #1389 ),
 ( #759, #4325 ),
 ( #7266, #669 ),
 ( #7315, #715 ) ),
 .UNSPECIFIED., .F., .F., .F.,
 ( 4, 1, 1, 1, 1, 1, 1, 1, 1, 1, 1, 1, 1, 1, 1, 1, 4 ),
 ( 2, 2 ),
 ( 0.000000000000000000, 0.06196540068706213322, 0.1221219056382956830, 0.1809884968498414182, 0.2399332164519022703, 0.2999058311065239124, 0.3599888474769867841, 0.4217757417416462262, 0.4865758264211263451, 0.5515348046197404708, 0.6150175427599787747, 0.6772586166616566539, 0.7397299623627128229, 0.8030501026629502936, 0.8664951320156975001, 0.9319734741771481534, 1.000000000000000000 ),
 ( 0.000000000000000000, 1.000000000000000000 ),
 .UNSPECIFIED. ) ;
#3567 = CARTESIAN_POINT ( 'NONE',  ( -0.4560945351763582845, 0.2468765150104015038, 0.4390000000000000568 ) ) ;
#3568 = ORIENTED_EDGE ( 'NONE', *, *, #5108, .T. ) ;
#3569 = CARTESIAN_POINT ( 'NONE',  ( 0.03156517147280400032, -0.09966669220112607530, 0.4399999999999996692 ) ) ;
#3570 = EDGE_LOOP ( 'NONE', ( #4358, #2768, #3713, #6284 ) ) ;
#3571 = CARTESIAN_POINT ( 'NONE',  ( -0.9305875538530132829, -0.1588644046195192561, 0.4399999999999998912 ) ) ;
#3572 = EDGE_CURVE ( 'NONE', #7103, #8412, #2580, .T. ) ;
#3573 = CARTESIAN_POINT ( 'NONE',  ( 0.9733711985192226024, -0.1413749911480871035, 0.4390000000000000013 ) ) ;
#3574 = CARTESIAN_POINT ( 'NONE',  ( 0.6527141936371049225, -0.1390204595922348019, 0.4390000000000000568 ) ) ;
#3575 = ORIENTED_EDGE ( 'NONE', *, *, #3767, .T. ) ;
#3576 = DIRECTION ( 'NONE',  ( 1.000000000000000000, 0.000000000000000000, 0.000000000000000000 ) ) ;
#3577 = CARTESIAN_POINT ( 'NONE',  ( 0.2815951974935598789, -0.04816038484439750383, 0.4390000000000000013 ) ) ;
#3578 = DIRECTION ( 'NONE',  ( -0.000000000000000000, -0.000000000000000000, 1.000000000000000000 ) ) ;
#3579 = ORIENTED_EDGE ( 'NONE', *, *, #9483, .T. ) ;
#3580 = CARTESIAN_POINT ( 'NONE',  ( -0.5197245487268008501, 0.2258973881926385485, 0.4400000000000001688 ) ) ;
#3581 = CARTESIAN_POINT ( 'NONE',  ( 0.5999999999999999778, 0.000000000000000000, -0.1549999999999999711 ) ) ;
#3582 = CARTESIAN_POINT ( 'NONE',  ( -0.6369745140449016851, -0.1316339425367051841, 0.4390000000000000013 ) ) ;
#3583 = CARTESIAN_POINT ( 'NONE',  ( -0.1978819659679786902, -0.1555221636905513571, 0.4390000000000000013 ) ) ;
#3584 = CARTESIAN_POINT ( 'NONE',  ( 0.7184603420173722998, -0.05186135800708478738, 0.4389999999999999458 ) ) ;
#3585 = CARTESIAN_POINT ( 'NONE',  ( -0.5586177866698877059, 0.1150622111971215944, 0.4400000000000000577 ) ) ;
#3586 = FACE_OUTER_BOUND ( 'NONE', #4772, .T. ) ;
#3587 = EDGE_CURVE ( 'NONE', #1217, #3396, #1152, .T. ) ;
#3588 = CIRCLE ( 'NONE', #4995, 0.1499999999999999667 ) ;
#3589 = ORIENTED_EDGE ( 'NONE', *, *, #8756, .T. ) ;
#3590 = CARTESIAN_POINT ( 'NONE',  ( -0.4445793525047700978, 0.2004842256966973546, 0.4400000000000002798 ) ) ;
#3591 = COLOUR_RGB ( '',0.9686274509803921573, 0.8784313725490195957, 0.5999999999999999778 ) ;
#3592 = DIRECTION ( 'NONE',  ( 0.8576722029112566759, 0.5141968420297349240, 0.000000000000000000 ) ) ;
#3593 = AXIS2_PLACEMENT_3D ( 'NONE', #6821, #6144, #8350 ) ;
#3594 = CARTESIAN_POINT ( 'NONE',  ( 0.4604212718435711227, -0.1816645905980428521, 0.4390000000000000568 ) ) ;
#3595 = CARTESIAN_POINT ( 'NONE',  ( -0.4195158811680335664, -0.1742242782319082806, 0.4400000000000001132 ) ) ;
#3596 = CARTESIAN_POINT ( 'NONE',  ( -0.8281382165528909933, 0.2469999817288645594, 0.4389999999999998903 ) ) ;
#3597 = CARTESIAN_POINT ( 'NONE',  ( 0.1951368520984644028, 0.1942141283838659527, 0.4399999999999998912 ) ) ;
#3598 = ADVANCED_FACE ( 'NONE', ( #3371 ), #7026, .F. ) ;
#3599 = ORIENTED_EDGE ( 'NONE', *, *, #1276, .T. ) ;
#3600 = CARTESIAN_POINT ( 'NONE',  ( 0.8989028898012522140, 0.2470619709248332851, 0.4390000000000000013 ) ) ;
#3601 = VERTEX_POINT ( 'NONE', #1919 ) ;
#3602 = ORIENTED_EDGE ( 'NONE', *, *, #8859, .T. ) ;
#3603 = VECTOR ( 'NONE', #2395, 1000.000000000000000 ) ;
#3604 = FACE_OUTER_BOUND ( 'NONE', #5398, .T. ) ;
#3605 = CARTESIAN_POINT ( 'NONE',  ( 0.000000000000000000, 1.250999999999999890, 0.1500000000000000222 ) ) ;
#3606 = CARTESIAN_POINT ( 'NONE',  ( 0.3284432288013840462, 0.1362344288676504700, 0.4390000000000001124 ) ) ;
#3607 = CARTESIAN_POINT ( 'NONE',  ( 0.8021099193867949895, 0.08953383220155732014, 0.4390000000000001124 ) ) ;
#3608 = CARTESIAN_POINT ( 'NONE',  ( 0.5698764474935598123, 0.03360043246329480482, 0.4400000000000000022 ) ) ;
#3609 = FACE_OUTER_BOUND ( 'NONE', #533, .T. ) ;
#3610 = CARTESIAN_POINT ( 'NONE',  ( -0.2158206678910555287, 0.1316773555402178664, 0.4390000000000000013 ) ) ;
#3611 = FACE_OUTER_BOUND ( 'NONE', #8818, .T. ) ;
#3612 = CIRCLE ( 'NONE', #6023, 0.2225000000000002531 ) ;
#3613 = CARTESIAN_POINT ( 'NONE',  ( 0.8302754512731993497, 0.2258973881926386040, 0.4390000000000001124 ) ) ;
#3614 = EDGE_CURVE ( 'NONE', #7925, #2625, #9487, .T. ) ;
#3615 = ORIENTED_EDGE ( 'NONE', *, *, #8, .F. ) ;
#3616 = CARTESIAN_POINT ( 'NONE',  ( 0.09072869663968248510, 0.1129420083688947862, 0.4389999999999999458 ) ) ;
#3617 = VERTEX_POINT ( 'NONE', #2129 ) ;
#3618 = CARTESIAN_POINT ( 'NONE',  ( 0.8897469825249444408, 0.2007523347771729971, 0.4399999999999999467 ) ) ;
#3619 = MECHANICAL_DESIGN_GEOMETRIC_PRESENTATION_REPRESENTATION (  '', ( #8636 ), #8359 ) ;
#3620 = CARTESIAN_POINT ( 'NONE',  ( -0.09895609633797565474, 0.06229113667439566820, 0.4400000000000001132 ) ) ;
#3621 = DIRECTION ( 'NONE',  ( -0.000000000000000000, -0.000000000000000000, 1.000000000000000000 ) ) ;
#3622 = ORIENTED_EDGE ( 'NONE', *, *, #5374, .T. ) ;
#3623 = CARTESIAN_POINT ( 'NONE',  ( 0.007558589861986532606, -0.003799231754521214741, 0.4400000000000000577 ) ) ;
#3624 = CARTESIAN_POINT ( 'NONE',  ( 6.064218350122669755E-17, 0.5000000000000000000, -0.1549999999999999711 ) ) ;
#3625 = CARTESIAN_POINT ( 'NONE',  ( -0.9010930038605309278, 0.1910304427232506208, 0.4389999999999999458 ) ) ;
#3626 = ORIENTED_EDGE ( 'NONE', *, *, #2458, .F. ) ;
#3627 = AXIS2_PLACEMENT_3D ( 'NONE', #9020, #2430, #6848 ) ;
#3628 = CARTESIAN_POINT ( 'NONE',  ( -0.4943691064680174052, 0.2394691289407318568, 0.4389999999999998348 ) ) ;
#3629 = CARTESIAN_POINT ( 'NONE',  ( 0.3722441852124658279, 0.1264963821749662265, 0.4400000000000001132 ) ) ;
#3630 = CARTESIAN_POINT ( 'NONE',  ( 0.3113990670688952522, 0.04600149554948095715, 0.4389999999999999458 ) ) ;
#3631 = CARTESIAN_POINT ( 'NONE',  ( -1.013010786042741973, -0.08119729041266454672, 0.4389999999999998903 ) ) ;
#3632 = CARTESIAN_POINT ( 'NONE',  ( 0.6575859892699965625, 0.05664340798982005210, 0.4399999999999997247 ) ) ;
#3633 = DIRECTION ( 'NONE',  ( -1.000000000000000000, 0.000000000000000000, 0.000000000000000000 ) ) ;
#3634 = CIRCLE ( 'NONE', #8995, 0.02500000000000001180 ) ;
#3635 = CARTESIAN_POINT ( 'NONE',  ( 0.5241733224935598567, 0.07101028823252558686, 0.4400000000000000022 ) ) ;
#3636 = ADVANCED_FACE ( 'NONE', ( #5631 ), #4287, .T. ) ;
#3637 = ADVANCED_FACE ( 'NONE', ( #3465 ), #582, .T. ) ;
#3638 = ORIENTED_EDGE ( 'NONE', *, *, #3163, .T. ) ;
#3639 = SURFACE_STYLE_FILL_AREA ( #4313 ) ;
#3640 = CARTESIAN_POINT ( 'NONE',  ( -0.2609224480757703635, -0.1377442280540102926, 0.4390000000000000013 ) ) ;
#3641 = CARTESIAN_POINT ( 'NONE',  ( 0.4266700893551639839, -0.1126928626284876833, 0.4399999999999996692 ) ) ;
#3643 = DIRECTION ( 'NONE',  ( 0.000000000000000000, 0.000000000000000000, -1.000000000000000000 ) ) ;
#3642 = B_SPLINE_SURFACE_WITH_KNOTS ( 'NONE', 3, 1, ( 
 ( #3428, #4874 ),
 ( #7747, #3382 ),
 ( #8680, #9402 ),
 ( #8462, #6357 ),
 ( #6991, #9255 ),
 ( #1167, #9306 ),
 ( #2718, #392 ),
 ( #9351, #2820 ),
 ( #5744, #3330 ),
 ( #2767, #4202 ),
 ( #1314, #6258 ),
 ( #542, #8624 ),
 ( #2615, #2666 ),
 ( #5542, #443 ),
 ( #2096, #4112 ),
 ( #8521, #2043 ),
 ( #5643, #1987 ),
 ( #4975, #7901 ),
 ( #4924, #7846 ) ),
 .UNSPECIFIED., .F., .F., .F.,
 ( 4, 1, 1, 1, 1, 1, 1, 1, 1, 1, 1, 1, 1, 1, 1, 1, 4 ),
 ( 2, 2 ),
 ( 0.000000000000000000, 0.06455784592971892943, 0.1270135315497586681, 0.1879548102020903999, 0.2480139127896341111, 0.3077476818488370514, 0.3682345146974851380, 0.4294698439426692937, 0.4927434367465847731, 0.5562577687060830112, 0.6182167855431437431, 0.6796554755875550136, 0.7412455456206293869, 0.8034152647056966856, 0.8668154615439921384, 0.9323283119492651316, 0.9999999999999998890 ),
 ( 0.000000000000000000, 1.000000000000000000 ),
 .UNSPECIFIED. ) ;
#3644 = LINE ( 'NONE', #3688, #6934 ) ;
#3645 = FACE_BOUND ( 'NONE', #3528, .T. ) ;
#3646 = CARTESIAN_POINT ( 'NONE',  ( -0.05650699389422154245, -0.1639994269537027871, 0.4400000000000000577 ) ) ;
#3647 = EDGE_LOOP ( 'NONE', ( #4079, #2979, #9508, #6261 ) ) ;
#3648 = ORIENTED_EDGE ( 'NONE', *, *, #7174, .F. ) ;
#3649 = CARTESIAN_POINT ( 'NONE',  ( 0.9880947080145585648, -0.01836882851375151379, 0.4389999999999999458 ) ) ;
#3650 = CARTESIAN_POINT ( 'NONE',  ( -0.4445793525047700978, 0.2004842256966973546, 0.4390000000000001679 ) ) ;
#3651 = CARTESIAN_POINT ( 'NONE',  ( 0.3040446516985774728, 0.1740670878935349219, 0.4399999999999997247 ) ) ;
#3652 = VERTEX_POINT ( 'NONE', #2807 ) ;
#3653 = EDGE_CURVE ( 'NONE', #2133, #1874, #5732, .T. ) ;
#3654 = CARTESIAN_POINT ( 'NONE',  ( -0.1681664584762269377, 0.2397708740019593165, 0.4390000000000001679 ) ) ;
#3655 = EDGE_CURVE ( 'NONE', #5928, #9002, #1300, .T. ) ;
#3656 = CARTESIAN_POINT ( 'NONE',  ( 0.5731170202858651974, 0.07964158785787371631, 0.4399999999999999467 ) ) ;
#3657 = CARTESIAN_POINT ( 'NONE',  ( -0.4786790771425248336, 0.07518997659643909814, 0.4400000000000000022 ) ) ;
#3658 = LINE ( 'NONE', #8114, #6525 ) ;
#3659 = CARTESIAN_POINT ( 'NONE',  ( 0.8939054648236415268, 0.2468765150104014483, 0.4389999999999999458 ) ) ;
#3660 = FACE_OUTER_BOUND ( 'NONE', #7899, .T. ) ;
#3661 = CARTESIAN_POINT ( 'NONE',  ( -0.3379366567718652403, -0.05262530128274746366, 0.4399999999999998357 ) ) ;
#3662 = DIRECTION ( 'NONE',  ( 0.000000000000000000, 0.000000000000000000, -1.000000000000000000 ) ) ;
#3663 = ADVANCED_FACE ( 'NONE', ( #3611 ), #7983, .T. ) ;
#3664 = ORIENTED_EDGE ( 'NONE', *, *, #5402, .F. ) ;
#3665 = CARTESIAN_POINT ( 'NONE',  ( -0.7599693688040062289, -0.2165234898516969209, 0.4400000000000001132 ) ) ;
#3666 = CARTESIAN_POINT ( 'NONE',  ( -0.08475837236643025963, 0.06703351853772293589, 0.4399999999999999467 ) ) ;
#3667 = CARTESIAN_POINT ( 'NONE',  ( -0.7142500781026853707, 0.1650820823615800070, 0.4400000000000000022 ) ) ;
#3668 = ORIENTED_EDGE ( 'NONE', *, *, #3105, .T. ) ;
#3669 = CARTESIAN_POINT ( 'NONE',  ( 0.5618536109550983371, -0.2260149521520898042, 0.4390000000000000013 ) ) ;
#3670 = DIRECTION ( 'NONE',  ( -0.000000000000000000, -0.000000000000000000, 1.000000000000000000 ) ) ;
#3671 = CARTESIAN_POINT ( 'NONE',  ( -0.8757265778202306672, 0.1974716067333730507, 0.4390000000000000013 ) ) ;
#3672 = ORIENTED_EDGE ( 'NONE', *, *, #5823, .T. ) ;
#3673 = CARTESIAN_POINT ( 'NONE',  ( 0.07264087057048279616, -0.2144764906136282789, 0.4390000000000000013 ) ) ;
#3674 = CARTESIAN_POINT ( 'NONE',  ( -0.3663955581797810335, -0.09223595177155924363, 0.4390000000000000013 ) ) ;
#3675 = VECTOR ( 'NONE', #892, 1000.000000000000000 ) ;
#3676 = CARTESIAN_POINT ( 'NONE',  ( 0.7187947167243290414, -0.06745125022901288236, 0.4400000000000000022 ) ) ;
#3677 = DIRECTION ( 'NONE',  ( -0.000000000000000000, -0.000000000000000000, 1.000000000000000000 ) ) ;
#3678 = CARTESIAN_POINT ( 'NONE',  ( -0.6852861541895707287, -0.1801743484263730599, 0.4390000000000001679 ) ) ;
#3679 = CARTESIAN_POINT ( 'NONE',  ( 0.9459944488252471917, -0.03507746384209555618, 0.4389999999999999458 ) ) ;
#3680 = CARTESIAN_POINT ( 'NONE',  ( 0.7972201974935596569, -0.1048611059982436505, 0.4390000000000000013 ) ) ;
#3681 = ORIENTED_EDGE ( 'NONE', *, *, #8368, .F. ) ;
#3682 = CARTESIAN_POINT ( 'NONE',  ( 0.8960182744166367286, -0.2260149521520898042, 0.4390000000000000013 ) ) ;
#3683 = CARTESIAN_POINT ( 'NONE',  ( 0.9617989151407568826, -0.05143993369705918139, 0.4390000000000000568 ) ) ;
#3684 = CARTESIAN_POINT ( 'NONE',  ( 0.5573697877219568886, -0.2259261301255548193, 0.4399999999999997802 ) ) ;
#3685 = ADVANCED_FACE ( 'NONE', ( #9291 ), #7936, .T. ) ;
#3686 = EDGE_CURVE ( 'NONE', #5342, #3652, #5821, .T. ) ;
#3687 = CARTESIAN_POINT ( 'NONE',  ( 0.8656711345136255398, 0.07940747589154545372, 0.4390000000000000013 ) ) ;
#3688 = CARTESIAN_POINT ( 'NONE',  ( -1.600000000000000089, 1.250000000000000000, 0.1500000000000000222 ) ) ;
#3689 = CARTESIAN_POINT ( 'NONE',  ( -0.5204418599473605855, -0.2087706857437766073, 0.4400000000000000022 ) ) ;
#3690 = CARTESIAN_POINT ( 'NONE',  ( -0.6369745140449016851, 0.1529513940017563356, 0.4390000000000000013 ) ) ;
#3691 = ORIENTED_EDGE ( 'NONE', *, *, #2131, .T. ) ;
#3692 = ORIENTED_EDGE ( 'NONE', *, *, #8062, .F. ) ;
#3693 = CARTESIAN_POINT ( 'NONE',  ( -0.6398182710296170805, -0.1353031720697026319, 0.4400000000000000577 ) ) ;
#3694 = CIRCLE ( 'NONE', #1839, 0.2225000000000002531 ) ;
#3695 = DIRECTION ( 'NONE',  ( -1.000000000000000000, 0.000000000000000000, 0.000000000000000000 ) ) ;
#3696 = CARTESIAN_POINT ( 'NONE',  ( 0.3305917224421061618, 0.1276760956627630283, 0.4390000000000001679 ) ) ;
#3697 = CARTESIAN_POINT ( 'NONE',  ( -0.5008517995059078576, 0.04046345444142675218, 0.4399999999999999467 ) ) ;
#3698 = CARTESIAN_POINT ( 'NONE',  ( -0.3723843241854103425, -0.1983201536692132394, 0.4389999999999998348 ) ) ;
#3699 = CARTESIAN_POINT ( 'NONE',  ( -0.4314456678910555398, 0.04099225938637172939, 0.4400000000000000022 ) ) ;
#3700 = DIRECTION ( 'NONE',  ( -0.000000000000000000, -0.000000000000000000, 1.000000000000000000 ) ) ;
#3701 = CARTESIAN_POINT ( 'NONE',  ( -0.4265617647515307920, 0.03743837030140803601, 0.4390000000000000568 ) ) ;
#3702 = CARTESIAN_POINT ( 'NONE',  ( 0.08994856287817512563, 0.09706197092483324906, 0.4400000000000000022 ) ) ;
#3703 =( GEOMETRIC_REPRESENTATION_CONTEXT ( 3 ) GLOBAL_UNCERTAINTY_ASSIGNED_CONTEXT ( ( #714 ) ) GLOBAL_UNIT_ASSIGNED_CONTEXT ( ( #7826, #2076, #8552 ) ) REPRESENTATION_CONTEXT ( 'NONE', 'WORKASPACE' ) );
#3704 = CARTESIAN_POINT ( 'NONE',  ( 0.8467576887710553946, 0.1847640311179727934, 0.4400000000000000022 ) ) ;
#3705 = EDGE_CURVE ( 'NONE', #396, #3532, #8716, .T. ) ;
#3706 = DIRECTION ( 'NONE',  ( 0.000000000000000000, -0.000000000000000000, 1.000000000000000000 ) ) ;
#3707 = ORIENTED_EDGE ( 'NONE', *, *, #2896, .F. ) ;
#3708 = CARTESIAN_POINT ( 'NONE',  ( -0.03219786286287534827, -0.1442887358360806505, 0.4389999999999998903 ) ) ;
#3709 = TOROIDAL_SURFACE ( 'NONE', #2020, 0.1749999999999999889, 0.02500000000000000139 ) ;
#3710 = VERTEX_POINT ( 'NONE', #5061 ) ;
#3711 = CARTESIAN_POINT ( 'NONE',  ( -0.8026226495752876167, -0.2245904078371090684, 0.4399999999999999467 ) ) ;
#3712 = CARTESIAN_POINT ( 'NONE',  ( -0.2436513305026071219, 0.1696881986178840063, 0.4399999999999999467 ) ) ;
#3713 = ORIENTED_EDGE ( 'NONE', *, *, #2933, .T. ) ;
#3714 = DIRECTION ( 'NONE',  ( 0.000000000000000000, 0.000000000000000000, -1.000000000000000000 ) ) ;
#3715 = CARTESIAN_POINT ( 'NONE',  ( -1.018374754429517193, -0.1473190386905513238, 0.4390000000000000013 ) ) ;
#3716 = ADVANCED_FACE ( 'NONE', ( #1396 ), #2437, .F. ) ;
#3717 = VECTOR ( 'NONE', #3592, 1000.000000000000000 ) ;
#3718 = STYLED_ITEM ( 'NONE', ( #9185 ), #2783 ) ;
#3719 = CARTESIAN_POINT ( 'NONE',  ( -1.015639926154153549, 0.09599568998578486556, 0.4400000000000002243 ) ) ;
#3720 = ORIENTED_EDGE ( 'NONE', *, *, #6542, .T. ) ;
#3721 = CARTESIAN_POINT ( 'NONE',  ( 0.8284101013397137114, 0.1439369709248332352, 0.4390000000000000013 ) ) ;
#3722 = B_SPLINE_SURFACE_WITH_KNOTS ( 'NONE', 3, 1, ( 
 ( #3199, #3250 ),
 ( #981, #5458 ),
 ( #3931, #6958 ),
 ( #933, #1699 ),
 ( #5508, #3879 ),
 ( #6853, #6805 ),
 ( #6751, #8979 ),
 ( #3104, #1029 ),
 ( #2392, #6128 ),
 ( #2435, #4734 ),
 ( #259, #6032 ) ),
 .UNSPECIFIED., .F., .F., .F.,
 ( 4, 1, 1, 1, 1, 1, 1, 1, 4 ),
 ( 2, 2 ),
 ( 0.000000000000000000, 0.1285151895116616039, 0.2529486363526582404, 0.3747547340060044530, 0.4959397538670496930, 0.6171806414298925958, 0.7409094692781371672, 0.8678111481862027521, 1.000000000000000000 ),
 ( 0.000000000000000000, 1.000000000000000000 ),
 .UNSPECIFIED. ) ;
#3723 = CARTESIAN_POINT ( 'NONE',  ( 0.5946965434305302445, -0.2233578609423766403, 0.4399999999999999467 ) ) ;
#3724 = CARTESIAN_POINT ( 'NONE',  ( -0.2088449453988835691, -0.1443813078221242163, 0.4390000000000000568 ) ) ;
#3725 = PRESENTATION_LAYER_ASSIGNMENT (  '', '', ( #2821 ) ) ;
#3726 = CARTESIAN_POINT ( 'NONE',  ( -0.9484973475698234013, 0.1689012480610409261, 0.4400000000000000022 ) ) ;
#3727 = CARTESIAN_POINT ( 'NONE',  ( 0.2967917420091601421, 0.1803261000269946457, 0.4400000000000003353 ) ) ;
#3728 = CARTESIAN_POINT ( 'NONE',  ( 0.8960182744166367286, -0.1798611059982436478, 0.4390000000000000013 ) ) ;
#3729 = ORIENTED_EDGE ( 'NONE', *, *, #6365, .T. ) ;
#3730 = DIRECTION ( 'NONE',  ( 0.000000000000000000, 0.000000000000000000, -1.000000000000000000 ) ) ;
#3731 = CARTESIAN_POINT ( 'NONE',  ( 0.9256754517713827735, -0.01716143980300430943, 0.4399999999999998357 ) ) ;
#3732 = CARTESIAN_POINT ( 'NONE',  ( 0.4453732608369581625, -0.1612619656085203246, 0.4399999999999996692 ) ) ;
#3733 = CARTESIAN_POINT ( 'NONE',  ( 0.4453732608369581625, -0.1612619656085203246, 0.4399999999999998912 ) ) ;
#3734 = FACE_OUTER_BOUND ( 'NONE', #3481, .T. ) ;
#3735 = AXIS2_PLACEMENT_3D ( 'NONE', #7325, #9534, #724 ) ;
#3736 = CARTESIAN_POINT ( 'NONE',  ( 0.8145989796478283473, 0.07183481340275379989, 0.4390000000000000013 ) ) ;
#3737 = ORIENTED_EDGE ( 'NONE', *, *, #35, .F. ) ;
#3738 = CARTESIAN_POINT ( 'NONE',  ( -0.6643581325557251782, -0.1626523658336454792, 0.4390000000000001124 ) ) ;
#3739 = ADVANCED_FACE ( 'NONE', ( #7832 ), #2893, .T. ) ;
#3740 = DIRECTION ( 'NONE',  ( -1.000000000000000000, 0.000000000000000000, 0.000000000000000000 ) ) ;
#3741 = LINE ( 'NONE', #3023, #7524 ) ;
#3742 = CIRCLE ( 'NONE', #9112, 0.2225000000000000311 ) ;
#3743 = CARTESIAN_POINT ( 'NONE',  ( -0.1342211205312683620, 0.2468388881625582509, 0.4399999999999998912 ) ) ;
#3744 = CARTESIAN_POINT ( 'NONE',  ( 0.5241733224935598567, 0.07101028823252558686, 0.4400000000000000022 ) ) ;
#3745 = CARTESIAN_POINT ( 'NONE',  ( 0.008736974631463688412, 0.1160761872954530066, 0.4390000000000000013 ) ) ;
#3746 = CARTESIAN_POINT ( 'NONE',  ( -0.8330382159679786680, -0.1798611059982436478, 0.4400000000000000022 ) ) ;
#3747 = CARTESIAN_POINT ( 'NONE',  ( 0.4707177936474059021, 0.01052350938637172661, 0.4390000000000000013 ) ) ;
#3748 = CARTESIAN_POINT ( 'NONE',  ( 0.09661330375681777272, 0.1429478418848315613, 0.4399999999999998912 ) ) ;
#3749 = COLOUR_RGB ( '',0.9686274509803921573, 0.8784313725490195957, 0.5999999999999999778 ) ;
#3750 = CARTESIAN_POINT ( 'NONE',  ( 0.3705306605954249988, 0.1394338578758100577, 0.4399999999999998912 ) ) ;
#3751 = VECTOR ( 'NONE', #4548, 1000.000000000000000 ) ;
#3752 = EDGE_CURVE ( 'NONE', #148, #4231, #8245, .T. ) ;
#3753 = EDGE_CURVE ( 'NONE', #4729, #8020, #6587, .T. ) ;
#3754 = ORIENTED_EDGE ( 'NONE', *, *, #2111, .F. ) ;
#3755 = CARTESIAN_POINT ( 'NONE',  ( 0.1235260821441032525, 0.1941835466055862880, 0.4390000000000001679 ) ) ;
#3756 = CIRCLE ( 'NONE', #6985, 0.02500000000000001180 ) ;
#3757 = CARTESIAN_POINT ( 'NONE',  ( 1.024312120654391700, -0.1162548354935480088, 0.4400000000000000022 ) ) ;
#3758 = EDGE_CURVE ( 'NONE', #7140, #10, #8115, .T. ) ;
#3759 = PRESENTATION_STYLE_ASSIGNMENT (( #6724 ) ) ;
#3760 = CARTESIAN_POINT ( 'NONE',  ( -0.3689474767138055666, 0.2146279300473576679, 0.4399999999999998357 ) ) ;
#3761 = ORIENTED_EDGE ( 'NONE', *, *, #7736, .T. ) ;
#3762 = CARTESIAN_POINT ( 'NONE',  ( -0.9372114490132834597, 0.1755390623851807719, 0.4400000000000003908 ) ) ;
#3763 = ORIENTED_EDGE ( 'NONE', *, *, #8969, .F. ) ;
#3764 = CARTESIAN_POINT ( 'NONE',  ( 0.03069008932950439278, -0.05921102929260922687, 0.4400000000000001132 ) ) ;
#3765 = CARTESIAN_POINT ( 'NONE',  ( 0.6049943193382714135, -0.2211808182184631655, 0.4400000000000002243 ) ) ;
#3766 = EDGE_CURVE ( 'NONE', #5697, #6319, #5152, .T. ) ;
#3767 = EDGE_CURVE ( 'NONE', #7039, #2116, #393, .T. ) ;
#3768 = CARTESIAN_POINT ( 'NONE',  ( 0.9004110532642478626, -0.2259216218631637241, 0.4390000000000000568 ) ) ;
#3769 = CARTESIAN_POINT ( 'NONE',  ( 0.8731271634684708571, 0.02214612041285969612, 0.4390000000000000568 ) ) ;
#3770 =( LENGTH_UNIT ( ) NAMED_UNIT ( * ) SI_UNIT ( .MILLI., .METRE. ) );
#3771 = CARTESIAN_POINT ( 'NONE',  ( -0.9014079920518486277, -0.2185312688310292184, 0.4390000000000001124 ) ) ;
#3772 = PRESENTATION_LAYER_ASSIGNMENT (  '', '', ( #5452 ) ) ;
#3773 = CARTESIAN_POINT ( 'NONE',  ( 0.2316788659741882139, 0.2469510849264154873, 0.4399999999999997802 ) ) ;
#3774 = CARTESIAN_POINT ( 'NONE',  ( 0.7882130140629413084, 0.1329349080182208875, 0.4400000000000000577 ) ) ;
#3775 =( GEOMETRIC_REPRESENTATION_CONTEXT ( 3 ) GLOBAL_UNCERTAINTY_ASSIGNED_CONTEXT ( ( #6955 ) ) GLOBAL_UNIT_ASSIGNED_CONTEXT ( ( #3172, #3039, #8905 ) ) REPRESENTATION_CONTEXT ( 'NONE', 'WORKASPACE' ) );
#3776 = CARTESIAN_POINT ( 'NONE',  ( 1.450003333370371239, 1.250999999999999890, -0.1549999999999999711 ) ) ;
#3777 = CARTESIAN_POINT ( 'NONE',  ( -0.4819449053564440755, 0.1971707674838827640, 0.4400000000000000022 ) ) ;
#3778 = CARTESIAN_POINT ( 'NONE',  ( -0.5114370654201925159, 0.1761856177727437467, 0.4399999999999999467 ) ) ;
#3779 =( LENGTH_UNIT ( ) NAMED_UNIT ( * ) SI_UNIT ( .MILLI., .METRE. ) );
#3780 = FILL_AREA_STYLE ('',( #1604 ) ) ;
#3781 = VECTOR ( 'NONE', #3101, 1000.000000000000000 ) ;
#3782 = VERTEX_POINT ( 'NONE', #6036 ) ;
#3783 = CARTESIAN_POINT ( 'NONE',  ( 1.600999999999999979, 0.000000000000000000, -0.1549999999999999711 ) ) ;
#3784 = CARTESIAN_POINT ( 'NONE',  ( 0.3422763786656149443, 0.02348903992641098240, 0.4390000000000000568 ) ) ;
#3785 = CARTESIAN_POINT ( 'NONE',  ( 0.2725065950921791158, 0.1943026748918880442, 0.4400000000000000022 ) ) ;
#3786 = CARTESIAN_POINT ( 'NONE',  ( -1.449999999999999956, 1.250000000000000000, -0.2810000000000000275 ) ) ;
#3787 = CARTESIAN_POINT ( 'NONE',  ( 0.5241733224935598567, 0.07101028823252558686, 0.4390000000000000013 ) ) ;
#3788 = SURFACE_SIDE_STYLE ('',( #8851 ) ) ;
#3789 = CARTESIAN_POINT ( 'NONE',  ( -0.4718053655626447407, 0.06997160733539463384, 0.4389999999999997793 ) ) ;
#3790 = CARTESIAN_POINT ( 'NONE',  ( -0.4314456678910555398, 0.04099225938637172939, 0.4390000000000000013 ) ) ;
#3791 = CARTESIAN_POINT ( 'NONE',  ( 0.6149412319147495865, -0.2184024503826865471, 0.4399999999999996136 ) ) ;
#3792 = CARTESIAN_POINT ( 'NONE',  ( 0.9328952367828464709, 0.03055675664746104053, 0.4399999999999998357 ) ) ;
#3793 = B_SPLINE_SURFACE_WITH_KNOTS ( 'NONE', 3, 1, ( 
 ( #6169, #3870 ),
 ( #8918, #7437 ),
 ( #833, #5653 ),
 ( #9212, #4722 ),
 ( #1176, #2675 ),
 ( #2624, #8471 ),
 ( #451, #6268 ),
 ( #7099, #1944 ),
 ( #4934, #3389 ),
 ( #6421, #552 ),
 ( #4020, #5703 ),
 ( #6316, #4831 ),
 ( #403, #499 ),
 ( #3434, #2573 ),
 ( #5496, #6368 ),
 ( #1123, #5553 ),
 ( #8422, #1068 ),
 ( #4209, #4778 ),
 ( #8583, #7049 ) ),
 .UNSPECIFIED., .F., .F., .F.,
 ( 4, 1, 1, 1, 1, 1, 1, 1, 1, 1, 1, 1, 1, 1, 1, 1, 4 ),
 ( 2, 2 ),
 ( 0.000000000000000000, 0.06148425519689046381, 0.1217745277022104639, 0.1809195598139319572, 0.2402561150782713817, 0.3001144444023517432, 0.3611459476126113732, 0.4235005824125858132, 0.4886693612807191389, 0.5539541046535623181, 0.6175812610152620064, 0.6802384268167395165, 0.7421873887724537155, 0.8046632117692936736, 0.8682589893126629876, 0.9330202571803759559, 1.000000000000000000 ),
 ( 0.000000000000000000, 1.000000000000000000 ),
 .UNSPECIFIED. ) ;
#3794 = UNCERTAINTY_MEASURE_WITH_UNIT (LENGTH_MEASURE( 1.000000000000000082E-05 ), #3028, 'distance_accuracy_value', 'NONE');
#3795 = ORIENTED_EDGE ( 'NONE', *, *, #2409, .T. ) ;
#3796 = LINE ( 'NONE', #2401, #3799 ) ;
#3797 = CARTESIAN_POINT ( 'NONE',  ( -0.3804600300144561076, 0.0002857637720264648599, 0.4400000000000000577 ) ) ;
#3798 = PLANE ( 'NONE',  #2235 ) ;
#3799 = VECTOR ( 'NONE', #7494, 1000.000000000000000 ) ;
#3800 = CARTESIAN_POINT ( 'NONE',  ( 0.9776156758145894132, -0.1983201536692132116, 0.4390000000000001124 ) ) ;
#3801 =( NAMED_UNIT ( * ) SI_UNIT ( $, .STERADIAN. ) SOLID_ANGLE_UNIT ( ) );
#3802 = CARTESIAN_POINT ( 'NONE',  ( -0.1262821445972054368, 0.2469868434165188864, 0.4400000000000000022 ) ) ;
#3803 = EDGE_CURVE ( 'NONE', #2496, #2145, #1527, .T. ) ;
#3804 = ADVANCED_FACE ( 'NONE', ( #2349 ), #806, .T. ) ;
#3805 = LINE ( 'NONE', #5246, #1325 ) ;
#3806 = CARTESIAN_POINT ( 'NONE',  ( 1.449999999999999956, 1.250000000000000000, 0.2799999999999999711 ) ) ;
#3807 = EDGE_LOOP ( 'NONE', ( #2812, #7548, #390, #2608 ) ) ;
#3808 = CARTESIAN_POINT ( 'NONE',  ( 0.8554149337052519009, 0.08840110533652517644, 0.4389999999999999458 ) ) ;
#3809 = CARTESIAN_POINT ( 'NONE',  ( 0.6871800148447343437, -0.1666941254047198395, 0.4399999999999998357 ) ) ;
#3810 = CARTESIAN_POINT ( 'NONE',  ( 0.9822863032627905389, 0.1432158170786793916, 0.4400000000000000022 ) ) ;
#3811 = B_SPLINE_CURVE_WITH_KNOTS ( 'NONE', 3,
 ( #7959, #1466, #5754, #18, #7430, #9460, #8689, #2872, #9414, #2105, #3727, #5213, #4353, #6471, #5176, #5800, #5128, #6609, #6653 ),
 .UNSPECIFIED., .F., .F.,
 ( 4, 1, 1, 1, 1, 1, 1, 1, 1, 1, 1, 1, 1, 1, 1, 1, 4 ),
 ( 0.000000000000000000, 0.06196540068706213322, 0.1221219056382956830, 0.1809884968498414182, 0.2399332164519022703, 0.2999058311065239124, 0.3599888474769867841, 0.4217757417416462262, 0.4865758264211263451, 0.5515348046197404708, 0.6150175427599787747, 0.6772586166616566539, 0.7397299623627128229, 0.8030501026629502936, 0.8664951320156975001, 0.9319734741771481534, 1.000000000000000000 ),
 .UNSPECIFIED. ) ;
#3812 = LINE ( 'NONE', #105, #5756 ) ;
#3813 = CARTESIAN_POINT ( 'NONE',  ( 0.9695399699855438147, 0.0002857637720262852076, 0.4400000000000000577 ) ) ;
#3814 = ADVANCED_FACE ( 'NONE', ( #4549 ), #3068, .T. ) ;
#3815 = ORIENTED_EDGE ( 'NONE', *, *, #7939, .F. ) ;
#3816 = AXIS2_PLACEMENT_3D ( 'NONE', #3747, #848, #2396 ) ;
#3817 = CARTESIAN_POINT ( 'NONE',  ( -0.3819564851987478638, -0.05942841369055133771, 0.4390000000000000013 ) ) ;
#3818 = DIRECTION ( 'NONE',  ( -1.000000000000000000, 0.000000000000000000, 0.000000000000000000 ) ) ;
#3819 = EDGE_LOOP ( 'NONE', ( #1212, #2771, #9249, #549 ) ) ;
#3820 = CARTESIAN_POINT ( 'NONE',  ( 0.8960182744166367286, -0.1798611059982436478, 0.4390000000000000013 ) ) ;
#3821 = CARTESIAN_POINT ( 'NONE',  ( -0.6397304873481705068, 0.1565873910786314271, 0.4390000000000000568 ) ) ;
#3822 = FACE_BOUND ( 'NONE', #2565, .T. ) ;
#3823 = ORIENTED_EDGE ( 'NONE', *, *, #5521, .F. ) ;
#3824 = AXIS2_PLACEMENT_3D ( 'NONE', #4670, #289, #2419 ) ;
#3825 = B_SPLINE_CURVE_WITH_KNOTS ( 'NONE', 3,
 ( #4002, #8262, #5333, #4710, #5380, #4761, #6254, #4661, #1676, #7596, #1005 ),
 .UNSPECIFIED., .F., .F.,
 ( 4, 1, 1, 1, 1, 1, 1, 1, 4 ),
 ( 0.000000000000000000, 0.1335067689985182660, 0.2625589787303695966, 0.3882644471488782001, 0.5126673546814279891, 0.6337222699657596436, 0.7553938601370938644, 0.8775529450912777918, 1.000000000000000000 ),
 .UNSPECIFIED. ) ;
#3826 = B_SPLINE_CURVE_WITH_KNOTS ( 'NONE', 3,
 ( #2138, #4970, #7896, #6506, #1407, #7189, #6452, #9398, #5025, #3573, #4339, #7282, #8122, #3037, #7498 ),
 .UNSPECIFIED., .F., .F.,
 ( 4, 1, 1, 1, 1, 1, 1, 1, 1, 1, 1, 1, 4 ),
 ( 0.000000000000000000, 0.09126360489662588282, 0.1809303110850801199, 0.2700882198317218763, 0.3601561333877259519, 0.4483425324981543669, 0.5326658421383313469, 0.6138337041070477396, 0.6939815272835583304, 0.7727159770890047463, 0.8493351720622465129, 0.9239673265752321729, 1.000000000000000000 ),
 .UNSPECIFIED. ) ;
#3827 = ADVANCED_FACE ( 'NONE', ( #6234 ), #9072, .T. ) ;
#3828 = LINE ( 'NONE', #6079, #3321 ) ;
#3829 = CARTESIAN_POINT ( 'NONE',  ( 0.2859029080169229742, -0.04354307289092915895, 0.4390000000000000568 ) ) ;
#3830 = CARTESIAN_POINT ( 'NONE',  ( -1.250000000000000000, -1.100000000000000089, 0.4149999999999999800 ) ) ;
#3831 = FACE_OUTER_BOUND ( 'NONE', #5544, .T. ) ;
#3832 = CARTESIAN_POINT ( 'NONE',  ( 0.1402205048832330381, 0.1408384875437377615, 0.4400000000000000022 ) ) ;
#3833 = CARTESIAN_POINT ( 'NONE',  ( -0.03120528327567101065, 0.1303251920786794027, 0.4390000000000000013 ) ) ;
#3834 = FACE_OUTER_BOUND ( 'NONE', #8924, .T. ) ;
#3835 = CARTESIAN_POINT ( 'NONE',  ( -0.3914481561877632410, 0.01010574182723822899, 0.4389999999999998348 ) ) ;
#3836 = CARTESIAN_POINT ( 'NONE',  ( -0.5527798025064402099, -0.1048611059982436505, 0.4400000000000000022 ) ) ;
#3837 = CARTESIAN_POINT ( 'NONE',  ( 0.9695399699855438147, 0.0002857637720262852076, 0.4390000000000000568 ) ) ;
#3838 = VERTEX_POINT ( 'NONE', #9173 ) ;
#3839 = ORIENTED_EDGE ( 'NONE', *, *, #165, .F. ) ;
#3840 = CARTESIAN_POINT ( 'NONE',  ( -0.1546315915196254109, -0.1766338977538639832, 0.4390000000000000013 ) ) ;
#3841 = CARTESIAN_POINT ( 'NONE',  ( -1.075271996032883148, 0.005436630691729054700, 0.4389999999999998903 ) ) ;
#3842 = DIRECTION ( 'NONE',  ( 1.000000000000000000, 0.000000000000000000, 0.000000000000000000 ) ) ;
#3843 = CARTESIAN_POINT ( 'NONE',  ( 0.07264087057048279616, -0.2144764906136282789, 0.4390000000000000013 ) ) ;
#3844 = PRESENTATION_STYLE_ASSIGNMENT (( #3894 ) ) ;
#3845 = CARTESIAN_POINT ( 'NONE',  ( -0.6643581325557251782, -0.1626523658336454792, 0.4400000000000001132 ) ) ;
#3846 = STYLED_ITEM ( 'NONE', ( #7699 ), #6580 ) ;
#3847 = DIRECTION ( 'NONE',  ( -0.000000000000000000, -0.000000000000000000, 1.000000000000000000 ) ) ;
#3848 = CARTESIAN_POINT ( 'NONE',  ( 0.9841793321089444824, -0.1035990867674744242, 0.4400000000000000022 ) ) ;
#3849 = CARTESIAN_POINT ( 'NONE',  ( -0.4197366529340452179, 0.2433528029795972436, 0.4400000000000000022 ) ) ;
#3850 = CARTESIAN_POINT ( 'NONE',  ( 0.9411052293973211080, -0.1696187298951029321, 0.4399999999999997802 ) ) ;
#3851 = PLANE ( 'NONE',  #3339 ) ;
#3852 = VECTOR ( 'NONE', #8612, 1000.000000000000000 ) ;
#3853 = ORIENTED_EDGE ( 'NONE', *, *, #5857, .F. ) ;
#3854 = CARTESIAN_POINT ( 'NONE',  ( -0.5368242736602863996, 0.07353432669406401168, 0.4390000000000000013 ) ) ;
#3855 = ADVANCED_FACE ( 'NONE', ( #1754 ), #2582, .T. ) ;
#3856 = CARTESIAN_POINT ( 'NONE',  ( -0.9814104706186701499, -0.1818665511395196055, 0.4399999999999998912 ) ) ;
#3857 = DIRECTION ( 'NONE',  ( -0.000000000000000000, -0.000000000000000000, 1.000000000000000000 ) ) ;
#3858 = AXIS2_PLACEMENT_3D ( 'NONE', #5163, #3621, #4340 ) ;
#3859 = CARTESIAN_POINT ( 'NONE',  ( -0.4945907306661376790, -0.1695412337551228943, 0.4390000000000000568 ) ) ;
#3860 = PRESENTATION_STYLE_ASSIGNMENT (( #3134 ) ) ;
#3861 = CARTESIAN_POINT ( 'NONE',  ( -0.4895317971189194761, 0.03171495692889661489, 0.4390000000000001124 ) ) ;
#3862 = AXIS2_PLACEMENT_3D ( 'NONE', #1668, #2550, #5473 ) ;
#3863 = CARTESIAN_POINT ( 'NONE',  ( -0.4235488196266465888, 0.1948136934114321206, 0.4399999999999999467 ) ) ;
#3864 = ORIENTED_EDGE ( 'NONE', *, *, #4174, .T. ) ;
#3865 = ORIENTED_EDGE ( 'NONE', *, *, #9302, .T. ) ;
#3866 = ADVANCED_FACE ( 'NONE', ( #7530 ), #1702, .F. ) ;
#3867 = ORIENTED_EDGE ( 'NONE', *, *, #8263, .F. ) ;
#3868 = LINE ( 'NONE', #3817, #2626 ) ;
#3869 =( NAMED_UNIT ( * ) SI_UNIT ( $, .STERADIAN. ) SOLID_ANGLE_UNIT ( ) );
#3870 = CARTESIAN_POINT ( 'NONE',  ( -0.3254360525064401988, -0.1042300963828590443, 0.4400000000000000022 ) ) ;
#3871 = CARTESIAN_POINT ( 'NONE',  ( 0.6459081599367867410, 0.06385625746439639594, 0.4390000000000000013 ) ) ;
#3872 = ADVANCED_FACE ( 'NONE', ( #366 ), #6184, .F. ) ;
#3873 = ORIENTED_EDGE ( 'NONE', *, *, #5783, .F. ) ;
#3874 = CARTESIAN_POINT ( 'NONE',  ( -0.7460415902400887589, 0.2332122669086980349, 0.4389999999999999458 ) ) ;
#3875 = CARTESIAN_POINT ( 'NONE',  ( -0.4243245482286171488, -0.01716143980300440311, 0.4389999999999999458 ) ) ;
#3876 = CARTESIAN_POINT ( 'NONE',  ( -0.8175716335320206696, -0.2258429396930174970, 0.4390000000000001124 ) ) ;
#3877 = CARTESIAN_POINT ( 'NONE',  ( 0.8981011234464266746, 0.2007656540982750426, 0.4389999999999999458 ) ) ;
#3878 = CARTESIAN_POINT ( 'NONE',  ( -0.05308105990736528695, -0.009443455579521376972, 0.4400000000000000022 ) ) ;
#3879 = CARTESIAN_POINT ( 'NONE',  ( -0.7653362058400888790, -0.1697258370948855621, 0.4399999999999999467 ) ) ;
#3880 = DIRECTION ( 'NONE',  ( 0.000000000000000000, 0.000000000000000000, -1.000000000000000000 ) ) ;
#3881 = CARTESIAN_POINT ( 'NONE',  ( -0.008128360198747823159, -0.08466879830593596057, 0.4390000000000000013 ) ) ;
#3882 = EDGE_CURVE ( 'NONE', #2797, #2073, #9327, .T. ) ;
#3883 =( NAMED_UNIT ( * ) PLANE_ANGLE_UNIT ( ) SI_UNIT ( $, .RADIAN. ) );
#3884 = CARTESIAN_POINT ( 'NONE',  ( 0.7591793321089442825, -0.1276675963828590443, 0.4390000000000000013 ) ) ;
#3885 = DIRECTION ( 'NONE',  ( 0.000000000000000000, 0.000000000000000000, -1.000000000000000000 ) ) ;
#3886 = CARTESIAN_POINT ( 'NONE',  ( 0.3255753638119784354, 0.2167592633084663156, 0.4399999999999998912 ) ) ;
#3887 = ORIENTED_EDGE ( 'NONE', *, *, #8135, .F. ) ;
#3888 = ORIENTED_EDGE ( 'NONE', *, *, #815, .T. ) ;
#3889 = STYLED_ITEM ( 'NONE', ( #3074 ), #141 ) ;
#3890 = CARTESIAN_POINT ( 'NONE',  ( -0.1953624061290305802, -0.1574646637615456091, 0.4390000000000000568 ) ) ;
#3891 = CARTESIAN_POINT ( 'NONE',  ( -1.067783598960761360, -0.05342340084334209344, 0.4389999999999997793 ) ) ;
#3892 = CARTESIAN_POINT ( 'NONE',  ( 0.008538512990877510089, 0.1449579409350648385, 0.4400000000000001688 ) ) ;
#3893 = CARTESIAN_POINT ( 'NONE',  ( -0.6878955216399444961, 0.1432604372033308704, 0.4389999999999998348 ) ) ;
#3894 = SURFACE_STYLE_USAGE ( .BOTH. , #4750 ) ;
#3895 = SURFACE_STYLE_USAGE ( .BOTH. , #3263 ) ;
#3896 = AXIS2_PLACEMENT_3D ( 'NONE', #972, #6843, #248 ) ;
#3897 = CARTESIAN_POINT ( 'NONE',  ( -1.600000000000000089, 1.250000000000000000, -0.1549999999999999711 ) ) ;
#3898 = LINE ( 'NONE', #8171, #9280 ) ;
#3899 = CARTESIAN_POINT ( 'NONE',  ( 1.600000000000000089, -1.250000000000000000, -0.1499999999999999667 ) ) ;
#3900 = SURFACE_STYLE_FILL_AREA ( #277 ) ;
#3901 = DIRECTION ( 'NONE',  ( 0.5141968420297349240, -0.8576722029112566759, 0.000000000000000000 ) ) ;
#3902 =( GEOMETRIC_REPRESENTATION_CONTEXT ( 3 ) GLOBAL_UNCERTAINTY_ASSIGNED_CONTEXT ( ( #5237 ) ) GLOBAL_UNIT_ASSIGNED_CONTEXT ( ( #5285, #6684, #3801 ) ) REPRESENTATION_CONTEXT ( 'NONE', 'WORKASPACE' ) );
#3903 = EDGE_LOOP ( 'NONE', ( #1985, #587, #4872, #1385, #8721, #5844, #7854, #6317 ) ) ;
#3904 = CARTESIAN_POINT ( 'NONE',  ( -0.5619119556341727328, 0.1390052152411147823, 0.4390000000000001679 ) ) ;
#3905 = AXIS2_PLACEMENT_3D ( 'NONE', #5616, #1235, #4176 ) ;
#3906 = CARTESIAN_POINT ( 'NONE',  ( 0.6427424119869495911, -0.2062656904661471502, 0.4400000000000000577 ) ) ;
#3907 = CARTESIAN_POINT ( 'NONE',  ( 0.9264511803733536111, 0.1948136934114322871, 0.4400000000000002243 ) ) ;
#3908 = AXIS2_PLACEMENT_3D ( 'NONE', #2991, #50, #5918 ) ;
#3909 = CARTESIAN_POINT ( 'NONE',  ( -1.034999578325322078, 0.01449337680394994533, 0.4400000000000000577 ) ) ;
#3910 = CARTESIAN_POINT ( 'NONE',  ( -0.09913834933737558641, 0.005769967407517510166, 0.4390000000000001679 ) ) ;
#3911 = AXIS2_PLACEMENT_3D ( 'NONE', #7771, #514, #6237 ) ;
#3912 = DIRECTION ( 'NONE',  ( -1.000000000000000000, 0.000000000000000000, 0.000000000000000000 ) ) ;
#3913 = CARTESIAN_POINT ( 'NONE',  ( 0.8423807885499225989, 0.2335103671283953464, 0.4399999999999998357 ) ) ;
#3914 = VERTEX_POINT ( 'NONE', #5718 ) ;
#3915 = VERTEX_POINT ( 'NONE', #4131 ) ;
#3916 = B_SPLINE_CURVE_WITH_KNOTS ( 'NONE', 3,
 ( #4288, #2032, #1302, #8073, #7227, #7274, #1492, #630, #3613, #4966, #2855, #8717, #2130, #3659, #6589 ),
 .UNSPECIFIED., .F., .F.,
 ( 4, 1, 1, 1, 1, 1, 1, 1, 1, 1, 1, 1, 4 ),
 ( 0.000000000000000000, 0.08378537065370982029, 0.1657798879221412947, 0.2462800078932624315, 0.3274609277363891846, 0.4087969540320671169, 0.4897152412309879188, 0.5713760321300516143, 0.6555233211112763136, 0.7410194827999723177, 0.8265467605037594145, 0.9119888516548315671, 1.000000000000000000 ),
 .UNSPECIFIED. ) ;
#3917 = CARTESIAN_POINT ( 'NONE',  ( -0.5214381814503286083, 0.1367003154705438706, 0.4400000000000000022 ) ) ;
#3918 = FACE_OUTER_BOUND ( 'NONE', #5902, .T. ) ;
#3919 = FILL_AREA_STYLE_COLOUR ( '', #4473 ) ;
#3920 = CARTESIAN_POINT ( 'NONE',  ( 0.9959229294063546289, 0.1996228732683024976, 0.4390000000000000568 ) ) ;
#3921 = LINE ( 'NONE', #4678, #7141 ) ;
#3922 = VERTEX_POINT ( 'NONE', #8699 ) ;
#3923 = LINE ( 'NONE', #6898, #9139 ) ;
#3924 = COLOUR_RGB ( '',0.9686274509803921573, 0.8784313725490195957, 0.5999999999999999778 ) ;
#3925 = CARTESIAN_POINT ( 'NONE',  ( -0.4361180857947364875, -0.007535518353710652512, 0.4389999999999998903 ) ) ;
#3926 = ADVANCED_FACE ( 'NONE', ( #513 ), #1116, .T. ) ;
#3927 = CARTESIAN_POINT ( 'NONE',  ( -0.4491891533760959954, 0.002313255838004773385, 0.4400000000000000577 ) ) ;
#3928 = CARTESIAN_POINT ( 'NONE',  ( 0.3263150960818940738, 0.002456964899694260348, 0.4400000000000001688 ) ) ;
#3929 = PRESENTATION_LAYER_ASSIGNMENT (  '', '', ( #556 ) ) ;
#3930 = CARTESIAN_POINT ( 'NONE',  ( -0.05085925126843608701, 0.1747756493723774951, 0.4390000000000000568 ) ) ;
#3931 = CARTESIAN_POINT ( 'NONE',  ( -0.8097195505219565437, -0.1792166157037569096, 0.4390000000000000568 ) ) ;
#3932 = AXIS2_PLACEMENT_3D ( 'NONE', #7942, #4194, #535 ) ;
#3933 = CARTESIAN_POINT ( 'NONE',  ( 0.5731170202858651974, 0.07964158785787371631, 0.4389999999999999458 ) ) ;
#3934 = CARTESIAN_POINT ( 'NONE',  ( -0.02354449169452467461, -0.03674141666169657150, 0.4390000000000000013 ) ) ;
#3935 =( NAMED_UNIT ( * ) PLANE_ANGLE_UNIT ( ) SI_UNIT ( $, .RADIAN. ) );
#3936 = CARTESIAN_POINT ( 'NONE',  ( -0.7653362058400888790, -0.1697258370948855621, 0.4399999999999999467 ) ) ;
#3937 = CARTESIAN_POINT ( 'NONE',  ( -0.6748318095808093497, 0.1289123208921325592, 0.4390000000000000568 ) ) ;
#3938 = ORIENTED_EDGE ( 'NONE', *, *, #1719, .T. ) ;
#3939 = ORIENTED_EDGE ( 'NONE', *, *, #4576, .T. ) ;
#3940 = CARTESIAN_POINT ( 'NONE',  ( 0.8566193014842419240, -0.2204362943121900009, 0.4390000000000000568 ) ) ;
#3941 = FACE_OUTER_BOUND ( 'NONE', #5952, .T. ) ;
#3942 = ADVANCED_FACE ( 'NONE', ( #7968 ), #7258, .T. ) ;
#3943 = CARTESIAN_POINT ( 'NONE',  ( 0.9836044418202189998, -0.09223595177155922975, 0.4399999999999999467 ) ) ;
#3944 = CARTESIAN_POINT ( 'NONE',  ( -0.6798393384583004684, 0.1348802100565603956, 0.4390000000000001124 ) ) ;
#3945 = CARTESIAN_POINT ( 'NONE',  ( 0.5241733224935598567, 0.07101028823252558686, 0.4390000000000000013 ) ) ;
#3946 = CARTESIAN_POINT ( 'NONE',  ( 0.5407876990430418029, -0.1773908980462809426, 0.4390000000000000013 ) ) ;
#3947 = CARTESIAN_POINT ( 'NONE',  ( 0.2986913469779148289, 0.02916517576289591462, 0.4389999999999999458 ) ) ;
#3948 = CARTESIAN_POINT ( 'NONE',  ( 0.8554092693338621878, -0.1695412337551230886, 0.4390000000000001124 ) ) ;
#3949 = CARTESIAN_POINT ( 'NONE',  ( -0.1681664584762269377, 0.2397708740019593165, 0.4390000000000001679 ) ) ;
#3950 = B_SPLINE_CURVE_WITH_KNOTS ( 'NONE', 3,
 ( #3122, #6051, #948, #226, #774, #8996, #2407, #8255, #1670, #4607, #7544, #8351, #1100, #432, #8447, #377, #4861, #1202, #6294 ),
 .UNSPECIFIED., .F., .F.,
 ( 4, 1, 1, 1, 1, 1, 1, 1, 1, 1, 1, 1, 1, 1, 1, 1, 4 ),
 ( 0.000000000000000000, 0.06420729528298543820, 0.1264246897797417224, 0.1876802842649213376, 0.2482164244552129972, 0.3083050600086124637, 0.3696609913251426849, 0.4316985517867805155, 0.4959468922087641451, 0.5597580239721191564, 0.6222954078261583311, 0.6839106352841733960, 0.7450924080566243557, 0.8067402253892924646, 0.8690866181212018038, 0.9332900029747992487, 0.9999999999999998890 ),
 .UNSPECIFIED. ) ;
#3951 = EDGE_CURVE ( 'NONE', #2557, #3380, #7308, .T. ) ;
#3952 = VERTEX_POINT ( 'NONE', #6664 ) ;
#3953 = ORIENTED_EDGE ( 'NONE', *, *, #9287, .T. ) ;
#3954 = CARTESIAN_POINT ( 'NONE',  ( 1.377499999999999947, 1.250000000000000000, 0.1500000000000000222 ) ) ;
#3955 = CARTESIAN_POINT ( 'NONE',  ( -0.03918617110442668139, 0.04044743598144023150, 0.4389999999999998903 ) ) ;
#3956 = CARTESIAN_POINT ( 'NONE',  ( 0.9573314215915760261, 0.1722574370977587033, 0.4390000000000000013 ) ) ;
#3957 = CARTESIAN_POINT ( 'NONE',  ( -1.600000000000000089, -1.250000000000000000, 0.2799999999999999711 ) ) ;
#3958 = CARTESIAN_POINT ( 'NONE',  ( 0.4754842894507785300, 0.01235642191299135897, 0.4400000000000000577 ) ) ;
#3959 = CARTESIAN_POINT ( 'NONE',  ( -0.4768728365315289541, 0.02214612041285974817, 0.4390000000000001124 ) ) ;
#3960 = CARTESIAN_POINT ( 'NONE',  ( 0.8306803787751728674, 0.05574759089130834622, 0.4399999999999998912 ) ) ;
#3961 = B_SPLINE_SURFACE_WITH_KNOTS ( 'NONE', 3, 1, ( 
 ( #2476, #245 ),
 ( #6792, #5345 ),
 ( #3188, #4491 ),
 ( #3607, #3094 ),
 ( #968, #8964 ),
 ( #917, #110 ),
 ( #7435, #6118 ),
 ( #3011, #6537 ),
 ( #832, #3774 ),
 ( #8274, #2379 ),
 ( #5393, #9481 ) ),
 .UNSPECIFIED., .F., .F., .F.,
 ( 4, 1, 1, 1, 1, 1, 1, 1, 4 ),
 ( 2, 2 ),
 ( 0.000000000000000000, 0.1335067689985182104, 0.2625589787303694855, 0.3882644471488779780, 0.5126673546814276561, 0.6337222699657597547, 0.7553938601370939754, 0.8775529450912776808, 1.000000000000000000 ),
 ( 0.000000000000000000, 1.000000000000000000 ),
 .UNSPECIFIED. ) ;
#3962 = CARTESIAN_POINT ( 'NONE',  ( -0.4630862928910556287, 0.01232639400175632692, 0.4390000000000000013 ) ) ;
#3963 = ORIENTED_EDGE ( 'NONE', *, *, #6785, .T. ) ;
#3964 = ORIENTED_EDGE ( 'NONE', *, *, #2300, .T. ) ;
#3965 = ORIENTED_EDGE ( 'NONE', *, *, #386, .F. ) ;
#3966 = CARTESIAN_POINT ( 'NONE',  ( -0.4996092535970729775, 0.09333919625044154178, 0.4399999999999999467 ) ) ;
#3967 = CARTESIAN_POINT ( 'NONE',  ( 0.2346300532627904334, 0.2009081247709871010, 0.4390000000000000013 ) ) ;
#3968 = LINE ( 'NONE', #111, #6315 ) ;
#3969 = CARTESIAN_POINT ( 'NONE',  ( 0.9884734160498910294, 0.2075745984083956219, 0.4389999999999999458 ) ) ;
#3970 = ORIENTED_EDGE ( 'NONE', *, *, #573, .F. ) ;
#3971 = CARTESIAN_POINT ( 'NONE',  ( 0.8554092693338621878, -0.1695412337551230886, 0.4400000000000001132 ) ) ;
#3972 = VERTEX_POINT ( 'NONE', #2924 ) ;
#3973 = CARTESIAN_POINT ( 'NONE',  ( 0.3726408705704829516, 0.1132879324632948131, 0.4400000000000000022 ) ) ;
#3974 = DIRECTION ( 'NONE',  ( -1.000000000000000000, -1.212843670024533951E-16, 0.000000000000000000 ) ) ;
#3975 = CARTESIAN_POINT ( 'NONE',  ( 0.3724231653460781666, 0.1070203537322457210, 0.4400000000000001688 ) ) ;
#3976 = CARTESIAN_POINT ( 'NONE',  ( -0.03194479966321071146, -0.02635594360726742358, 0.4400000000000000577 ) ) ;
#3977 = ADVANCED_FACE ( 'NONE', ( #3734, #5899, #707, #3645, #6744, #3822, #2208 ), #154, .T. ) ;
#3978 = EDGE_CURVE ( 'NONE', #518, #3915, #1973, .T. ) ;
#3979 = CARTESIAN_POINT ( 'NONE',  ( -0.3658206678910556064, -0.1035990867674744242, 0.4400000000000000022 ) ) ;
#3981 =( GEOMETRIC_REPRESENTATION_CONTEXT ( 3 ) GLOBAL_UNCERTAINTY_ASSIGNED_CONTEXT ( ( #2503 ) ) GLOBAL_UNIT_ASSIGNED_CONTEXT ( ( #3195, #2385, #3245 ) ) REPRESENTATION_CONTEXT ( 'NONE', 'WORKASPACE' ) );
#3980 = CARTESIAN_POINT ( 'NONE',  ( 0.8858645897406461911, -0.2258186098252275842, 0.4400000000000000577 ) ) ;
#3982 = CARTESIAN_POINT ( 'NONE',  ( -0.03194479966321071146, -0.02635594360726742358, 0.4399999999999998912 ) ) ;
#3983 = FACE_OUTER_BOUND ( 'NONE', #9352, .T. ) ;
#3984 = DIRECTION ( 'NONE',  ( 0.000000000000000000, 0.000000000000000000, -1.000000000000000000 ) ) ;
#3985 = CARTESIAN_POINT ( 'NONE',  ( -0.5311549268881322616, -0.1374642500491515262, 0.4399999999999997802 ) ) ;
#3986 = CARTESIAN_POINT ( 'NONE',  ( -0.7050239055972202795, 0.1584713553385406481, 0.4390000000000000568 ) ) ;
#3987 = ORIENTED_EDGE ( 'NONE', *, *, #4342, .F. ) ;
#3988 = ORIENTED_EDGE ( 'NONE', *, *, #1644, .F. ) ;
#3989 = LINE ( 'NONE', #320, #2256 ) ;
#3990 = LINE ( 'NONE', #7673, #1578 ) ;
#3991 = CARTESIAN_POINT ( 'NONE',  ( -0.05555698775277442131, 0.2312578549932547967, 0.4400000000000000022 ) ) ;
#3992 = FACE_OUTER_BOUND ( 'NONE', #7007, .T. ) ;
#3993 = FILL_AREA_STYLE_COLOUR ( '', #2182 ) ;
#3994 = CARTESIAN_POINT ( 'NONE',  ( -0.4678208066855054637, 0.01569864098138409186, 0.4400000000000000022 ) ) ;
#3995 = CARTESIAN_POINT ( 'NONE',  ( 0.2907413248594515887, 0.01931254561775797018, 0.4390000000000000013 ) ) ;
#3996 = CARTESIAN_POINT ( 'NONE',  ( -0.03120528327567101065, 0.1303251920786794027, 0.4399999999999998357 ) ) ;
#3997 = ADVANCED_FACE ( 'NONE', ( #7441 ), #837, .F. ) ;
#3998 = FILL_AREA_STYLE ('',( #4145 ) ) ;
#3999 = CARTESIAN_POINT ( 'NONE',  ( -1.025222997787992529, 0.07308693911112600083, 0.4390000000000001124 ) ) ;
#4000 = ORIENTED_EDGE ( 'NONE', *, *, #6263, .T. ) ;
#4001 = ORIENTED_EDGE ( 'NONE', *, *, #221, .T. ) ;
#4002 = CARTESIAN_POINT ( 'NONE',  ( -0.5368242736602863996, 0.07353432669406401168, 0.4400000000000000022 ) ) ;
#4003 = AXIS2_PLACEMENT_3D ( 'NONE', #2288, #655, #700 ) ;
#4004 = EDGE_CURVE ( 'NONE', #5238, #3972, #1692, .T. ) ;
#4005 = DIRECTION ( 'NONE',  ( -0.000000000000000000, -0.000000000000000000, 1.000000000000000000 ) ) ;
#4006 = CARTESIAN_POINT ( 'NONE',  ( -0.4933806985157583314, -0.2204362943121900287, 0.4390000000000000568 ) ) ;
#4007 = EDGE_CURVE ( 'NONE', #7081, #1165, #6849, .T. ) ;
#4008 =( NAMED_UNIT ( * ) PLANE_ANGLE_UNIT ( ) SI_UNIT ( $, .RADIAN. ) );
#4009 = EDGE_LOOP ( 'NONE', ( #5481, #194, #9230, #1617 ) ) ;
#4010 = CARTESIAN_POINT ( 'NONE',  ( 1.024563947493559946, -0.1042300963828590582, 0.4400000000000000577 ) ) ;
#4011 = CARTESIAN_POINT ( 'NONE',  ( 0.4771699069139127558, -0.1335462425285452448, 0.4389999999999998903 ) ) ;
#4012 = EDGE_LOOP ( 'NONE', ( #4265, #1053, #1449, #1821 ) ) ;
#4013 = CARTESIAN_POINT ( 'NONE',  ( -0.6957935020510385149, 0.2087994631964149306, 0.4400000000000001688 ) ) ;
#4014 = VECTOR ( 'NONE', #6141, 1000.000000000000000 ) ;
#4015 = CARTESIAN_POINT ( 'NONE',  ( -0.4171047632171534514, 0.03055675664746094339, 0.4390000000000000013 ) ) ;
#4016 = ORIENTED_EDGE ( 'NONE', *, *, #7076, .F. ) ;
#4017 = FACE_OUTER_BOUND ( 'NONE', #7512, .T. ) ;
#4018 = CARTESIAN_POINT ( 'NONE',  ( -0.3902901879053427558, -0.1573164160509511744, 0.4399999999999998357 ) ) ;
#4019 = PRESENTATION_LAYER_ASSIGNMENT (  '', '', ( #8454 ) ) ;
#4020 = CARTESIAN_POINT ( 'NONE',  ( -0.3723843241854103425, -0.1983201536692132394, 0.4389999999999998348 ) ) ;
#4021 = CARTESIAN_POINT ( 'NONE',  ( -1.075436052506440143, 0.01313769207867942004, 0.4390000000000000013 ) ) ;
#4022 = ORIENTED_EDGE ( 'NONE', *, *, #752, .F. ) ;
#4023 = CARTESIAN_POINT ( 'NONE',  ( -1.600000000000000089, -1.250000000000000000, 0.1500000000000000222 ) ) ;
#4024 = ORIENTED_EDGE ( 'NONE', *, *, #2933, .F. ) ;
#4025 = DIRECTION ( 'NONE',  ( 0.000000000000000000, 1.000000000000000000, 0.000000000000000000 ) ) ;
#4026 = COLOUR_RGB ( '',0.9686274509803921573, 0.8784313725490195957, 0.5999999999999999778 ) ;
#4027 = ORIENTED_EDGE ( 'NONE', *, *, #908, .F. ) ;
#4028 = ORIENTED_EDGE ( 'NONE', *, *, #2131, .F. ) ;
#4029 = CARTESIAN_POINT ( 'NONE',  ( 0.9304841188319665779, -0.1742242782319083083, 0.4399999999999997802 ) ) ;
#4030 = CARTESIAN_POINT ( 'NONE',  ( -1.600000000000000089, -1.250000000000000000, -0.1499999999999999667 ) ) ;
#4031 = CARTESIAN_POINT ( 'NONE',  ( 1.018794716724329197, 0.1708900959248332574, 0.4390000000000000013 ) ) ;
#4032 = CARTESIAN_POINT ( 'NONE',  ( 0.5381677786629082139, 0.07487383464369624930, 0.4389999999999999458 ) ) ;
#4033 = LINE ( 'NONE', #1031, #7436 ) ;
#4034 = DIRECTION ( 'NONE',  ( 0.000000000000000000, -1.000000000000000000, 0.000000000000000000 ) ) ;
#4035 = CARTESIAN_POINT ( 'NONE',  ( 0.8989028898012522140, 0.2470619709248332851, 0.4390000000000000013 ) ) ;
#4036 = VECTOR ( 'NONE', #3560, 1000.000000000000000 ) ;
#4037 = CARTESIAN_POINT ( 'NONE',  ( -0.7445960161419066248, -0.1615103899395622655, 0.4400000000000002243 ) ) ;
#4038 = CARTESIAN_POINT ( 'NONE',  ( -0.7879540694290115832, 0.1965372383590705541, 0.4400000000000000022 ) ) ;
#4039 = EDGE_LOOP ( 'NONE', ( #600, #3664, #8633, #4954 ) ) ;
#4040 = CARTESIAN_POINT ( 'NONE',  ( 0.6670447170427511452, -0.1889602581395649350, 0.4390000000000000568 ) ) ;
#4041 = CARTESIAN_POINT ( 'NONE',  ( -0.05689509445525321035, 0.1800059761722634655, 0.4399999999999998912 ) ) ;
#4042 = CARTESIAN_POINT ( 'NONE',  ( 0.9841793321089444824, -0.1035990867674744242, 0.4400000000000000022 ) ) ;
#4043 = B_SPLINE_CURVE_WITH_KNOTS ( 'NONE', 3,
 ( #4101, #7124, #1251, #4705, #7635, #2505, #482, #3372, #7027, #5477, #1048, #3418, #1872, #2654, #3320, #5580, #6345, #529, #8507 ),
 .UNSPECIFIED., .F., .F.,
 ( 4, 1, 1, 1, 1, 1, 1, 1, 1, 1, 1, 1, 1, 1, 1, 1, 4 ),
 ( 0.000000000000000000, 0.06535138202659354634, 0.1279160318306126198, 0.1883602055716998847, 0.2472160772654518890, 0.3056301291974112821, 0.3637698398318189308, 0.4226609139127797676, 0.4826872940903917941, 0.5433002212395586783, 0.6041179553231029731, 0.6649648912652841304, 0.7274134941125657283, 0.7914676251494241477, 0.8580554427291000597, 0.9270368146149481348, 1.000000000000000000 ),
 .UNSPECIFIED. ) ;
#4044 = CARTESIAN_POINT ( 'NONE',  ( 0.8111863990957086656, 0.07618303143246119014, 0.4400000000000000022 ) ) ;
#4045 = SURFACE_SIDE_STYLE ('',( #4804 ) ) ;
#4046 = CARTESIAN_POINT ( 'NONE',  ( -0.5354010203521716305, 0.07183481340275379989, 0.4389999999999999458 ) ) ;
#4047 = CARTESIAN_POINT ( 'NONE',  ( 0.5618536109550983371, -0.2260149521520898042, 0.4390000000000000013 ) ) ;
#4048 = CARTESIAN_POINT ( 'NONE',  ( -0.03747184313136745631, 0.1571868848495242277, 0.4399999999999998912 ) ) ;
#4049 = SURFACE_SIDE_STYLE ('',( #6926 ) ) ;
#4050 = ADVANCED_FACE ( 'NONE', ( #7005 ), #3346, .F. ) ;
#4051 = CARTESIAN_POINT ( 'NONE',  ( -1.031603195435085496, 0.04882629139616166680, 0.4400000000000003908 ) ) ;
#4052 = ORIENTED_EDGE ( 'NONE', *, *, #2080, .F. ) ;
#4053 = EDGE_LOOP ( 'NONE', ( #7237, #8728, #7611, #3015 ) ) ;
#4054 = CARTESIAN_POINT ( 'NONE',  ( -0.9261600228181863237, -0.2110972144168537235, 0.4390000000000000568 ) ) ;
#4055 = LINE ( 'NONE', #7788, #7084 ) ;
#4056 = CARTESIAN_POINT ( 'NONE',  ( -0.5527798025064402099, -0.1048611059982436505, 0.4400000000000000022 ) ) ;
#4057 = CARTESIAN_POINT ( 'NONE',  ( -0.1337301737897380605, -0.1796950151007381535, 0.4399999999999998912 ) ) ;
#4058 = VERTEX_POINT ( 'NONE', #3149 ) ;
#4059 = LINE ( 'NONE', #4819, #9147 ) ;
#4060 = CARTESIAN_POINT ( 'NONE',  ( -0.4641354102593537312, -0.2258186098252275287, 0.4389999999999999458 ) ) ;
#4061 = CARTESIAN_POINT ( 'NONE',  ( 1.011257350684835243, 0.1812413703688389721, 0.4400000000000000577 ) ) ;
#4062 = VECTOR ( 'NONE', #6369, 1000.000000000000000 ) ;
#4063 = VERTEX_POINT ( 'NONE', #9063 ) ;
#4064 = DIRECTION ( 'NONE',  ( -0.000000000000000000, -0.000000000000000000, 1.000000000000000000 ) ) ;
#4065 = VERTEX_POINT ( 'NONE', #9021 ) ;
#4066 = ADVANCED_FACE ( 'NONE', ( #6799 ), #4947, .T. ) ;
#4067 = UNCERTAINTY_MEASURE_WITH_UNIT (LENGTH_MEASURE( 1.000000000000000082E-05 ), #5526, 'distance_accuracy_value', 'NONE');
#4068 = EDGE_CURVE ( 'NONE', #202, #7502, #1793, .T. ) ;
#4069 = CARTESIAN_POINT ( 'NONE',  ( -0.2036803410228008870, -0.1504389766776679793, 0.4399999999999999467 ) ) ;
#4070 = CARTESIAN_POINT ( 'NONE',  ( 1.600999999999999979, -1.027502247202359387, -0.1549999999999999711 ) ) ;
#4071 = B_SPLINE_CURVE_WITH_KNOTS ( 'NONE', 3,
 ( #256, #9067, #160, #1608, #4638, #8282, #3249, #8240, #7487, #2488, #3103 ),
 .UNSPECIFIED., .F., .F.,
 ( 4, 1, 1, 1, 1, 1, 1, 1, 4 ),
 ( 0.000000000000000000, 0.1497703860319679336, 0.2913164099952446073, 0.4259663731047427238, 0.5521595739695283056, 0.6715274135235931308, 0.7861216286916585805, 0.8953250730704443994, 1.000000000000000000 ),
 .UNSPECIFIED. ) ;
#4072 = CARTESIAN_POINT ( 'NONE',  ( -0.06228017749135394965, -0.2158385003439742822, 0.4400000000000001688 ) ) ;
#4073 = CIRCLE ( 'NONE', #2353, 0.02500000000000001180 ) ;
#4074 = CARTESIAN_POINT ( 'NONE',  ( -1.377502247202359031, -1.250999999999999890, 0.1500000000000000222 ) ) ;
#4075 = ORIENTED_EDGE ( 'NONE', *, *, #7753, .F. ) ;
#4076 = CARTESIAN_POINT ( 'NONE',  ( 0.008965441723621511011, 0.1350891478982569616, 0.4390000000000000013 ) ) ;
#4077 = DIRECTION ( 'NONE',  ( 0.000000000000000000, 0.000000000000000000, -1.000000000000000000 ) ) ;
#4078 = ORIENTED_EDGE ( 'NONE', *, *, #52, .T. ) ;
#4079 = ORIENTED_EDGE ( 'NONE', *, *, #5857, .T. ) ;
#4080 = EDGE_CURVE ( 'NONE', #7251, #1639, #2446, .T. ) ;
#4081 = CARTESIAN_POINT ( 'NONE',  ( 0.9840264181953911615, -0.1068828600102106618, 0.4389999999999998903 ) ) ;
#4082 = UNCERTAINTY_MEASURE_WITH_UNIT (LENGTH_MEASURE( 1.000000000000000082E-05 ), #3779, 'distance_accuracy_value', 'NONE');
#4083 = LINE ( 'NONE', #5661, #8136 ) ;
#4084 = CARTESIAN_POINT ( 'NONE',  ( 0.6143068044143648043, 0.02698595602458087397, 0.4399999999999997802 ) ) ;
#4085 = CARTESIAN_POINT ( 'NONE',  ( -1.020722339218697927, 0.08467175235797767818, 0.4390000000000000013 ) ) ;
#4086 = CARTESIAN_POINT ( 'NONE',  ( 0.1314627736672424052, 0.1088829761659725753, 0.4389999999999998903 ) ) ;
#4087 = CARTESIAN_POINT ( 'NONE',  ( 0.4693127721468116631, -0.1907823211450798973, 0.4400000000000000022 ) ) ;
#4088 = CARTESIAN_POINT ( 'NONE',  ( 0.8302754512731993497, 0.2258973881926386040, 0.4390000000000001124 ) ) ;
#4089 = CARTESIAN_POINT ( 'NONE',  ( -1.250000000000000000, 1.074999999999999956, 0.4149999999999999800 ) ) ;
#4090 = CARTESIAN_POINT ( 'NONE',  ( -0.08680936167545039162, -0.1761291434880555007, 0.4400000000000000577 ) ) ;
#4091 = MECHANICAL_DESIGN_GEOMETRIC_PRESENTATION_REPRESENTATION (  '', ( #5452 ), #9310 ) ;
#4092 = ORIENTED_EDGE ( 'NONE', *, *, #2594, .F. ) ;
#4093 = CARTESIAN_POINT ( 'NONE',  ( 0.8209673079695651854, -0.2034613254343790867, 0.4390000000000000013 ) ) ;
#4094 = CARTESIAN_POINT ( 'NONE',  ( -0.03747184313136745631, 0.1571868848495242277, 0.4400000000000000577 ) ) ;
#4095 =( LENGTH_UNIT ( ) NAMED_UNIT ( * ) SI_UNIT ( .MILLI., .METRE. ) );
#4096 = CARTESIAN_POINT ( 'NONE',  ( -0.4457942973032893996, 0.2468790714335099556, 0.4400000000000000577 ) ) ;
#4097 = DIRECTION ( 'NONE',  ( 0.7970624896273534876, -0.6038968352533775619, 0.000000000000000000 ) ) ;
#4098 = CARTESIAN_POINT ( 'NONE',  ( -0.6369745140449016851, 0.1529513940017563356, 0.4390000000000000013 ) ) ;
#4099 = CIRCLE ( 'NONE', #2873, 0.1499999999999999667 ) ;
#4100 = CARTESIAN_POINT ( 'NONE',  ( 0.5484221205704828961, 0.1893696632325255758, 0.4390000000000000013 ) ) ;
#4101 = CARTESIAN_POINT ( 'NONE',  ( 0.6784101013397136892, -0.06573850984439749690, 0.4390000000000000013 ) ) ;
#4102 = CARTESIAN_POINT ( 'NONE',  ( -1.449999999999999956, -1.250000000000000000, 0.1500000000000000222 ) ) ;
#4103 = EDGE_LOOP ( 'NONE', ( #9206, #3589, #7269, #8315, #8593, #7859, #2444, #5413 ) ) ;
#4104 = ORIENTED_EDGE ( 'NONE', *, *, #9090, .F. ) ;
#4105 = CARTESIAN_POINT ( 'NONE',  ( -0.9710983450801370376, -0.1888679096225597542, 0.4389999999999999458 ) ) ;
#4106 = CARTESIAN_POINT ( 'NONE',  ( 1.600999999999999979, -1.100003333370371150, 0.1500000000000000222 ) ) ;
#4107 = EDGE_CURVE ( 'NONE', #2421, #7039, #25, .T. ) ;
#4108 = ADVANCED_FACE ( 'NONE', ( #557 ), #6371, .F. ) ;
#4109 = CARTESIAN_POINT ( 'NONE',  ( -0.4839160051113700067, -0.2230301033092250973, 0.4399999999999997802 ) ) ;
#4110 = CARTESIAN_POINT ( 'NONE',  ( -0.1444195017041056683, -0.1784493930708975773, 0.4400000000000000577 ) ) ;
#4111 = CARTESIAN_POINT ( 'NONE',  ( -1.377499999999999725, 1.250000000000000000, 0.1500000000000000222 ) ) ;
#4112 = CARTESIAN_POINT ( 'NONE',  ( -0.9063717307847104498, 0.2380286903527312481, 0.4399999999999997802 ) ) ;
#4113 = CARTESIAN_POINT ( 'NONE',  ( 1.003511658980603238, 0.1908272132656883557, 0.4389999999999998903 ) ) ;
#4114 = ORIENTED_EDGE ( 'NONE', *, *, #962, .F. ) ;
#4115 = CARTESIAN_POINT ( 'NONE',  ( -0.3254360525064402543, -0.1042300963828590582, 0.4390000000000000568 ) ) ;
#4116 = ORIENTED_EDGE ( 'NONE', *, *, #7950, .T. ) ;
#4117 = CARTESIAN_POINT ( 'NONE',  ( -1.250000000000000000, 1.100000000000000089, 0.3049999999999999933 ) ) ;
#4118 = DIRECTION ( 'NONE',  ( 3.367432691575075263E-16, -1.000000000000000000, 0.000000000000000000 ) ) ;
#4119 = VECTOR ( 'NONE', #5427, 1000.000000000000000 ) ;
#4120 = CARTESIAN_POINT ( 'NONE',  ( -0.1234228313525939508, -0.2260149521520898042, 0.4400000000000000022 ) ) ;
#4121 = DIRECTION ( 'NONE',  ( -0.000000000000000000, -0.000000000000000000, 1.000000000000000000 ) ) ;
#4122 = CARTESIAN_POINT ( 'NONE',  ( -0.1047585881073525710, 0.2465338501894342726, 0.4389999999999997793 ) ) ;
#4123 = CARTESIAN_POINT ( 'NONE',  ( 0.8554149337052519009, 0.08840110533652517644, 0.4399999999999999467 ) ) ;
#4124 = ADVANCED_FACE ( 'NONE', ( #1949 ), #2033, .T. ) ;
#4125 = VERTEX_POINT ( 'NONE', #7861 ) ;
#4126 = CARTESIAN_POINT ( 'NONE',  ( 1.250000000000000000, 0.9000000000000000222, 0.4400000000000000022 ) ) ;
#4127 = CARTESIAN_POINT ( 'NONE',  ( 0.5184702332720471096, -0.1697511261153486217, 0.4400000000000000022 ) ) ;
#4128 = CARTESIAN_POINT ( 'NONE',  ( 0.5698764474935598123, 0.03360043246329480482, 0.4390000000000000013 ) ) ;
#4129 = DIRECTION ( 'NONE',  ( 0.000000000000000000, 1.000000000000000000, 0.000000000000000000 ) ) ;
#4130 = LINE ( 'NONE', #7770, #8833 ) ;
#4131 = CARTESIAN_POINT ( 'NONE',  ( -0.5908206678910555842, -0.1276675963828590443, 0.4400000000000000022 ) ) ;
#4132 = ADVANCED_FACE ( 'NONE', ( #4214 ), #8632, .T. ) ;
#4133 = CARTESIAN_POINT ( 'NONE',  ( -0.03169014410001719240, 0.1207629568183215263, 0.4390000000000000013 ) ) ;
#4134 = ORIENTED_EDGE ( 'NONE', *, *, #2539, .T. ) ;
#4135 = CARTESIAN_POINT ( 'NONE',  ( 1.003763052146930512, -0.03863916187604644198, 0.4400000000000001132 ) ) ;
#4136 = ORIENTED_EDGE ( 'NONE', *, *, #5402, .T. ) ;
#4137 = CARTESIAN_POINT ( 'NONE',  ( 0.6338526641773484238, -0.2110180705429347270, 0.4390000000000000568 ) ) ;
#4138 = CARTESIAN_POINT ( 'NONE',  ( -0.07799153863468091807, 0.1928409965435732565, 0.4400000000000001132 ) ) ;
#4139 = VECTOR ( 'NONE', #1562, 1000.000000000000000 ) ;
#4140 = CARTESIAN_POINT ( 'NONE',  ( -0.4352486949358444490, 0.2465153427207062431, 0.4389999999999998903 ) ) ;
#4141 = CARTESIAN_POINT ( 'NONE',  ( -0.003726705070648262275, 0.07758906821124189612, 0.4400000000000000022 ) ) ;
#4142 = CARTESIAN_POINT ( 'NONE',  ( 0.3322562551858673774, 0.1096821632325255536, 0.4400000000000000022 ) ) ;
#4143 = LINE ( 'NONE', #4238, #1135 ) ;
#4144 = CARTESIAN_POINT ( 'NONE',  ( 0.4245639474935597457, -0.09909187522901288792, 0.4390000000000000013 ) ) ;
#4145 = FILL_AREA_STYLE_COLOUR ( '', #4533 ) ;
#4146 = PRESENTATION_LAYER_ASSIGNMENT (  '', '', ( #5071 ) ) ;
#4147 = CARTESIAN_POINT ( 'NONE',  ( -0.5999999999999999778, 1.143933982822019635, 0.1500000000000000222 ) ) ;
#4148 = ORIENTED_EDGE ( 'NONE', *, *, #6979, .T. ) ;
#4149 = ORIENTED_EDGE ( 'NONE', *, *, #8493, .F. ) ;
#4150 = CARTESIAN_POINT ( 'NONE',  ( -0.1022434748293332418, -0.2254046572391142922, 0.4399999999999998912 ) ) ;
#4151 = DIRECTION ( 'NONE',  ( 0.000000000000000000, 0.000000000000000000, -1.000000000000000000 ) ) ;
#4152 = CARTESIAN_POINT ( 'NONE',  ( -0.5455018746395041696, -0.1900858801627209327, 0.4390000000000001679 ) ) ;
#4153 = DIRECTION ( 'NONE',  ( -1.000000000000000000, 0.000000000000000000, 0.000000000000000000 ) ) ;
#4154 = ORIENTED_EDGE ( 'NONE', *, *, #7819, .F. ) ;
#4155 = CARTESIAN_POINT ( 'NONE',  ( -0.2609224480757703635, -0.1377442280540102926, 0.4390000000000000013 ) ) ;
#4156 = CARTESIAN_POINT ( 'NONE',  ( -0.5690676965718763913, -0.1630737750070507253, 0.4389999999999999458 ) ) ;
#4157 = VERTEX_POINT ( 'NONE', #3635 ) ;
#4158 = CARTESIAN_POINT ( 'NONE',  ( 1.600999999999999979, 1.027502247202359387, 0.1500000000000000222 ) ) ;
#4159 = CARTESIAN_POINT ( 'NONE',  ( -0.3263138182872054038, -0.08696345887389271556, 0.4400000000000001132 ) ) ;
#4160 = ADVANCED_FACE ( 'NONE', ( #3586 ), #5109, .T. ) ;
#4161 = EDGE_LOOP ( 'NONE', ( #6213, #332, #423, #486 ) ) ;
#4162 = CARTESIAN_POINT ( 'NONE',  ( -0.4659435096279403998, 0.2465110166644899348, 0.4390000000000000013 ) ) ;
#4163 =( NAMED_UNIT ( * ) SI_UNIT ( $, .STERADIAN. ) SOLID_ANGLE_UNIT ( ) );
#4164 = CARTESIAN_POINT ( 'NONE',  ( -0.1022434748293332418, -0.2254046572391142922, 0.4400000000000001688 ) ) ;
#4165 = VECTOR ( 'NONE', #5495, 1000.000000000000000 ) ;
#4166 = CARTESIAN_POINT ( 'NONE',  ( 0.5771781301858674995, 0.07975427861714096123, 0.4399999999999998357 ) ) ;
#4167 = EDGE_CURVE ( 'NONE', #3186, #1629, #7345, .T. ) ;
#4168 = ORIENTED_EDGE ( 'NONE', *, *, #1741, .T. ) ;
#4169 = ORIENTED_EDGE ( 'NONE', *, *, #6945, .T. ) ;
#4170 = COLOUR_RGB ( '',0.9686274509803921573, 0.8784313725490195957, 0.5999999999999999778 ) ;
#4171 = CARTESIAN_POINT ( 'NONE',  ( 0.4659422345426248446, -0.1033831334009824299, 0.4400000000000001132 ) ) ;
#4172 = CARTESIAN_POINT ( 'NONE',  ( -0.3926685784084237851, 0.1722574370977585367, 0.4389999999999998348 ) ) ;
#4173 = CARTESIAN_POINT ( 'NONE',  ( 0.6711819722357826867, -0.02567352826553056730, 0.4399999999999998357 ) ) ;
#4174 = EDGE_CURVE ( 'NONE', #6264, #381, #8875, .T. ) ;
#4175 = CARTESIAN_POINT ( 'NONE',  ( -0.1335967028264364864, 0.009796593744061062037, 0.4390000000000000013 ) ) ;
#4176 = DIRECTION ( 'NONE',  ( 0.000000000000000000, -1.000000000000000000, 0.000000000000000000 ) ) ;
#4177 =( NAMED_UNIT ( * ) SI_UNIT ( $, .STERADIAN. ) SOLID_ANGLE_UNIT ( ) );
#4178 = DIRECTION ( 'NONE',  ( 1.000000000000000000, 0.000000000000000000, 0.000000000000000000 ) ) ;
#4179 = ORIENTED_EDGE ( 'NONE', *, *, #9463, .F. ) ;
#4180 = VECTOR ( 'NONE', #2157, 1000.000000000000000 ) ;
#4181 = CARTESIAN_POINT ( 'NONE',  ( -0.06594177741718126873, -0.1689685076526974139, 0.4400000000000000022 ) ) ;
#4182 = VERTEX_POINT ( 'NONE', #7477 ) ;
#4183 = CARTESIAN_POINT ( 'NONE',  ( 0.8858645897406461911, -0.2258186098252275842, 0.4390000000000000568 ) ) ;
#4184 = DIRECTION ( 'NONE',  ( -1.000000000000000000, 0.000000000000000000, 0.000000000000000000 ) ) ;
#4185 = ADVANCED_FACE ( 'NONE', ( #2874 ), #5801, .F. ) ;
#4186 = CARTESIAN_POINT ( 'NONE',  ( -0.3337597530135194002, 0.1743982202718302454, 0.4400000000000001132 ) ) ;
#4187 = CARTESIAN_POINT ( 'NONE',  ( 0.002067978689362854824, 0.08967236048426037442, 0.4399999999999999467 ) ) ;
#4188 = CARTESIAN_POINT ( 'NONE',  ( -0.1879145633710806174, 0.1758295023454945760, 0.4390000000000001124 ) ) ;
#4189 = CARTESIAN_POINT ( 'NONE',  ( 1.600000000000000089, 1.250000000000000000, 0.1500000000000000222 ) ) ;
#4190 = CARTESIAN_POINT ( 'NONE',  ( -0.2221002182778798184, -0.1924264366839801843, 0.4399999999999999467 ) ) ;
#4191 = CARTESIAN_POINT ( 'NONE',  ( -0.03120528327567101065, 0.1303251920786794027, 0.4400000000000000022 ) ) ;
#4192 = VERTEX_POINT ( 'NONE', #1424 ) ;
#4193 = ORIENTED_EDGE ( 'NONE', *, *, #1034, .F. ) ;
#4194 = DIRECTION ( 'NONE',  ( -0.000000000000000000, -0.000000000000000000, 1.000000000000000000 ) ) ;
#4195 = CARTESIAN_POINT ( 'NONE',  ( 0.8680550946435556803, 0.1971707674838826529, 0.4399999999999997802 ) ) ;
#4196 = CARTESIAN_POINT ( 'NONE',  ( 0.6702342549352169332, -0.1105975090869727451, 0.4400000000000000022 ) ) ;
#4197 = CARTESIAN_POINT ( 'NONE',  ( -0.5492417434313716651, -0.1107836697771575202, 0.4400000000000000022 ) ) ;
#4198 = MECHANICAL_DESIGN_GEOMETRIC_PRESENTATION_REPRESENTATION (  '', ( #3889 ), #9433 ) ;
#4199 = CARTESIAN_POINT ( 'NONE',  ( 0.7030786897832888016, -0.1398004682782821861, 0.4390000000000000013 ) ) ;
#4200 = ORIENTED_EDGE ( 'NONE', *, *, #9159, .T. ) ;
#4201 = CARTESIAN_POINT ( 'NONE',  ( -0.2659599996447088999, -0.1238265639763696246, 0.4390000000000000013 ) ) ;
#4202 = CARTESIAN_POINT ( 'NONE',  ( -1.006615225993745755, 0.1798239291900923520, 0.4399999999999998912 ) ) ;
#4203 = CARTESIAN_POINT ( 'NONE',  ( 0.005393274416636787555, -0.0008346636905513685027, 0.4390000000000000013 ) ) ;
#4204 = CARTESIAN_POINT ( 'NONE',  ( -0.1222509563525940868, 0.2470619709248332851, 0.4399999999999998357 ) ) ;
#4205 = EDGE_LOOP ( 'NONE', ( #5028, #9309, #9417, #4000, #6775, #6425, #5534, #9475 ) ) ;
#4206 = CARTESIAN_POINT ( 'NONE',  ( -1.061514104698023653, -0.07399835063140197677, 0.4390000000000001124 ) ) ;
#4207 = CARTESIAN_POINT ( 'NONE',  ( 0.3149192595674212836, 0.2247589559134592907, 0.4390000000000000013 ) ) ;
#4208 = CARTESIAN_POINT ( 'NONE',  ( -1.600000000000000089, 1.250000000000000000, 0.1500000000000000222 ) ) ;
#4209 = CARTESIAN_POINT ( 'NONE',  ( -0.4495889467357522262, -0.2259216218631636963, 0.4390000000000000013 ) ) ;
#4210 = AXIS2_PLACEMENT_3D ( 'NONE', #8285, #6808, #261 ) ;
#4211 = CARTESIAN_POINT ( 'NONE',  ( -0.5209327884180856572, 0.1554134560710995761, 0.4399999999999999467 ) ) ;
#4212 = ORIENTED_EDGE ( 'NONE', *, *, #6517, .F. ) ;
#4213 = CARTESIAN_POINT ( 'NONE',  ( 0.009179332108944296409, 0.1301449036171409557, 0.4390000000000000013 ) ) ;
#4214 = FACE_OUTER_BOUND ( 'NONE', #2946, .T. ) ;
#4215 = ORIENTED_EDGE ( 'NONE', *, *, #6103, .T. ) ;
#4216 = AXIS2_PLACEMENT_3D ( 'NONE', #9087, #4654, #2455 ) ;
#4217 = CARTESIAN_POINT ( 'NONE',  ( 0.9733711985192226024, -0.1413749911480871035, 0.4390000000000000013 ) ) ;
#4218 = CARTESIAN_POINT ( 'NONE',  ( -0.1978819659679786902, -0.1555221636905513571, 0.4400000000000000022 ) ) ;
#4219 = VECTOR ( 'NONE', #8852, 1000.000000000000000 ) ;
#4220 = CARTESIAN_POINT ( 'NONE',  ( 0.6768057961030105041, -0.04472617807213110502, 0.4390000000000000013 ) ) ;
#4221 = CARTESIAN_POINT ( 'NONE',  ( -1.033548180713103060, 0.03620176151687875404, 0.4390000000000001124 ) ) ;
#4222 = PRESENTATION_STYLE_ASSIGNMENT (( #1956 ) ) ;
#4223 = EDGE_CURVE ( 'NONE', #9492, #2695, #8506, .T. ) ;
#4224 = DIRECTION ( 'NONE',  ( -0.6837407958614055703, -0.7297249646783448007, 0.000000000000000000 ) ) ;
#4225 = FACE_OUTER_BOUND ( 'NONE', #1822, .T. ) ;
#4226 =( NAMED_UNIT ( * ) PLANE_ANGLE_UNIT ( ) SI_UNIT ( $, .RADIAN. ) );
#4227 = CARTESIAN_POINT ( 'NONE',  ( -0.1465898986602864051, 0.05667735554021788302, 0.4390000000000000013 ) ) ;
#4228 = ORIENTED_EDGE ( 'NONE', *, *, #6263, .F. ) ;
#4229 = FACE_OUTER_BOUND ( 'NONE', #5769, .T. ) ;
#4230 = VERTEX_POINT ( 'NONE', #912 ) ;
#4231 = VERTEX_POINT ( 'NONE', #5488 ) ;
#4232 = CARTESIAN_POINT ( 'NONE',  ( 0.7160123613737980897, -0.09981116701842709937, 0.4390000000000000013 ) ) ;
#4233 = CARTESIAN_POINT ( 'NONE',  ( -1.377499999999999947, -1.250000000000000000, -0.1499999999999999667 ) ) ;
#4234 = SURFACE_STYLE_USAGE ( .BOTH. , #4853 ) ;
#4235 = CARTESIAN_POINT ( 'NONE',  ( -0.1444195017041056683, -0.1784493930708975773, 0.4400000000000000577 ) ) ;
#4236 = CARTESIAN_POINT ( 'NONE',  ( 0.008736974631463688412, 0.1160761872954530066, 0.4400000000000000022 ) ) ;
#4237 = CARTESIAN_POINT ( 'NONE',  ( 1.250000000000000000, -1.074999999999999956, 0.4400000000000000022 ) ) ;
#4238 = CARTESIAN_POINT ( 'NONE',  ( -0.4539817255833632492, -0.2260149521520898042, 0.4390000000000000013 ) ) ;
#4239 = FILL_AREA_STYLE_COLOUR ( '', #1736 ) ;
#4240 = EDGE_CURVE ( 'NONE', #2155, #6015, #711, .T. ) ;
#4241 = CARTESIAN_POINT ( 'NONE',  ( -0.5307574541001883750, 0.2171842847642392604, 0.4389999999999998903 ) ) ;
#4242 = ORIENTED_EDGE ( 'NONE', *, *, #7550, .F. ) ;
#4243 = CARTESIAN_POINT ( 'NONE',  ( -0.7880245124121235678, 0.2436861698571761436, 0.4399999999999999467 ) ) ;
#4244 = STYLED_ITEM ( 'NONE', ( #8257 ), #9000 ) ;
#4245 = ORIENTED_EDGE ( 'NONE', *, *, #2165, .F. ) ;
#4246 = CARTESIAN_POINT ( 'NONE',  ( 0.8566001614211390391, 0.1920045283017019488, 0.4390000000000000568 ) ) ;
#4247 = CARTESIAN_POINT ( 'NONE',  ( 0.6448919787323050823, -0.1473737060432816215, 0.4390000000000001124 ) ) ;
#4248 = CARTESIAN_POINT ( 'NONE',  ( 0.4985178597219538377, 0.02064339208645456572, 0.4390000000000000568 ) ) ;
#4249 = CARTESIAN_POINT ( 'NONE',  ( 0.5946965434305302445, -0.2233578609423766403, 0.4399999999999996136 ) ) ;
#4250 = VERTEX_POINT ( 'NONE', #4768 ) ;
#4251 = DIRECTION ( 'NONE',  ( -1.000000000000000000, 0.000000000000000000, 0.000000000000000000 ) ) ;
#4252 = CARTESIAN_POINT ( 'NONE',  ( 0.9822863032627905389, 0.1432158170786793916, 0.4400000000000000022 ) ) ;
#4253 = EDGE_CURVE ( 'NONE', #4566, #8219, #6326, .T. ) ;
#4254 = ORIENTED_EDGE ( 'NONE', *, *, #5501, .T. ) ;
#4255 = CARTESIAN_POINT ( 'NONE',  ( -0.4040055511747525085, -0.03507746384209536883, 0.4390000000000000568 ) ) ;
#4256 = ORIENTED_EDGE ( 'NONE', *, *, #1871, .F. ) ;
#4257 = CARTESIAN_POINT ( 'NONE',  ( -1.053494343455116500, -0.09372377004575838111, 0.4389999999999999458 ) ) ;
#4258 = B_SPLINE_SURFACE_WITH_KNOTS ( 'NONE', 3, 1, ( 
 ( #9106, #3388 ),
 ( #8373, #9261 ),
 ( #7608, #8527 ),
 ( #3338, #4882 ),
 ( #1224, #294 ),
 ( #2725, #347 ),
 ( #6217, #4721 ),
 ( #4776, #4018 ),
 ( #8319, #3237 ),
 ( #7650, #1067 ),
 ( #6267, #5552 ),
 ( #1889, #4829 ),
 ( #7755, #1175 ),
 ( #2196, #5125 ),
 ( #551, #4306 ) ),
 .UNSPECIFIED., .F., .F., .F.,
 ( 4, 1, 1, 1, 1, 1, 1, 1, 1, 1, 1, 1, 4 ),
 ( 2, 2 ),
 ( 0.000000000000000000, 0.09126360489662582731, 0.1809303110850816743, 0.2700882198317225980, 0.3601561333877266735, 0.4483425324981535898, 0.5326658421383304587, 0.6138337041070481837, 0.6939815272835586635, 0.7727159770890038581, 0.8493351720622467349, 0.9239673265752322839, 1.000000000000000000 ),
 ( 0.000000000000000000, 1.000000000000000000 ),
 .UNSPECIFIED. ) ;
#4259 = DIRECTION ( 'NONE',  ( 0.000000000000000000, 0.000000000000000000, 1.000000000000000000 ) ) ;
#4260 = CARTESIAN_POINT ( 'NONE',  ( 0.7030786897832888016, -0.1398004682782821861, 0.4400000000000000022 ) ) ;
#4261 = CARTESIAN_POINT ( 'NONE',  ( -0.9778938701145172274, -0.1257470802840600366, 0.4390000000000000013 ) ) ;
#4262 = CARTESIAN_POINT ( 'NONE',  ( 0.7186817916870329448, -0.06218623130272184218, 0.4399999999999998357 ) ) ;
#4263 = EDGE_LOOP ( 'NONE', ( #1846, #6942, #7836, #2956 ) ) ;
#4264 = CARTESIAN_POINT ( 'NONE',  ( -0.5427258799105505460, 0.08139206477428054254, 0.4390000000000000013 ) ) ;
#4265 = ORIENTED_EDGE ( 'NONE', *, *, #9151, .T. ) ;
#4266 = VECTOR ( 'NONE', #3578, 1000.000000000000000 ) ;
#4267 = CARTESIAN_POINT ( 'NONE',  ( 0.5184702332720471096, -0.1697511261153486217, 0.4390000000000000013 ) ) ;
#4268 = CARTESIAN_POINT ( 'NONE',  ( -0.4235488196266465888, 0.1948136934114321206, 0.4400000000000000577 ) ) ;
#4269 = LINE ( 'NONE', #7211, #6477 ) ;
#4270 = CARTESIAN_POINT ( 'NONE',  ( -0.05308105990736528695, -0.009443455579521376972, 0.4399999999999998357 ) ) ;
#4271 = CARTESIAN_POINT ( 'NONE',  ( 0.8959949524494257300, 0.05710738349925732760, 0.4390000000000000013 ) ) ;
#4272 = CARTESIAN_POINT ( 'NONE',  ( -0.03125856468503473984, 0.1326751878827214515, 0.4390000000000000013 ) ) ;
#4273 = CARTESIAN_POINT ( 'NONE',  ( 0.1314627736672424052, 0.1088829761659725753, 0.4389999999999998903 ) ) ;
#4274 = CARTESIAN_POINT ( 'NONE',  ( -0.09895609633797565474, 0.06229113667439566820, 0.4390000000000001124 ) ) ;
#4275 = ORIENTED_EDGE ( 'NONE', *, *, #3145, .F. ) ;
#4276 = CARTESIAN_POINT ( 'NONE',  ( -0.01235950959297100159, -0.1120350179253319645, 0.4400000000000000577 ) ) ;
#4277 = ORIENTED_EDGE ( 'NONE', *, *, #9397, .F. ) ;
#4278 = ORIENTED_EDGE ( 'NONE', *, *, #1851, .T. ) ;
#4279 = CARTESIAN_POINT ( 'NONE',  ( 0.7591793321089442825, -0.1276675963828590443, 0.4390000000000000013 ) ) ;
#4280 = EDGE_CURVE ( 'NONE', #8866, #7043, #6211, .T. ) ;
#4281 = DIRECTION ( 'NONE',  ( 0.000000000000000000, -1.000000000000000000, 0.000000000000000000 ) ) ;
#4282 = CARTESIAN_POINT ( 'NONE',  ( 0.005393274416636787555, -0.0008346636905513685027, 0.4390000000000000013 ) ) ;
#4283 = CARTESIAN_POINT ( 'NONE',  ( -0.3927875696343182677, 0.2321813177240263926, 0.4390000000000000568 ) ) ;
#4284 = CARTESIAN_POINT ( 'NONE',  ( -0.2562052832756709364, 0.1316773555402178664, 0.4400000000000000577 ) ) ;
#4285 = CARTESIAN_POINT ( 'NONE',  ( 0.8864190095165473959, 0.06391827649174547377, 0.4399999999999998912 ) ) ;
#4286 = CARTESIAN_POINT ( 'NONE',  ( -1.600999999999999979, -1.100003333370371150, -0.1549999999999999711 ) ) ;
#4287 = CYLINDRICAL_SURFACE ( 'NONE', #4659, 0.2225000000000002531 ) ;
#4288 = CARTESIAN_POINT ( 'NONE',  ( 0.7880254859550981372, 0.1420439420786794305, 0.4390000000000000013 ) ) ;
#4289 = COLOUR_RGB ( '',0.9686274509803921573, 0.8784313725490195957, 0.5999999999999999778 ) ;
#4290 = CARTESIAN_POINT ( 'NONE',  ( 6.064218350122669755E-17, -0.5000000000000000000, -0.1549999999999999711 ) ) ;
#4291 = ORIENTED_EDGE ( 'NONE', *, *, #6996, .T. ) ;
#4292 = CARTESIAN_POINT ( 'NONE',  ( -0.06228017749135394965, -0.2158385003439742822, 0.4399999999999998912 ) ) ;
#4293 = ORIENTED_EDGE ( 'NONE', *, *, #1400, .T. ) ;
#4294 = CARTESIAN_POINT ( 'NONE',  ( 0.8467576887710553946, 0.1847640311179727934, 0.4399999999999998912 ) ) ;
#4295 = EDGE_CURVE ( 'NONE', #9519, #915, #8053, .T. ) ;
#4296 = CARTESIAN_POINT ( 'NONE',  ( 0.5867948506649522944, -0.1779484892031849841, 0.4399999999999998912 ) ) ;
#4297 = CARTESIAN_POINT ( 'NONE',  ( -0.6878955216399444961, 0.1432604372033308704, 0.4399999999999998357 ) ) ;
#4298 = PRESENTATION_LAYER_ASSIGNMENT (  '', '', ( #5063 ) ) ;
#4299 = ORIENTED_EDGE ( 'NONE', *, *, #1109, .F. ) ;
#4300 = CARTESIAN_POINT ( 'NONE',  ( 0.8566001614211390391, 0.1920045283017019488, 0.4390000000000000568 ) ) ;
#4301 = CARTESIAN_POINT ( 'NONE',  ( -1.449999999999999956, -0.9000000000000000222, 0.3049999999999999933 ) ) ;
#4302 = CARTESIAN_POINT ( 'NONE',  ( -0.01687715673383100717, 0.2006126812232858214, 0.4399999999999998912 ) ) ;
#4303 = ORIENTED_EDGE ( 'NONE', *, *, #345, .F. ) ;
#4304 = CARTESIAN_POINT ( 'NONE',  ( -0.5618067014600400810, 0.1468049130941412594, 0.4390000000000000013 ) ) ;
#4305 = CARTESIAN_POINT ( 'NONE',  ( 0.3705306605954249988, 0.1394338578758100577, 0.4389999999999998903 ) ) ;
#4306 = CARTESIAN_POINT ( 'NONE',  ( -0.3658206678910556064, -0.1035990867674744242, 0.4399999999999999467 ) ) ;
#4307 = EDGE_CURVE ( 'NONE', #7691, #2140, #2426, .T. ) ;
#4308 = CARTESIAN_POINT ( 'NONE',  ( -0.8746824407291315939, -0.1767354214634639098, 0.4399999999999998357 ) ) ;
#4309 = FACE_OUTER_BOUND ( 'NONE', #5199, .T. ) ;
#4310 = CARTESIAN_POINT ( 'NONE',  ( 1.250000000000000000, 1.074999999999999956, 0.4400000000000000022 ) ) ;
#4311 =( NAMED_UNIT ( * ) PLANE_ANGLE_UNIT ( ) SI_UNIT ( $, .RADIAN. ) );
#4312 = EDGE_LOOP ( 'NONE', ( #6621, #2943, #8097, #3332 ) ) ;
#4313 = FILL_AREA_STYLE ('',( #5939 ) ) ;
#4314 = AXIS2_PLACEMENT_3D ( 'NONE', #4450, #793, #6570 ) ;
#4315 = CARTESIAN_POINT ( 'NONE',  ( -0.5908206678910555842, -0.1276675963828590443, 0.4400000000000000022 ) ) ;
#4316 = CARTESIAN_POINT ( 'NONE',  ( 0.5647244726616570398, 0.07940870507773568898, 0.4399999999999998912 ) ) ;
#4317 = CARTESIAN_POINT ( 'NONE',  ( 0.9185543321089444380, 0.04099225938637173633, 0.4390000000000000568 ) ) ;
#4318 = FILL_AREA_STYLE_COLOUR ( '', #4026 ) ;
#4319 = CARTESIAN_POINT ( 'NONE',  ( 0.4707177936474059021, 0.01052350938637172661, 0.4390000000000000013 ) ) ;
#4320 = VERTEX_POINT ( 'NONE', #1262 ) ;
#4321 = CARTESIAN_POINT ( 'NONE',  ( -3.083648562310152821E-16, 1.143933982822019857, -0.1549999999999999711 ) ) ;
#4322 = ORIENTED_EDGE ( 'NONE', *, *, #4307, .T. ) ;
#4323 = CARTESIAN_POINT ( 'NONE',  ( 0.9463512113428983463, 0.02021759778678919317, 0.4390000000000001124 ) ) ;
#4324 = CARTESIAN_POINT ( 'NONE',  ( -0.5999999999999999778, -2.020459614945045158E-16, -0.1549999999999999711 ) ) ;
#4325 = CARTESIAN_POINT ( 'NONE',  ( 0.2446124797019040287, 0.2006433606218129551, 0.4399999999999999467 ) ) ;
#4326 = CARTESIAN_POINT ( 'NONE',  ( 0.000000000000000000, -1.149999999999999911, 0.1500000000000000222 ) ) ;
#4327 = DIRECTION ( 'NONE',  ( -0.9796516281416206562, 0.2007054744631346643, 0.000000000000000000 ) ) ;
#4328 = VERTEX_POINT ( 'NONE', #7090 ) ;
#4329 = CARTESIAN_POINT ( 'NONE',  ( 0.5771781301858674995, 0.07975427861714096123, 0.4390000000000000013 ) ) ;
#4330 = DIRECTION ( 'NONE',  ( 0.000000000000000000, 0.000000000000000000, -1.000000000000000000 ) ) ;
#4331 =( GEOMETRIC_REPRESENTATION_CONTEXT ( 3 ) GLOBAL_UNCERTAINTY_ASSIGNED_CONTEXT ( ( #4732 ) ) GLOBAL_UNIT_ASSIGNED_CONTEXT ( ( #2011, #6377, #9273 ) ) REPRESENTATION_CONTEXT ( 'NONE', 'WORKASPACE' ) );
#4332 = CARTESIAN_POINT ( 'NONE',  ( -0.8358326871218247911, 0.2009081247709871010, 0.4400000000000000022 ) ) ;
#4333 = CARTESIAN_POINT ( 'NONE',  ( 1.250000000000000000, -1.125000000000000000, 0.2799999999999999711 ) ) ;
#4334 = CARTESIAN_POINT ( 'NONE',  ( -0.3747759373546838968, -0.06987838024578865714, 0.4399999999999999467 ) ) ;
#4335 = ORIENTED_EDGE ( 'NONE', *, *, #7458, .T. ) ;
#4336 = LINE ( 'NONE', #7326, #9294 ) ;
#4337 = ORIENTED_EDGE ( 'NONE', *, *, #7472, .T. ) ;
#4338 = CARTESIAN_POINT ( 'NONE',  ( -0.8746824407291315939, -0.1767354214634639098, 0.4399999999999999467 ) ) ;
#4339 = CARTESIAN_POINT ( 'NONE',  ( 0.9780872030562978159, -0.1323342148985770794, 0.4389999999999999458 ) ) ;
#4340 = DIRECTION ( 'NONE',  ( -1.000000000000000000, -9.745637505487678533E-16, 0.000000000000000000 ) ) ;
#4341 = ADVANCED_FACE ( 'NONE', ( #9203 ), #3642, .T. ) ;
#4342 = EDGE_CURVE ( 'NONE', #5443, #6273, #3013, .T. ) ;
#4343 = ORIENTED_EDGE ( 'NONE', *, *, #8224, .T. ) ;
#4344 = CARTESIAN_POINT ( 'NONE',  ( 0.8680550946435556803, 0.1971707674838826529, 0.4389999999999998903 ) ) ;
#4345 = DIRECTION ( 'NONE',  ( -0.000000000000000000, -0.000000000000000000, 1.000000000000000000 ) ) ;
#4346 = CARTESIAN_POINT ( 'NONE',  ( -0.6369745140449016851, -0.1316339425367051841, 0.4400000000000000022 ) ) ;
#4347 = ORIENTED_EDGE ( 'NONE', *, *, #8151, .F. ) ;
#4348 = CARTESIAN_POINT ( 'NONE',  ( -0.5480250247509184103, 0.1955097817523506476, 0.4389999999999998348 ) ) ;
#4349 = CARTESIAN_POINT ( 'NONE',  ( 0.3515747075538961375, 0.1865521645402074546, 0.4389999999999999458 ) ) ;
#4350 = CARTESIAN_POINT ( 'NONE',  ( 0.2514091153578663085, -0.02380301328814790271, 0.4390000000000000013 ) ) ;
#4351 = CARTESIAN_POINT ( 'NONE',  ( -0.8541788984826920172, -0.1794665589616718515, 0.4399999999999999467 ) ) ;
#4352 = CARTESIAN_POINT ( 'NONE',  ( 0.6459081599367867410, 0.06385625746439639594, 0.4399999999999998357 ) ) ;
#4353 = CARTESIAN_POINT ( 'NONE',  ( 0.2810231822290703008, 0.1905042252544043302, 0.4400000000000000022 ) ) ;
#4354 = CARTESIAN_POINT ( 'NONE',  ( 0.9185543321089444380, 0.04099225938637173633, 0.4400000000000000577 ) ) ;
#4355 = AXIS2_PLACEMENT_3D ( 'NONE', #3357, #5618, #1190 ) ;
#4356 = ADVANCED_FACE ( 'NONE', ( #5833 ), #2154, .F. ) ;
#4357 = ADVANCED_FACE ( 'NONE', ( #4392 ), #5166, .T. ) ;
#4358 = ORIENTED_EDGE ( 'NONE', *, *, #6856, .F. ) ;
#4359 = CARTESIAN_POINT ( 'NONE',  ( -0.1512694545630138832, 0.1973194353215878272, 0.4400000000000000577 ) ) ;
#4360 = AXIS2_PLACEMENT_3D ( 'NONE', #6794, #3144, #2574 ) ;
#4361 = CARTESIAN_POINT ( 'NONE',  ( -0.1377004320408649896, -0.2256836791960692701, 0.4390000000000000013 ) ) ;
#4362 = MECHANICAL_DESIGN_GEOMETRIC_PRESENTATION_REPRESENTATION (  '', ( #3124 ), #6352 ) ;
#4363 = CARTESIAN_POINT ( 'NONE',  ( 0.5618536109550983371, -0.2260149521520898042, 0.4390000000000000013 ) ) ;
#4364 = CARTESIAN_POINT ( 'NONE',  ( 0.8580675532627902724, 0.08579394207867938049, 0.4390000000000000013 ) ) ;
#4365 = CARTESIAN_POINT ( 'NONE',  ( -0.9474026765681113904, -0.1495667768738417336, 0.4389999999999998903 ) ) ;
#4366 = CARTESIAN_POINT ( 'NONE',  ( -0.8333086486602863108, 0.2470619709248332851, 0.4390000000000000013 ) ) ;
#4367 = EDGE_CURVE ( 'NONE', #9366, #3344, #8820, .T. ) ;
#4368 = ORIENTED_EDGE ( 'NONE', *, *, #3355, .T. ) ;
#4369 = VERTEX_POINT ( 'NONE', #8040 ) ;
#4370 = MECHANICAL_DESIGN_GEOMETRIC_PRESENTATION_REPRESENTATION (  '', ( #5277 ), #8975 ) ;
#4371 = CARTESIAN_POINT ( 'NONE',  ( 1.500000000000000000, -1.051238207896990406, 0.1500000000000000222 ) ) ;
#4372 = CARTESIAN_POINT ( 'NONE',  ( -0.4338325457145591479, 0.1983557177357105628, 0.4390000000000000568 ) ) ;
#4373 = CARTESIAN_POINT ( 'NONE',  ( 0.2891296242053444376, 0.1858706252945560022, 0.4389999999999996683 ) ) ;
#4374 = CARTESIAN_POINT ( 'NONE',  ( -0.2241572558891679612, 0.2006178687331114652, 0.4400000000000002243 ) ) ;
#4375 = DIRECTION ( 'NONE',  ( 0.000000000000000000, 1.000000000000000000, 0.000000000000000000 ) ) ;
#4376 = CARTESIAN_POINT ( 'NONE',  ( -0.09895609633797565474, 0.06229113667439566820, 0.4390000000000001124 ) ) ;
#4377 = COLOUR_RGB ( '',0.9686274509803921573, 0.8784313725490195957, 0.5999999999999999778 ) ;
#4378 = DIRECTION ( 'NONE',  ( 0.000000000000000000, 0.000000000000000000, -1.000000000000000000 ) ) ;
#4379 = FILL_AREA_STYLE_COLOUR ( '', #4905 ) ;
#4380 = VECTOR ( 'NONE', #5766, 1000.000000000000000 ) ;
#4381 = CARTESIAN_POINT ( 'NONE',  ( -0.06228017749135394965, -0.2158385003439742822, 0.4390000000000001679 ) ) ;
#4382 =( GEOMETRIC_REPRESENTATION_CONTEXT ( 3 ) GLOBAL_UNCERTAINTY_ASSIGNED_CONTEXT ( ( #1756 ) ) GLOBAL_UNIT_ASSIGNED_CONTEXT ( ( #2600, #6819, #5525 ) ) REPRESENTATION_CONTEXT ( 'NONE', 'WORKASPACE' ) );
#4383 = CARTESIAN_POINT ( 'NONE',  ( -0.3795025629738948414, -0.06299964610007650900, 0.4400000000000000022 ) ) ;
#4384 = PLANE ( 'NONE',  #343 ) ;
#4385 = CARTESIAN_POINT ( 'NONE',  ( -0.05650699389422154245, -0.1639994269537027871, 0.4390000000000000568 ) ) ;
#4386 = ORIENTED_EDGE ( 'NONE', *, *, #2989, .T. ) ;
#4387 = CARTESIAN_POINT ( 'NONE',  ( -0.6745995809851816905, -0.1716687742771789982, 0.4399999999999999467 ) ) ;
#4388 = AXIS2_PLACEMENT_3D ( 'NONE', #8786, #68, #1548 ) ;
#4389 = CARTESIAN_POINT ( 'NONE',  ( -0.1301176470816354513, 0.05695688315929639534, 0.4399999999999999467 ) ) ;
#4390 = CARTESIAN_POINT ( 'NONE',  ( 0.5591865966767006757, 0.03337165701460576700, 0.4390000000000001124 ) ) ;
#4391 = CARTESIAN_POINT ( 'NONE',  ( 0.8999637279109713450, -0.1797512195323872908, 0.4399999999999998912 ) ) ;
#4392 = FACE_OUTER_BOUND ( 'NONE', #726, .T. ) ;
#4393 = CARTESIAN_POINT ( 'NONE',  ( -0.9786017854338986410, 0.1455869338854415551, 0.4390000000000000013 ) ) ;
#4394 = VERTEX_POINT ( 'NONE', #4301 ) ;
#4395 = DIRECTION ( 'NONE',  ( -1.000000000000000000, 0.000000000000000000, 0.000000000000000000 ) ) ;
#4396 = EDGE_CURVE ( 'NONE', #3710, #3782, #1500, .T. ) ;
#4397 = EDGE_CURVE ( 'NONE', #9043, #7289, #2953, .T. ) ;
#4398 = CARTESIAN_POINT ( 'NONE',  ( 0.3580821142861806972, 0.1754655420911335195, 0.4389999999999999458 ) ) ;
#4399 = VECTOR ( 'NONE', #9195, 1000.000000000000000 ) ;
#4400 = CARTESIAN_POINT ( 'NONE',  ( 1.377502247202359031, 1.250999999999999890, 0.1500000000000000222 ) ) ;
#4401 = DIRECTION ( 'NONE',  ( -0.000000000000000000, -0.000000000000000000, 1.000000000000000000 ) ) ;
#4402 = CARTESIAN_POINT ( 'NONE',  ( -0.6398182710296170805, -0.1353031720697026319, 0.4390000000000001124 ) ) ;
#4403 = CARTESIAN_POINT ( 'NONE',  ( -1.600000000000000089, -1.250000000000000000, 0.1500000000000000222 ) ) ;
#4404 = PRESENTATION_LAYER_ASSIGNMENT (  '', '', ( #6072 ) ) ;
#4405 = CARTESIAN_POINT ( 'NONE',  ( 0.8913984289531203808, -0.1796364429379935512, 0.4399999999999998912 ) ) ;
#4406 = ORIENTED_EDGE ( 'NONE', *, *, #7576, .F. ) ;
#4407 = CARTESIAN_POINT ( 'NONE',  ( 0.9680435148012520585, -0.05942841369055133771, 0.4400000000000000022 ) ) ;
#4408 = CARTESIAN_POINT ( 'NONE',  ( 0.4892564909350453073, -0.2061928227223155385, 0.4390000000000000013 ) ) ;
#4410 = CARTESIAN_POINT ( 'NONE',  ( -0.3819564851987478638, -0.05942841369055133771, 0.4400000000000000022 ) ) ;
#4409 = B_SPLINE_SURFACE_WITH_KNOTS ( 'NONE', 3, 1, ( 
 ( #2382, #5306 ),
 ( #3192, #7517 ),
 ( #5219, #8142 ),
 ( #9061, #7610 ),
 ( #1560, #4494 ),
 ( #8234, #7439 ),
 ( #835, #3778 ),
 ( #7100, #405 ),
 ( #500, #4211 ),
 ( #3242, #3437 ),
 ( #1840, #1790 ) ),
 .UNSPECIFIED., .F., .F., .F.,
 ( 4, 1, 1, 1, 1, 1, 1, 1, 4 ),
 ( 2, 2 ),
 ( 0.000000000000000000, 0.1430730837303635372, 0.2759029640930095173, 0.4023708562739971017, 0.5284136450935948970, 0.6503563791869512167, 0.7658950861246937025, 0.8807741308440214523, 1.000000000000000000 ),
 ( 0.000000000000000000, 1.000000000000000000 ),
 .UNSPECIFIED. ) ;
#4411 = ADVANCED_FACE ( 'NONE', ( #5926 ), #2864, .F. ) ;
#4412 = EDGE_LOOP ( 'NONE', ( #4745, #9473, #4386, #5141 ) ) ;
#4413 = CARTESIAN_POINT ( 'NONE',  ( -1.002951278849201655, -0.09691371442206218878, 0.4390000000000001124 ) ) ;
#4414 = DIRECTION ( 'NONE',  ( 0.000000000000000000, 0.000000000000000000, 1.000000000000000000 ) ) ;
#4415 = CARTESIAN_POINT ( 'NONE',  ( -0.6637702268512887249, 0.1836820651694813511, 0.4389999999999999458 ) ) ;
#4416 = VECTOR ( 'NONE', #4064, 1000.000000000000000 ) ;
#4417 = ORIENTED_EDGE ( 'NONE', *, *, #7763, .F. ) ;
#4418 = VERTEX_POINT ( 'NONE', #8864 ) ;
#4419 = CARTESIAN_POINT ( 'NONE',  ( 0.7661517156432696707, -0.1402952202297987061, 0.4399999999999997802 ) ) ;
#4420 = CARTESIAN_POINT ( 'NONE',  ( 0.9068157209567747623, 0.04931782448408650321, 0.4390000000000000013 ) ) ;
#4421 = CARTESIAN_POINT ( 'NONE',  ( -0.1459164276888661183, 0.2453228877635587057, 0.4400000000000002798 ) ) ;
#4422 = CARTESIAN_POINT ( 'NONE',  ( -0.3398617184936751912, -0.1609387839971299916, 0.4389999999999998903 ) ) ;
#4423 = FILL_AREA_STYLE ('',( #4547 ) ) ;
#4424 = EDGE_CURVE ( 'NONE', #6728, #9002, #778, .T. ) ;
#4425 = CARTESIAN_POINT ( 'NONE',  ( -0.7445960161419066248, -0.1615103899395622655, 0.4390000000000002234 ) ) ;
#4426 = CARTESIAN_POINT ( 'NONE',  ( -0.2331283601987478582, -0.09332264445978211143, 0.4390000000000000013 ) ) ;
#4427 = CARTESIAN_POINT ( 'NONE',  ( -1.425000000000000044, -0.9000000000000000222, 0.4149999999999999800 ) ) ;
#4428 = CARTESIAN_POINT ( 'NONE',  ( -0.1234228313525939508, -0.2260149521520898042, 0.4390000000000000013 ) ) ;
#4429 = CARTESIAN_POINT ( 'NONE',  ( 0.000000000000000000, -1.250999999999999890, 0.1500000000000000222 ) ) ;
#4430 = CARTESIAN_POINT ( 'NONE',  ( 0.000000000000000000, 0.000000000000000000, 0.1500000000000000222 ) ) ;
#4431 = CARTESIAN_POINT ( 'NONE',  ( -0.07608998550517234727, -0.1729260456971629389, 0.4390000000000000568 ) ) ;
#4432 = ORIENTED_EDGE ( 'NONE', *, *, #825, .F. ) ;
#4433 = CARTESIAN_POINT ( 'NONE',  ( -0.7333762960323784164, -0.2073205196242556558, 0.4400000000000000022 ) ) ;
#4434 = CARTESIAN_POINT ( 'NONE',  ( -0.5908206678910555842, -0.1276675963828590443, 0.4390000000000000013 ) ) ;
#4435 = LINE ( 'NONE', #4520, #927 ) ;
#4436 = ORIENTED_EDGE ( 'NONE', *, *, #2668, .T. ) ;
#4437 = CARTESIAN_POINT ( 'NONE',  ( 0.8960182744166367286, -0.1798611059982436478, 0.4400000000000000022 ) ) ;
#4438 = CARTESIAN_POINT ( 'NONE',  ( -1.600000000000000089, -1.250000000000000000, -0.2810000000000000275 ) ) ;
#4439 = CARTESIAN_POINT ( 'NONE',  ( -1.009569717579972714, 0.1068648346245563707, 0.4389999999999999458 ) ) ;
#4440 = VERTEX_POINT ( 'NONE', #3715 ) ;
#4441 = LINE ( 'NONE', #2322, #6068 ) ;
#4442 = DIRECTION ( 'NONE',  ( 1.000000000000000000, 0.000000000000000000, 0.000000000000000000 ) ) ;
#4443 = CARTESIAN_POINT ( 'NONE',  ( -0.01122776153011273426, 0.06631016023398507431, 0.4400000000000000577 ) ) ;
#4444 = CARTESIAN_POINT ( 'NONE',  ( -0.2088449453988835691, -0.1443813078221242163, 0.4400000000000000577 ) ) ;
#4445 = DIRECTION ( 'NONE',  ( 0.000000000000000000, 0.000000000000000000, 1.000000000000000000 ) ) ;
#4446 = CARTESIAN_POINT ( 'NONE',  ( -0.5605666634764585599, 0.1239145142156437562, 0.4390000000000000013 ) ) ;
#4447 = CARTESIAN_POINT ( 'NONE',  ( -0.9261600228181863237, -0.2110972144168537235, 0.4399999999999999467 ) ) ;
#4448 = EDGE_CURVE ( 'NONE', #3310, #5342, #4717, .T. ) ;
#4449 = EDGE_LOOP ( 'NONE', ( #1908, #7606, #5554, #8137, #1064, #7804, #5605, #156, #4482 ) ) ;
#4450 = CARTESIAN_POINT ( 'NONE',  ( -3.083648562310152821E-16, 1.143933982822019857, 0.1500000000000000222 ) ) ;
#4451 = CARTESIAN_POINT ( 'NONE',  ( 1.250000000000000000, 1.125000000000000000, 0.3049999999999999933 ) ) ;
#4452 = LINE ( 'NONE', #2158, #8329 ) ;
#4453 = FACE_OUTER_BOUND ( 'NONE', #5645, .T. ) ;
#4454 = CARTESIAN_POINT ( 'NONE',  ( -0.4741266293573327406, -0.2246638737709479861, 0.4400000000000000022 ) ) ;
#4455 = ADVANCED_FACE ( 'NONE', ( #9451 ), #8015, .T. ) ;
#4456 = CARTESIAN_POINT ( 'NONE',  ( 0.8821791933144943476, 0.01569864098138409186, 0.4390000000000000568 ) ) ;
#4457 = CARTESIAN_POINT ( 'NONE',  ( -0.6369745140449017962, -0.1316339425367052118, 0.4400000000000000022 ) ) ;
#4458 = SURFACE_SIDE_STYLE ('',( #6491 ) ) ;
#4459 = ADVANCED_FACE ( 'NONE', ( #8659 ), #8313, .T. ) ;
#4460 = CARTESIAN_POINT ( 'NONE',  ( 0.3163542516234147395, 0.1599445111889150895, 0.4399999999999998357 ) ) ;
#4461 = CARTESIAN_POINT ( 'NONE',  ( 1.600999999999999979, 0.000000000000000000, 0.1500000000000000222 ) ) ;
#4462 = CARTESIAN_POINT ( 'NONE',  ( -0.3304296680666183872, -0.1393830286234709337, 0.4390000000000000568 ) ) ;
#4463 = CARTESIAN_POINT ( 'NONE',  ( -0.4355057469989925822, 0.04387185497709501086, 0.4399999999999999467 ) ) ;
#4464 = FACE_OUTER_BOUND ( 'NONE', #6995, .T. ) ;
#4465 = SURFACE_SIDE_STYLE ('',( #8936 ) ) ;
#4466 = CARTESIAN_POINT ( 'NONE',  ( 0.6513123717139294167, -0.2011012082292962522, 0.4399999999999995581 ) ) ;
#4467 = PRESENTATION_LAYER_ASSIGNMENT (  '', '', ( #4770 ) ) ;
#4468 = CARTESIAN_POINT ( 'NONE',  ( 0.8385629345798073508, 0.1761856177727439965, 0.4400000000000000577 ) ) ;
#4469 = EDGE_CURVE ( 'NONE', #8988, #1925, #3460, .T. ) ;
#4470 = PRESENTATION_STYLE_ASSIGNMENT (( #5917 ) ) ;
#4471 = EDGE_CURVE ( 'NONE', #1875, #4231, #2123, .T. ) ;
#4472 = CARTESIAN_POINT ( 'NONE',  ( 0.1675137544115314903, 0.2307363173822501445, 0.4389999999999997793 ) ) ;
#4473 = COLOUR_RGB ( '',0.9686274509803921573, 0.8784313725490195957, 0.5999999999999999778 ) ;
#4474 = CARTESIAN_POINT ( 'NONE',  ( -0.7206813315295687028, -0.2015454450068219772, 0.4399999999999998912 ) ) ;
#4475 = FILL_AREA_STYLE_COLOUR ( '', #3749 ) ;
#4476 = LINE ( 'NONE', #1626, #22 ) ;
#4477 = ORIENTED_EDGE ( 'NONE', *, *, #9057, .F. ) ;
#4478 = CARTESIAN_POINT ( 'NONE',  ( 0.9733711985192226024, -0.1413749911480871035, 0.4400000000000000022 ) ) ;
#4479 = VECTOR ( 'NONE', #1870, 1000.000000000000000 ) ;
#4480 = CARTESIAN_POINT ( 'NONE',  ( -0.8757265778202306672, 0.1974716067333730507, 0.4400000000000003353 ) ) ;
#4481 = EDGE_LOOP ( 'NONE', ( #3763, #7518, #4368, #1733 ) ) ;
#4482 = ORIENTED_EDGE ( 'NONE', *, *, #3091, .T. ) ;
#4483 = DIRECTION ( 'NONE',  ( -0.000000000000000000, -0.000000000000000000, 1.000000000000000000 ) ) ;
#4484 = CARTESIAN_POINT ( 'NONE',  ( -0.9710983450801370376, -0.1888679096225597542, 0.4399999999999999467 ) ) ;
#4485 = LINE ( 'NONE', #1007, #6630 ) ;
#4486 = CARTESIAN_POINT ( 'NONE',  ( -1.015639926154153549, 0.09599568998578486556, 0.4399999999999998912 ) ) ;
#4487 = CARTESIAN_POINT ( 'NONE',  ( -0.5617869859370588914, 0.1329349080182208598, 0.4390000000000000568 ) ) ;
#4488 = CARTESIAN_POINT ( 'NONE',  ( -0.5999999999999999778, -1.891413282728555440E-16, -0.1499999999999999667 ) ) ;
#4489 = ORIENTED_EDGE ( 'NONE', *, *, #6592, .F. ) ;
#4490 = CARTESIAN_POINT ( 'NONE',  ( 0.2217994345681539858, 0.2467330553487200873, 0.4399999999999998912 ) ) ;
#4491 = CARTESIAN_POINT ( 'NONE',  ( 0.8072741200894489877, 0.08139206477428051478, 0.4399999999999998912 ) ) ;
#4492 = CARTESIAN_POINT ( 'NONE',  ( 0.8916437684873053104, 0.008918299979704568531, 0.4399999999999999467 ) ) ;
#4493 = CARTESIAN_POINT ( 'NONE',  ( 0.4604212718435711227, -0.1816645905980428521, 0.4399999999999998357 ) ) ;
#4494 = CARTESIAN_POINT ( 'NONE',  ( -0.4933998385788612162, 0.1920045283017018101, 0.4399999999999999467 ) ) ;
#4495 = FILL_AREA_STYLE ('',( #4318 ) ) ;
#4496 = CARTESIAN_POINT ( 'NONE',  ( -0.5884531302202417047, -0.1319554234943934867, 0.4400000000000000022 ) ) ;
#4497 =( GEOMETRIC_REPRESENTATION_CONTEXT ( 3 ) GLOBAL_UNCERTAINTY_ASSIGNED_CONTEXT ( ( #7698 ) ) GLOBAL_UNIT_ASSIGNED_CONTEXT ( ( #8811, #5871, #2223 ) ) REPRESENTATION_CONTEXT ( 'NONE', 'WORKASPACE' ) );
#4498 = CARTESIAN_POINT ( 'NONE',  ( -0.7327860447860697901, 0.2281932843109778231, 0.4400000000000001688 ) ) ;
#4499 = ORIENTED_EDGE ( 'NONE', *, *, #20, .F. ) ;
#4500 = CARTESIAN_POINT ( 'NONE',  ( -0.7206813315295687028, -0.2015454450068219772, 0.4389999999999998903 ) ) ;
#4501 = CARTESIAN_POINT ( 'NONE',  ( 0.3485876296419409548, 0.03293501627323498077, 0.4390000000000000013 ) ) ;
#4502 = CARTESIAN_POINT ( 'NONE',  ( 0.8656711345136255398, 0.07940747589154545372, 0.4390000000000000013 ) ) ;
#4503 = B_SPLINE_CURVE_WITH_KNOTS ( 'NONE', 3,
 ( #5112, #6594, #3616, #8857, #2268, #8168, #5200, #6548, #3755, #8120, #1531, #94, #4472, #5825, #858, #2312, #810, #3034, #7460 ),
 .UNSPECIFIED., .F., .F.,
 ( 4, 1, 1, 1, 1, 1, 1, 1, 1, 1, 1, 1, 1, 1, 1, 1, 4 ),
 ( 0.000000000000000000, 0.06879079439061801249, 0.1351032894311276489, 0.1989786743106512212, 0.2619042997808560536, 0.3234949693679692317, 0.3851953779660512445, 0.4469692387407738776, 0.5097647767031320276, 0.5722505688473681351, 0.6334051756611527306, 0.6932511629217524840, 0.7525831627856697237, 0.8125792661534209094, 0.8732750849201913468, 0.9355499428950292407, 1.000000000000000000 ),
 .UNSPECIFIED. ) ;
#4504 = EDGE_CURVE ( 'NONE', #6309, #3617, #822, .T. ) ;
#4505 = CARTESIAN_POINT ( 'NONE',  ( 1.377502247202359031, -1.250999999999999890, 0.1500000000000000222 ) ) ;
#4506 = DIRECTION ( 'NONE',  ( 0.000000000000000000, 0.000000000000000000, 1.000000000000000000 ) ) ;
#4507 = PLANE ( 'NONE',  #517 ) ;
#4508 = CARTESIAN_POINT ( 'NONE',  ( -0.4786790771425248336, 0.07518997659643909814, 0.4390000000000000013 ) ) ;
#4509 = CARTESIAN_POINT ( 'NONE',  ( -0.3263138182872054038, -0.08696345887389271556, 0.4390000000000000568 ) ) ;
#4510 = CARTESIAN_POINT ( 'NONE',  ( 0.6593715784462459428, -0.1952536086188986497, 0.4389999999999999458 ) ) ;
#4511 = PRESENTATION_LAYER_ASSIGNMENT (  '', '', ( #1443 ) ) ;
#4512 = CARTESIAN_POINT ( 'NONE',  ( -0.3464883410193962954, 0.1908272132656882170, 0.4389999999999998903 ) ) ;
#4513 = VECTOR ( 'NONE', #7295, 1000.000000000000000 ) ;
#4514 = ORIENTED_EDGE ( 'NONE', *, *, #3369, .F. ) ;
#4515 = CARTESIAN_POINT ( 'NONE',  ( -0.3658206678910556620, -0.1035990867674744381, 0.4390000000000000568 ) ) ;
#4516 = ORIENTED_EDGE ( 'NONE', *, *, #3541, .F. ) ;
#4517 = DIRECTION ( 'NONE',  ( 0.000000000000000000, 0.000000000000000000, 1.000000000000000000 ) ) ;
#4518 = AXIS2_PLACEMENT_3D ( 'NONE', #8072, #1491, #2265 ) ;
#4519 = CARTESIAN_POINT ( 'NONE',  ( 1.003559763923550285, -0.1710197997642486922, 0.4400000000000001132 ) ) ;
#4520 = CARTESIAN_POINT ( 'NONE',  ( 3.112264208245613324E-16, 1.150000000000000355, -0.1499999999999999667 ) ) ;
#4521 = EDGE_CURVE ( 'NONE', #1206, #1375, #4622, .T. ) ;
#4522 = DIRECTION ( 'NONE',  ( 0.000000000000000000, 0.000000000000000000, -1.000000000000000000 ) ) ;
#4523 = CARTESIAN_POINT ( 'NONE',  ( -0.9692080210167740573, 0.1538992189911589648, 0.4390000000000000013 ) ) ;
#4524 = VERTEX_POINT ( 'NONE', #1832 ) ;
#4525 = CARTESIAN_POINT ( 'NONE',  ( 1.377499999999999947, -1.250000000000000000, 0.1500000000000000222 ) ) ;
#4526 = CARTESIAN_POINT ( 'NONE',  ( -1.018374754429517193, -0.1473190386905513238, 0.4400000000000000022 ) ) ;
#4527 = CARTESIAN_POINT ( 'NONE',  ( 0.9693912991535827972, 0.1591840875540754818, 0.4400000000000001132 ) ) ;
#4528 = EDGE_CURVE ( 'NONE', #2036, #1454, #361, .T. ) ;
#4529 = CARTESIAN_POINT ( 'NONE',  ( -1.031603195435085496, 0.04882629139616166680, 0.4400000000000000577 ) ) ;
#4530 = CARTESIAN_POINT ( 'NONE',  ( 0.8821446519057658531, -0.1791864318095373054, 0.4390000000000000568 ) ) ;
#4531 = AXIS2_PLACEMENT_3D ( 'NONE', #6663, #76, #3017 ) ;
#4532 = CARTESIAN_POINT ( 'NONE',  ( 0.09314947668762069144, 0.1282836534773490467, 0.4400000000000000022 ) ) ;
#4533 = COLOUR_RGB ( '',0.9686274509803921573, 0.8784313725490195957, 0.5999999999999999778 ) ;
#4534 = LINE ( 'NONE', #7480, #315 ) ;
#4535 = LINE ( 'NONE', #2427, #6028 ) ;
#4536 = CARTESIAN_POINT ( 'NONE',  ( 0.6686634352254459124, 0.04821769398486541042, 0.4390000000000001124 ) ) ;
#4537 = CARTESIAN_POINT ( 'NONE',  ( -1.250000000000000000, -1.125000000000000000, 0.2799999999999999711 ) ) ;
#4538 = PRESENTATION_STYLE_ASSIGNMENT (( #2161 ) ) ;
#4539 = VECTOR ( 'NONE', #8824, 1000.000000000000000 ) ;
#4540 = VERTEX_POINT ( 'NONE', #2567 ) ;
#4541 = ORIENTED_EDGE ( 'NONE', *, *, #3533, .T. ) ;
#4542 = LINE ( 'NONE', #9114, #6838 ) ;
#4543 = CARTESIAN_POINT ( 'NONE',  ( 0.2859029080169229742, -0.04354307289092915895, 0.4400000000000002243 ) ) ;
#4544 = LINE ( 'NONE', #6957, #1397 ) ;
#4545 = CARTESIAN_POINT ( 'NONE',  ( 0.5698764474935598123, 0.03360043246329480482, 0.4390000000000000013 ) ) ;
#4546 = CARTESIAN_POINT ( 'NONE',  ( 0.5771781301858674995, 0.07975427861714096123, 0.4390000000000000013 ) ) ;
#4547 = FILL_AREA_STYLE_COLOUR ( '', #959 ) ;
#4548 = DIRECTION ( 'NONE',  ( -1.000000000000000000, 0.000000000000000000, 0.000000000000000000 ) ) ;
#4549 = FACE_OUTER_BOUND ( 'NONE', #2090, .T. ) ;
#4550 = CARTESIAN_POINT ( 'NONE',  ( 1.500000000000000000, 0.5000000000000003331, 0.1500000000000000222 ) ) ;
#4551 = CARTESIAN_POINT ( 'NONE',  ( 0.3635062445566181744, 0.1639419161735108099, 0.4400000000000000022 ) ) ;
#4552 = ADVANCED_FACE ( 'NONE', ( #5548 ), #6941, .F. ) ;
#4553 = B_SPLINE_SURFACE_WITH_KNOTS ( 'NONE', 3, 1, ( 
 ( #3225, #3810 ),
 ( #6011, #8308 ),
 ( #5337, #7508 ),
 ( #235, #4527 ),
 ( #103, #955 ),
 ( #3956, #3045 ),
 ( #4664, #5252 ),
 ( #8265, #2324 ),
 ( #7428, #1721 ),
 ( #6779, #7598 ),
 ( #9048, #3907 ),
 ( #6733, #3179 ),
 ( #1678, #8179 ),
 ( #1592, #143 ),
 ( #6829, #3086 ) ),
 .UNSPECIFIED., .F., .F., .F.,
 ( 4, 1, 1, 1, 1, 1, 1, 1, 1, 1, 1, 1, 4 ),
 ( 2, 2 ),
 ( 0.000000000000000000, 0.09846943102555777427, 0.1896291011376333990, 0.2741840894379718452, 0.3521831609671539631, 0.4231988731834699369, 0.4885509460005340032, 0.5484733460279384021, 0.6014401636178743349, 0.7011980824257678657, 0.7995918021381864804, 0.8985450984822305198, 1.000000000000000000 ),
 ( 0.000000000000000000, 1.000000000000000000 ),
 .UNSPECIFIED. ) ;
#4554 = ORIENTED_EDGE ( 'NONE', *, *, #9426, .F. ) ;
#4555 = UNCERTAINTY_MEASURE_WITH_UNIT (LENGTH_MEASURE( 1.000000000000000082E-05 ), #2084, 'distance_accuracy_value', 'NONE');
#4556 = ORIENTED_EDGE ( 'NONE', *, *, #1236, .T. ) ;
#4557 = CARTESIAN_POINT ( 'NONE',  ( 0.3705306605954249988, 0.1394338578758100577, 0.4389999999999998903 ) ) ;
#4558 = CARTESIAN_POINT ( 'NONE',  ( -1.018374754429517193, -0.1473190386905513238, 0.4400000000000000022 ) ) ;
#4559 = FACE_OUTER_BOUND ( 'NONE', #5096, .T. ) ;
#4560 = CARTESIAN_POINT ( 'NONE',  ( 0.000000000000000000, 0.000000000000000000, 0.000000000000000000 ) ) ;
#4561 = CARTESIAN_POINT ( 'NONE',  ( 1.024563947493559946, -0.1042300963828590582, 0.4400000000000000577 ) ) ;
#4562 = LINE ( 'NONE', #7497, #4814 ) ;
#4563 = B_SPLINE_SURFACE_WITH_KNOTS ( 'NONE', 3, 1, ( 
 ( #7486, #6710 ),
 ( #6029, #3975 ),
 ( #7617, #1652 ),
 ( #2433, #1027 ),
 ( #2531, #8150 ),
 ( #5354, #979 ),
 ( #4501, #8281 ),
 ( #3784, #885 ),
 ( #118, #2343 ),
 ( #8239, #3928 ),
 ( #6902, #1697 ),
 ( #5268, #6803 ),
 ( #8196, #1606 ),
 ( #3829, #4543 ),
 ( #6749, #208 ) ),
 .UNSPECIFIED., .F., .F., .F.,
 ( 4, 1, 1, 1, 1, 1, 1, 1, 1, 1, 1, 1, 4 ),
 ( 2, 2 ),
 ( 0.000000000000000000, 0.09870219630615245654, 0.1956723088106643860, 0.2924224265079541918, 0.3913425437998252487, 0.4444624406718920007, 0.5042287754493164353, 0.5703523379946785488, 0.6425457530977481957, 0.7222875053440187543, 0.8079211226827124337, 0.9004695379850152781, 1.000000000000000000 ),
 ( 0.000000000000000000, 1.000000000000000000 ),
 .UNSPECIFIED. ) ;
#4564 = DIRECTION ( 'NONE',  ( -0.000000000000000000, -0.000000000000000000, 1.000000000000000000 ) ) ;
#4565 = LINE ( 'NONE', #775, #6150 ) ;
#4566 = VERTEX_POINT ( 'NONE', #3962 ) ;
#4567 = SURFACE_STYLE_FILL_AREA ( #331 ) ;
#4568 = ORIENTED_EDGE ( 'NONE', *, *, #7680, .T. ) ;
#4569 = CARTESIAN_POINT ( 'NONE',  ( 0.8299728639664920582, 0.1295708469336070701, 0.4390000000000000568 ) ) ;
#4570 = ADVANCED_FACE ( 'NONE', ( #8417 ), #7978, .T. ) ;
#4571 = CARTESIAN_POINT ( 'NONE',  ( -1.000728470350125576, -0.1658409021771375946, 0.4399999999999998357 ) ) ;
#4572 = CARTESIAN_POINT ( 'NONE',  ( 1.019570331933381535, -0.1393830286234709337, 0.4389999999999999458 ) ) ;
#4573 = CARTESIAN_POINT ( 'NONE',  ( -0.5311549268881322616, -0.1374642500491515262, 0.4389999999999997793 ) ) ;
#4574 = CARTESIAN_POINT ( 'NONE',  ( 0.8916437684873053104, 0.008918299979704568531, 0.4389999999999999458 ) ) ;
#4575 = CARTESIAN_POINT ( 'NONE',  ( 1.003763052146930512, -0.03863916187604644198, 0.4400000000000001132 ) ) ;
#4576 = EDGE_CURVE ( 'NONE', #4440, #3838, #3185, .T. ) ;
#4577 = ORIENTED_EDGE ( 'NONE', *, *, #6691, .F. ) ;
#4578 = ADVANCED_FACE ( 'NONE', ( #5340 ), #7183, .T. ) ;
#4579 = ORIENTED_EDGE ( 'NONE', *, *, #4879, .T. ) ;
#4580 = CARTESIAN_POINT ( 'NONE',  ( 0.09021176826490889811, 0.1024196564949784866, 0.4399999999999997802 ) ) ;
#4581 = CARTESIAN_POINT ( 'NONE',  ( 0.9451982963174611063, 0.2381198594639993282, 0.4390000000000000013 ) ) ;
#4582 = CARTESIAN_POINT ( 'NONE',  ( 0.8427750760038426048, -0.1611520911732861050, 0.4400000000000000022 ) ) ;
#4583 = ORIENTED_EDGE ( 'NONE', *, *, #7127, .F. ) ;
#4584 = CARTESIAN_POINT ( 'NONE',  ( -0.8027642401619667911, 0.2456807763720920135, 0.4390000000000000013 ) ) ;
#4585 = DIRECTION ( 'NONE',  ( -0.000000000000000000, -0.000000000000000000, 1.000000000000000000 ) ) ;
#4586 = MECHANICAL_DESIGN_GEOMETRIC_PRESENTATION_REPRESENTATION (  '', ( #5071 ), #8598 ) ;
#4587 = ORIENTED_EDGE ( 'NONE', *, *, #3541, .T. ) ;
#4588 = CARTESIAN_POINT ( 'NONE',  ( -0.7599693688040062289, -0.2165234898516969209, 0.4400000000000000577 ) ) ;
#4589 = CARTESIAN_POINT ( 'NONE',  ( 0.9822863032627905389, 0.1432158170786793916, 0.4390000000000000013 ) ) ;
#4590 = CARTESIAN_POINT ( 'NONE',  ( -0.02354449169452467461, -0.03674141666169657150, 0.4400000000000000022 ) ) ;
#4591 = CARTESIAN_POINT ( 'NONE',  ( 0.5117245112440322874, 0.02459239930974119887, 0.4400000000000000022 ) ) ;
#4592 = CARTESIAN_POINT ( 'NONE',  ( 0.8566193014842419240, -0.2204362943121900009, 0.4400000000000000577 ) ) ;
#4593 = CARTESIAN_POINT ( 'NONE',  ( -0.008325113252065403577, -0.08047591187978772598, 0.4389999999999999458 ) ) ;
#4594 = PRESENTATION_STYLE_ASSIGNMENT (( #8244 ) ) ;
#4595 = PRESENTATION_STYLE_ASSIGNMENT (( #3109 ) ) ;
#4596 = CARTESIAN_POINT ( 'NONE',  ( -0.5527798025064402099, -0.1048611059982436505, 0.4390000000000000013 ) ) ;
#4597 = CARTESIAN_POINT ( 'NONE',  ( 0.2513334644089655345, 0.2467194706191512821, 0.4399999999999998912 ) ) ;
#4598 = ORIENTED_EDGE ( 'NONE', *, *, #2989, .F. ) ;
#4599 = VERTEX_POINT ( 'NONE', #5745 ) ;
#4600 = CARTESIAN_POINT ( 'NONE',  ( 0.2654842948386222368, 0.2447701954276504110, 0.4390000000000000568 ) ) ;
#4601 = CARTESIAN_POINT ( 'NONE',  ( 1.600000000000000089, 1.250000000000000000, 0.1500000000000000222 ) ) ;
#4602 = B_SPLINE_CURVE_WITH_KNOTS ( 'NONE', 3,
 ( #777, #8679, #7195, #4344, #4300, #8083, #594, #9401, #2904, #6457, #1455 ),
 .UNSPECIFIED., .F., .F.,
 ( 4, 1, 1, 1, 1, 1, 1, 1, 4 ),
 ( 0.000000000000000000, 0.1430730837303666458, 0.2759029640930102945, 0.4023708562739976569, 0.5284136450935943419, 0.6503563791869519939, 0.7658950861246937025, 0.8807741308440216743, 1.000000000000000000 ),
 .UNSPECIFIED. ) ;
#4603 = CARTESIAN_POINT ( 'NONE',  ( 0.7882130140629413084, 0.1329349080182208875, 0.4400000000000000577 ) ) ;
#4604 = FACE_OUTER_BOUND ( 'NONE', #9258, .T. ) ;
#4605 = MECHANICAL_DESIGN_GEOMETRIC_PRESENTATION_REPRESENTATION (  '', ( #3846 ), #2940 ) ;
#4606 = CARTESIAN_POINT ( 'NONE',  ( 0.5293747720418091607, -0.1743371086953518223, 0.4400000000000000577 ) ) ;
#4607 = CARTESIAN_POINT ( 'NONE',  ( 0.6448919787323050823, -0.1473737060432816215, 0.4400000000000001132 ) ) ;
#4608 = CARTESIAN_POINT ( 'NONE',  ( -0.3312052832756709475, 0.1708900959248332574, 0.4400000000000000022 ) ) ;
#4609 = SURFACE_STYLE_USAGE ( .BOTH. , #3080 ) ;
#4610 = CARTESIAN_POINT ( 'NONE',  ( 0.8392174697982378584, 0.04847397028318149032, 0.4400000000000001132 ) ) ;
#4611 = VECTOR ( 'NONE', #1522, 1000.000000000000000 ) ;
#4612 = EDGE_LOOP ( 'NONE', ( #9092, #8455, #7300, #2057 ) ) ;
#4613 = CARTESIAN_POINT ( 'NONE',  ( -0.5478900806132052104, 0.08953383220155726463, 0.4390000000000001124 ) ) ;
#4614 = AXIS2_PLACEMENT_3D ( 'NONE', #996, #1044, #1764 ) ;
#4615 = B_SPLINE_CURVE_WITH_KNOTS ( 'NONE', 3,
 ( #1590, #3084, #5293, #8221, #5966, #2909, #8778, #2193, #5883, #820, #7506, #2238, #3001, #8177, #8952, #2370, #782, #5169, #2279 ),
 .UNSPECIFIED., .F., .F.,
 ( 4, 1, 1, 1, 1, 1, 1, 1, 1, 1, 1, 1, 1, 1, 1, 1, 4 ),
 ( 0.000000000000000000, 0.06148425519689046381, 0.1217745277022104639, 0.1809195598139319572, 0.2402561150782713817, 0.3001144444023517432, 0.3611459476126113732, 0.4235005824125858132, 0.4886693612807191389, 0.5539541046535623181, 0.6175812610152620064, 0.6802384268167395165, 0.7421873887724537155, 0.8046632117692936736, 0.8682589893126629876, 0.9330202571803759559, 1.000000000000000000 ),
 .UNSPECIFIED. ) ;
#4616 = CARTESIAN_POINT ( 'NONE',  ( -0.8884060809744461773, -0.2211469696951000041, 0.4399999999999998912 ) ) ;
#4617 = EDGE_CURVE ( 'NONE', #5363, #9175, #8730, .T. ) ;
#4618 = CARTESIAN_POINT ( 'NONE',  ( 0.9959344901715613263, -0.1807663367254274678, 0.4390000000000000568 ) ) ;
#4619 = AXIS2_PLACEMENT_3D ( 'NONE', #1903, #3448, #7918 ) ;
#4620 = CARTESIAN_POINT ( 'NONE',  ( -0.9372114490132834597, 0.1755390623851807719, 0.4400000000000000577 ) ) ;
#4621 = CARTESIAN_POINT ( 'NONE',  ( -0.08062111261944968077, 0.001845205338841217173, 0.4390000000000000568 ) ) ;
#4622 = LINE ( 'NONE', #6784, #6730 ) ;
#4623 = VERTEX_POINT ( 'NONE', #9354 ) ;
#4624 = ORIENTED_EDGE ( 'NONE', *, *, #1034, .T. ) ;
#4625 = CARTESIAN_POINT ( 'NONE',  ( 0.1075930121291201746, 0.1700132488962577404, 0.4399999999999999467 ) ) ;
#4626 = FACE_OUTER_BOUND ( 'NONE', #5518, .T. ) ;
#4627 = B_SPLINE_CURVE_WITH_KNOTS ( 'NONE', 3,
 ( #1890, #8637, #3288, #1837, #4883, #7756, #7803, #7701, #1225, #9360, #4072, #6999, #4164, #3340, #4120 ),
 .UNSPECIFIED., .F., .F.,
 ( 4, 1, 1, 1, 1, 1, 1, 1, 1, 1, 1, 1, 4 ),
 ( 0.000000000000000000, 0.07964825118022787753, 0.1589216764181125285, 0.2396194947370318129, 0.3226094298185612774, 0.4060346366179242161, 0.4876020954923880879, 0.5696846265959313316, 0.6530361450088344455, 0.7374357177222882198, 0.8224778158555104968, 0.9097476551184079385, 1.000000000000000000 ),
 .UNSPECIFIED. ) ;
#4628 = PLANE ( 'NONE',  #4952 ) ;
#4629 = FACE_OUTER_BOUND ( 'NONE', #2334, .T. ) ;
#4630 = EDGE_LOOP ( 'NONE', ( #1076, #1962, #8605, #9367 ) ) ;
#4631 = CARTESIAN_POINT ( 'NONE',  ( 0.7184603420173722998, -0.05186135800708478738, 0.4389999999999999458 ) ) ;
#4632 = ORIENTED_EDGE ( 'NONE', *, *, #108, .T. ) ;
#4633 = PLANE ( 'NONE',  #6545 ) ;
#4634 = CARTESIAN_POINT ( 'NONE',  ( -0.3954727650497736891, -0.04338554627878805914, 0.4399999999999998912 ) ) ;
#4635 = EDGE_CURVE ( 'NONE', #8988, #4065, #6362, .T. ) ;
#4636 = CARTESIAN_POINT ( 'NONE',  ( -0.4135074368062525152, -0.02619844223432353861, 0.4400000000000000577 ) ) ;
#4637 = LINE ( 'NONE', #7570, #677 ) ;
#4638 = CARTESIAN_POINT ( 'NONE',  ( -0.2225773935154087557, -0.1221182143751790433, 0.4389999999999999458 ) ) ;
#4639 = DIRECTION ( 'NONE',  ( -1.000000000000000000, 0.000000000000000000, 0.000000000000000000 ) ) ;
#4640 = CARTESIAN_POINT ( 'NONE',  ( 0.5241733224935598567, 0.07101028823252558686, 0.4390000000000000013 ) ) ;
#4641 = MECHANICAL_DESIGN_GEOMETRIC_PRESENTATION_REPRESENTATION (  '', ( #6495 ), #6802 ) ;
#4642 = CARTESIAN_POINT ( 'NONE',  ( -0.008717640342911364693, -0.07211100224635529077, 0.4399999999999997802 ) ) ;
#4643 = CARTESIAN_POINT ( 'NONE',  ( -0.4909474131419350740, 0.08491489590235935803, 0.4399999999999999467 ) ) ;
#4644 = ADVANCED_FACE ( 'NONE', ( #7798 ), #7256, .T. ) ;
#4645 = CARTESIAN_POINT ( 'NONE',  ( -1.600000000000000089, -1.250000000000000000, 0.1500000000000000222 ) ) ;
#4646 = CARTESIAN_POINT ( 'NONE',  ( -0.3762140061006499780, 0.2208475868678975440, 0.4390000000000000568 ) ) ;
#4647 = ORIENTED_EDGE ( 'NONE', *, *, #344, .F. ) ;
#4648 = CARTESIAN_POINT ( 'NONE',  ( 0.3580821142861806972, 0.1754655420911335195, 0.4389999999999999458 ) ) ;
#4649 = CARTESIAN_POINT ( 'NONE',  ( -1.074949244618161215, -0.009713813564542869011, 0.4400000000000000577 ) ) ;
#4650 = CARTESIAN_POINT ( 'NONE',  ( 0.9836044418202189998, -0.09223595177155922975, 0.4389999999999999458 ) ) ;
#4651 = FILL_AREA_STYLE_COLOUR ( '', #3552 ) ;
#4652 = CARTESIAN_POINT ( 'NONE',  ( 0.9090511151807095791, -0.2257380525320007714, 0.4400000000000001688 ) ) ;
#4653 = CARTESIAN_POINT ( 'NONE',  ( -0.5193196212248269994, 0.05574759089130836703, 0.4399999999999999467 ) ) ;
#4654 = DIRECTION ( 'NONE',  ( 0.000000000000000000, 0.000000000000000000, -1.000000000000000000 ) ) ;
#4655 = CARTESIAN_POINT ( 'NONE',  ( -0.1786518612839030351, 0.2354997013322681909, 0.4399999999999998912 ) ) ;
#4656 = VECTOR ( 'NONE', #1388, 1000.000000000000000 ) ;
#4657 = CARTESIAN_POINT ( 'NONE',  ( -0.2551111981881140078, 0.1362072463370522513, 0.4389999999999999458 ) ) ;
#4658 = CARTESIAN_POINT ( 'NONE',  ( 0.8604682028810802796, 0.03171495692889657325, 0.4399999999999997802 ) ) ;
#4659 = AXIS2_PLACEMENT_3D ( 'NONE', #4189, #8559, #5015 ) ;
#4660 = EDGE_LOOP ( 'NONE', ( #3987, #7971, #7380, #3761 ) ) ;
#4661 = CARTESIAN_POINT ( 'NONE',  ( -0.5605666634764585599, 0.1239145142156437562, 0.4400000000000000022 ) ) ;
#4662 = MECHANICAL_DESIGN_GEOMETRIC_PRESENTATION_REPRESENTATION (  '', ( #9117 ), #3283 ) ;
#4663 = CARTESIAN_POINT ( 'NONE',  ( 0.3724231653460781666, 0.1070203537322457210, 0.4390000000000000013 ) ) ;
#4664 = CARTESIAN_POINT ( 'NONE',  ( 0.9517522404031014682, 0.1777477113840580381, 0.4390000000000000013 ) ) ;
#4665 = AXIS2_PLACEMENT_3D ( 'NONE', #6764, #174, #6815 ) ;
#4666 = CARTESIAN_POINT ( 'NONE',  ( -3.083648562310152328E-16, 1.143933982822019857, -0.1499999999999999667 ) ) ;
#4667 = CARTESIAN_POINT ( 'NONE',  ( 0.4985178597219538377, 0.02064339208645456572, 0.4400000000000000577 ) ) ;
#4668 = CARTESIAN_POINT ( 'NONE',  ( 0.5407876990430418029, -0.1773908980462809426, 0.4390000000000000013 ) ) ;
#4669 = CARTESIAN_POINT ( 'NONE',  ( 1.250000000000000000, 1.074999999999999956, 0.4149999999999999800 ) ) ;
#4670 = CARTESIAN_POINT ( 'NONE',  ( 1.250000000000000000, 0.9000000000000000222, 0.4149999999999999800 ) ) ;
#4671 = EDGE_CURVE ( 'NONE', #6929, #7113, #2770, .T. ) ;
#4672 = ADVANCED_FACE ( 'NONE', ( #1938 ), #1315, .T. ) ;
#4673 = ORIENTED_EDGE ( 'NONE', *, *, #866, .T. ) ;
#4674 = ORIENTED_EDGE ( 'NONE', *, *, #3369, .T. ) ;
#4675 = CARTESIAN_POINT ( 'NONE',  ( -0.5113759163343173375, 0.1082629250515281943, 0.4400000000000001132 ) ) ;
#4676 = LINE ( 'NONE', #498, #9298 ) ;
#4677 = PRESENTATION_STYLE_ASSIGNMENT (( #6219 ) ) ;
#4678 = CARTESIAN_POINT ( 'NONE',  ( -0.4510971101987478749, 0.2470619709248333407, 0.4390000000000000568 ) ) ;
#4679 = ORIENTED_EDGE ( 'NONE', *, *, #652, .T. ) ;
#4680 = CARTESIAN_POINT ( 'NONE',  ( -1.500000000000000000, 1.051238207896990628, -0.1499999999999999667 ) ) ;
#4681 = PRESENTATION_LAYER_ASSIGNMENT (  '', '', ( #82 ) ) ;
#4682 = DIRECTION ( 'NONE',  ( 1.000000000000000000, -1.212843670024533951E-16, 0.000000000000000000 ) ) ;
#4683 = CARTESIAN_POINT ( 'NONE',  ( 3.650918128422379373E-16, 0.5000000000000000000, -0.1499999999999999667 ) ) ;
#4684 = DIRECTION ( 'NONE',  ( 0.2009441437213313475, 0.9796027006414900207, 0.000000000000000000 ) ) ;
#4685 = AXIS2_PLACEMENT_3D ( 'NONE', #9353, #3383, #1885 ) ;
#4686 = CARTESIAN_POINT ( 'NONE',  ( -0.1097253343086152244, 0.007379855027035813961, 0.4399999999999998912 ) ) ;
#4687 = CARTESIAN_POINT ( 'NONE',  ( -0.3747759373546838968, -0.06987838024578865714, 0.4400000000000000022 ) ) ;
#4688 = EDGE_CURVE ( 'NONE', #182, #4566, #6572, .T. ) ;
#4689 = VECTOR ( 'NONE', #3531, 1000.000000000000000 ) ;
#4690 = CARTESIAN_POINT ( 'NONE',  ( 0.1701365853557542385, 0.1800797843855413416, 0.4399999999999999467 ) ) ;
#4691 = CARTESIAN_POINT ( 'NONE',  ( 0.1701365853557542385, 0.1800797843855413416, 0.4389999999999999458 ) ) ;
#4692 = CARTESIAN_POINT ( 'NONE',  ( -0.4314456678910555398, 0.04099225938637172939, 0.4390000000000000013 ) ) ;
#4693 = CARTESIAN_POINT ( 'NONE',  ( -1.600000000000000089, 1.250000000000000000, -0.2810000000000000275 ) ) ;
#4694 = CARTESIAN_POINT ( 'NONE',  ( -0.8330382159679786680, -0.1798611059982436478, 0.4400000000000000022 ) ) ;
#4695 = CARTESIAN_POINT ( 'NONE',  ( -0.6962914471551641116, 0.1511116851005372685, 0.4400000000000000022 ) ) ;
#4696 = ORIENTED_EDGE ( 'NONE', *, *, #6055, .F. ) ;
#4697 = VERTEX_POINT ( 'NONE', #6006 ) ;
#4698 = CARTESIAN_POINT ( 'NONE',  ( 0.8209673079695651854, -0.2034613254343790867, 0.4390000000000000013 ) ) ;
#4699 =( NAMED_UNIT ( * ) SI_UNIT ( $, .STERADIAN. ) SOLID_ANGLE_UNIT ( ) );
#4700 = EDGE_CURVE ( 'NONE', #3220, #6642, #5873, .T. ) ;
#4701 = CARTESIAN_POINT ( 'NONE',  ( 0.8072741200894489877, 0.08139206477428051478, 0.4389999999999998903 ) ) ;
#4702 = CARTESIAN_POINT ( 'NONE',  ( 0.6619600810861856477, -0.008621549366472002970, 0.4400000000000001132 ) ) ;
#4703 = CARTESIAN_POINT ( 'NONE',  ( 0.4999822689364689654, -0.2124306162002987108, 0.4390000000000000013 ) ) ;
#4704 = CARTESIAN_POINT ( 'NONE',  ( -0.04116829725080021346, 0.1632902057792744444, 0.4399999999999999467 ) ) ;
#4705 = CARTESIAN_POINT ( 'NONE',  ( 0.6768057961030105041, -0.04472617807213110502, 0.4390000000000000013 ) ) ;
#4706 = CARTESIAN_POINT ( 'NONE',  ( -1.028784328985340002, 0.06111036129029265990, 0.4400000000000003908 ) ) ;
#4707 = COLOUR_RGB ( '',0.9686274509803921573, 0.8784313725490195957, 0.5999999999999999778 ) ;
#4708 = VERTEX_POINT ( 'NONE', #3806 ) ;
#4709 = ORIENTED_EDGE ( 'NONE', *, *, #4068, .T. ) ;
#4710 = CARTESIAN_POINT ( 'NONE',  ( -0.5478900806132052104, 0.08953383220155726463, 0.4400000000000001132 ) ) ;
#4711 = CARTESIAN_POINT ( 'NONE',  ( 0.3263150960818940738, 0.002456964899694260348, 0.4390000000000000013 ) ) ;
#4712 = CARTESIAN_POINT ( 'NONE',  ( -1.600000000000000089, 1.100000000000000089, 0.1500000000000000222 ) ) ;
#4713 = FILL_AREA_STYLE ('',( #1211 ) ) ;
#4714 = CARTESIAN_POINT ( 'NONE',  ( 1.012063343228134071, -0.05262530128274758856, 0.4399999999999998357 ) ) ;
#4715 = CARTESIAN_POINT ( 'NONE',  ( 0.8234696545019253300, 0.06221446878101587197, 0.4390000000000000013 ) ) ;
#4716 = B_SPLINE_SURFACE_WITH_KNOTS ( 'NONE', 3, 1, ( 
 ( #1164, #441 ),
 ( #5234, #4921 ),
 ( #7843, #5689 ),
 ( #3524, #6633 ),
 ( #9349, #5957 ),
 ( #7192, #8896 ),
 ( #8159, #1984 ),
 ( #1259, #8622 ),
 ( #4199, #592 ),
 ( #2307, #1573 ),
 ( #126, #1528 ),
 ( #7364, #6717 ),
 ( #2041, #7136 ),
 ( #3029, #539 ),
 ( #6675, #2764 ),
 ( #4510, #7453 ),
 ( #807, #4466 ),
 ( #849, #3477 ),
 ( #6407, #4972 ),
 ( #6588, #44 ),
 ( #7898, #3791 ),
 ( #3069, #5992 ),
 ( #1311, #4249 ),
 ( #9530, #2939 ),
 ( #5197, #5866 ),
 ( #8806, #2220 ),
 ( #5154, #2984 ) ),
 .UNSPECIFIED., .F., .F., .F.,
 ( 4, 1, 1, 1, 1, 1, 1, 1, 1, 1, 1, 1, 1, 1, 1, 1, 1, 1, 1, 1, 1, 1, 1, 1, 4 ),
 ( 2, 2 ),
 ( 0.000000000000000000, 0.04401447057614002456, 0.08743412366770562938, 0.1301183986578981211, 0.1725536945581825077, 0.2145547559681395267, 0.2562980920971309473, 0.2984382251332501901, 0.3408490025880959728, 0.3827151889670273310, 0.4239240454075321463, 0.4642462432504176895, 0.5040736714617960468, 0.5438619058684912577, 0.5835667249796537837, 0.6230943188523339060, 0.6632290607685845663, 0.7035512586114702760, 0.7439378946861849862, 0.7845412548000925135, 0.8257501112405973842, 0.8677573633885063975, 0.9107451640323098729, 0.9549144468914780859, 1.000000000000000000 ),
 ( 0.000000000000000000, 1.000000000000000000 ),
 .UNSPECIFIED. ) ;
#4717 = B_SPLINE_CURVE_WITH_KNOTS ( 'NONE', 3,
 ( #2905, #6645, #6601, #7, #7239, #2275, #5880 ),
 .UNSPECIFIED., .F., .F.,
 ( 4, 1, 1, 1, 4 ),
 ( 0.000000000000000000, 0.2347233736739013366, 0.4771583189289866911, 0.7285562842030531838, 0.9999999999999998890 ),
 .UNSPECIFIED. ) ;
#4718 = CARTESIAN_POINT ( 'NONE',  ( -0.3462369478530697986, -0.03863916187604664321, 0.4389999999999999458 ) ) ;
#4719 = VERTEX_POINT ( 'NONE', #4346 ) ;
#4720 = CARTESIAN_POINT ( 'NONE',  ( -0.2265461713530396992, -0.1132264646748479958, 0.4400000000000001688 ) ) ;
#4721 = CARTESIAN_POINT ( 'NONE',  ( -0.3989824773057674689, -0.1640466388733193837, 0.4400000000000000022 ) ) ;
#4722 = CARTESIAN_POINT ( 'NONE',  ( -0.3276114254028590911, -0.1279876310926765237, 0.4399999999999998912 ) ) ;
#4723 = CARTESIAN_POINT ( 'NONE',  ( 1.250000000000000000, -1.100000000000000089, 0.3049999999999999933 ) ) ;
#4724 = CARTESIAN_POINT ( 'NONE',  ( 0.5999999999999999778, 0.4999999999999998890, 0.1500000000000000222 ) ) ;
#4725 = ORIENTED_EDGE ( 'NONE', *, *, #6979, .F. ) ;
#4726 = DIRECTION ( 'NONE',  ( -0.000000000000000000, -0.000000000000000000, 1.000000000000000000 ) ) ;
#4727 = CARTESIAN_POINT ( 'NONE',  ( -1.377499999999999947, -1.250000000000000000, 0.1500000000000000222 ) ) ;
#4728 = B_SPLINE_CURVE_WITH_KNOTS ( 'NONE', 3,
 ( #5253, #2284, #5296, #4573, #7509, #911, #3859, #3133, #237, #3180, #6110 ),
 .UNSPECIFIED., .F., .F.,
 ( 4, 1, 1, 1, 1, 1, 1, 1, 4 ),
 ( 0.000000000000000000, 0.1590042985173777124, 0.3046460998968144596, 0.4385469045795921117, 0.5623222987759274316, 0.6774325425257313738, 0.7868973929387540478, 0.8936108891042671143, 1.000000000000000000 ),
 .UNSPECIFIED. ) ;
#4729 = VERTEX_POINT ( 'NONE', #5206 ) ;
#4730 = B_SPLINE_CURVE_WITH_KNOTS ( 'NONE', 3,
 ( #23, #5804, #3543, #4359, #8741, #7348, #5216, #8878, #1513, #3010, #1376, #2967, #5133, #1471, #2249 ),
 .UNSPECIFIED., .F., .F.,
 ( 4, 1, 1, 1, 1, 1, 1, 1, 1, 1, 1, 1, 4 ),
 ( 0.000000000000000000, 0.1227119423657787589, 0.2396849640167730833, 0.3518158552560944341, 0.4637661328620821255, 0.5208177931608302114, 0.5794482914480039160, 0.6406041451203193793, 0.7052975118059829907, 0.7736338807131351025, 0.8446693818863786341, 0.9200565080211454694, 1.000000000000000000 ),
 .UNSPECIFIED. ) ;
#4731 = CARTESIAN_POINT ( 'NONE',  ( 0.9193007442549017139, -0.1774401233779249465, 0.4389999999999998903 ) ) ;
#4732 = UNCERTAINTY_MEASURE_WITH_UNIT (LENGTH_MEASURE( 1.000000000000000082E-05 ), #2011, 'distance_accuracy_value', 'NONE');
#4733 = CARTESIAN_POINT ( 'NONE',  ( -0.03136456552196564829, 0.1373503930806933560, 0.4390000000000000568 ) ) ;
#4734 = CARTESIAN_POINT ( 'NONE',  ( -0.6777537670949387305, -0.1108359379831116015, 0.4399999999999999467 ) ) ;
#4735 = CARTESIAN_POINT ( 'NONE',  ( 0.1303331782627906443, 0.09706197092483324906, 0.4400000000000000022 ) ) ;
#4736 = CARTESIAN_POINT ( 'NONE',  ( 0.1627596037827623299, 0.1736974271438783968, 0.4390000000000000568 ) ) ;
#4737 = EDGE_CURVE ( 'NONE', #2694, #3000, #734, .T. ) ;
#4738 = CARTESIAN_POINT ( 'NONE',  ( -1.075236099049102778, 0.02123196467684392713, 0.4390000000000000568 ) ) ;
#4739 = PRODUCT_RELATED_PRODUCT_CATEGORY ( 'part', '', ( #8162 ) ) ;
#4740 = FILL_AREA_STYLE_COLOUR ( '', #4289 ) ;
#4741 = CARTESIAN_POINT ( 'NONE',  ( -0.7870436614209322945, -0.1755961408165312709, 0.4400000000000000022 ) ) ;
#4742 = CARTESIAN_POINT ( 'NONE',  ( -0.6798393384583004684, 0.1348802100565603956, 0.4400000000000000577 ) ) ;
#4743 = ADVANCED_FACE ( 'NONE', ( #817 ), #27, .T. ) ;
#4744 = EDGE_LOOP ( 'NONE', ( #6847, #8877, #9054, #6260 ) ) ;
#4745 = ORIENTED_EDGE ( 'NONE', *, *, #7472, .F. ) ;
#4746 = CARTESIAN_POINT ( 'NONE',  ( -0.1821322911888546281, -0.1662938772315489255, 0.4390000000000001124 ) ) ;
#4747 = CARTESIAN_POINT ( 'NONE',  ( -1.074949244618161215, -0.009713813564542869011, 0.4390000000000000568 ) ) ;
#4748 = LINE ( 'NONE', #3313, #1744 ) ;
#4749 = DIRECTION ( 'NONE',  ( 1.000000000000000000, 0.000000000000000000, 0.000000000000000000 ) ) ;
#4750 = SURFACE_SIDE_STYLE ('',( #946 ) ) ;
#4751 = CARTESIAN_POINT ( 'NONE',  ( 0.9217629094803665435, -0.2239694611288361448, 0.4389999999999998903 ) ) ;
#4752 = CARTESIAN_POINT ( 'NONE',  ( -0.5322310171246468213, 0.06804949803551910148, 0.4389999999999998903 ) ) ;
#4753 = CARTESIAN_POINT ( 'NONE',  ( 0.5113442885557141215, -0.2173661255176127516, 0.4390000000000000568 ) ) ;
#4754 = CARTESIAN_POINT ( 'NONE',  ( -0.09428850529917975898, 0.1980698410133681919, 0.4389999999999999458 ) ) ;
#4755 = DIRECTION ( 'NONE',  ( 0.000000000000000000, -0.000000000000000000, -1.000000000000000000 ) ) ;
#4756 = EDGE_CURVE ( 'NONE', #1319, #5725, #4850, .T. ) ;
#4757 = ADVANCED_FACE ( 'NONE', ( #6774 ), #6149, .T. ) ;
#4758 = CARTESIAN_POINT ( 'NONE',  ( -1.034896698438085405, 0.02326314556866143635, 0.4400000000000003908 ) ) ;
#4759 = ORIENTED_EDGE ( 'NONE', *, *, #8037, .F. ) ;
#4760 = VERTEX_POINT ( 'NONE', #1819 ) ;
#4761 = CARTESIAN_POINT ( 'NONE',  ( -0.5557202728190854257, 0.1064177203410478778, 0.4400000000000000022 ) ) ;
#4762 = PRESENTATION_LAYER_ASSIGNMENT (  '', '', ( #9388 ) ) ;
#4763 = CARTESIAN_POINT ( 'NONE',  ( -0.04337475442951722882, 0.03756677861714095151, 0.4399999999999999467 ) ) ;
#4764 = CARTESIAN_POINT ( 'NONE',  ( -0.5026426514411254098, -0.2172892544067776543, 0.4399999999999996692 ) ) ;
#4765 = SURFACE_STYLE_USAGE ( .BOTH. , #1777 ) ;
#4766 = ORIENTED_EDGE ( 'NONE', *, *, #1533, .T. ) ;
#4767 = CARTESIAN_POINT ( 'NONE',  ( 0.9217629094803665435, -0.2239694611288361448, 0.4399999999999998912 ) ) ;
#4768 = CARTESIAN_POINT ( 'NONE',  ( 0.8131757263397135782, 0.07353432669406401168, 0.4390000000000000013 ) ) ;
#4769 = CARTESIAN_POINT ( 'NONE',  ( 0.9451982963174611063, 0.2381198594639993282, 0.4390000000000000013 ) ) ;
#4770 = STYLED_ITEM ( 'NONE', ( #2651 ), #7244 ) ;
#4771 = VECTOR ( 'NONE', #8459, 1000.000000000000000 ) ;
#4772 = EDGE_LOOP ( 'NONE', ( #1707, #3233, #7233, #4679 ) ) ;
#4773 = CARTESIAN_POINT ( 'NONE',  ( 0.8099794920528544662, 0.2068196935808352399, 0.4400000000000000022 ) ) ;
#4774 = EDGE_LOOP ( 'NONE', ( #9355, #2021, #4554, #6489 ) ) ;
#4775 = CARTESIAN_POINT ( 'NONE',  ( 0.7591793321089442825, -0.1276675963828590443, 0.4390000000000000013 ) ) ;
#4776 = CARTESIAN_POINT ( 'NONE',  ( -0.3902901879053427558, -0.1573164160509511744, 0.4389999999999998903 ) ) ;
#4777 = VECTOR ( 'NONE', #2715, 1000.000000000000000 ) ;
#4778 = CARTESIAN_POINT ( 'NONE',  ( -0.4495889467357522262, -0.2259216218631636963, 0.4400000000000000022 ) ) ;
#4779 = ORIENTED_EDGE ( 'NONE', *, *, #6531, .T. ) ;
#4780 = LINE ( 'NONE', #4074, #199 ) ;
#4781 = ORIENTED_EDGE ( 'NONE', *, *, #6932, .T. ) ;
#4782 = CARTESIAN_POINT ( 'NONE',  ( 0.008538512990877510089, 0.1449579409350648385, 0.4390000000000001679 ) ) ;
#4783 = CARTESIAN_POINT ( 'NONE',  ( -0.4718053655626447407, 0.06997160733539463384, 0.4389999999999997793 ) ) ;
#4784 = ORIENTED_EDGE ( 'NONE', *, *, #4367, .T. ) ;
#4785 = ORIENTED_EDGE ( 'NONE', *, *, #5289, .F. ) ;
#4786 = FACE_OUTER_BOUND ( 'NONE', #4481, .T. ) ;
#4787 = CARTESIAN_POINT ( 'NONE',  ( -0.3677136967372094944, 0.1432158170786794193, 0.4390000000000000568 ) ) ;
#4788 = FACE_OUTER_BOUND ( 'NONE', #8119, .T. ) ;
#4789 = CARTESIAN_POINT ( 'NONE',  ( 0.2242000009658911552, 0.2006356513693491328, 0.4390000000000000013 ) ) ;
#4790 = CARTESIAN_POINT ( 'NONE',  ( 0.4892564909350453073, -0.2061928227223155385, 0.4400000000000000022 ) ) ;
#4791 = CARTESIAN_POINT ( 'NONE',  ( 0.8019749752490811234, 0.1955097817523507031, 0.4389999999999998903 ) ) ;
#4792 = CARTESIAN_POINT ( 'NONE',  ( -0.07181782350705422091, 0.07254155670535079869, 0.4390000000000001679 ) ) ;
#4793 = CARTESIAN_POINT ( 'NONE',  ( -0.1227016775064403153, -0.1798611059982436755, 0.4390000000000000568 ) ) ;
#4794 = B_SPLINE_SURFACE_WITH_KNOTS ( 'NONE', 3, 1, ( 
 ( #3787, #3744 ),
 ( #9485, #8069 ),
 ( #717, #2890 ),
 ( #8850, #673 ),
 ( #1524, #5910 ),
 ( #1570, #3656 ),
 ( #4329, #8025 ) ),
 .UNSPECIFIED., .F., .F., .F.,
 ( 4, 1, 1, 1, 4 ),
 ( 2, 2 ),
 ( 0.000000000000000000, 0.2750683690187422092, 0.5329014600899335541, 0.7739734595924439020, 1.000000000000000000 ),
 ( 0.000000000000000000, 1.000000000000000000 ),
 .UNSPECIFIED. ) ;
#4795 = ORIENTED_EDGE ( 'NONE', *, *, #2356, .T. ) ;
#4796 = ORIENTED_EDGE ( 'NONE', *, *, #5215, .T. ) ;
#4797 = CARTESIAN_POINT ( 'NONE',  ( 0.8383384184055377997, -0.2134143259298674211, 0.4399999999999998357 ) ) ;
#4798 = ADVANCED_FACE ( 'NONE', ( #6981 ), #3851, .T. ) ;
#4799 = ADVANCED_FACE ( 'NONE', ( #230 ), #9192, .T. ) ;
#4800 = CARTESIAN_POINT ( 'NONE',  ( 0.7184603420173722998, -0.05186135800708478738, 0.4399999999999999467 ) ) ;
#4801 = CARTESIAN_POINT ( 'NONE',  ( 0.3321745168902279222, 0.1127526287424868712, 0.4390000000000000013 ) ) ;
#4802 = CARTESIAN_POINT ( 'NONE',  ( 0.7977205984555734153, 0.09786825203988663846, 0.4389999999999998903 ) ) ;
#4803 = DIRECTION ( 'NONE',  ( -0.000000000000000000, -0.000000000000000000, 1.000000000000000000 ) ) ;
#4804 = SURFACE_STYLE_FILL_AREA ( #7542 ) ;
#4805 = CARTESIAN_POINT ( 'NONE',  ( -0.1980930731608860074, 0.1637577767676200724, 0.4399999999999999467 ) ) ;
#4806 = CARTESIAN_POINT ( 'NONE',  ( 0.3320683921221330714, 0.1047992554157380907, 0.4390000000000000013 ) ) ;
#4807 = CARTESIAN_POINT ( 'NONE',  ( -0.04559192408964100190, 0.1691643063572986216, 0.4390000000000000013 ) ) ;
#4808 = CARTESIAN_POINT ( 'NONE',  ( -0.2703938584693748592, -0.1089786182920703395, 0.4400000000000000022 ) ) ;
#4809 = AXIS2_PLACEMENT_3D ( 'NONE', #1785, #8421, #4118 ) ;
#4810 = CARTESIAN_POINT ( 'NONE',  ( -0.1512694545630138832, 0.1973194353215878272, 0.4390000000000000568 ) ) ;
#4811 = ORIENTED_EDGE ( 'NONE', *, *, #2698, .F. ) ;
#4812 = VERTEX_POINT ( 'NONE', #6054 ) ;
#4813 = CARTESIAN_POINT ( 'NONE',  ( 0.8438318919965007714, 0.1009315587940001341, 0.4400000000000000577 ) ) ;
#4814 = VECTOR ( 'NONE', #3847, 1000.000000000000000 ) ;
#4815 = CARTESIAN_POINT ( 'NONE',  ( -0.5999999999999999778, -2.020459614945045158E-16, -0.1499999999999999667 ) ) ;
#4816 = EDGE_CURVE ( 'NONE', #8563, #5363, #8355, .T. ) ;
#4817 = CARTESIAN_POINT ( 'NONE',  ( -0.5204418599473605855, -0.2087706857437766073, 0.4399999999999997247 ) ) ;
#4818 = LINE ( 'NONE', #285, #1301 ) ;
#4819 = CARTESIAN_POINT ( 'NONE',  ( -1.600000000000000089, -1.250000000000000000, 0.2799999999999999711 ) ) ;
#4820 = CARTESIAN_POINT ( 'NONE',  ( -0.5884531302202417047, -0.1319554234943934867, 0.4390000000000000013 ) ) ;
#4821 = ORIENTED_EDGE ( 'NONE', *, *, #5241, .F. ) ;
#4822 = CARTESIAN_POINT ( 'NONE',  ( 0.9810525232861944112, 0.2146279300473576401, 0.4390000000000000568 ) ) ;
#4823 = CIRCLE ( 'NONE', #1291, 0.2225000000000002531 ) ;
#4824 = ORIENTED_EDGE ( 'NONE', *, *, #8145, .T. ) ;
#4825 = CARTESIAN_POINT ( 'NONE',  ( -0.3705758560721998940, -0.009167848185585128137, 0.4390000000000000013 ) ) ;
#4826 = ORIENTED_EDGE ( 'NONE', *, *, #5632, .F. ) ;
#4827 = UNCERTAINTY_MEASURE_WITH_UNIT (LENGTH_MEASURE( 1.000000000000000082E-05 ), #6541, 'distance_accuracy_value', 'NONE');
#4828 = CARTESIAN_POINT ( 'NONE',  ( 0.2654842948386222368, 0.2447701954276504110, 0.4400000000000000577 ) ) ;
#4829 = CARTESIAN_POINT ( 'NONE',  ( -0.3682881024334320741, -0.1230544497265111809, 0.4400000000000000022 ) ) ;
#4830 = EDGE_CURVE ( 'NONE', #3505, #2616, #1771, .T. ) ;
#4831 = CARTESIAN_POINT ( 'NONE',  ( -0.3825007992134810686, -0.2057938901442452340, 0.4400000000000001132 ) ) ;
#4832 = CARTESIAN_POINT ( 'NONE',  ( -1.600000000000000089, 1.027500000000000080, -0.1499999999999999667 ) ) ;
#4833 = ORIENTED_EDGE ( 'NONE', *, *, #5322, .F. ) ;
#4834 = CARTESIAN_POINT ( 'NONE',  ( -0.05555698775277442131, 0.2312578549932547967, 0.4390000000000000013 ) ) ;
#4835 = ORIENTED_EDGE ( 'NONE', *, *, #1418, .T. ) ;
#4836 = DIRECTION ( 'NONE',  ( 0.000000000000000000, -1.000000000000000000, 0.000000000000000000 ) ) ;
#4837 = CARTESIAN_POINT ( 'NONE',  ( -0.3699181737693645333, 0.1460557915615879609, 0.4400000000000002243 ) ) ;
#4838 = CARTESIAN_POINT ( 'NONE',  ( 0.6670317498128910394, -0.01690194282078355884, 0.4399999999999998357 ) ) ;
#4839 = PRESENTATION_LAYER_ASSIGNMENT (  '', '', ( #8636 ) ) ;
#4840 = FACE_OUTER_BOUND ( 'NONE', #436, .T. ) ;
#4841 = LINE ( 'NONE', #7965, #7288 ) ;
#4842 = CARTESIAN_POINT ( 'NONE',  ( -0.9699870068123322975, 0.2094397864377395835, 0.4389999999999999458 ) ) ;
#4843 = CARTESIAN_POINT ( 'NONE',  ( 0.1701365853557542385, 0.1800797843855413416, 0.4399999999999997802 ) ) ;
#4844 = DIRECTION ( 'NONE',  ( 0.000000000000000000, 0.000000000000000000, 1.000000000000000000 ) ) ;
#4845 = VERTEX_POINT ( 'NONE', #2657 ) ;
#4846 = CARTESIAN_POINT ( 'NONE',  ( 1.024273947982617949, -0.09852548070640008981, 0.4390000000000000013 ) ) ;
#4847 = ORIENTED_EDGE ( 'NONE', *, *, #5173, .T. ) ;
#4848 =( GEOMETRIC_REPRESENTATION_CONTEXT ( 3 ) GLOBAL_UNCERTAINTY_ASSIGNED_CONTEXT ( ( #9075 ) ) GLOBAL_UNIT_ASSIGNED_CONTEXT ( ( #5670, #9518, #2209 ) ) REPRESENTATION_CONTEXT ( 'NONE', 'WORKASPACE' ) );
#4849 = EDGE_LOOP ( 'NONE', ( #3795, #1897, #7002, #2884 ) ) ;
#4850 = B_SPLINE_CURVE_WITH_KNOTS ( 'NONE', 3,
 ( #8260, #1628, #6825, #4658, #904, #4610, #951, #6200, #1052, #2556, #278 ),
 .UNSPECIFIED., .F., .F.,
 ( 4, 1, 1, 1, 1, 1, 1, 1, 4 ),
 ( 0.000000000000000000, 0.1815353013762860956, 0.3470816724816302989, 0.4955678164315551748, 0.6283573018772136143, 0.7455196699921562420, 0.8458307507576521278, 0.9307818073847581308, 1.000000000000000000 ),
 .UNSPECIFIED. ) ;
#4851 = CARTESIAN_POINT ( 'NONE',  ( 0.8044981253604959193, -0.1900858801627209049, 0.4399999999999996692 ) ) ;
#4852 = CARTESIAN_POINT ( 'NONE',  ( -0.07048015474314717199, 0.1892223457051787627, 0.4400000000000000022 ) ) ;
#4853 = SURFACE_SIDE_STYLE ('',( #1148 ) ) ;
#4854 =( GEOMETRIC_REPRESENTATION_CONTEXT ( 3 ) GLOBAL_UNCERTAINTY_ASSIGNED_CONTEXT ( ( #1485 ) ) GLOBAL_UNIT_ASSIGNED_CONTEXT ( ( #620, #5223, #5098 ) ) REPRESENTATION_CONTEXT ( 'NONE', 'WORKASPACE' ) );
#4855 = CARTESIAN_POINT ( 'NONE',  ( -0.3982477595968986206, 0.1777477113840579548, 0.4400000000000001132 ) ) ;
#4856 = CARTESIAN_POINT ( 'NONE',  ( -1.600000000000000089, -1.027499999999999858, 0.1500000000000000222 ) ) ;
#4857 = DIRECTION ( 'NONE',  ( 0.000000000000000000, -1.000000000000000000, 0.000000000000000000 ) ) ;
#4858 = SURFACE_STYLE_FILL_AREA ( #9338 ) ;
#4859 = CARTESIAN_POINT ( 'NONE',  ( -0.2118474170764826081, 0.1406541511346336149, 0.4389999999999998903 ) ) ;
#4860 = AXIS2_PLACEMENT_3D ( 'NONE', #56, #3714, #4251 ) ;
#4861 = CARTESIAN_POINT ( 'NONE',  ( 0.6780896270748646426, -0.07759133175817745087, 0.4399999999999999467 ) ) ;
#4862 = EDGE_CURVE ( 'NONE', #5179, #3186, #2554, .T. ) ;
#4863 = CARTESIAN_POINT ( 'NONE',  ( -0.1516174532619641580, -0.2241821447565081338, 0.4399999999999999467 ) ) ;
#4864 = DIRECTION ( 'NONE',  ( 0.000000000000000000, 0.000000000000000000, -1.000000000000000000 ) ) ;
#4865 = VERTEX_POINT ( 'NONE', #4191 ) ;
#4866 = EDGE_LOOP ( 'NONE', ( #7000, #547, #4920, #2098 ) ) ;
#4867 = B_SPLINE_CURVE_WITH_KNOTS ( 'NONE', 3,
 ( #7801, #6418, #401, #4720, #6266, #3487, #6313, #1784, #4069, #7146, #7649 ),
 .UNSPECIFIED., .F., .F.,
 ( 4, 1, 1, 1, 1, 1, 1, 1, 4 ),
 ( 0.000000000000000000, 0.1497703860319679336, 0.2913164099952446073, 0.4259663731047427238, 0.5521595739695283056, 0.6715274135235931308, 0.7861216286916585805, 0.8953250730704443994, 1.000000000000000000 ),
 .UNSPECIFIED. ) ;
#4868 = CARTESIAN_POINT ( 'NONE',  ( -0.8179038669006991613, 0.2468772803582587327, 0.4399999999999998357 ) ) ;
#4869 = CARTESIAN_POINT ( 'NONE',  ( 0.3422763786656149443, 0.02348903992641098240, 0.4390000000000000568 ) ) ;
#4870 = CARTESIAN_POINT ( 'NONE',  ( -0.5374122287629368167, -0.1972824725619165553, 0.4399999999999996692 ) ) ;
#4871 = PLANE ( 'NONE',  #6978 ) ;
#4872 = ORIENTED_EDGE ( 'NONE', *, *, #6875, .F. ) ;
#4873 = CARTESIAN_POINT ( 'NONE',  ( 1.003559763923550285, -0.1710197997642486922, 0.4400000000000000577 ) ) ;
#4874 = CARTESIAN_POINT ( 'NONE',  ( -1.075436052506440143, 0.01313769207867942004, 0.4399999999999997247 ) ) ;
#4875 = EDGE_LOOP ( 'NONE', ( #781, #7401, #3963, #2429 ) ) ;
#4876 = CARTESIAN_POINT ( 'NONE',  ( 0.9737859938993498332, 0.2208475868678974330, 0.4389999999999998903 ) ) ;
#4877 = CARTESIAN_POINT ( 'NONE',  ( -0.02804853669433990393, 0.2123383057002308505, 0.4390000000000000013 ) ) ;
#4878 = ORIENTED_EDGE ( 'NONE', *, *, #6756, .F. ) ;
#4879 = EDGE_CURVE ( 'NONE', #4192, #2625, #1923, .T. ) ;
#4880 = CARTESIAN_POINT ( 'NONE',  ( -1.018374754429517193, -0.1473190386905513238, 0.4390000000000000013 ) ) ;
#4881 = CARTESIAN_POINT ( 'NONE',  ( -0.4945850662947478549, 0.08840110533652516256, 0.4390000000000000568 ) ) ;
#4882 = CARTESIAN_POINT ( 'NONE',  ( -0.4306992557450980974, -0.1774401233779250575, 0.4399999999999999467 ) ) ;
#4883 = CARTESIAN_POINT ( 'NONE',  ( 0.02107151668687825413, -0.1363995781323537604, 0.4399999999999999467 ) ) ;
#4884 = ORIENTED_EDGE ( 'NONE', *, *, #4342, .T. ) ;
#4885 = CARTESIAN_POINT ( 'NONE',  ( -0.01585029463161944860, -0.1205792616384902954, 0.4400000000000000022 ) ) ;
#4886 = VERTEX_POINT ( 'NONE', #5734 ) ;
#4887 = CARTESIAN_POINT ( 'NONE',  ( 0.8503907464029266672, 0.09333919625044159729, 0.4389999999999998903 ) ) ;
#4888 = B_SPLINE_CURVE_WITH_KNOTS ( 'NONE', 3,
 ( #4640, #1083, #4032, #7574, #983, #3933, #4546 ),
 .UNSPECIFIED., .F., .F.,
 ( 4, 1, 1, 1, 4 ),
 ( 0.000000000000000000, 0.2750683690187422092, 0.5329014600899335541, 0.7739734595924439020, 1.000000000000000000 ),
 .UNSPECIFIED. ) ;
#4889 = EDGE_CURVE ( 'NONE', #3164, #1717, #8161, .T. ) ;
#4890 = ORIENTED_EDGE ( 'NONE', *, *, #8088, .T. ) ;
#4891 = CARTESIAN_POINT ( 'NONE',  ( 0.9510175226942327864, -0.1640466388733194392, 0.4399999999999997247 ) ) ;
#4892 = CARTESIAN_POINT ( 'NONE',  ( 0.5641973609550983149, -0.1798611059982436478, 0.4400000000000000022 ) ) ;
#4893 = CARTESIAN_POINT ( 'NONE',  ( 0.5739059423653732894, 0.03351042655399610187, 0.4399999999999998357 ) ) ;
#4894 = CARTESIAN_POINT ( 'NONE',  ( -0.9372114490132834597, 0.1755390623851807719, 0.4390000000000000568 ) ) ;
#4895 = CARTESIAN_POINT ( 'NONE',  ( 0.8960182744166367286, -0.1798611059982436478, 0.4400000000000000022 ) ) ;
#4896 = CARTESIAN_POINT ( 'NONE',  ( -0.4314456678910555398, 0.04099225938637172939, 0.4400000000000000022 ) ) ;
#4897 = CARTESIAN_POINT ( 'NONE',  ( 0.1951368520984644028, 0.1942141283838659527, 0.4390000000000000568 ) ) ;
#4898 = DIRECTION ( 'NONE',  ( -1.000000000000000000, 0.000000000000000000, 0.000000000000000000 ) ) ;
#4899 = EDGE_LOOP ( 'NONE', ( #4477, #2658, #1070, #8701 ) ) ;
#4900 = CARTESIAN_POINT ( 'NONE',  ( -0.7473971524835625324, 0.1835966029760452145, 0.4399999999999999467 ) ) ;
#4901 = EDGE_LOOP ( 'NONE', ( #1553, #6837, #9295, #814 ) ) ;
#4902 = EDGE_LOOP ( 'NONE', ( #7614, #6533, #496, #4725, #6209 ) ) ;
#4903 = CARTESIAN_POINT ( 'NONE',  ( 0.6871800148447343437, -0.1666941254047198395, 0.4389999999999998348 ) ) ;
#4904 = CARTESIAN_POINT ( 'NONE',  ( 0.005393274416636787555, -0.0008346636905513685027, 0.4390000000000000013 ) ) ;
#4905 = COLOUR_RGB ( '',0.9686274509803921573, 0.8784313725490195957, 0.5999999999999999778 ) ;
#4906 = CARTESIAN_POINT ( 'NONE',  ( -0.1642763477208595835, -0.1738596270809710798, 0.4400000000000000577 ) ) ;
#4907 = CARTESIAN_POINT ( 'NONE',  ( 0.3263150960818940738, 0.002456964899694260348, 0.4400000000000000022 ) ) ;
#4908 = DIRECTION ( 'NONE',  ( 1.000000000000000000, 0.000000000000000000, 0.000000000000000000 ) ) ;
#4909 = CARTESIAN_POINT ( 'NONE',  ( 0.2542969960810829155, 0.1993470412572454498, 0.4390000000000000013 ) ) ;
#4910 = DIRECTION ( 'NONE',  ( -0.000000000000000000, -0.000000000000000000, 1.000000000000000000 ) ) ;
#4911 =( NAMED_UNIT ( * ) PLANE_ANGLE_UNIT ( ) SI_UNIT ( $, .RADIAN. ) );
#4912 = VECTOR ( 'NONE', #4345, 1000.000000000000000 ) ;
#4913 = CARTESIAN_POINT ( 'NONE',  ( -0.1879145633710806174, 0.1758295023454945760, 0.4390000000000001124 ) ) ;
#4914 = ORIENTED_EDGE ( 'NONE', *, *, #6165, .T. ) ;
#4915 = ORIENTED_EDGE ( 'NONE', *, *, #8649, .T. ) ;
#4916 = CARTESIAN_POINT ( 'NONE',  ( -0.6637702268512887249, 0.1836820651694813511, 0.4399999999999999467 ) ) ;
#4917 = CARTESIAN_POINT ( 'NONE',  ( 0.8284101013397137114, 0.1439369709248332352, 0.4399999999999998912 ) ) ;
#4918 = CARTESIAN_POINT ( 'NONE',  ( 0.6178270783071143635, -0.1673192134538309117, 0.4400000000000000022 ) ) ;
#4919 = DIRECTION ( 'NONE',  ( -1.000000000000000000, 0.000000000000000000, 0.000000000000000000 ) ) ;
#4920 = ORIENTED_EDGE ( 'NONE', *, *, #5375, .T. ) ;
#4921 = CARTESIAN_POINT ( 'NONE',  ( 0.7187092070463243498, -0.07111839284569350383, 0.4399999999999997802 ) ) ;
#4922 = VERTEX_POINT ( 'NONE', #4102 ) ;
#4923 = CARTESIAN_POINT ( 'NONE',  ( -0.2010622239638503728, -0.2072436625229162888, 0.4400000000000000577 ) ) ;
#4924 = CARTESIAN_POINT ( 'NONE',  ( -0.8333086486602864218, 0.2470619709248333407, 0.4390000000000000568 ) ) ;
#4925 = CARTESIAN_POINT ( 'NONE',  ( 0.01185376221302815967, -0.009679821027779542467, 0.4390000000000001679 ) ) ;
#4926 = CARTESIAN_POINT ( 'NONE',  ( -0.3954727650497736891, -0.04338554627878805914, 0.4389999999999998903 ) ) ;
#4927 = EDGE_LOOP ( 'NONE', ( #5737, #7200, #1312, #1789 ) ) ;
#4928 = CARTESIAN_POINT ( 'NONE',  ( -0.5614746631663233289, 0.1562250927172158799, 0.4390000000000000568 ) ) ;
#4929 = AXIS2_PLACEMENT_3D ( 'NONE', #2776, #5035, #3535 ) ;
#4930 = ADVANCED_FACE ( 'NONE', ( #7126 ), #3175, .T. ) ;
#4931 = ORIENTED_EDGE ( 'NONE', *, *, #8631, .F. ) ;
#4932 =( LENGTH_UNIT ( ) NAMED_UNIT ( * ) SI_UNIT ( .MILLI., .METRE. ) );
#4933 = CARTESIAN_POINT ( 'NONE',  ( 0.7176755248677637589, -0.08922165990784029777, 0.4399999999999998912 ) ) ;
#4934 = CARTESIAN_POINT ( 'NONE',  ( -0.3540655098284389291, -0.1807663367254274678, 0.4390000000000001679 ) ) ;
#4935 = VERTEX_POINT ( 'NONE', #3419 ) ;
#4936 =( GEOMETRIC_REPRESENTATION_CONTEXT ( 3 ) GLOBAL_UNCERTAINTY_ASSIGNED_CONTEXT ( ( #5506 ) ) GLOBAL_UNIT_ASSIGNED_CONTEXT ( ( #5575, #1969, #9288 ) ) REPRESENTATION_CONTEXT ( 'NONE', 'WORKASPACE' ) );
#4937 = FACE_OUTER_BOUND ( 'NONE', #6952, .T. ) ;
#4938 = VERTEX_POINT ( 'NONE', #434 ) ;
#4939 = CARTESIAN_POINT ( 'NONE',  ( -0.02804853669433990393, 0.2123383057002308505, 0.4390000000000000013 ) ) ;
#4940 = CARTESIAN_POINT ( 'NONE',  ( 0.8285618185496711474, 0.1367003154705438983, 0.4400000000000000022 ) ) ;
#4941 = ORIENTED_EDGE ( 'NONE', *, *, #2231, .T. ) ;
#4942 = CARTESIAN_POINT ( 'NONE',  ( 0.9411052293973211080, -0.1696187298951029321, 0.4399999999999993916 ) ) ;
#4943 = CARTESIAN_POINT ( 'NONE',  ( -0.4445793525047700978, 0.2004842256966973546, 0.4390000000000001679 ) ) ;
#4944 = TOROIDAL_SURFACE ( 'NONE', #790, 0.1749999999999999889, 0.02500000000000000139 ) ;
#4945 = CARTESIAN_POINT ( 'NONE',  ( 0.6619600810861856477, -0.008621549366472002970, 0.4390000000000001124 ) ) ;
#4946 = CARTESIAN_POINT ( 'NONE',  ( -0.8885466234769114902, 0.1946269223189293629, 0.4390000000000000568 ) ) ;
#4948 = CARTESIAN_POINT ( 'NONE',  ( 0.2711140758629081438, -0.002844951564662575455, 0.4400000000000000577 ) ) ;
#4947 = B_SPLINE_SURFACE_WITH_KNOTS ( 'NONE', 3, 1, ( 
 ( #2483, #8425 ),
 ( #2431, #6123 ),
 ( #5400, #2528 ),
 ( #1743, #4634 ),
 ( #8237, #924 ),
 ( #1649, #5453 ),
 ( #3875, #1025 ),
 ( #3925, #6222 ),
 ( #6174, #8973 ),
 ( #9111, #253 ),
 ( #8377, #1128 ) ),
 .UNSPECIFIED., .F., .F., .F.,
 ( 4, 1, 1, 1, 1, 1, 1, 1, 4 ),
 ( 2, 2 ),
 ( 0.000000000000000000, 0.09027921465001509382, 0.1895299184469588505, 0.2991978724002879453, 0.4189258867738193115, 0.5483762854012474985, 0.6881363695386807366, 0.8390835016589199835, 1.000000000000000000 ),
 ( 0.000000000000000000, 1.000000000000000000 ),
 .UNSPECIFIED. ) ;
#4949 = EDGE_CURVE ( 'NONE', #672, #7113, #7028, .T. ) ;
#4950 = CARTESIAN_POINT ( 'NONE',  ( -0.05123524144701534222, 0.08607587997480868613, 0.4400000000000001688 ) ) ;
#4951 = ORIENTED_EDGE ( 'NONE', *, *, #3655, .T. ) ;
#4952 = AXIS2_PLACEMENT_3D ( 'NONE', #6893, #295, #5974 ) ;
#4953 = FILL_AREA_STYLE ('',( #8748 ) ) ;
#4954 = ORIENTED_EDGE ( 'NONE', *, *, #1344, .T. ) ;
#4955 = ORIENTED_EDGE ( 'NONE', *, *, #6404, .F. ) ;
#4956 = CARTESIAN_POINT ( 'NONE',  ( 0.7187092070463243498, -0.07111839284569350383, 0.4390000000000001124 ) ) ;
#4957 = CYLINDRICAL_SURFACE ( 'NONE', #5895, 0.02500000000000001180 ) ;
#4958 = SURFACE_STYLE_USAGE ( .BOTH. , #3412 ) ;
#4959 = CARTESIAN_POINT ( 'NONE',  ( -0.4048017036825391490, 0.2381198594639993837, 0.4400000000000001132 ) ) ;
#4960 = PLANE ( 'NONE',  #918 ) ;
#4961 = CARTESIAN_POINT ( 'NONE',  ( 0.9068157209567747623, 0.04931782448408650321, 0.4400000000000000022 ) ) ;
#4962 = MECHANICAL_DESIGN_GEOMETRIC_PRESENTATION_REPRESENTATION (  '', ( #2821 ), #8169 ) ;
#4963 = CARTESIAN_POINT ( 'NONE',  ( 1.377502247202359031, -1.250999999999999890, 0.1500000000000000222 ) ) ;
#4964 = EDGE_CURVE ( 'NONE', #381, #1157, #7184, .T. ) ;
#4965 = CARTESIAN_POINT ( 'NONE',  ( -0.2118474170764826081, 0.1406541511346336149, 0.4399999999999998912 ) ) ;
#4966 = CARTESIAN_POINT ( 'NONE',  ( 0.8423807885499225989, 0.2335103671283953464, 0.4389999999999998348 ) ) ;
#4967 = ORIENTED_EDGE ( 'NONE', *, *, #8914, .T. ) ;
#4968 = CARTESIAN_POINT ( 'NONE',  ( 0.0009726594988090649747, -0.1700152493068398663, 0.4399999999999997247 ) ) ;
#4969 = FACE_OUTER_BOUND ( 'NONE', #6797, .T. ) ;
#4970 = CARTESIAN_POINT ( 'NONE',  ( 0.8999637279109713450, -0.1797512195323872908, 0.4389999999999998903 ) ) ;
#4971 = CARTESIAN_POINT ( 'NONE',  ( -0.7473971524835625324, 0.1835966029760452145, 0.4400000000000000022 ) ) ;
#4972 = CARTESIAN_POINT ( 'NONE',  ( 0.6338526641773484238, -0.2110180705429347270, 0.4399999999999997247 ) ) ;
#4973 = VERTEX_POINT ( 'NONE', #9390 ) ;
#4974 = CARTESIAN_POINT ( 'NONE',  ( -0.1649016717516869346, -0.2214397155116480387, 0.4399999999999999467 ) ) ;
#4975 = CARTESIAN_POINT ( 'NONE',  ( -0.8417922681275074037, 0.2468545417516740392, 0.4390000000000000013 ) ) ;
#4976 = VERTEX_POINT ( 'NONE', #9246 ) ;
#4977 = CARTESIAN_POINT ( 'NONE',  ( -0.3257260520173822504, -0.09852548070640008981, 0.4400000000000002243 ) ) ;
#4978 = ORIENTED_EDGE ( 'NONE', *, *, #9441, .F. ) ;
#4979 = CARTESIAN_POINT ( 'NONE',  ( -0.7000000000000005107, 0.6999999999999995115, -0.1499999999999999667 ) ) ;
#4980 = PRESENTATION_LAYER_ASSIGNMENT (  '', '', ( #3124 ) ) ;
#4981 = EDGE_LOOP ( 'NONE', ( #5379, #543, #7031, #333 ) ) ;
#4982 = CARTESIAN_POINT ( 'NONE',  ( 1.600000000000000089, -1.250000000000000000, 0.1500000000000000222 ) ) ;
#4983 = CARTESIAN_POINT ( 'NONE',  ( 0.2907413248594515887, 0.01931254561775797018, 0.4390000000000000013 ) ) ;
#4984 = CARTESIAN_POINT ( 'NONE',  ( -0.1997872813062001041, -0.1538518553556947610, 0.4390000000000000568 ) ) ;
#4985 =( GEOMETRIC_REPRESENTATION_CONTEXT ( 3 ) GLOBAL_UNCERTAINTY_ASSIGNED_CONTEXT ( ( #1834 ) ) GLOBAL_UNIT_ASSIGNED_CONTEXT ( ( #1489, #6714, #86 ) ) REPRESENTATION_CONTEXT ( 'NONE', 'WORKASPACE' ) );
#4986 = CARTESIAN_POINT ( 'NONE',  ( -0.7738115627427011312, -0.2200273102876245668, 0.4389999999999999458 ) ) ;
#4987 = ORIENTED_EDGE ( 'NONE', *, *, #2391, .F. ) ;
#4988 = CARTESIAN_POINT ( 'NONE',  ( -0.007505022463244374366, 0.1876613515251836228, 0.4390000000000000568 ) ) ;
#4989 = CARTESIAN_POINT ( 'NONE',  ( -0.4431842790432248824, 0.04931782448408651709, 0.4389999999999998903 ) ) ;
#4990 = VECTOR ( 'NONE', #1892, 1000.000000000000000 ) ;
#4991 = EDGE_CURVE ( 'NONE', #7595, #5854, #5087, .T. ) ;
#4992 = ORIENTED_EDGE ( 'NONE', *, *, #3090, .F. ) ;
#4993 = CARTESIAN_POINT ( 'NONE',  ( 0.5184702332720471096, -0.1697511261153486217, 0.4400000000000000577 ) ) ;
#4994 = CARTESIAN_POINT ( 'NONE',  ( 0.5293747720418091607, -0.1743371086953518223, 0.4400000000000000022 ) ) ;
#4995 = AXIS2_PLACEMENT_3D ( 'NONE', #7259, #2840, #8700 ) ;
#4996 = DIRECTION ( 'NONE',  ( 0.000000000000000000, 0.000000000000000000, 1.000000000000000000 ) ) ;
#4997 = SURFACE_SIDE_STYLE ('',( #1904 ) ) ;
#4998 = CARTESIAN_POINT ( 'NONE',  ( 0.8864190095165473959, 0.06391827649174547377, 0.4399999999999998912 ) ) ;
#4999 = CARTESIAN_POINT ( 'NONE',  ( -0.04116829725080021346, 0.1632902057792744444, 0.4390000000000001124 ) ) ;
#5000 = CARTESIAN_POINT ( 'NONE',  ( 0.1365233447297343750, 0.1308672872600150638, 0.4389999999999998903 ) ) ;
#5001 = CARTESIAN_POINT ( 'NONE',  ( -0.06059101752509325756, 0.07895112650023176915, 0.4389999999999998348 ) ) ;
#5002 = ORIENTED_EDGE ( 'NONE', *, *, #8886, .F. ) ;
#5003 = DIRECTION ( 'NONE',  ( -0.000000000000000000, -0.000000000000000000, 1.000000000000000000 ) ) ;
#5004 = ORIENTED_EDGE ( 'NONE', *, *, #4700, .T. ) ;
#5005 = ORIENTED_EDGE ( 'NONE', *, *, #2887, .F. ) ;
#5006 = CARTESIAN_POINT ( 'NONE',  ( 0.8383384184055377997, -0.2134143259298674211, 0.4390000000000001124 ) ) ;
#5007 = CARTESIAN_POINT ( 'NONE',  ( 0.7186817916870329448, -0.06218623130272184218, 0.4400000000000000022 ) ) ;
#5008 = ADVANCED_FACE ( 'NONE', ( #7324 ), #8763, .F. ) ;
#5009 = FACE_OUTER_BOUND ( 'NONE', #2046, .T. ) ;
#5010 = CARTESIAN_POINT ( 'NONE',  ( -0.1903310637586541898, -0.1613436678481215414, 0.4399999999999998357 ) ) ;
#5011 = CARTESIAN_POINT ( 'NONE',  ( -0.03918617110442668139, 0.04044743598144023150, 0.4399999999999998912 ) ) ;
#5012 = CARTESIAN_POINT ( 'NONE',  ( 0.7014870244166366842, 0.2355235093863717322, 0.4400000000000000022 ) ) ;
#5013 = LINE ( 'NONE', #5777, #4036 ) ;
#5014 = CARTESIAN_POINT ( 'NONE',  ( 0.3040446516985774728, 0.1740670878935349219, 0.4389999999999997793 ) ) ;
#5015 = DIRECTION ( 'NONE',  ( -1.000000000000000000, 0.000000000000000000, 0.000000000000000000 ) ) ;
#5016 = CARTESIAN_POINT ( 'NONE',  ( -0.04405940382909182690, -0.2074919103476830229, 0.4389999999999997793 ) ) ;
#5017 = MECHANICAL_DESIGN_GEOMETRIC_PRESENTATION_REPRESENTATION (  '', ( #6058 ), #5780 ) ;
#5018 = CARTESIAN_POINT ( 'NONE',  ( -0.4556043217372094389, 0.2009081247709871010, 0.4390000000000000013 ) ) ;
#5019 = ADVANCED_FACE ( 'NONE', ( #2177 ), #7338, .T. ) ;
#5020 = ORIENTED_EDGE ( 'NONE', *, *, #2697, .T. ) ;
#5021 = CARTESIAN_POINT ( 'NONE',  ( 1.600999999999999979, -1.100003333370371150, -0.1549999999999999711 ) ) ;
#5022 = PRESENTATION_LAYER_ASSIGNMENT (  '', '', ( #6689 ) ) ;
#5023 = ORIENTED_EDGE ( 'NONE', *, *, #8825, .F. ) ;
#5024 = CARTESIAN_POINT ( 'NONE',  ( -1.034889203247322920, 0.003421618528176316888, 0.4400000000000000577 ) ) ;
#5025 = CARTESIAN_POINT ( 'NONE',  ( 0.9672243123605896997, -0.1497813324591905637, 0.4390000000000000013 ) ) ;
#5026 = AXIS2_PLACEMENT_3D ( 'NONE', #3555, #6490, #666 ) ;
#5027 = CARTESIAN_POINT ( 'NONE',  ( 0.5867948506649522944, -0.1779484892031849841, 0.4389999999999998903 ) ) ;
#5028 = ORIENTED_EDGE ( 'NONE', *, *, #3286, .F. ) ;
#5029 = CARTESIAN_POINT ( 'NONE',  ( 0.03216347841604139807, -0.07715323677550965653, 0.4390000000000000013 ) ) ;
#5030 = CARTESIAN_POINT ( 'NONE',  ( 0.9346434584434777371, 0.1906278572401059468, 0.4399999999999998912 ) ) ;
#5031 = CARTESIAN_POINT ( 'NONE',  ( -0.4361180857947364875, -0.007535518353710652512, 0.4389999999999998903 ) ) ;
#5032 = ORIENTED_EDGE ( 'NONE', *, *, #4004, .F. ) ;
#5033 = CARTESIAN_POINT ( 'NONE',  ( -0.4804845617454651108, 0.2439641121042239180, 0.4390000000000000568 ) ) ;
#5034 = CARTESIAN_POINT ( 'NONE',  ( 0.3725071682336180690, 0.1177398250202561641, 0.4390000000000000013 ) ) ;
#5035 = DIRECTION ( 'NONE',  ( 0.000000000000000000, 0.000000000000000000, 1.000000000000000000 ) ) ;
#5036 = CARTESIAN_POINT ( 'NONE',  ( -0.9305875538530132829, -0.1588644046195192561, 0.4389999999999998903 ) ) ;
#5037 = DIRECTION ( 'NONE',  ( 0.7970624896273534876, -0.6038968352533775619, 0.000000000000000000 ) ) ;
#5038 = CARTESIAN_POINT ( 'NONE',  ( -1.450003333370371239, 1.250999999999999890, -0.1549999999999999711 ) ) ;
#5039 = CARTESIAN_POINT ( 'NONE',  ( -0.8884060809744461773, -0.2211469696951000041, 0.4399999999999997802 ) ) ;
#5040 = ORIENTED_EDGE ( 'NONE', *, *, #9219, .T. ) ;
#5041 = VECTOR ( 'NONE', #5415, 1000.000000000000000 ) ;
#5042 = B_SPLINE_CURVE_WITH_KNOTS ( 'NONE', 3,
 ( #6443, #1249, #1201, #526, #5678, #431, #1349, #7077, #3416, #5014, #3316, #8446, #5731, #7179, #9386, #4909, #7935, #2751, #5577 ),
 .UNSPECIFIED., .F., .F.,
 ( 4, 1, 1, 1, 1, 1, 1, 1, 1, 1, 1, 1, 1, 1, 1, 1, 4 ),
 ( 0.000000000000000000, 0.06196540068706213322, 0.1221219056382956830, 0.1809884968498414182, 0.2399332164519022703, 0.2999058311065239124, 0.3599888474769867841, 0.4217757417416462262, 0.4865758264211263451, 0.5515348046197404708, 0.6150175427599787747, 0.6772586166616566539, 0.7397299623627128229, 0.8030501026629502936, 0.8664951320156975001, 0.9319734741771481534, 1.000000000000000000 ),
 .UNSPECIFIED. ) ;
#5043 = CARTESIAN_POINT ( 'NONE',  ( 0.9841793321089444824, -0.1035990867674744242, 0.4400000000000000022 ) ) ;
#5044 = CARTESIAN_POINT ( 'NONE',  ( -0.3989824773057674689, -0.1640466388733193837, 0.4400000000000000577 ) ) ;
#5045 = CARTESIAN_POINT ( 'NONE',  ( -1.500000000000000000, 0.000000000000000000, -0.1499999999999999667 ) ) ;
#5046 = CARTESIAN_POINT ( 'NONE',  ( 0.1303331782627906443, 0.09706197092483324906, 0.4399999999999998357 ) ) ;
#5047 = FILL_AREA_STYLE_COLOUR ( '', #206 ) ;
#5048 = ORIENTED_EDGE ( 'NONE', *, *, #2598, .T. ) ;
#5049 = DIRECTION ( 'NONE',  ( 0.000000000000000000, 0.000000000000000000, 1.000000000000000000 ) ) ;
#5050 = EDGE_LOOP ( 'NONE', ( #3484, #9204, #3328, #2259 ) ) ;
#5051 = ORIENTED_EDGE ( 'NONE', *, *, #692, .F. ) ;
#5052 = CARTESIAN_POINT ( 'NONE',  ( 0.7734907936305730480, -0.1521465942845240671, 0.4399999999999996136 ) ) ;
#5053 = LINE ( 'NONE', #7314, #1445 ) ;
#5054 = CARTESIAN_POINT ( 'NONE',  ( 0.3320134264055954465, 0.1188039266460833854, 0.4399999999999999467 ) ) ;
#5055 = ADVANCED_FACE ( 'NONE', ( #3660 ), #46, .T. ) ;
#5056 = CARTESIAN_POINT ( 'NONE',  ( -0.2735129755833632936, -0.09332264445978211143, 0.4400000000000000022 ) ) ;
#5057 = CARTESIAN_POINT ( 'NONE',  ( -0.2529723513307723937, 0.1450628123301363759, 0.4399999999999999467 ) ) ;
#5058 = CARTESIAN_POINT ( 'NONE',  ( -0.5618067014600400810, 0.1468049130941412594, 0.4400000000000000022 ) ) ;
#5059 =( LENGTH_UNIT ( ) NAMED_UNIT ( * ) SI_UNIT ( .MILLI., .METRE. ) );
#5060 = DIRECTION ( 'NONE',  ( 0.000000000000000000, -1.000000000000000000, -3.341571885725472562E-13 ) ) ;
#5061 = CARTESIAN_POINT ( 'NONE',  ( 0.8284101013397137114, 0.1439369709248332352, 0.4390000000000000013 ) ) ;
#5062 = CARTESIAN_POINT ( 'NONE',  ( 0.5771781301858674995, 0.07975427861714096123, 0.4390000000000000013 ) ) ;
#5063 = STYLED_ITEM ( 'NONE', ( #8018 ), #3942 ) ;
#5064 = CARTESIAN_POINT ( 'NONE',  ( -0.3747759373546838968, -0.06987838024578865714, 0.4390000000000000013 ) ) ;
#5065 = DIRECTION ( 'NONE',  ( 0.000000000000000000, 0.000000000000000000, -1.000000000000000000 ) ) ;
#5066 = CARTESIAN_POINT ( 'NONE',  ( -0.7327860447860697901, 0.2281932843109778231, 0.4400000000000001132 ) ) ;
#5067 = VERTEX_POINT ( 'NONE', #2310 ) ;
#5068 = CARTESIAN_POINT ( 'NONE',  ( -1.031735892743649519, -0.02876472087919649395, 0.4400000000000000577 ) ) ;
#5069 = CARTESIAN_POINT ( 'NONE',  ( -0.1141883793267934460, 0.05919505592437089569, 0.4400000000000000577 ) ) ;
#5070 = DIRECTION ( 'NONE',  ( 0.000000000000000000, 0.000000000000000000, -1.000000000000000000 ) ) ;
#5071 = STYLED_ITEM ( 'NONE', ( #8534 ), #4108 ) ;
#5072 = EDGE_CURVE ( 'NONE', #9078, #2625, #3796, .T. ) ;
#5073 = ORIENTED_EDGE ( 'NONE', *, *, #5579, .T. ) ;
#5074 = EDGE_CURVE ( 'NONE', #664, #1386, #6720, .T. ) ;
#5075 = CARTESIAN_POINT ( 'NONE',  ( 0.03197890744275099645, -0.06991306074716299723, 0.4389999999999998903 ) ) ;
#5076 = CARTESIAN_POINT ( 'NONE',  ( 0.9161674542854406633, 0.1983557177357104795, 0.4399999999999999467 ) ) ;
#5077 = CARTESIAN_POINT ( 'NONE',  ( -0.4583562315126945563, 0.008918299979704537306, 0.4390000000000000013 ) ) ;
#5078 = EDGE_LOOP ( 'NONE', ( #1831, #2507, #2004, #8418, #4116, #7557, #5784, #8519 ) ) ;
#5079 = CARTESIAN_POINT ( 'NONE',  ( 1.401238207896990495, 1.149999999999999911, -0.1549999999999999711 ) ) ;
#5080 = CARTESIAN_POINT ( 'NONE',  ( -0.3658206678910556064, -0.1035990867674744242, 0.4390000000000000013 ) ) ;
#5081 = CARTESIAN_POINT ( 'NONE',  ( 0.6930658229311720264, -0.1582535414206601987, 0.4400000000000000577 ) ) ;
#5082 = CARTESIAN_POINT ( 'NONE',  ( -0.9913005811880895024, -0.1118815584306892402, 0.4389999999999999458 ) ) ;
#5083 = EDGE_CURVE ( 'NONE', #3952, #5924, #6102, .T. ) ;
#5084 = LINE ( 'NONE', #2871, #4513 ) ;
#5085 = CARTESIAN_POINT ( 'NONE',  ( -0.5522794015444264515, 0.09786825203988666622, 0.4390000000000000013 ) ) ;
#5086 = DIRECTION ( 'NONE',  ( 1.000000000000000000, -3.367432691575075263E-16, 0.000000000000000000 ) ) ;
#5087 = B_SPLINE_CURVE_WITH_KNOTS ( 'NONE', 3,
 ( #6400, #7784, #8616, #7080, #6347, #1252, #7835, #4241, #2810, #584, #3515, #7940, #631, #3567, #9442 ),
 .UNSPECIFIED., .F., .F.,
 ( 4, 1, 1, 1, 1, 1, 1, 1, 1, 1, 1, 1, 4 ),
 ( 0.000000000000000000, 0.08378537065370987580, 0.1657798879221415722, 0.2462800078932625703, 0.3274609277363896842, 0.4087969540320677275, 0.4897152412309881409, 0.5713760321300523914, 0.6555233211112766467, 0.7410194827999727618, 0.8265467605037605248, 0.9119888516548326773, 1.000000000000000000 ),
 .UNSPECIFIED. ) ;
#5088 = ORIENTED_EDGE ( 'NONE', *, *, #2416, .F. ) ;
#5089 = COLOUR_RGB ( '',0.9686274509803921573, 0.8784313725490195957, 0.5999999999999999778 ) ;
#5090 = CARTESIAN_POINT ( 'NONE',  ( -0.2547976970251602524, -0.1506071897040086038, 0.4389999999999999458 ) ) ;
#5091 = CARTESIAN_POINT ( 'NONE',  ( -0.4933998385788612162, 0.1920045283017018101, 0.4400000000000000022 ) ) ;
#5092 = CARTESIAN_POINT ( 'NONE',  ( 0.8580675532627902724, 0.08579394207867938049, 0.4390000000000000013 ) ) ;
#5093 = DIRECTION ( 'NONE',  ( 0.000000000000000000, -1.000000000000000000, 1.691360892716576347E-13 ) ) ;
#5094 = LINE ( 'NONE', #3600, #9317 ) ;
#5095 = CIRCLE ( 'NONE', #7848, 0.2225000000000000311 ) ;
#5096 = EDGE_LOOP ( 'NONE', ( #7793, #4028, #5959, #964 ) ) ;
#5097 = ORIENTED_EDGE ( 'NONE', *, *, #5608, .F. ) ;
#5098 =( NAMED_UNIT ( * ) SI_UNIT ( $, .STERADIAN. ) SOLID_ANGLE_UNIT ( ) );
#5099 = CARTESIAN_POINT ( 'NONE',  ( 0.07264087057048279616, -0.2144764906136282789, 0.4400000000000000022 ) ) ;
#5100 = CARTESIAN_POINT ( 'NONE',  ( 0.3213008290413915669, 0.1524054065913092171, 0.4390000000000000013 ) ) ;
#5101 = CARTESIAN_POINT ( 'NONE',  ( 0.5591865966767006757, 0.03337165701460576700, 0.4390000000000001124 ) ) ;
#5102 = ORIENTED_EDGE ( 'NONE', *, *, #5160, .F. ) ;
#5103 = CARTESIAN_POINT ( 'NONE',  ( -0.4560945351763582845, 0.2468765150104015038, 0.4400000000000000577 ) ) ;
#5104 = CIRCLE ( 'NONE', #2190, 0.1571850217640345937 ) ;
#5105 = CARTESIAN_POINT ( 'NONE',  ( -0.8251821559545174933, -0.1796439771731270785, 0.4390000000000000013 ) ) ;
#5106 = CARTESIAN_POINT ( 'NONE',  ( 0.01201276777675691979, -0.1537663431782299028, 0.4390000000000001679 ) ) ;
#5107 = EDGE_CURVE ( 'NONE', #5179, #3617, #7672, .T. ) ;
#5108 = EDGE_CURVE ( 'NONE', #3324, #6171, #5760, .T. ) ;
#5109 = B_SPLINE_SURFACE_WITH_KNOTS ( 'NONE', 3, 1, ( 
 ( #3680, #6610 ),
 ( #2201, #19 ),
 ( #2916, #6566 ),
 ( #2153, #2245 ),
 ( #9507, #5177 ),
 ( #5129, #8096 ),
 ( #8912, #5255 ),
 ( #8051, #1509 ),
 ( #4530, #1549 ),
 ( #789, #4405 ),
 ( #3728, #6654 ) ),
 .UNSPECIFIED., .F., .F., .F.,
 ( 4, 1, 1, 1, 1, 1, 1, 1, 4 ),
 ( 2, 2 ),
 ( 0.000000000000000000, 0.1590042985173776291, 0.3046460998968142930, 0.4385469045795918897, 0.5623222987759289859, 0.6774325425257308186, 0.7868973929387557131, 0.8936108891042671143, 1.000000000000000000 ),
 ( 0.000000000000000000, 1.000000000000000000 ),
 .UNSPECIFIED. ) ;
#5110 = SURFACE_STYLE_FILL_AREA ( #767 ) ;
#5111 = ORIENTED_EDGE ( 'NONE', *, *, #2390, .F. ) ;
#5112 = CARTESIAN_POINT ( 'NONE',  ( 0.08994856287817512563, 0.09706197092483324906, 0.4390000000000000013 ) ) ;
#5113 = EDGE_LOOP ( 'NONE', ( #8603, #3692, #5583, #6890 ) ) ;
#5114 = CARTESIAN_POINT ( 'NONE',  ( 1.474999999999999867, 0.9000000000000000222, 0.3049999999999999933 ) ) ;
#5115 = CARTESIAN_POINT ( 'NONE',  ( 0.6765463766553443392, -0.08910297207043255119, 0.4390000000000000568 ) ) ;
#5116 = CARTESIAN_POINT ( 'NONE',  ( 0.6765463766553443392, -0.08910297207043255119, 0.4390000000000000568 ) ) ;
#5117 = ORIENTED_EDGE ( 'NONE', *, *, #8216, .T. ) ;
#5118 = CARTESIAN_POINT ( 'NONE',  ( 0.005393274416636788422, -0.0008346636905513686111, 0.4400000000000000022 ) ) ;
#5119 = DIRECTION ( 'NONE',  ( 1.000000000000000000, 0.000000000000000000, 0.000000000000000000 ) ) ;
#5120 = CARTESIAN_POINT ( 'NONE',  ( -0.9692080210167740573, 0.1538992189911589648, 0.4400000000000003353 ) ) ;
#5121 = ORIENTED_EDGE ( 'NONE', *, *, #3752, .T. ) ;
#5122 = LINE ( 'NONE', #5208, #1002 ) ;
#5123 = EDGE_CURVE ( 'NONE', #597, #195, #1037, .T. ) ;
#5124 = CARTESIAN_POINT ( 'NONE',  ( -0.3696524627605269897, -0.08099885353462206450, 0.4390000000000000013 ) ) ;
#5125 = CARTESIAN_POINT ( 'NONE',  ( -0.3659735818046087608, -0.1068828600102106896, 0.4400000000000000022 ) ) ;
#5126 = LINE ( 'NONE', #739, #7539 ) ;
#5127 = CARTESIAN_POINT ( 'NONE',  ( 0.6882663226408225476, 0.02786912743620751504, 0.4399999999999998357 ) ) ;
#5128 = CARTESIAN_POINT ( 'NONE',  ( 0.2446124797019040287, 0.2006433606218129551, 0.4400000000000000022 ) ) ;
#5129 = CARTESIAN_POINT ( 'NONE',  ( 0.8427750760038426048, -0.1611520911732861050, 0.4390000000000000013 ) ) ;
#5130 = PRESENTATION_LAYER_ASSIGNMENT (  '', '', ( #3889 ) ) ;
#5131 = EDGE_LOOP ( 'NONE', ( #5032, #7094, #7745, #2164 ) ) ;
#5132 = EDGE_CURVE ( 'NONE', #5965, #6476, #9079, .T. ) ;
#5133 = CARTESIAN_POINT ( 'NONE',  ( -0.2118474170764826081, 0.1406541511346336149, 0.4399999999999998912 ) ) ;
#5134 = PRESENTATION_LAYER_ASSIGNMENT (  '', '', ( #8185 ) ) ;
#5135 = DIRECTION ( 'NONE',  ( -0.000000000000000000, -0.000000000000000000, 1.000000000000000000 ) ) ;
#5136 = CARTESIAN_POINT ( 'NONE',  ( 0.5618536109550983371, -0.2260149521520898042, 0.4399999999999997802 ) ) ;
#5137 = CARTESIAN_POINT ( 'NONE',  ( 0.8305621616903422488, -0.1504965273467367692, 0.4399999999999999467 ) ) ;
#5138 = SURFACE_STYLE_USAGE ( .BOTH. , #797 ) ;
#5139 = CARTESIAN_POINT ( 'NONE',  ( -0.8281382165528909933, 0.2469999817288645594, 0.4389999999999998903 ) ) ;
#5140 = VECTOR ( 'NONE', #9243, 1000.000000000000000 ) ;
#5141 = ORIENTED_EDGE ( 'NONE', *, *, #4469, .T. ) ;
#5142 = EDGE_LOOP ( 'NONE', ( #4154, #864, #6225, #2237 ) ) ;
#5143 = AXIS2_PLACEMENT_3D ( 'NONE', #5913, #2937, #4378 ) ;
#5144 = CARTESIAN_POINT ( 'NONE',  ( 0.9695399699855438147, 0.0002857637720262852076, 0.4390000000000000568 ) ) ;
#5145 = DIRECTION ( 'NONE',  ( -1.000000000000000000, -9.745637505487678533E-16, 0.000000000000000000 ) ) ;
#5146 = UNCERTAINTY_MEASURE_WITH_UNIT (LENGTH_MEASURE( 1.000000000000000082E-05 ), #5916, 'distance_accuracy_value', 'NONE');
#5147 = CARTESIAN_POINT ( 'NONE',  ( 0.2636036061682475173, 0.1972823667599888364, 0.4390000000000000013 ) ) ;
#5148 = CARTESIAN_POINT ( 'NONE',  ( -0.1984078272952176647, 0.2242883743056727219, 0.4400000000000002243 ) ) ;
#5149 = CARTESIAN_POINT ( 'NONE',  ( -0.4510971101987478749, 0.2470619709248333407, 0.4400000000000000577 ) ) ;
#5150 = STYLED_ITEM ( 'NONE', ( #6140 ), #5923 ) ;
#5151 = CARTESIAN_POINT ( 'NONE',  ( -0.9699870068123322975, 0.2094397864377395835, 0.4399999999999999467 ) ) ;
#5152 = LINE ( 'NONE', #5991, #8898 ) ;
#5153 = STYLED_ITEM ( 'NONE', ( #5940 ), #2045 ) ;
#5154 = CARTESIAN_POINT ( 'NONE',  ( 0.5618536109550983371, -0.2260149521520898042, 0.4390000000000000013 ) ) ;
#5155 = CARTESIAN_POINT ( 'NONE',  ( -1.607071067811865595, 1.257071067811865506, 0.1500000000000000222 ) ) ;
#5156 = PRESENTATION_STYLE_ASSIGNMENT (( #8074 ) ) ;
#5157 = CARTESIAN_POINT ( 'NONE',  ( -0.1227016775064402876, -0.1798611059982436478, 0.4390000000000000013 ) ) ;
#5158 = ORIENTED_EDGE ( 'NONE', *, *, #5442, .F. ) ;
#5159 = CARTESIAN_POINT ( 'NONE',  ( 0.9339524816876615398, -0.2210878065262956715, 0.4390000000000001679 ) ) ;
#5160 = EDGE_CURVE ( 'NONE', #8270, #609, #3989, .T. ) ;
#5161 = AXIS2_PLACEMENT_3D ( 'NONE', #301, #6021, #7656 ) ;
#5162 = DIRECTION ( 'NONE',  ( -0.000000000000000000, -0.000000000000000000, 1.000000000000000000 ) ) ;
#5163 = CARTESIAN_POINT ( 'NONE',  ( 1.600000000000000089, 1.250000000000000000, -0.1549999999999999711 ) ) ;
#5164 = ORIENTED_EDGE ( 'NONE', *, *, #2637, .T. ) ;
#5165 = CARTESIAN_POINT ( 'NONE',  ( -0.5215393538072266022, 0.1415260665410597030, 0.4390000000000000013 ) ) ;
#5166 = PLANE ( 'NONE',  #2605 ) ;
#5167 = CARTESIAN_POINT ( 'NONE',  ( -1.002791814357535172, 0.1173194155963438318, 0.4390000000000000568 ) ) ;
#5168 = ORIENTED_EDGE ( 'NONE', *, *, #9159, .F. ) ;
#5169 = CARTESIAN_POINT ( 'NONE',  ( -0.4495889467357522262, -0.2259216218631636963, 0.4400000000000000022 ) ) ;
#5170 = CARTESIAN_POINT ( 'NONE',  ( -0.3795025629738948414, -0.06299964610007650900, 0.4390000000000000568 ) ) ;
#5171 = AXIS2_PLACEMENT_3D ( 'NONE', #1503, #1630, #4395 ) ;
#5172 = CARTESIAN_POINT ( 'NONE',  ( 0.5656123416766530854, -0.2259808974453771657, 0.4400000000000000577 ) ) ;
#5173 = EDGE_CURVE ( 'NONE', #8229, #4865, #2545, .T. ) ;
#5174 = CARTESIAN_POINT ( 'NONE',  ( -1.250000000000000000, 0.9000000000000000222, 0.2799999999999999711 ) ) ;
#5175 = CARTESIAN_POINT ( 'NONE',  ( 1.449999999999999956, 1.250000000000000000, -0.2810000000000000275 ) ) ;
#5176 = CARTESIAN_POINT ( 'NONE',  ( 0.2636036061682475173, 0.1972823667599888364, 0.4400000000000000022 ) ) ;
#5177 = CARTESIAN_POINT ( 'NONE',  ( 0.8305621616903422488, -0.1504965273467367692, 0.4399999999999997802 ) ) ;
#5178 = EDGE_CURVE ( 'NONE', #7953, #4058, #6666, .T. ) ;
#5179 = VERTEX_POINT ( 'NONE', #3409 ) ;
#5180 = CARTESIAN_POINT ( 'NONE',  ( 0.8869137071089443491, 0.01232639400175632692, 0.4400000000000000022 ) ) ;
#5181 = DIRECTION ( 'NONE',  ( -0.000000000000000000, -0.000000000000000000, 1.000000000000000000 ) ) ;
#5182 = CARTESIAN_POINT ( 'NONE',  ( 0.9185543321089444380, 0.04099225938637173633, 0.4400000000000000577 ) ) ;
#5183 = CARTESIAN_POINT ( 'NONE',  ( -1.600999999999999979, 1.100003333370371150, 0.1500000000000000222 ) ) ;
#5184 = CARTESIAN_POINT ( 'NONE',  ( 0.3784101013397135338, -0.2144764906136282789, 0.4390000000000000013 ) ) ;
#5185 = EDGE_CURVE ( 'NONE', #6642, #4369, #2646, .T. ) ;
#5186 = ADVANCED_FACE ( 'NONE', ( #1292 ), #6871, .T. ) ;
#5187 = DIRECTION ( 'NONE',  ( -1.000000000000000000, 0.000000000000000000, 0.000000000000000000 ) ) ;
#5188 = AXIS2_PLACEMENT_3D ( 'NONE', #4429, #7367, #3706 ) ;
#5189 = ORIENTED_EDGE ( 'NONE', *, *, #8494, .F. ) ;
#5190 = FILL_AREA_STYLE ('',( #5906 ) ) ;
#5191 = LINE ( 'NONE', #8109, #8913 ) ;
#5192 = DIRECTION ( 'NONE',  ( 0.000000000000000000, 0.000000000000000000, -1.000000000000000000 ) ) ;
#5193 = CARTESIAN_POINT ( 'NONE',  ( -0.3346773124316884673, -0.1503001716521155939, 0.4390000000000001124 ) ) ;
#5194 = CARTESIAN_POINT ( 'NONE',  ( 0.009029727545750272644, 0.1253868871549935204, 0.4390000000000000013 ) ) ;
#5195 = CARTESIAN_POINT ( 'NONE',  ( -0.8327677832756710252, -0.2260149521520898042, 0.4390000000000000013 ) ) ;
#5196 = CARTESIAN_POINT ( 'NONE',  ( -0.3257260520173822504, -0.09852548070640008981, 0.4390000000000001679 ) ) ;
#5197 = CARTESIAN_POINT ( 'NONE',  ( 0.5730534147226366004, -0.2259134801231531542, 0.4390000000000000013 ) ) ;
#5198 = CARTESIAN_POINT ( 'NONE',  ( 0.9185543321089443269, 0.04099225938637172939, 0.4390000000000000013 ) ) ;
#5199 = EDGE_LOOP ( 'NONE', ( #3988, #3516, #7912, #4941 ) ) ;
#5200 = CARTESIAN_POINT ( 'NONE',  ( 0.1075930121291201746, 0.1700132488962577404, 0.4390000000000001124 ) ) ;
#5201 = CARTESIAN_POINT ( 'NONE',  ( 1.022388574597140609, -0.1279876310926764682, 0.4400000000000000577 ) ) ;
#5202 = LINE ( 'NONE', #6640, #3436 ) ;
#5203 = CARTESIAN_POINT ( 'NONE',  ( -0.4352486949358444490, 0.2465153427207062431, 0.4399999999999998912 ) ) ;
#5204 = CARTESIAN_POINT ( 'NONE',  ( -0.2162732915592631977, 0.2094138214360276584, 0.4390000000000000568 ) ) ;
#5205 = CARTESIAN_POINT ( 'NONE',  ( 0.8981011234464266746, 0.2007656540982750426, 0.4399999999999999467 ) ) ;
#5206 = CARTESIAN_POINT ( 'NONE',  ( -1.600000000000000089, 1.027499999999999858, 0.1500000000000000222 ) ) ;
#5207 = ORIENTED_EDGE ( 'NONE', *, *, #7661, .T. ) ;
#5208 = CARTESIAN_POINT ( 'NONE',  ( 1.250000000000000000, -1.100000000000000089, 0.4400000000000000022 ) ) ;
#5209 = COLOUR_RGB ( '',0.9686274509803921573, 0.8784313725490195957, 0.5999999999999999778 ) ;
#5210 = LINE ( 'NONE', #2960, #303 ) ;
#5211 = CARTESIAN_POINT ( 'NONE',  ( 0.9674992007865188537, -0.2057938901442452895, 0.4389999999999999458 ) ) ;
#5212 = CARTESIAN_POINT ( 'NONE',  ( -0.8757265778202306672, 0.1974716067333730507, 0.4400000000000000022 ) ) ;
#5213 = CARTESIAN_POINT ( 'NONE',  ( 0.2891296242053444376, 0.1858706252945560022, 0.4399999999999996692 ) ) ;
#5214 = CARTESIAN_POINT ( 'NONE',  ( -1.009872788722889103, -0.1569517293662491819, 0.4390000000000000568 ) ) ;
#5215 = EDGE_CURVE ( 'NONE', #4394, #8322, #8710, .T. ) ;
#5216 = CARTESIAN_POINT ( 'NONE',  ( -0.1825046713163777645, 0.1808543805932190662, 0.4400000000000000022 ) ) ;
#5217 = DIRECTION ( 'NONE',  ( 0.000000000000000000, 0.000000000000000000, -1.000000000000000000 ) ) ;
#5218 = CARTESIAN_POINT ( 'NONE',  ( 0.4340620906262844247, -0.1382815346782318155, 0.4390000000000000013 ) ) ;
#5219 = CARTESIAN_POINT ( 'NONE',  ( -0.4692175892854708597, 0.2004519084499515325, 0.4390000000000000013 ) ) ;
#5220 = CARTESIAN_POINT ( 'NONE',  ( -0.5765092063694265967, -0.1521465942845240393, 0.4400000000000000022 ) ) ;
#5221 = CARTESIAN_POINT ( 'NONE',  ( -0.6397304873481705068, 0.1565873910786314271, 0.4390000000000000568 ) ) ;
#5222 = ORIENTED_EDGE ( 'NONE', *, *, #8102, .F. ) ;
#5223 =( NAMED_UNIT ( * ) PLANE_ANGLE_UNIT ( ) SI_UNIT ( $, .RADIAN. ) );
#5224 = CIRCLE ( 'NONE', #2787, 0.2225000000000002531 ) ;
#5225 = CARTESIAN_POINT ( 'NONE',  ( -0.3741634811072079847, 0.1515249184046990605, 0.4390000000000000013 ) ) ;
#5226 = DIRECTION ( 'NONE',  ( 0.000000000000000000, 1.000000000000000000, 0.000000000000000000 ) ) ;
#5227 = VECTOR ( 'NONE', #1108, 1000.000000000000000 ) ;
#5228 = CARTESIAN_POINT ( 'NONE',  ( -0.2378155884871377690, 0.1807576938072919526, 0.4400000000000001132 ) ) ;
#5229 = ADVANCED_FACE ( 'NONE', ( #3604 ), #1435, .F. ) ;
#5230 = CARTESIAN_POINT ( 'NONE',  ( -0.6723110525064401877, -0.1048611059982436505, 0.4390000000000000013 ) ) ;
#5231 = CARTESIAN_POINT ( 'NONE',  ( -0.03105030764428908657, 0.04604279679257376745, 0.4390000000000000013 ) ) ;
#5232 = CARTESIAN_POINT ( 'NONE',  ( -0.6884215033824746532, -0.1225466259018928583, 0.4389999999999998903 ) ) ;
#5233 =( NAMED_UNIT ( * ) SI_UNIT ( $, .STERADIAN. ) SOLID_ANGLE_UNIT ( ) );
#5234 = CARTESIAN_POINT ( 'NONE',  ( 0.7187092070463243498, -0.07111839284569350383, 0.4390000000000001124 ) ) ;
#5235 = VECTOR ( 'NONE', #6494, 1000.000000000000000 ) ;
#5236 = CARTESIAN_POINT ( 'NONE',  ( -0.3833847860177980738, 0.2262501357037484950, 0.4390000000000000013 ) ) ;
#5237 = UNCERTAINTY_MEASURE_WITH_UNIT (LENGTH_MEASURE( 1.000000000000000082E-05 ), #5285, 'distance_accuracy_value', 'NONE');
#5238 = VERTEX_POINT ( 'NONE', #2212 ) ;
#5239 = FILL_AREA_STYLE_COLOUR ( '', #1120 ) ;
#5240 = CARTESIAN_POINT ( 'NONE',  ( -1.250000000000000000, 1.100000000000000089, 0.4400000000000000022 ) ) ;
#5241 = EDGE_CURVE ( 'NONE', #139, #6897, #9477, .T. ) ;
#5242 = PRESENTATION_LAYER_ASSIGNMENT (  '', '', ( #7856 ) ) ;
#5243 = CARTESIAN_POINT ( 'NONE',  ( -0.6454921635637438371, -0.1426240557335210768, 0.4400000000000001688 ) ) ;
#5244 = SURFACE_SIDE_STYLE ('',( #812 ) ) ;
#5245 = CARTESIAN_POINT ( 'NONE',  ( -0.3540770705936452933, 0.1996228732683026641, 0.4400000000000000022 ) ) ;
#5246 = CARTESIAN_POINT ( 'NONE',  ( 1.600999999999999979, -1.027502247202359387, 0.1500000000000000222 ) ) ;
#5247 = CARTESIAN_POINT ( 'NONE',  ( -0.3682881024334320741, -0.1230544497265111809, 0.4390000000000000568 ) ) ;
#5248 = ORIENTED_EDGE ( 'NONE', *, *, #1871, .T. ) ;
#5249 = CARTESIAN_POINT ( 'NONE',  ( 0.8503907464029266672, 0.09333919625044159729, 0.4389999999999998903 ) ) ;
#5250 = B_SPLINE_SURFACE_WITH_KNOTS ( 'NONE', 3, 1, ( 
 ( #5198, #8117 ),
 ( #1529, #169 ),
 ( #3161, #3792 ),
 ( #5994, #1614 ),
 ( #7492, #894 ),
 ( #3837, #6039 ),
 ( #7581, #6091 ),
 ( #8290, #7822 ),
 ( #369, #6282 ),
 ( #3358, #4135 ),
 ( #2591, #5619 ),
 ( #1089, #3406 ),
 ( #422, #5516 ),
 ( #4846, #9124 ),
 ( #1757, #2643 ) ),
 .UNSPECIFIED., .F., .F., .F.,
 ( 4, 1, 1, 1, 1, 1, 1, 1, 1, 1, 1, 1, 4 ),
 ( 2, 2 ),
 ( 0.000000000000000000, 0.09697231038151658822, 0.1877734389628682998, 0.2723961390136936389, 0.3513209973752882687, 0.4243347744514676667, 0.4919087840005274548, 0.5542332197967998475, 0.6112676582441556317, 0.7163478449915537949, 0.8145400858216160778, 0.9084954561491854763, 1.000000000000000000 ),
 ( 0.000000000000000000, 1.000000000000000000 ),
 .UNSPECIFIED. ) ;
#5251 = CARTESIAN_POINT ( 'NONE',  ( -0.9604746894859819140, -0.1953841493647250072, 0.4400000000000000577 ) ) ;
#5252 = CARTESIAN_POINT ( 'NONE',  ( 0.9517522404031014682, 0.1777477113840580381, 0.4400000000000000022 ) ) ;
#5253 = CARTESIAN_POINT ( 'NONE',  ( -0.5527798025064402099, -0.1048611059982436505, 0.4390000000000000013 ) ) ;
#5254 = SURFACE_STYLE_FILL_AREA ( #1724 ) ;
#5255 = CARTESIAN_POINT ( 'NONE',  ( 0.8554092693338621878, -0.1695412337551230886, 0.4399999999999999467 ) ) ;
#5256 = CARTESIAN_POINT ( 'NONE',  ( 0.09661330375681777272, 0.1429478418848315613, 0.4389999999999998903 ) ) ;
#5257 =( NAMED_UNIT ( * ) PLANE_ANGLE_UNIT ( ) SI_UNIT ( $, .RADIAN. ) );
#5258 = CARTESIAN_POINT ( 'NONE',  ( 0.9704974370261051364, -0.06299964610007652288, 0.4400000000000000022 ) ) ;
#5259 = CARTESIAN_POINT ( 'NONE',  ( -0.5215898986602862664, 0.1439369709248332352, 0.4400000000000000022 ) ) ;
#5260 = EDGE_CURVE ( 'NONE', #2628, #1783, #7937, .T. ) ;
#5261 = CARTESIAN_POINT ( 'NONE',  ( -0.5999999999999999778, 1.143933982822019635, -0.1549999999999999711 ) ) ;
#5262 = CARTESIAN_POINT ( 'NONE',  ( -0.7880245124121235678, 0.2436861698571761436, 0.4389999999999999458 ) ) ;
#5263 = SURFACE_SIDE_STYLE ('',( #115 ) ) ;
#5264 = CLOSED_SHELL ( 'NONE', ( #3977, #2529, #4570, #6678, #64, #257, #2726, #204, #3295, #3663, #3598, #9513, #3716, #4552, #6224, #8167, #719, #5937, #7299, #5719, #2772, #4356, #1523, #4930, #4672, #7370, #5186, #3827, #4160, #544, #5946, #7637, #9462, #2003, #3855, #9480, #7101, #7989, #2568, #4124, #1075, #9292, #2713, #8384, #909, #5989, #530, #6876, #7280, #1371, #1672, #3118, #318, #574, #3335, #7102, #7044, #3804, #1304, #3926, #8560, #6462, #6590, #419, #6760, #9047, #3685, #2585, #6699, #2197, #6046, #9247, #705, #4757, #6916, #4644, #2340, #6044, #8932, #5772, #8870, #7479, #7850, #4459, #9342, #3049, #3637, #1810, #8271, #5869, #8014, #4798, #1751, #2143, #5019, #4066, #638, #8663, #5390, #4455, #6148, #6358, #1275, #6516, #937, #4578, #7809, #853, #9419, #3514, #9299, #4743, #7868, #7046, #1451, #5278, #4132, #116, #4341, #4357 ) ) ;
#5265 = ORIENTED_EDGE ( 'NONE', *, *, #4448, .F. ) ;
#5266 = CARTESIAN_POINT ( 'NONE',  ( -0.7464911519534915829, -0.2122645754832284126, 0.4399999999999998912 ) ) ;
#5267 = VECTOR ( 'NONE', #6086, 1000.000000000000000 ) ;
#5268 = CARTESIAN_POINT ( 'NONE',  ( 0.3060605915166604296, -0.02158598230705872228, 0.4389999999999999458 ) ) ;
#5269 = CARTESIAN_POINT ( 'NONE',  ( -0.07048015474314717199, 0.1892223457051787627, 0.4390000000000000013 ) ) ;
#5270 = CARTESIAN_POINT ( 'NONE',  ( -0.2378155884871377690, 0.1807576938072919526, 0.4390000000000000568 ) ) ;
#5271 = FACE_OUTER_BOUND ( 'NONE', #232, .T. ) ;
#5272 = CARTESIAN_POINT ( 'NONE',  ( -0.4635809904834525819, 0.06391827649174551540, 0.4400000000000002243 ) ) ;
#5273 = DIRECTION ( 'NONE',  ( 0.000000000000000000, -1.000000000000000000, 0.000000000000000000 ) ) ;
#5274 = DIRECTION ( 'NONE',  ( 0.000000000000000000, 0.000000000000000000, -1.000000000000000000 ) ) ;
#5275 = CARTESIAN_POINT ( 'NONE',  ( -0.5424629587791672813, -0.1221310734225946187, 0.4390000000000001679 ) ) ;
#5276 = CARTESIAN_POINT ( 'NONE',  ( 0.2789556612696285076, 0.2417171907888273630, 0.4399999999999999467 ) ) ;
#5277 = STYLED_ITEM ( 'NONE', ( #6304 ), #1586 ) ;
#5278 = ADVANCED_FACE ( 'NONE', ( #7356 ), #6635, .T. ) ;
#5279 = ORIENTED_EDGE ( 'NONE', *, *, #3238, .F. ) ;
#5280 = CARTESIAN_POINT ( 'NONE',  ( 0.7734907936305730480, -0.1521465942845240671, 0.4389999999999998903 ) ) ;
#5281 = SURFACE_SIDE_STYLE ('',( #8943 ) ) ;
#5282 = VECTOR ( 'NONE', #2674, 1000.000000000000000 ) ;
#5283 = CARTESIAN_POINT ( 'NONE',  ( 0.9456399249785685246, -0.2171106399872060611, 0.4399999999999998357 ) ) ;
#5284 = CARTESIAN_POINT ( 'NONE',  ( -0.4678208066855054637, 0.01569864098138409186, 0.4390000000000000013 ) ) ;
#5285 =( LENGTH_UNIT ( ) NAMED_UNIT ( * ) SI_UNIT ( .MILLI., .METRE. ) );
#5286 = EDGE_CURVE ( 'NONE', #5758, #4812, #8149, .T. ) ;
#5287 = CARTESIAN_POINT ( 'NONE',  ( 0.9042057026967106337, 0.2468790714335099556, 0.4399999999999999467 ) ) ;
#5288 = CARTESIAN_POINT ( 'NONE',  ( -1.500000000000000000, 1.051238207896990406, -0.1549999999999999711 ) ) ;
#5289 = EDGE_CURVE ( 'NONE', #5789, #2048, #884, .T. ) ;
#5290 = B_SPLINE_CURVE_WITH_KNOTS ( 'NONE', 3,
 ( #9098, #5297, #7510, #3181, #5385, #6111, #8310, #4667, #1009, #3958, #6884 ),
 .UNSPECIFIED., .F., .F.,
 ( 4, 1, 1, 1, 1, 1, 1, 1, 4 ),
 ( 0.000000000000000000, 0.1022030370352197404, 0.2110233423738746839, 0.3250996615652086419, 0.4465020971348885315, 0.5737877176488557218, 0.7089007097660661172, 0.8503578712934012351, 1.000000000000000000 ),
 .UNSPECIFIED. ) ;
#5291 = CARTESIAN_POINT ( 'NONE',  ( -1.028784328985340002, 0.06111036129029265990, 0.4390000000000000568 ) ) ;
#5292 = VERTEX_POINT ( 'NONE', #8279 ) ;
#5293 = CARTESIAN_POINT ( 'NONE',  ( -0.3256878793456082777, -0.1162548354935479672, 0.4399999999999999467 ) ) ;
#5294 = CARTESIAN_POINT ( 'NONE',  ( 0.6149412319147495865, -0.2184024503826865471, 0.4399999999999999467 ) ) ;
#5295 = CARTESIAN_POINT ( 'NONE',  ( 0.7014870244166366842, 0.2355235093863717322, 0.4390000000000000013 ) ) ;
#5296 = CARTESIAN_POINT ( 'NONE',  ( -0.5424629587791672813, -0.1221310734225946187, 0.4390000000000001679 ) ) ;
#5297 = CARTESIAN_POINT ( 'NONE',  ( 0.5663884423613051444, 0.03352578502874850597, 0.4400000000000000022 ) ) ;
#5298 = CARTESIAN_POINT ( 'NONE',  ( 0.9463512113428983463, 0.02021759778678919317, 0.4400000000000001132 ) ) ;
#5299 = STYLED_ITEM ( 'NONE', ( #3860 ), #8808 ) ;
#5300 = EDGE_LOOP ( 'NONE', ( #1205, #8577, #21, #4568 ) ) ;
#5301 = CARTESIAN_POINT ( 'NONE',  ( 0.1148868727923775535, 0.1824846794851368026, 0.4389999999999999458 ) ) ;
#5302 = SURFACE_STYLE_USAGE ( .BOTH. , #877 ) ;
#5303 = MECHANICAL_DESIGN_GEOMETRIC_PRESENTATION_REPRESENTATION (  '', ( #556 ), #4848 ) ;
#5304 = CARTESIAN_POINT ( 'NONE',  ( 0.9680435148012520585, -0.05942841369055133771, 0.4400000000000000022 ) ) ;
#5305 = CARTESIAN_POINT ( 'NONE',  ( 0.9042057026967106337, 0.2468790714335099556, 0.4389999999999999458 ) ) ;
#5306 = CARTESIAN_POINT ( 'NONE',  ( -0.4556043217372094389, 0.2009081247709871010, 0.4399999999999999467 ) ) ;
#5307 = ORIENTED_EDGE ( 'NONE', *, *, #7127, .T. ) ;
#5308 = DIRECTION ( 'NONE',  ( 1.000000000000000000, 0.000000000000000000, 0.000000000000000000 ) ) ;
#5309 = ORIENTED_EDGE ( 'NONE', *, *, #4889, .F. ) ;
#5310 = CARTESIAN_POINT ( 'NONE',  ( -0.3839712784505387999, -0.05685096494155039010, 0.4400000000000000022 ) ) ;
#5311 = LINE ( 'NONE', #1746, #2987 ) ;
#5312 = CARTESIAN_POINT ( 'NONE',  ( -0.008128360198747823159, -0.08466879830593596057, 0.4400000000000000022 ) ) ;
#5313 = CARTESIAN_POINT ( 'NONE',  ( -0.3660102221238223374, -0.09985240609080048291, 0.4400000000000000022 ) ) ;
#5314 = CARTESIAN_POINT ( 'NONE',  ( 0.7886302791245830557, -0.1730172428030497256, 0.4399999999999998912 ) ) ;
#5315 = CARTESIAN_POINT ( 'NONE',  ( 0.1779875282606008524, 0.1857090906480110826, 0.4390000000000001679 ) ) ;
#5316 = CARTESIAN_POINT ( 'NONE',  ( -1.600000000000000089, -1.027499999999999858, -0.1499999999999999667 ) ) ;
#5317 = CARTESIAN_POINT ( 'NONE',  ( -0.5311549268881322616, -0.1374642500491515262, 0.4389999999999997793 ) ) ;
#5318 = CARTESIAN_POINT ( 'NONE',  ( 0.8326350898814631751, 0.1663140506916825911, 0.4399999999999997802 ) ) ;
#5319 = B_SPLINE_SURFACE_WITH_KNOTS ( 'NONE', 3, 1, ( 
 ( #1936, #7091 ),
 ( #3482, #1263 ),
 ( #2719, #6413 ),
 ( #7796, #8523 ),
 ( #4769, #7694 ),
 ( #7749, #1168 ),
 ( #545, #6360 ),
 ( #4876, #6307 ),
 ( #4822, #9307 ),
 ( #5644, #3331 ),
 ( #6259, #8575 ),
 ( #4113, #1990 ),
 ( #1830, #4061 ),
 ( #9205, #1216 ),
 ( #7040, #494 ) ),
 .UNSPECIFIED., .F., .F., .F.,
 ( 4, 1, 1, 1, 1, 1, 1, 1, 1, 1, 1, 1, 4 ),
 ( 2, 2 ),
 ( 0.000000000000000000, 0.1072327993600885876, 0.2132518127818483211, 0.3188304473075866396, 0.4267935306342744428, 0.4836459507827178261, 0.5436038220211416583, 0.6083076495640822312, 0.6771267602600405944, 0.7506856360204946510, 0.8287134184432866091, 0.9121903482234512417, 1.000000000000000000 ),
 ( 0.000000000000000000, 1.000000000000000000 ),
 .UNSPECIFIED. ) ;
#5320 = VERTEX_POINT ( 'NONE', #7568 ) ;
#5321 = CARTESIAN_POINT ( 'NONE',  ( -0.1642763477208595835, -0.1738596270809710798, 0.4390000000000000568 ) ) ;
#5322 = EDGE_CURVE ( 'NONE', #3097, #9078, #3061, .T. ) ;
#5323 = EDGE_CURVE ( 'NONE', #2140, #5693, #3828, .T. ) ;
#5324 = CARTESIAN_POINT ( 'NONE',  ( -0.1163774609429413659, 0.2468846413219104585, 0.4399999999999999467 ) ) ;
#5325 = DIRECTION ( 'NONE',  ( -0.7297249646783449117, 0.6837407958614056813, 0.000000000000000000 ) ) ;
#5326 =( NAMED_UNIT ( * ) SI_UNIT ( $, .STERADIAN. ) SOLID_ANGLE_UNIT ( ) );
#5327 = FACE_OUTER_BOUND ( 'NONE', #6569, .T. ) ;
#5328 = CARTESIAN_POINT ( 'NONE',  ( -0.5368242736602863996, 0.07353432669406401168, 0.4400000000000000022 ) ) ;
#5329 = CARTESIAN_POINT ( 'NONE',  ( -0.3927875696343182677, 0.2321813177240263926, 0.4400000000000000577 ) ) ;
#5330 = CARTESIAN_POINT ( 'NONE',  ( 1.500000000000000000, 0.5000000000000003331, -0.1549999999999999711 ) ) ;
#5331 = CARTESIAN_POINT ( 'NONE',  ( -1.035051437121824902, 0.01007278823252557957, 0.4400000000000003908 ) ) ;
#5332 = ORIENTED_EDGE ( 'NONE', *, *, #3587, .F. ) ;
#5333 = CARTESIAN_POINT ( 'NONE',  ( -0.5427258799105505460, 0.08139206477428054254, 0.4400000000000000022 ) ) ;
#5334 = CARTESIAN_POINT ( 'NONE',  ( -0.03105030764428908657, 0.04604279679257376745, 0.4390000000000000013 ) ) ;
#5335 = EDGE_CURVE ( 'NONE', #279, #5768, #4542, .T. ) ;
#5336 = EDGE_CURVE ( 'NONE', #915, #218, #2432, .T. ) ;
#5337 = CARTESIAN_POINT ( 'NONE',  ( 0.9758365188927919931, 0.1515249184046990882, 0.4390000000000000013 ) ) ;
#5338 = CARTESIAN_POINT ( 'NONE',  ( -1.002791814357535172, 0.1173194155963438318, 0.4400000000000000577 ) ) ;
#5339 = CARTESIAN_POINT ( 'NONE',  ( -0.008325113252065403577, -0.08047591187978772598, 0.4389999999999999458 ) ) ;
#5340 = FACE_OUTER_BOUND ( 'NONE', #2094, .T. ) ;
#5341 = ORIENTED_EDGE ( 'NONE', *, *, #9512, .F. ) ;
#5342 = VERTEX_POINT ( 'NONE', #8976 ) ;
#5343 = ORIENTED_EDGE ( 'NONE', *, *, #8463, .T. ) ;
#5344 = CARTESIAN_POINT ( 'NONE',  ( 0.09021176826490889811, 0.1024196564949784866, 0.4389999999999999458 ) ) ;
#5345 = CARTESIAN_POINT ( 'NONE',  ( 0.8111863990957086656, 0.07618303143246119014, 0.4400000000000000022 ) ) ;
#5346 = EDGE_CURVE ( 'NONE', #1065, #4973, #1310, .T. ) ;
#5347 = SURFACE_SIDE_STYLE ('',( #1737 ) ) ;
#5348 = DIRECTION ( 'NONE',  ( 0.000000000000000000, 0.000000000000000000, 1.000000000000000000 ) ) ;
#5349 = CARTESIAN_POINT ( 'NONE',  ( 0.8685472191000089826, -0.1754815206903646285, 0.4399999999999998912 ) ) ;
#5350 = ORIENTED_EDGE ( 'NONE', *, *, #1693, .F. ) ;
#5351 =( LENGTH_UNIT ( ) NAMED_UNIT ( * ) SI_UNIT ( .MILLI., .METRE. ) );
#5352 = AXIS2_PLACEMENT_3D ( 'NONE', #8739, #5086, #8007 ) ;
#5353 = CARTESIAN_POINT ( 'NONE',  ( -0.3882010848592430396, -0.05143993369705912588, 0.4399999999999998912 ) ) ;
#5354 = CARTESIAN_POINT ( 'NONE',  ( 0.3555912295927282640, 0.04440789404199624313, 0.4390000000000000568 ) ) ;
#5355 = CARTESIAN_POINT ( 'NONE',  ( -0.1212106763343820393, 0.008722374194050870611, 0.4400000000000002798 ) ) ;
#5356 = LINE ( 'NONE', #1654, #479 ) ;
#5357 = CARTESIAN_POINT ( 'NONE',  ( 0.8044981253604959193, -0.1900858801627209049, 0.4399999999999999467 ) ) ;
#5358 = CARTESIAN_POINT ( 'NONE',  ( 0.1499910652919597964, 0.1586703117360805659, 0.4389999999999999458 ) ) ;
#5359 = CARTESIAN_POINT ( 'NONE',  ( -0.1227016775064402876, -0.1798611059982436478, 0.4390000000000000013 ) ) ;
#5360 = CARTESIAN_POINT ( 'NONE',  ( 0.7881932985399601188, 0.1468049130941413150, 0.4400000000000000022 ) ) ;
#5361 = CARTESIAN_POINT ( 'NONE',  ( 1.401238207896990495, -1.149999999999999911, -0.1499999999999999667 ) ) ;
#5362 = CARTESIAN_POINT ( 'NONE',  ( -0.3540770705936452933, 0.1996228732683026641, 0.4390000000000000013 ) ) ;
#5363 = VERTEX_POINT ( 'NONE', #5403 ) ;
#5364 = CARTESIAN_POINT ( 'NONE',  ( -0.1227016775064402876, -0.1798611059982436478, 0.4390000000000000013 ) ) ;
#5365 = DIRECTION ( 'NONE',  ( -0.000000000000000000, -0.000000000000000000, 1.000000000000000000 ) ) ;
#5366 = CYLINDRICAL_SURFACE ( 'NONE', #4665, 0.2000000000000000944 ) ;
#5367 = CARTESIAN_POINT ( 'NONE',  ( 0.7880254859550981372, 0.1420439420786794305, 0.4400000000000000022 ) ) ;
#5368 = DIRECTION ( 'NONE',  ( -0.000000000000000000, -0.000000000000000000, 1.000000000000000000 ) ) ;
#5369 = CYLINDRICAL_SURFACE ( 'NONE', #3862, 0.1571850217640345937 ) ;
#5370 = VECTOR ( 'NONE', #601, 1000.000000000000000 ) ;
#5371 = CARTESIAN_POINT ( 'NONE',  ( -0.5107825302017624525, 0.04847397028318144868, 0.4390000000000001679 ) ) ;
#5372 = CARTESIAN_POINT ( 'NONE',  ( 0.5573697877219568886, -0.2259261301255548193, 0.4390000000000000013 ) ) ;
#5373 = CARTESIAN_POINT ( 'NONE',  ( 1.018794716724329197, 0.1708900959248332574, 0.4400000000000000022 ) ) ;
#5374 = EDGE_CURVE ( 'NONE', #7594, #4935, #1745, .T. ) ;
#5375 = EDGE_CURVE ( 'NONE', #4440, #3243, #9218, .T. ) ;
#5376 = CARTESIAN_POINT ( 'NONE',  ( -0.1262821445972054368, 0.2469868434165188864, 0.4390000000000000013 ) ) ;
#5377 = CARTESIAN_POINT ( 'NONE',  ( -1.033548180713103060, 0.03620176151687875404, 0.4390000000000001124 ) ) ;
#5378 = COLOUR_RGB ( '',0.9686274509803921573, 0.8784313725490195957, 0.5999999999999999778 ) ;
#5379 = ORIENTED_EDGE ( 'NONE', *, *, #7572, .F. ) ;
#5380 = CARTESIAN_POINT ( 'NONE',  ( -0.5522794015444264515, 0.09786825203988666622, 0.4400000000000000022 ) ) ;
#5381 = CARTESIAN_POINT ( 'NONE',  ( -0.1234228313525939508, -0.2260149521520898042, 0.4390000000000000013 ) ) ;
#5382 = CARTESIAN_POINT ( 'NONE',  ( 0.7187947167243290414, -0.06745125022901288236, 0.4390000000000000013 ) ) ;
#5383 = MECHANICAL_DESIGN_GEOMETRIC_PRESENTATION_REPRESENTATION (  '', ( #7856 ), #4331 ) ;
#5384 = LINE ( 'NONE', #8309, #1901 ) ;
#5385 = CARTESIAN_POINT ( 'NONE',  ( 0.5365304402859306654, 0.03040605528188880524, 0.4400000000000001132 ) ) ;
#5386 = CARTESIAN_POINT ( 'NONE',  ( -0.5354010203521716305, 0.07183481340275379989, 0.4389999999999999458 ) ) ;
#5387 = CARTESIAN_POINT ( 'NONE',  ( 0.8821791933144943476, 0.01569864098138409186, 0.4400000000000000577 ) ) ;
#5388 = CARTESIAN_POINT ( 'NONE',  ( 0.8302754512731993497, 0.2258973881926386040, 0.4400000000000001132 ) ) ;
#5389 = ORIENTED_EDGE ( 'NONE', *, *, #5173, .F. ) ;
#5390 = ADVANCED_FACE ( 'NONE', ( #6463 ), #2809, .T. ) ;
#5391 = ORIENTED_EDGE ( 'NONE', *, *, #4080, .T. ) ;
#5392 = CARTESIAN_POINT ( 'NONE',  ( 0.1675137544115314903, 0.2307363173822501445, 0.4389999999999997793 ) ) ;
#5393 = CARTESIAN_POINT ( 'NONE',  ( 0.7880254859550981372, 0.1420439420786794305, 0.4390000000000000013 ) ) ;
#5394 = CARTESIAN_POINT ( 'NONE',  ( 0.9138819142052632127, -0.007535518353710871087, 0.4399999999999999467 ) ) ;
#5395 = LINE ( 'NONE', #4723, #191 ) ;
#5396 = ORIENTED_EDGE ( 'NONE', *, *, #9235, .T. ) ;
#5397 = CARTESIAN_POINT ( 'NONE',  ( 0.6964648070265772040, 0.01640597258775980394, 0.4390000000000000568 ) ) ;
#5398 = EDGE_LOOP ( 'NONE', ( #3114, #1434, #7534, #7482, #4516, #7355, #2899, #2613 ) ) ;
#5399 = PRESENTATION_STYLE_ASSIGNMENT (( #252 ) ) ;
#5400 = CARTESIAN_POINT ( 'NONE',  ( -0.3882010848592430396, -0.05143993369705912588, 0.4389999999999998903 ) ) ;
#5401 = ORIENTED_EDGE ( 'NONE', *, *, #1820, .F. ) ;
#5402 = EDGE_CURVE ( 'NONE', #6989, #60, #2146, .T. ) ;
#5403 = CARTESIAN_POINT ( 'NONE',  ( 1.474999999999999867, -0.9000000000000000222, 0.2799999999999999711 ) ) ;
#5404 = CARTESIAN_POINT ( 'NONE',  ( 0.9411642040979691926, 0.1864051138167854282, 0.4390000000000001679 ) ) ;
#5405 = CARTESIAN_POINT ( 'NONE',  ( -0.04116829725080021346, 0.1632902057792744444, 0.4390000000000001124 ) ) ;
#5406 = CARTESIAN_POINT ( 'NONE',  ( 0.5365304402859306654, 0.03040605528188880524, 0.4390000000000001124 ) ) ;
#5407 = DIRECTION ( 'NONE',  ( -0.000000000000000000, -0.000000000000000000, 1.000000000000000000 ) ) ;
#5408 = CARTESIAN_POINT ( 'NONE',  ( -0.008128360198747823159, -0.08466879830593596057, 0.4399999999999998357 ) ) ;
#5409 = DIRECTION ( 'NONE',  ( -1.000000000000000000, 0.000000000000000000, 0.000000000000000000 ) ) ;
#5410 = B_SPLINE_CURVE_WITH_KNOTS ( 'NONE', 3,
 ( #7527, #6752, #3980, #6129, #7489, #4592, #8334, #3200, #6033, #8385, #6807, #5357, #1610, #5314, #1655, #2436, #7663, #163, #8933 ),
 .UNSPECIFIED., .F., .F.,
 ( 4, 1, 1, 1, 1, 1, 1, 1, 1, 1, 1, 1, 1, 1, 1, 1, 4 ),
 ( 0.000000000000000000, 0.05720826943350931088, 0.1136960596574915078, 0.1691779164171957617, 0.2241592165805421921, 0.2787198783810428959, 0.3337942174469889500, 0.3892414593400025935, 0.4458220733936215652, 0.5037042811090198802, 0.5642938918193631803, 0.6279754158952239873, 0.6950382596840509741, 0.7653727258510129028, 0.8396114430907353210, 0.9175377500777885942, 1.000000000000000000 ),
 .UNSPECIFIED. ) ;
#5411 = CARTESIAN_POINT ( 'NONE',  ( -0.8097195505219565437, -0.1792166157037569096, 0.4400000000000000577 ) ) ;
#5412 = CARTESIAN_POINT ( 'NONE',  ( -0.7653518758338953010, 0.1906353943347586788, 0.4390000000000000013 ) ) ;
#5413 = ORIENTED_EDGE ( 'NONE', *, *, #6862, .T. ) ;
#5414 = B_SPLINE_CURVE_WITH_KNOTS ( 'NONE', 3,
 ( #8752, #7404, #1438, #4502, #6536, #9523, #2932, #5859, #4420, #7358, #37 ),
 .UNSPECIFIED., .F., .F.,
 ( 4, 1, 1, 1, 1, 1, 1, 1, 4 ),
 ( 0.000000000000000000, 0.05259428152913731003, 0.1249519739750424296, 0.2180938989285975405, 0.3335024107325195719, 0.4687891785044467907, 0.6249375859645981413, 0.8016830479282270883, 1.000000000000000000 ),
 .UNSPECIFIED. ) ;
#5415 = DIRECTION ( 'NONE',  ( 0.000000000000000000, 0.000000000000000000, 1.000000000000000000 ) ) ;
#5416 = CARTESIAN_POINT ( 'NONE',  ( -6.064218350122669755E-17, -0.5000000000000000000, -0.1499999999999999667 ) ) ;
#5417 = CARTESIAN_POINT ( 'NONE',  ( 0.9680435148012520585, -0.05942841369055133771, 0.4390000000000000013 ) ) ;
#5418 = CARTESIAN_POINT ( 'NONE',  ( -0.6748318095808093497, 0.1289123208921325592, 0.4390000000000000568 ) ) ;
#5419 = PRODUCT_CONTEXT ( 'NONE', #1159, 'mechanical' ) ;
#5420 = FACE_OUTER_BOUND ( 'NONE', #290, .T. ) ;
#5421 = VECTOR ( 'NONE', #2994, 1000.000000000000000 ) ;
#5422 = CARTESIAN_POINT ( 'NONE',  ( 0.5602511911860172944, -0.1797530963719979336, 0.4390000000000000013 ) ) ;
#5423 = CARTESIAN_POINT ( 'NONE',  ( 0.3113990670688952522, 0.04600149554948095715, 0.4389999999999999458 ) ) ;
#5424 = CARTESIAN_POINT ( 'NONE',  ( -0.03136456552196564829, 0.1373503930806933560, 0.4390000000000000568 ) ) ;
#5425 = VECTOR ( 'NONE', #627, 1000.000000000000000 ) ;
#5426 = CARTESIAN_POINT ( 'NONE',  ( -0.2735129755833632936, -0.09332264445978211143, 0.4400000000000000022 ) ) ;
#5427 = DIRECTION ( 'NONE',  ( 0.000000000000000000, -1.000000000000000000, 0.000000000000000000 ) ) ;
#5428 = VERTEX_POINT ( 'NONE', #9455 ) ;
#5429 = VERTEX_POINT ( 'NONE', #5079 ) ;
#5430 = B_SPLINE_CURVE_WITH_KNOTS ( 'NONE', 3,
 ( #5304, #7561, #3095, #6793, #6842, #247, #9107, #5394, #9015, #2332, #9058 ),
 .UNSPECIFIED., .F., .F.,
 ( 4, 1, 1, 1, 1, 1, 1, 1, 4 ),
 ( 0.000000000000000000, 0.09027921465001513546, 0.1895299184469582676, 0.2991978724002888335, 0.4189258867738180903, 0.5483762854012463883, 0.6881363695386820689, 0.8390835016589189843, 1.000000000000000000 ),
 .UNSPECIFIED. ) ;
#5431 = CARTESIAN_POINT ( 'NONE',  ( 0.8284101013397137114, 0.1439369709248332352, 0.4400000000000000022 ) ) ;
#5432 = EDGE_CURVE ( 'NONE', #4935, #6264, #9311, .T. ) ;
#5433 = CARTESIAN_POINT ( 'NONE',  ( 0.3167348696625138516, -0.009180151470120448756, 0.4390000000000001679 ) ) ;
#5434 = CARTESIAN_POINT ( 'NONE',  ( -0.4933806985157583314, -0.2204362943121900287, 0.4399999999999997802 ) ) ;
#5435 =( LENGTH_UNIT ( ) NAMED_UNIT ( * ) SI_UNIT ( .MILLI., .METRE. ) );
#5436 = SURFACE_SIDE_STYLE ('',( #5254 ) ) ;
#5437 = CARTESIAN_POINT ( 'NONE',  ( 0.9880947080145585648, -0.01836882851375151379, 0.4399999999999999467 ) ) ;
#5438 = CARTESIAN_POINT ( 'NONE',  ( -0.7460415902400887589, 0.2332122669086980349, 0.4400000000000000022 ) ) ;
#5439 = CARTESIAN_POINT ( 'NONE',  ( 0.8840564903720593559, 0.2465110166644899348, 0.4400000000000000022 ) ) ;
#5440 = ORIENTED_EDGE ( 'NONE', *, *, #4448, .T. ) ;
#5441 = EDGE_CURVE ( 'NONE', #3257, #9043, #558, .T. ) ;
#5442 = EDGE_CURVE ( 'NONE', #4230, #2866, #7290, .T. ) ;
#5443 = VERTEX_POINT ( 'NONE', #2722 ) ;
#5444 = CARTESIAN_POINT ( 'NONE',  ( -0.5215898986602862664, 0.1439369709248332352, 0.4390000000000000013 ) ) ;
#5445 = DIRECTION ( 'NONE',  ( 0.000000000000000000, -1.000000000000000000, 0.000000000000000000 ) ) ;
#5446 = CARTESIAN_POINT ( 'NONE',  ( -0.4539817255833632492, -0.2260149521520898042, 0.4390000000000000013 ) ) ;
#5447 = CARTESIAN_POINT ( 'NONE',  ( 0.9572124303656810440, 0.2321813177240261983, 0.4389999999999997793 ) ) ;
#5448 = ORIENTED_EDGE ( 'NONE', *, *, #5783, .T. ) ;
#5449 = LINE ( 'NONE', #4724, #2226 ) ;
#5450 = EDGE_CURVE ( 'NONE', #3922, #7231, #1416, .T. ) ;
#5451 = EDGE_LOOP ( 'NONE', ( #4148, #7484, #2119, #5996 ) ) ;
#5452 = STYLED_ITEM ( 'NONE', ( #7807 ), #8591 ) ;
#5453 = CARTESIAN_POINT ( 'NONE',  ( -0.4135074368062525152, -0.02619844223432353861, 0.4400000000000000577 ) ) ;
#5454 = DIRECTION ( 'NONE',  ( -0.000000000000000000, -0.000000000000000000, 1.000000000000000000 ) ) ;
#5455 = CARTESIAN_POINT ( 'NONE',  ( 0.8960182744166367286, -0.1798611059982436478, 0.4399999999999996136 ) ) ;
#5456 = COLOUR_RGB ( '',0.9686274509803921573, 0.8784313725490195957, 0.5999999999999999778 ) ;
#5457 = CARTESIAN_POINT ( 'NONE',  ( -0.008325113252065403577, -0.08047591187978772598, 0.4399999999999999467 ) ) ;
#5458 = CARTESIAN_POINT ( 'NONE',  ( -0.8251821559545174933, -0.1796439771731270785, 0.4400000000000000022 ) ) ;
#5459 = VECTOR ( 'NONE', #1242, 1000.000000000000000 ) ;
#5460 = CARTESIAN_POINT ( 'NONE',  ( 0.1314627736672424052, 0.1088829761659725753, 0.4399999999999998912 ) ) ;
#5461 = CARTESIAN_POINT ( 'NONE',  ( 0.2311109461941201482, 0.2008161920513386878, 0.4390000000000000013 ) ) ;
#5462 = EDGE_CURVE ( 'NONE', #4708, #7873, #8129, .T. ) ;
#5463 = EDGE_CURVE ( 'NONE', #991, #518, #4615, .T. ) ;
#5464 = CARTESIAN_POINT ( 'NONE',  ( -0.5492417434313716651, -0.1107836697771575202, 0.4390000000000000013 ) ) ;
#5465 = FACE_OUTER_BOUND ( 'NONE', #1230, .T. ) ;
#5466 = ORIENTED_EDGE ( 'NONE', *, *, #8886, .T. ) ;
#5467 = ORIENTED_EDGE ( 'NONE', *, *, #3767, .F. ) ;
#5468 = CARTESIAN_POINT ( 'NONE',  ( 0.2917212312510157890, 0.2374337801199749576, 0.4390000000000000013 ) ) ;
#5469 = CARTESIAN_POINT ( 'NONE',  ( -1.061514104698023653, -0.07399835063140197677, 0.4400000000000001132 ) ) ;
#5470 = CARTESIAN_POINT ( 'NONE',  ( -0.3312052832756709475, 0.1708900959248332574, 0.4400000000000000022 ) ) ;
#5471 = PLANE ( 'NONE',  #9393 ) ;
#5472 = CARTESIAN_POINT ( 'NONE',  ( -0.2562052832756709364, 0.1316773555402178664, 0.4390000000000000013 ) ) ;
#5473 = DIRECTION ( 'NONE',  ( -1.000000000000000000, 0.000000000000000000, 0.000000000000000000 ) ) ;
#5474 = CARTESIAN_POINT ( 'NONE',  ( -0.4768728365315289541, 0.02214612041285974817, 0.4400000000000001132 ) ) ;
#5475 = DIRECTION ( 'NONE',  ( -0.6077508431907283626, 0.7941277684358851729, 0.000000000000000000 ) ) ;
#5476 = CARTESIAN_POINT ( 'NONE',  ( -1.027428095292251209, -0.04708880750808860233, 0.4389999999999998903 ) ) ;
#5477 = CARTESIAN_POINT ( 'NONE',  ( 0.6489171156749066194, 0.006141843226340525444, 0.4390000000000000013 ) ) ;
#5478 =( LENGTH_UNIT ( ) NAMED_UNIT ( * ) SI_UNIT ( .MILLI., .METRE. ) );
#5479 = MECHANICAL_DESIGN_GEOMETRIC_PRESENTATION_REPRESENTATION (  '', ( #1016 ), #5947 ) ;
#5480 = EDGE_LOOP ( 'NONE', ( #5401, #9423, #3323, #8472 ) ) ;
#5481 = ORIENTED_EDGE ( 'NONE', *, *, #7252, .F. ) ;
#5482 = CARTESIAN_POINT ( 'NONE',  ( 0.8284606461927732646, 0.1415260665410597030, 0.4399999999999999467 ) ) ;
#5483 = LINE ( 'NONE', #8514, #2317 ) ;
#5484 = CARTESIAN_POINT ( 'NONE',  ( 1.607071067811865595, 1.257071067811865506, 0.1500000000000000222 ) ) ;
#5485 = DIRECTION ( 'NONE',  ( -1.000000000000000000, 0.000000000000000000, -0.000000000000000000 ) ) ;
#5486 = ORIENTED_EDGE ( 'NONE', *, *, #2762, .T. ) ;
#5487 = CARTESIAN_POINT ( 'NONE',  ( -0.1217100909679787318, 0.2009081247709871010, 0.4399999999999999467 ) ) ;
#5488 = CARTESIAN_POINT ( 'NONE',  ( -0.2331283601987478582, -0.09332264445978211143, 0.4400000000000000022 ) ) ;
#5489 = FACE_OUTER_BOUND ( 'NONE', #7563, .T. ) ;
#5490 = B_SPLINE_SURFACE_WITH_KNOTS ( 'NONE', 3, 1, ( 
 ( #1018, #6894 ),
 ( #296, #1069 ),
 ( #349, #9494 ),
 ( #8768, #4296 ),
 ( #5828, #5739 ),
 ( #8676, #7134 ),
 ( #6551, #4918 ),
 ( #5786, #7330 ),
 ( #3473, #2901 ),
 ( #4247, #7235 ),
 ( #2092, #682 ),
 ( #590, #2185 ),
 ( #2816, #2759 ),
 ( #3, #4196 ),
 ( #9448, #537 ),
 ( #5115, #8620 ),
 ( #8726, #728 ),
 ( #8034, #2039 ),
 ( #6405, #1452 ) ),
 .UNSPECIFIED., .F., .F., .F.,
 ( 4, 1, 1, 1, 1, 1, 1, 1, 1, 1, 1, 1, 1, 1, 1, 1, 4 ),
 ( 2, 2 ),
 ( 0.000000000000000000, 0.06420729528298543820, 0.1264246897797417224, 0.1876802842649213376, 0.2482164244552129972, 0.3083050600086124637, 0.3696609913251426849, 0.4316985517867805155, 0.4959468922087641451, 0.5597580239721191564, 0.6222954078261583311, 0.6839106352841733960, 0.7450924080566243557, 0.8067402253892924646, 0.8690866181212018038, 0.9332900029747992487, 0.9999999999999998890 ),
 ( 0.000000000000000000, 1.000000000000000000 ),
 .UNSPECIFIED. ) ;
#5491 = ORIENTED_EDGE ( 'NONE', *, *, #9532, .T. ) ;
#5492 = CARTESIAN_POINT ( 'NONE',  ( 0.7881932985399601188, 0.1468049130941413150, 0.4400000000000001132 ) ) ;
#5493 = VERTEX_POINT ( 'NONE', #2957 ) ;
#5494 = UNCERTAINTY_MEASURE_WITH_UNIT (LENGTH_MEASURE( 1.000000000000000082E-05 ), #5059, 'distance_accuracy_value', 'NONE');
#5495 = DIRECTION ( 'NONE',  ( -0.000000000000000000, -0.000000000000000000, 1.000000000000000000 ) ) ;
#5496 = CARTESIAN_POINT ( 'NONE',  ( -0.4160475183123390486, -0.2210878065262956160, 0.4390000000000001679 ) ) ;
#5497 = ORIENTED_EDGE ( 'NONE', *, *, #457, .T. ) ;
#5498 = CARTESIAN_POINT ( 'NONE',  ( -0.008196196009503737417, -0.08780122391816941319, 0.4400000000000000577 ) ) ;
#5499 = CARTESIAN_POINT ( 'NONE',  ( -1.075271996032883148, 0.005436630691729054700, 0.4399999999999998912 ) ) ;
#5500 = CARTESIAN_POINT ( 'NONE',  ( 1.250000000000000000, -0.9000000000000000222, 0.4400000000000000022 ) ) ;
#5501 = EDGE_CURVE ( 'NONE', #7129, #2557, #11, .T. ) ;
#5502 = EDGE_CURVE ( 'NONE', #3421, #776, #8908, .T. ) ;
#5503 = STYLED_ITEM ( 'NONE', ( #4538 ), #3997 ) ;
#5504 = ORIENTED_EDGE ( 'NONE', *, *, #801, .F. ) ;
#5505 = CARTESIAN_POINT ( 'NONE',  ( 1.500000000000000000, -0.5000000000000003331, -0.1499999999999999667 ) ) ;
#5506 = UNCERTAINTY_MEASURE_WITH_UNIT (LENGTH_MEASURE( 1.000000000000000082E-05 ), #5575, 'distance_accuracy_value', 'NONE');
#5507 = CARTESIAN_POINT ( 'NONE',  ( -0.008128360198747823159, -0.08466879830593596057, 0.4400000000000000022 ) ) ;
#5508 = CARTESIAN_POINT ( 'NONE',  ( -0.7653362058400888790, -0.1697258370948855621, 0.4389999999999999458 ) ) ;
#5510 = COLOUR_RGB ( '',0.9686274509803921573, 0.8784313725490195957, 0.5999999999999999778 ) ;
#5509 = CARTESIAN_POINT ( 'NONE',  ( -1.002791814357535172, 0.1173194155963438318, 0.4390000000000000568 ) ) ;
#5511 = CARTESIAN_POINT ( 'NONE',  ( -0.5153417410849171487, 0.1153979140725332753, 0.4400000000000000022 ) ) ;
#5512 = CARTESIAN_POINT ( 'NONE',  ( -1.066123684176664366, 0.08291877168170867785, 0.4389999999999998348 ) ) ;
#5513 = CARTESIAN_POINT ( 'NONE',  ( 0.8192425458998114918, 0.2171842847642391772, 0.4389999999999998903 ) ) ;
#5514 = CARTESIAN_POINT ( 'NONE',  ( -0.1410226059248251562, 0.05677183030437662342, 0.4389999999999999458 ) ) ;
#5515 = VERTEX_POINT ( 'NONE', #4525 ) ;
#5516 = CARTESIAN_POINT ( 'NONE',  ( 1.023686181712794241, -0.08696345887389277107, 0.4400000000000000577 ) ) ;
#5517 = ORIENTED_EDGE ( 'NONE', *, *, #5686, .F. ) ;
#5518 = EDGE_LOOP ( 'NONE', ( #7066, #6384, #3307, #8064 ) ) ;
#5519 = CARTESIAN_POINT ( 'NONE',  ( 0.8926194446047970299, -0.2259492288038511820, 0.4390000000000000568 ) ) ;
#5520 = CARTESIAN_POINT ( 'NONE',  ( 0.7187947167243290414, -0.06745125022901288236, 0.4400000000000000022 ) ) ;
#5521 = EDGE_CURVE ( 'NONE', #710, #3455, #5122, .T. ) ;
#5522 = DIRECTION ( 'NONE',  ( -0.000000000000000000, -0.000000000000000000, 1.000000000000000000 ) ) ;
#5523 = B_SPLINE_CURVE_WITH_KNOTS ( 'NONE', 3,
 ( #9469, #2159, #8697, #8016, #3595, #2113, #5044, #6617, #1379, #3016, #2206, #7213, #615, #3547, #6530 ),
 .UNSPECIFIED., .F., .F.,
 ( 4, 1, 1, 1, 1, 1, 1, 1, 1, 1, 1, 1, 4 ),
 ( 0.000000000000000000, 0.09126360489662582731, 0.1809303110850816743, 0.2700882198317225980, 0.3601561333877266735, 0.4483425324981535898, 0.5326658421383304587, 0.6138337041070481837, 0.6939815272835586635, 0.7727159770890038581, 0.8493351720622467349, 0.9239673265752322839, 1.000000000000000000 ),
 .UNSPECIFIED. ) ;
#5524 = CARTESIAN_POINT ( 'NONE',  ( 0.7942797271809144410, 0.1064177203410478917, 0.4389999999999998903 ) ) ;
#5525 =( NAMED_UNIT ( * ) SI_UNIT ( $, .STERADIAN. ) SOLID_ANGLE_UNIT ( ) );
#5526 =( LENGTH_UNIT ( ) NAMED_UNIT ( * ) SI_UNIT ( .MILLI., .METRE. ) );
#5527 = CARTESIAN_POINT ( 'NONE',  ( -0.1932272004231346263, 0.1702452821604417688, 0.4389999999999999458 ) ) ;
#5528 = CARTESIAN_POINT ( 'NONE',  ( 0.3234757012656535036, 0.06677258668918469031, 0.4390000000000000013 ) ) ;
#5529 = CARTESIAN_POINT ( 'NONE',  ( 0.8821446519057658531, -0.1791864318095373054, 0.4390000000000000568 ) ) ;
#5530 = CARTESIAN_POINT ( 'NONE',  ( -1.450003333370371239, -1.250999999999999890, 0.1500000000000000222 ) ) ;
#5531 = CARTESIAN_POINT ( 'NONE',  ( -0.1268338768540779316, 0.2007292353705875942, 0.4389999999999999458 ) ) ;
#5532 = EDGE_CURVE ( 'NONE', #7219, #279, #8867, .T. ) ;
#5533 = ORIENTED_EDGE ( 'NONE', *, *, #2539, .F. ) ;
#5534 = ORIENTED_EDGE ( 'NONE', *, *, #6346, .F. ) ;
#5535 = CARTESIAN_POINT ( 'NONE',  ( -0.8613078258313726643, -0.2248356670060377704, 0.4389999999999997793 ) ) ;
#5536 = AXIS2_PLACEMENT_3D ( 'NONE', #6081, #6030, #1747 ) ;
#5537 = CARTESIAN_POINT ( 'NONE',  ( -1.250000000000000000, -0.9000000000000000222, 0.2799999999999999711 ) ) ;
#5538 = CARTESIAN_POINT ( 'NONE',  ( -0.4573805553952030589, -0.2259492288038511820, 0.4399999999999996692 ) ) ;
#5539 = LINE ( 'NONE', #1882, #8481 ) ;
#5540 = EDGE_LOOP ( 'NONE', ( #4967, #2779, #6967, #4417 ) ) ;
#5541 = CARTESIAN_POINT ( 'NONE',  ( 0.9090511151807095791, -0.2257380525320007714, 0.4400000000000001132 ) ) ;
#5542 = CARTESIAN_POINT ( 'NONE',  ( -0.9286770327004195691, 0.2306172593781228852, 0.4390000000000002234 ) ) ;
#5543 = B_SPLINE_CURVE_WITH_KNOTS ( 'NONE', 3,
 ( #9286, #1296, #7980, #2701, #3461, #8660, #9435, #2849, #1245, #4907, #2748, #6394, #5774, #2079, #7779 ),
 .UNSPECIFIED., .F., .F.,
 ( 4, 1, 1, 1, 1, 1, 1, 1, 1, 1, 1, 1, 4 ),
 ( 0.000000000000000000, 0.09870219630615245654, 0.1956723088106643860, 0.2924224265079541918, 0.3913425437998252487, 0.4444624406718920007, 0.5042287754493164353, 0.5703523379946785488, 0.6425457530977481957, 0.7222875053440187543, 0.8079211226827124337, 0.9004695379850152781, 1.000000000000000000 ),
 .UNSPECIFIED. ) ;
#5544 = EDGE_LOOP ( 'NONE', ( #965, #6800, #3888, #9331 ) ) ;
#5545 = CARTESIAN_POINT ( 'NONE',  ( 0.03069008932950439278, -0.05921102929260922687, 0.4390000000000001124 ) ) ;
#5546 = VECTOR ( 'NONE', #3106, 1000.000000000000000 ) ;
#5547 = ORIENTED_EDGE ( 'NONE', *, *, #6277, .F. ) ;
#5548 = FACE_OUTER_BOUND ( 'NONE', #3647, .T. ) ;
#5549 = VERTEX_POINT ( 'NONE', #1544 ) ;
#5550 = B_SPLINE_CURVE_WITH_KNOTS ( 'NONE', 3,
 ( #2835, #8599, #5762, #2012, #4316, #7870, #564 ),
 .UNSPECIFIED., .F., .F.,
 ( 4, 1, 1, 1, 4 ),
 ( 0.000000000000000000, 0.2750683690187422092, 0.5329014600899335541, 0.7739734595924439020, 1.000000000000000000 ),
 .UNSPECIFIED. ) ;
#5551 = PLANE ( 'NONE',  #6912 ) ;
#5552 = CARTESIAN_POINT ( 'NONE',  ( -0.3719127969437024950, -0.1323342148985768851, 0.4400000000000000022 ) ) ;
#5553 = CARTESIAN_POINT ( 'NONE',  ( -0.4282370905196330457, -0.2239694611288362280, 0.4399999999999999467 ) ) ;
#5554 = ORIENTED_EDGE ( 'NONE', *, *, #2594, .T. ) ;
#5555 = CARTESIAN_POINT ( 'NONE',  ( -0.08680936167545039162, -0.1761291434880555007, 0.4400000000000000577 ) ) ;
#5556 = SURFACE_STYLE_FILL_AREA ( #7860 ) ;
#5557 = FILL_AREA_STYLE_COLOUR ( '', #5510 ) ;
#5558 = ORIENTED_EDGE ( 'NONE', *, *, #2304, .T. ) ;
#5559 = CARTESIAN_POINT ( 'NONE',  ( 0.4678521266564511505, -0.1116311698845204592, 0.4389999999999998903 ) ) ;
#5560 = CARTESIAN_POINT ( 'NONE',  ( -0.3677136967372094944, 0.1432158170786794193, 0.4400000000000001688 ) ) ;
#5561 = EDGE_CURVE ( 'NONE', #5292, #8563, #7470, .T. ) ;
#5562 = CARTESIAN_POINT ( 'NONE',  ( 0.6238506100603604665, 0.02294007052336847693, 0.4390000000000000013 ) ) ;
#5563 = CARTESIAN_POINT ( 'NONE',  ( 1.425000000000000044, 0.9000000000000000222, 0.4149999999999999800 ) ) ;
#5564 =( LENGTH_UNIT ( ) NAMED_UNIT ( * ) SI_UNIT ( .MILLI., .METRE. ) );
#5565 = CARTESIAN_POINT ( 'NONE',  ( 0.3322562551858673774, 0.1096821632325255536, 0.4400000000000000022 ) ) ;
#5566 = SURFACE_SIDE_STYLE ('',( #6280 ) ) ;
#5567 = CARTESIAN_POINT ( 'NONE',  ( 0.5999999999999999778, 0.000000000000000000, -0.1499999999999999667 ) ) ;
#5568 = CARTESIAN_POINT ( 'NONE',  ( -0.6798393384583004684, 0.1348802100565603956, 0.4390000000000001124 ) ) ;
#5569 = ORIENTED_EDGE ( 'NONE', *, *, #1468, .T. ) ;
#5570 = ORIENTED_EDGE ( 'NONE', *, *, #8463, .F. ) ;
#5571 = CARTESIAN_POINT ( 'NONE',  ( 0.7176755248677637589, -0.08922165990784029777, 0.4389999999999998903 ) ) ;
#5572 = PLANE ( 'NONE',  #6189 ) ;
#5573 = CARTESIAN_POINT ( 'NONE',  ( -0.1444195017041056683, -0.1784493930708975773, 0.4390000000000000568 ) ) ;
#5574 = CARTESIAN_POINT ( 'NONE',  ( -0.6000000000000001998, 0.8000000000000000444, 0.1500000000000000222 ) ) ;
#5575 =( LENGTH_UNIT ( ) NAMED_UNIT ( * ) SI_UNIT ( .MILLI., .METRE. ) );
#5576 =( NAMED_UNIT ( * ) PLANE_ANGLE_UNIT ( ) SI_UNIT ( $, .RADIAN. ) );
#5577 = CARTESIAN_POINT ( 'NONE',  ( 0.2346300532627904334, 0.2009081247709871010, 0.4390000000000000013 ) ) ;
#5578 = DIRECTION ( 'NONE',  ( -1.000000000000000000, 0.000000000000000000, 0.000000000000000000 ) ) ;
#5579 = EDGE_CURVE ( 'NONE', #5549, #10, #4441, .T. ) ;
#5580 = CARTESIAN_POINT ( 'NONE',  ( 0.5932106075757761499, 0.03207335141847994509, 0.4390000000000001124 ) ) ;
#5581 = CIRCLE ( 'NONE', #7125, 0.2000000000000000944 ) ;
#5582 = CARTESIAN_POINT ( 'NONE',  ( -0.5032423112289445832, 0.1847640311179730432, 0.4390000000000001679 ) ) ;
#5583 = ORIENTED_EDGE ( 'NONE', *, *, #5260, .T. ) ;
#5584 = ORIENTED_EDGE ( 'NONE', *, *, #8002, .F. ) ;
#5585 = CARTESIAN_POINT ( 'NONE',  ( -1.204669080539448851E-16, -0.5000000000000000000, -0.1549999999999999711 ) ) ;
#5586 = CIRCLE ( 'NONE', #1124, 0.2225000000000002531 ) ;
#5587 = CARTESIAN_POINT ( 'NONE',  ( 1.600000000000000089, -1.250000000000000000, 0.1500000000000000222 ) ) ;
#5588 = CARTESIAN_POINT ( 'NONE',  ( -0.5908206678910555842, -0.1276675963828590443, 0.4390000000000000013 ) ) ;
#5589 = EDGE_CURVE ( 'NONE', #4845, #672, #7381, .T. ) ;
#5590 = CARTESIAN_POINT ( 'NONE',  ( -0.1821322911888546281, -0.1662938772315489255, 0.4400000000000001132 ) ) ;
#5591 = ORIENTED_EDGE ( 'NONE', *, *, #758, .T. ) ;
#5592 = CARTESIAN_POINT ( 'NONE',  ( 1.019570331933381535, -0.1393830286234709337, 0.4399999999999999467 ) ) ;
#5593 = CARTESIAN_POINT ( 'NONE',  ( -0.5116615815944626222, -0.2134143259298673934, 0.4390000000000000013 ) ) ;
#5594 = AXIS2_PLACEMENT_3D ( 'NONE', #2653, #5578, #8504 ) ;
#5595 = CARTESIAN_POINT ( 'NONE',  ( 0.02196521696335001009, -0.02869398154913980689, 0.4390000000000001124 ) ) ;
#5596 = VECTOR ( 'NONE', #2892, 1000.000000000000000 ) ;
#5597 = CARTESIAN_POINT ( 'NONE',  ( 0.008965441723621511011, 0.1350891478982569616, 0.4390000000000000013 ) ) ;
#5598 = ORIENTED_EDGE ( 'NONE', *, *, #7884, .F. ) ;
#5599 = CARTESIAN_POINT ( 'NONE',  ( 0.2367033705704829349, 0.2470619709248332851, 0.4400000000000000022 ) ) ;
#5600 = LINE ( 'NONE', #1015, #184 ) ;
#5601 = CARTESIAN_POINT ( 'NONE',  ( -0.2331283601987478582, -0.09332264445978211143, 0.4390000000000000013 ) ) ;
#5602 = AXIS2_PLACEMENT_3D ( 'NONE', #4645, #3885, #8985 ) ;
#5603 = ORIENTED_EDGE ( 'NONE', *, *, #9057, .T. ) ;
#5604 = DIRECTION ( 'NONE',  ( -1.138510228716577464E-13, 4.536031363684370659E-13, 1.000000000000000000 ) ) ;
#5605 = ORIENTED_EDGE ( 'NONE', *, *, #7790, .T. ) ;
#5606 = CARTESIAN_POINT ( 'NONE',  ( -1.075436052506440143, 0.01313769207867942004, 0.4400000000000000022 ) ) ;
#5607 = CARTESIAN_POINT ( 'NONE',  ( -0.8750636290772992876, -0.2233635579747537125, 0.4390000000000001124 ) ) ;
#5608 = EDGE_CURVE ( 'NONE', #3710, #6655, #730, .T. ) ;
#5609 = ORIENTED_EDGE ( 'NONE', *, *, #9089, .F. ) ;
#5610 = CARTESIAN_POINT ( 'NONE',  ( 0.4678521266564511505, -0.1116311698845204592, 0.4399999999999999467 ) ) ;
#5611 = CARTESIAN_POINT ( 'NONE',  ( 0.4832647517104192159, -0.1427480460922871119, 0.4400000000000000577 ) ) ;
#5612 = CARTESIAN_POINT ( 'NONE',  ( 0.5817450308397390524, 0.03333532661997120478, 0.4389999999999999458 ) ) ;
#5613 = MECHANICAL_DESIGN_GEOMETRIC_PRESENTATION_REPRESENTATION (  '', ( #5299 ), #3148 ) ;
#5614 = CARTESIAN_POINT ( 'NONE',  ( -0.8493229532247059677, 0.2007527926940220475, 0.4390000000000000568 ) ) ;
#5615 = CARTESIAN_POINT ( 'NONE',  ( -0.08062111261944968077, 0.001845205338841217173, 0.4399999999999998912 ) ) ;
#5616 = CARTESIAN_POINT ( 'NONE',  ( 0.000000000000000000, 0.000000000000000000, 0.1500000000000000222 ) ) ;
#5617 = CARTESIAN_POINT ( 'NONE',  ( 0.1447731206163501982, 0.1500782154740827878, 0.4390000000000000013 ) ) ;
#5618 = DIRECTION ( 'NONE',  ( 0.000000000000000000, 0.000000000000000000, -1.000000000000000000 ) ) ;
#5619 = CARTESIAN_POINT ( 'NONE',  ( 1.012063343228134071, -0.05262530128274758856, 0.4399999999999998357 ) ) ;
#5620 = AXIS2_PLACEMENT_3D ( 'NONE', #8957, #2375, #957 ) ;
#5621 = ORIENTED_EDGE ( 'NONE', *, *, #6420, .F. ) ;
#5622 = CARTESIAN_POINT ( 'NONE',  ( 0.7886302791245830557, -0.1730172428030497256, 0.4399999999999996136 ) ) ;
#5623 = CARTESIAN_POINT ( 'NONE',  ( -6.064218350122669755E-17, -0.5000000000000000000, 0.1500000000000000222 ) ) ;
#5624 = CARTESIAN_POINT ( 'NONE',  ( -0.01617557692435999186, 0.02169413604542193980, 0.4400000000000000022 ) ) ;
#5625 = CIRCLE ( 'NONE', #3932, 0.2225000000000002531 ) ;
#5626 = CARTESIAN_POINT ( 'NONE',  ( -0.1978819659679786902, -0.1555221636905513571, 0.4400000000000000022 ) ) ;
#5627 = LINE ( 'NONE', #5574, #8784 ) ;
#5628 = CARTESIAN_POINT ( 'NONE',  ( -1.377502247202359031, 1.250999999999999890, 0.1500000000000000222 ) ) ;
#5629 = DIRECTION ( 'NONE',  ( -1.000000000000000000, 0.000000000000000000, 0.000000000000000000 ) ) ;
#5630 = LINE ( 'NONE', #4098, #6031 ) ;
#5631 = FACE_OUTER_BOUND ( 'NONE', #6599, .T. ) ;
#5632 = EDGE_CURVE ( 'NONE', #8219, #7595, #838, .T. ) ;
#5633 = CARTESIAN_POINT ( 'NONE',  ( -0.2144706020274552150, 0.1347275695493832526, 0.4389999999999998903 ) ) ;
#5634 = ORIENTED_EDGE ( 'NONE', *, *, #8954, .F. ) ;
#5635 = ORIENTED_EDGE ( 'NONE', *, *, #599, .T. ) ;
#5636 = CARTESIAN_POINT ( 'NONE',  ( -0.08176846789097030888, -0.2216316001385321699, 0.4389999999999998903 ) ) ;
#5637 = CARTESIAN_POINT ( 'NONE',  ( -1.013010786042741973, -0.08119729041266454672, 0.4399999999999998912 ) ) ;
#5638 = CARTESIAN_POINT ( 'NONE',  ( 1.600000000000000089, 1.250000000000000000, -0.2810000000000000275 ) ) ;
#5639 = CARTESIAN_POINT ( 'NONE',  ( -0.5116615815944626222, -0.2134143259298673934, 0.4399999999999997247 ) ) ;
#5640 = B_SPLINE_CURVE_WITH_KNOTS ( 'NONE', 3,
 ( #7938, #1352, #6499, #8807, #2175, #5106, #7984, #9439, #722, #5016, #4381, #8666, #7321, #2086, #4428 ),
 .UNSPECIFIED., .F., .F.,
 ( 4, 1, 1, 1, 1, 1, 1, 1, 1, 1, 1, 1, 4 ),
 ( 0.000000000000000000, 0.07964825118022787753, 0.1589216764181125285, 0.2396194947370318129, 0.3226094298185612774, 0.4060346366179242161, 0.4876020954923880879, 0.5696846265959313316, 0.6530361450088344455, 0.7374357177222882198, 0.8224778158555104968, 0.9097476551184079385, 1.000000000000000000 ),
 .UNSPECIFIED. ) ;
#5641 = DIRECTION ( 'NONE',  ( 0.000000000000000000, 0.000000000000000000, -1.000000000000000000 ) ) ;
#5642 = CARTESIAN_POINT ( 'NONE',  ( -0.2119174959878634135, -0.2003893265448239702, 0.4389999999999999458 ) ) ;
#5643 = CARTESIAN_POINT ( 'NONE',  ( -0.8584888657109926990, 0.2464463007355963131, 0.4389999999999999458 ) ) ;
#5644 = CARTESIAN_POINT ( 'NONE',  ( 0.9884734160498910294, 0.2075745984083956219, 0.4389999999999999458 ) ) ;
#5645 = EDGE_LOOP ( 'NONE', ( #3648, #4299, #5658, #9260 ) ) ;
#5646 = CARTESIAN_POINT ( 'NONE',  ( -1.425000000000000044, 0.000000000000000000, 0.4149999999999999800 ) ) ;
#5647 = ORIENTED_EDGE ( 'NONE', *, *, #3478, .F. ) ;
#5648 = CARTESIAN_POINT ( 'NONE',  ( 0.005393274416636787555, -0.0008346636905513685027, 0.4400000000000000022 ) ) ;
#5649 = ORIENTED_EDGE ( 'NONE', *, *, #2637, .F. ) ;
#5650 = EDGE_CURVE ( 'NONE', #2721, #5067, #7685, .T. ) ;
#5651 = CARTESIAN_POINT ( 'NONE',  ( 0.2917212312510157890, 0.2374337801199749576, 0.4400000000000000022 ) ) ;
#5652 = LINE ( 'NONE', #1420, #2013 ) ;
#5653 = CARTESIAN_POINT ( 'NONE',  ( -0.3256878793456082777, -0.1162548354935479672, 0.4399999999999999467 ) ) ;
#5654 = ORIENTED_EDGE ( 'NONE', *, *, #6134, .F. ) ;
#5655 = CARTESIAN_POINT ( 'NONE',  ( 0.5920836906620956519, 0.07943165990797160236, 0.4389999999999999458 ) ) ;
#5656 = CARTESIAN_POINT ( 'NONE',  ( 0.8299728639664920582, 0.1295708469336070701, 0.4390000000000000568 ) ) ;
#5657 = ORIENTED_EDGE ( 'NONE', *, *, #446, .F. ) ;
#5658 = ORIENTED_EDGE ( 'NONE', *, *, #6055, .T. ) ;
#5659 = EDGE_CURVE ( 'NONE', #7030, #4440, #2447, .T. ) ;
#5660 = CARTESIAN_POINT ( 'NONE',  ( -1.250000000000000000, 1.074999999999999956, 0.4400000000000000022 ) ) ;
#5661 = CARTESIAN_POINT ( 'NONE',  ( 0.1690050532627905000, -0.1683226444597820948, 0.4390000000000000013 ) ) ;
#5662 = CARTESIAN_POINT ( 'NONE',  ( 0.6143068044143648043, 0.02698595602458087397, 0.4389999999999999458 ) ) ;
#5663 = CARTESIAN_POINT ( 'NONE',  ( -1.028784328985340002, 0.06111036129029265990, 0.4390000000000000568 ) ) ;
#5664 = LINE ( 'NONE', #416, #2516 ) ;
#5665 = CARTESIAN_POINT ( 'NONE',  ( -0.9889279971694914240, 0.1955789888129549070, 0.4390000000000001124 ) ) ;
#5666 = PRESENTATION_STYLE_ASSIGNMENT (( #8485 ) ) ;
#5667 = B_SPLINE_CURVE_WITH_KNOTS ( 'NONE', 3,
 ( #7429, #5970, #3769, #188, #870, #1635, #3046, #3088, #2326, #144, #6830 ),
 .UNSPECIFIED., .F., .F.,
 ( 4, 1, 1, 1, 1, 1, 1, 1, 4 ),
 ( 0.000000000000000000, 0.1815353013762860956, 0.3470816724816302989, 0.4955678164315551748, 0.6283573018772136143, 0.7455196699921562420, 0.8458307507576521278, 0.9307818073847581308, 1.000000000000000000 ),
 .UNSPECIFIED. ) ;
#5668 = CARTESIAN_POINT ( 'NONE',  ( -0.09895609633797565474, 0.06229113667439566820, 0.4400000000000001688 ) ) ;
#5669 = ORIENTED_EDGE ( 'NONE', *, *, #8592, .F. ) ;
#5670 =( LENGTH_UNIT ( ) NAMED_UNIT ( * ) SI_UNIT ( .MILLI., .METRE. ) );
#5671 = ORIENTED_EDGE ( 'NONE', *, *, #8259, .F. ) ;
#5672 = CARTESIAN_POINT ( 'NONE',  ( 0.5946965434305302445, -0.2233578609423766403, 0.4389999999999999458 ) ) ;
#5673 = DIRECTION ( 'NONE',  ( -1.000000000000000000, 1.212843670024533951E-16, 0.000000000000000000 ) ) ;
#5674 = AXIS2_PLACEMENT_3D ( 'NONE', #8337, #3984, #936 ) ;
#5675 = DIRECTION ( 'NONE',  ( 1.000000000000000000, 0.000000000000000000, 0.000000000000000000 ) ) ;
#5676 = CARTESIAN_POINT ( 'NONE',  ( 0.5641973609550983149, -0.1798611059982436478, 0.4400000000000000022 ) ) ;
#5677 = FILL_AREA_STYLE_COLOUR ( '', #7864 ) ;
#5678 = CARTESIAN_POINT ( 'NONE',  ( 0.3284432288013840462, 0.1362344288676504700, 0.4390000000000001124 ) ) ;
#5679 = CARTESIAN_POINT ( 'NONE',  ( 0.2346300532627904334, 0.2009081247709871010, 0.4390000000000000013 ) ) ;
#5680 = DIRECTION ( 'NONE',  ( 0.000000000000000000, 0.000000000000000000, -1.000000000000000000 ) ) ;
#5681 = CARTESIAN_POINT ( 'NONE',  ( -0.4602530174750557590, 0.2007523347771729139, 0.4389999999999999458 ) ) ;
#5682 = ORIENTED_EDGE ( 'NONE', *, *, #6844, .T. ) ;
#5683 = FACE_OUTER_BOUND ( 'NONE', #5142, .T. ) ;
#5684 = CARTESIAN_POINT ( 'NONE',  ( -1.027428095292251209, -0.04708880750808860233, 0.4399999999999998912 ) ) ;
#5685 = EDGE_CURVE ( 'NONE', #4125, #1564, #3825, .T. ) ;
#5686 = EDGE_CURVE ( 'NONE', #6105, #7050, #6930, .T. ) ;
#5687 = DIRECTION ( 'NONE',  ( 0.000000000000000000, -1.000000000000000000, 0.000000000000000000 ) ) ;
#5688 = CARTESIAN_POINT ( 'NONE',  ( 0.5680491609516068463, -0.1797555774104446780, 0.4390000000000001124 ) ) ;
#5689 = CARTESIAN_POINT ( 'NONE',  ( 0.7185393432796222113, -0.07840311981973055455, 0.4399999999999998357 ) ) ;
#5690 = ORIENTED_EDGE ( 'NONE', *, *, #3296, .T. ) ;
#5691 = CARTESIAN_POINT ( 'NONE',  ( -0.2221002182778798184, -0.1924264366839801843, 0.4399999999999999467 ) ) ;
#5692 = CARTESIAN_POINT ( 'NONE',  ( -0.5535670556340700488, -0.1820700295209825847, 0.4389999999999999458 ) ) ;
#5693 = VERTEX_POINT ( 'NONE', #6880 ) ;
#5694 = CARTESIAN_POINT ( 'NONE',  ( 0.01715547369540095998, -0.01913450435572660799, 0.4389999999999998903 ) ) ;
#5695 = CARTESIAN_POINT ( 'NONE',  ( -0.3257260520173822504, -0.09852548070640008981, 0.4390000000000001679 ) ) ;
#5696 = CIRCLE ( 'NONE', #7996, 0.2225000000000000311 ) ;
#5697 = VERTEX_POINT ( 'NONE', #3274 ) ;
#5698 = CARTESIAN_POINT ( 'NONE',  ( 0.02196521696335001009, -0.02869398154913980689, 0.4400000000000001132 ) ) ;
#5699 = CIRCLE ( 'NONE', #1538, 0.1571850217640345937 ) ;
#5700 = ORIENTED_EDGE ( 'NONE', *, *, #6786, .T. ) ;
#5701 = DIRECTION ( 'NONE',  ( -1.000000000000000000, 0.000000000000000000, -0.000000000000000000 ) ) ;
#5702 = CARTESIAN_POINT ( 'NONE',  ( 0.2471601013397136948, -0.02823850984439750522, 0.4400000000000000022 ) ) ;
#5703 = CARTESIAN_POINT ( 'NONE',  ( -0.3723843241854103425, -0.1983201536692132394, 0.4399999999999998357 ) ) ;
#5704 = CARTESIAN_POINT ( 'NONE',  ( -0.7206813315295687028, -0.2015454450068219772, 0.4389999999999998903 ) ) ;
#5705 = ORIENTED_EDGE ( 'NONE', *, *, #2655, .F. ) ;
#5706 = FACE_OUTER_BOUND ( 'NONE', #5724, .T. ) ;
#5707 = CARTESIAN_POINT ( 'NONE',  ( -0.8471779863383854803, -0.2259146599588756910, 0.4400000000000000022 ) ) ;
#5708 = EDGE_CURVE ( 'NONE', #3782, #7193, #613, .T. ) ;
#5709 = ORIENTED_EDGE ( 'NONE', *, *, #8165, .T. ) ;
#5710 = VECTOR ( 'NONE', #6650, 1000.000000000000000 ) ;
#5711 = CARTESIAN_POINT ( 'NONE',  ( 0.4832647517104192159, -0.1427480460922871119, 0.4390000000000000568 ) ) ;
#5712 = CARTESIAN_POINT ( 'NONE',  ( 0.5168716398012520585, 0.2355235093863718987, 0.4400000000000000022 ) ) ;
#5713 = AXIS2_PLACEMENT_3D ( 'NONE', #6639, #811, #51 ) ;
#5714 = CARTESIAN_POINT ( 'NONE',  ( 0.6781597265705335831, -0.05506321890029071409, 0.4399999999999998357 ) ) ;
#5715 = CARTESIAN_POINT ( 'NONE',  ( -0.09913834933737558641, 0.005769967407517510166, 0.4390000000000001679 ) ) ;
#5716 = CARTESIAN_POINT ( 'NONE',  ( 1.600000000000000089, -1.250000000000000000, 0.2799999999999999711 ) ) ;
#5717 = CARTESIAN_POINT ( 'NONE',  ( -0.04559192408964100190, 0.1691643063572986216, 0.4399999999999998357 ) ) ;
#5718 = CARTESIAN_POINT ( 'NONE',  ( -1.250000000000000000, -1.074999999999999956, 0.4400000000000000022 ) ) ;
#5719 = ADVANCED_FACE ( 'NONE', ( #2509 ), #8358, .F. ) ;
#5720 = CARTESIAN_POINT ( 'NONE',  ( -0.1141883793267934460, 0.05919505592437089569, 0.4400000000000001132 ) ) ;
#5721 = ORIENTED_EDGE ( 'NONE', *, *, #1399, .T. ) ;
#5722 = AXIS2_PLACEMENT_3D ( 'NONE', #2923, #5810, #5093 ) ;
#5723 = CARTESIAN_POINT ( 'NONE',  ( -0.05650699389422154245, -0.1639994269537027871, 0.4390000000000000568 ) ) ;
#5724 = EDGE_LOOP ( 'NONE', ( #3504, #1106, #6349, #7055 ) ) ;
#5725 = VERTEX_POINT ( 'NONE', #9138 ) ;
#5726 = CARTESIAN_POINT ( 'NONE',  ( 0.8926194446047970299, -0.2259492288038511820, 0.4399999999999997802 ) ) ;
#5727 = CARTESIAN_POINT ( 'NONE',  ( -0.03120528327567101065, 0.1303251920786794027, 0.4400000000000000022 ) ) ;
#5728 = CARTESIAN_POINT ( 'NONE',  ( -0.004439850092750635691, 0.01132403424277880592, 0.4390000000000000013 ) ) ;
#5729 = CARTESIAN_POINT ( 'NONE',  ( -0.3312052832756709475, 0.1708900959248332574, 0.4390000000000000013 ) ) ;
#5730 = CARTESIAN_POINT ( 'NONE',  ( -0.2529723513307723937, 0.1450628123301363759, 0.4389999999999998903 ) ) ;
#5731 = CARTESIAN_POINT ( 'NONE',  ( 0.2810231822290703008, 0.1905042252544043302, 0.4390000000000000013 ) ) ;
#5732 = LINE ( 'NONE', #5679, #3443 ) ;
#5733 = CARTESIAN_POINT ( 'NONE',  ( -1.600999999999999979, -1.100003333370371150, 0.1500000000000000222 ) ) ;
#5734 = CARTESIAN_POINT ( 'NONE',  ( 1.600000000000000089, -1.027500000000000080, 0.1500000000000000222 ) ) ;
#5735 = ORIENTED_EDGE ( 'NONE', *, *, #3090, .T. ) ;
#5736 = CARTESIAN_POINT ( 'NONE',  ( 0.02745036191896608330, -0.1182420135539905687, 0.4399999999999997247 ) ) ;
#5737 = ORIENTED_EDGE ( 'NONE', *, *, #387, .T. ) ;
#5738 = CARTESIAN_POINT ( 'NONE',  ( -1.600000000000000089, -1.250000000000000000, -0.1549999999999999711 ) ) ;
#5739 = CARTESIAN_POINT ( 'NONE',  ( 0.5975707916337988923, -0.1754853728922058931, 0.4400000000000001132 ) ) ;
#5740 = CARTESIAN_POINT ( 'NONE',  ( -1.250000000000000000, 0.9000000000000000222, 0.4149999999999999800 ) ) ;
#5741 = VECTOR ( 'NONE', #8209, 1000.000000000000000 ) ;
#5742 = ORIENTED_EDGE ( 'NONE', *, *, #2077, .T. ) ;
#5743 = CARTESIAN_POINT ( 'NONE',  ( 0.02571310230536117888, -0.03861447660962753770, 0.4389999999999999458 ) ) ;
#5744 = CARTESIAN_POINT ( 'NONE',  ( -1.022744198981638819, 0.1625934611661233875, 0.4389999999999998903 ) ) ;
#5745 = CARTESIAN_POINT ( 'NONE',  ( -1.450003333370371239, -1.250999999999999890, -0.1549999999999999711 ) ) ;
#5746 = ORIENTED_EDGE ( 'NONE', *, *, #3766, .T. ) ;
#5747 = DIRECTION ( 'NONE',  ( -0.000000000000000000, -0.000000000000000000, 1.000000000000000000 ) ) ;
#5748 = AXIS2_PLACEMENT_3D ( 'NONE', #4601, #2800, #4184 ) ;
#5749 = CARTESIAN_POINT ( 'NONE',  ( 0.3580821142861806972, 0.1754655420911335195, 0.4399999999999999467 ) ) ;
#5750 = CARTESIAN_POINT ( 'NONE',  ( 0.2814819457887888232, 0.008694275103467258639, 0.4390000000000000013 ) ) ;
#5751 = FACE_OUTER_BOUND ( 'NONE', #2744, .T. ) ;
#5752 = VECTOR ( 'NONE', #4330, 1000.000000000000000 ) ;
#5753 = LINE ( 'NONE', #5175, #821 ) ;
#5754 = CARTESIAN_POINT ( 'NONE',  ( 0.3320134264055954465, 0.1188039266460833854, 0.4400000000000000022 ) ) ;
#5755 = CARTESIAN_POINT ( 'NONE',  ( -0.8750636290772992876, -0.2233635579747537125, 0.4400000000000000022 ) ) ;
#5756 = VECTOR ( 'NONE', #8180, 1000.000000000000000 ) ;
#5757 = EDGE_CURVE ( 'NONE', #55, #3257, #2559, .T. ) ;
#5758 = VERTEX_POINT ( 'NONE', #9345 ) ;
#5759 = VECTOR ( 'NONE', #2690, 1000.000000000000000 ) ;
#5760 = B_SPLINE_CURVE_WITH_KNOTS ( 'NONE', 3,
 ( #131, #8208, #1760, #3115, #8990, #3940, #6093, #8941, #8345, #4698, #2355, #8250, #7536, #8396, #1092, #5280, #6915, #7627, #3208 ),
 .UNSPECIFIED., .F., .F.,
 ( 4, 1, 1, 1, 1, 1, 1, 1, 1, 1, 1, 1, 1, 1, 1, 1, 4 ),
 ( 0.000000000000000000, 0.05720826943350931088, 0.1136960596574915078, 0.1691779164171957617, 0.2241592165805421921, 0.2787198783810428959, 0.3337942174469889500, 0.3892414593400025935, 0.4458220733936215652, 0.5037042811090198802, 0.5642938918193631803, 0.6279754158952239873, 0.6950382596840509741, 0.7653727258510129028, 0.8396114430907353210, 0.9175377500777885942, 1.000000000000000000 ),
 .UNSPECIFIED. ) ;
#5761 = CARTESIAN_POINT ( 'NONE',  ( 0.9680435148012520585, -0.05942841369055133771, 0.4390000000000000013 ) ) ;
#5762 = CARTESIAN_POINT ( 'NONE',  ( 0.5381677786629082139, 0.07487383464369624930, 0.4399999999999999467 ) ) ;
#5763 = CARTESIAN_POINT ( 'NONE',  ( 0.8590525868580645152, 0.08491489590235934415, 0.4389999999999999458 ) ) ;
#5764 = CARTESIAN_POINT ( 'NONE',  ( 0.8913984289531203808, -0.1796364429379935512, 0.4390000000000000568 ) ) ;
#5765 = CARTESIAN_POINT ( 'NONE',  ( 0.1303331782627906443, 0.09706197092483324906, 0.4390000000000000013 ) ) ;
#5766 = DIRECTION ( 'NONE',  ( -1.000000000000000000, 0.000000000000000000, 0.000000000000000000 ) ) ;
#5767 = ORIENTED_EDGE ( 'NONE', *, *, #1181, .F. ) ;
#5768 = VERTEX_POINT ( 'NONE', #7787 ) ;
#5769 = EDGE_LOOP ( 'NONE', ( #1020, #8642, #8655, #6603 ) ) ;
#5770 = CARTESIAN_POINT ( 'NONE',  ( 0.9794241439278004169, -0.009167848185585034462, 0.4390000000000000568 ) ) ;
#5771 = CARTESIAN_POINT ( 'NONE',  ( 0.3040446516985774728, 0.1740670878935349219, 0.4389999999999997793 ) ) ;
#5772 = ADVANCED_FACE ( 'NONE', ( #5683 ), #1333, .T. ) ;
#5773 = CARTESIAN_POINT ( 'NONE',  ( -0.3741634811072079847, 0.1515249184046990605, 0.4400000000000000022 ) ) ;
#5774 = CARTESIAN_POINT ( 'NONE',  ( 0.2942161438281951646, -0.03463235271249406888, 0.4400000000000000022 ) ) ;
#5775 = EDGE_CURVE ( 'NONE', #7140, #8439, #8722, .T. ) ;
#5776 = CARTESIAN_POINT ( 'NONE',  ( -0.01617557692435999186, 0.02169413604542193980, 0.4400000000000000022 ) ) ;
#5777 = CARTESIAN_POINT ( 'NONE',  ( 0.5999999999999999778, -2.020459614945045158E-16, -0.1499999999999999667 ) ) ;
#5778 = CARTESIAN_POINT ( 'NONE',  ( -0.5366704690450092574, -0.1976725960309449193, 0.4390000000000000013 ) ) ;
#5779 = DIRECTION ( 'NONE',  ( -1.000000000000000000, 0.000000000000000000, -0.000000000000000000 ) ) ;
#5780 =( GEOMETRIC_REPRESENTATION_CONTEXT ( 3 ) GLOBAL_UNCERTAINTY_ASSIGNED_CONTEXT ( ( #1849 ) ) GLOBAL_UNIT_ASSIGNED_CONTEXT ( ( #5351, #9110, #2338 ) ) REPRESENTATION_CONTEXT ( 'NONE', 'WORKASPACE' ) );
#5781 = FILL_AREA_STYLE ('',( #5239 ) ) ;
#5782 = CARTESIAN_POINT ( 'NONE',  ( -0.1162844130860778563, -0.2258092546678455714, 0.4399999999999996692 ) ) ;
#5783 = EDGE_CURVE ( 'NONE', #4524, #672, #2570, .T. ) ;
#5784 = ORIENTED_EDGE ( 'NONE', *, *, #8885, .T. ) ;
#5785 = CARTESIAN_POINT ( 'NONE',  ( 0.8385629345798073508, 0.1761856177727439965, 0.4399999999999999467 ) ) ;
#5786 = CARTESIAN_POINT ( 'NONE',  ( 0.6272351345043694071, -0.1615701322775035531, 0.4390000000000000013 ) ) ;
#5787 = VECTOR ( 'NONE', #5930, 1000.000000000000000 ) ;
#5788 = CARTESIAN_POINT ( 'NONE',  ( -0.7879540694290115832, 0.1965372383590705541, 0.4400000000000000577 ) ) ;
#5789 = VERTEX_POINT ( 'NONE', #5021 ) ;
#5790 = CARTESIAN_POINT ( 'NONE',  ( -0.5214381814503286083, 0.1367003154705438706, 0.4390000000000000013 ) ) ;
#5791 = CARTESIAN_POINT ( 'NONE',  ( 0.9411642040979691926, 0.1864051138167854282, 0.4400000000000001688 ) ) ;
#5792 = DIRECTION ( 'NONE',  ( 0.000000000000000000, 0.000000000000000000, -1.000000000000000000 ) ) ;
#5793 = ORIENTED_EDGE ( 'NONE', *, *, #152, .T. ) ;
#5794 = CARTESIAN_POINT ( 'NONE',  ( -0.4804845617454651108, 0.2439641121042239180, 0.4400000000000001132 ) ) ;
#5795 = B_SPLINE_SURFACE_WITH_KNOTS ( 'NONE', 3, 1, ( 
 ( #6088, #6754 ),
 ( #3253, #4643 ),
 ( #6907, #8387 ),
 ( #6035, #3203 ),
 ( #4508, #847 ),
 ( #3789, #9028 ),
 ( #8286, #6715 ),
 ( #6131, #124 ),
 ( #2492, #3067 ),
 ( #5990, #1752 ),
 ( #4692, #4896 ) ),
 .UNSPECIFIED., .F., .F., .F.,
 ( 4, 1, 1, 1, 1, 1, 1, 1, 4 ),
 ( 2, 2 ),
 ( 0.000000000000000000, 0.05259428152913736554, 0.1249519739750391961, 0.2180938989285944041, 0.3335024107325188503, 0.4687891785044462356, 0.6249375859645965869, 0.8016830479282268662, 1.000000000000000000 ),
 ( 0.000000000000000000, 1.000000000000000000 ),
 .UNSPECIFIED. ) ;
#5796 = CARTESIAN_POINT ( 'NONE',  ( 0.3515747075538961375, 0.1865521645402074546, 0.4399999999999999467 ) ) ;
#5797 = CARTESIAN_POINT ( 'NONE',  ( -1.250000000000000000, -0.9000000000000000222, 0.4149999999999999800 ) ) ;
#5798 = CARTESIAN_POINT ( 'NONE',  ( -0.9778938701145172274, -0.1257470802840600366, 0.4399999999999998912 ) ) ;
#5799 = CARTESIAN_POINT ( 'NONE',  ( 0.6789417687338398233, 0.03853047816148598426, 0.4399999999999997802 ) ) ;
#5800 = CARTESIAN_POINT ( 'NONE',  ( 0.2542969960810829155, 0.1993470412572454498, 0.4400000000000000022 ) ) ;
#5801 = PLANE ( 'NONE',  #5352 ) ;
#5802 = EDGE_LOOP ( 'NONE', ( #5793, #2664, #2975, #9428, #6069, #3060, #7420, #1730, #7018, #5603, #8586, #9160, #8228, #2000, #7311, #319, #840 ) ) ;
#5803 = VECTOR ( 'NONE', #3165, 1000.000000000000000 ) ;
#5804 = CARTESIAN_POINT ( 'NONE',  ( -0.1268338768540779316, 0.2007292353705875942, 0.4399999999999999467 ) ) ;
#5805 = CARTESIAN_POINT ( 'NONE',  ( 0.9364925631937477402, -0.02619844223432343105, 0.4400000000000002243 ) ) ;
#5806 = CARTESIAN_POINT ( 'NONE',  ( 0.5113442885557141215, -0.2173661255176127516, 0.4399999999999998357 ) ) ;
#5807 = EDGE_CURVE ( 'NONE', #4418, #4729, #5625, .T. ) ;
#5808 = EDGE_CURVE ( 'NONE', #1118, #5443, #1355, .T. ) ;
#5809 = CARTESIAN_POINT ( 'NONE',  ( 0.7014870244166366842, 0.2355235093863717322, 0.4400000000000000022 ) ) ;
#5810 = DIRECTION ( 'NONE',  ( 3.270593324855532702E-15, 1.691360892716576347E-13, 1.000000000000000000 ) ) ;
#5811 = CARTESIAN_POINT ( 'NONE',  ( -0.5999999999999999778, -1.149999999999999911, 0.1500000000000000222 ) ) ;
#5812 = EDGE_LOOP ( 'NONE', ( #5504, #1058, #8292, #6335 ) ) ;
#5813 = CARTESIAN_POINT ( 'NONE',  ( -0.4036628078857932289, 0.1824482515472025113, 0.4390000000000001124 ) ) ;
#5814 = CARTESIAN_POINT ( 'NONE',  ( 0.2810231822290703008, 0.1905042252544043302, 0.4399999999999999467 ) ) ;
#5815 = ORIENTED_EDGE ( 'NONE', *, *, #4107, .T. ) ;
#5816 = CARTESIAN_POINT ( 'NONE',  ( -0.5322310171246468213, 0.06804949803551910148, 0.4399999999999998912 ) ) ;
#5817 = ORIENTED_EDGE ( 'NONE', *, *, #6109, .F. ) ;
#5818 = CARTESIAN_POINT ( 'NONE',  ( -1.500000000000000000, 0.5000000000000006661, -0.1549999999999999711 ) ) ;
#5819 = CARTESIAN_POINT ( 'NONE',  ( -0.04337475442951722882, 0.03756677861714095151, 0.4390000000000000013 ) ) ;
#5820 = LINE ( 'NONE', #5359, #6198 ) ;
#5821 = LINE ( 'NONE', #628, #525 ) ;
#5822 = CARTESIAN_POINT ( 'NONE',  ( -1.600000000000000089, -1.100000000000000089, -0.2810000000000000275 ) ) ;
#5823 = EDGE_CURVE ( 'NONE', #5924, #9519, #8395, .T. ) ;
#5824 = MECHANICAL_DESIGN_GEOMETRIC_PRESENTATION_REPRESENTATION (  '', ( #1983 ), #2911 ) ;
#5825 = CARTESIAN_POINT ( 'NONE',  ( 0.1801265342785109691, 0.2367896199024590309, 0.4390000000000002234 ) ) ;
#5826 = ORIENTED_EDGE ( 'NONE', *, *, #6329, .F. ) ;
#5827 = CARTESIAN_POINT ( 'NONE',  ( 0.8326350898814631751, 0.1663140506916825911, 0.4389999999999997793 ) ) ;
#5828 = CARTESIAN_POINT ( 'NONE',  ( 0.5975707916337988923, -0.1754853728922058931, 0.4390000000000001124 ) ) ;
#5829 = CARTESIAN_POINT ( 'NONE',  ( 0.6363512187081699079, -0.1549538441917169829, 0.4390000000000000568 ) ) ;
#5830 = VECTOR ( 'NONE', #5675, 1000.000000000000000 ) ;
#5831 = ORIENTED_EDGE ( 'NONE', *, *, #8708, .F. ) ;
#5832 = CARTESIAN_POINT ( 'NONE',  ( 0.02196521696335001009, -0.02869398154913980689, 0.4390000000000001124 ) ) ;
#5833 = FACE_OUTER_BOUND ( 'NONE', #9207, .T. ) ;
#5834 = EDGE_CURVE ( 'NONE', #5515, #2823, #9319, .T. ) ;
#5835 = CARTESIAN_POINT ( 'NONE',  ( -0.4306992557450980974, -0.1774401233779250575, 0.4390000000000000013 ) ) ;
#5836 = ORIENTED_EDGE ( 'NONE', *, *, #4964, .F. ) ;
#5837 = CARTESIAN_POINT ( 'NONE',  ( 0.03216347841604139807, -0.07715323677550965653, 0.4400000000000000022 ) ) ;
#5838 = DIRECTION ( 'NONE',  ( 0.000000000000000000, 0.000000000000000000, 1.000000000000000000 ) ) ;
#5839 = CARTESIAN_POINT ( 'NONE',  ( 0.3285815756137041577, 0.08072691816560501055, 0.4399999999999998912 ) ) ;
#5840 = LINE ( 'NONE', #8782, #1412 ) ;
#5841 = CARTESIAN_POINT ( 'NONE',  ( 0.7187947167243290414, -0.06745125022901288236, 0.4390000000000000013 ) ) ;
#5842 = CARTESIAN_POINT ( 'NONE',  ( 0.9660287215494611779, -0.05685096494155040397, 0.4390000000000000568 ) ) ;
#5843 = CARTESIAN_POINT ( 'NONE',  ( -0.9710983450801370376, -0.1888679096225597542, 0.4399999999999998357 ) ) ;
#5844 = ORIENTED_EDGE ( 'NONE', *, *, #2247, .F. ) ;
#5845 = CARTESIAN_POINT ( 'NONE',  ( -1.600999999999999979, -1.027502247202359387, 0.1500000000000000222 ) ) ;
#5846 = VECTOR ( 'NONE', #8098, 1000.000000000000000 ) ;
#5847 = CARTESIAN_POINT ( 'NONE',  ( -0.1282338842461396566, -0.2259033247331408423, 0.4390000000000000568 ) ) ;
#5848 = DIRECTION ( 'NONE',  ( -0.000000000000000000, -0.000000000000000000, 1.000000000000000000 ) ) ;
#5849 = CARTESIAN_POINT ( 'NONE',  ( 0.8188450731118674941, -0.1374642500491516095, 0.4400000000000000577 ) ) ;
#5850 = CARTESIAN_POINT ( 'NONE',  ( -1.020971806829090500, -0.06449478723377864708, 0.4390000000000000013 ) ) ;
#5851 = CARTESIAN_POINT ( 'NONE',  ( -1.600000000000000089, 1.250000000000000000, 0.1500000000000000222 ) ) ;
#5852 = FACE_OUTER_BOUND ( 'NONE', #7202, .T. ) ;
#5853 = AXIS2_PLACEMENT_3D ( 'NONE', #7022, #4749, #3167 ) ;
#5854 = VERTEX_POINT ( 'NONE', #1448 ) ;
#5855 = ORIENTED_EDGE ( 'NONE', *, *, #5757, .F. ) ;
#5856 = CARTESIAN_POINT ( 'NONE',  ( 1.012063343228134071, -0.05262530128274758856, 0.4389999999999998348 ) ) ;
#5857 = EDGE_CURVE ( 'NONE', #4394, #7068, #4336, .T. ) ;
#5858 = DIRECTION ( 'NONE',  ( 0.000000000000000000, -1.000000000000000000, 0.000000000000000000 ) ) ;
#5859 = CARTESIAN_POINT ( 'NONE',  ( 0.8959949524494257300, 0.05710738349925732760, 0.4390000000000000013 ) ) ;
#5860 = CARTESIAN_POINT ( 'NONE',  ( -0.4630862928910556287, 0.01232639400175632692, 0.4400000000000000022 ) ) ;
#5861 = CARTESIAN_POINT ( 'NONE',  ( -1.449999999999999956, 0.9000000000000000222, 0.4149999999999999800 ) ) ;
#5862 = CARTESIAN_POINT ( 'NONE',  ( -0.5214381814503286083, 0.1367003154705438706, 0.4400000000000000022 ) ) ;
#5863 =( GEOMETRIC_REPRESENTATION_CONTEXT ( 3 ) GLOBAL_UNCERTAINTY_ASSIGNED_CONTEXT ( ( #6177 ) ) GLOBAL_UNIT_ASSIGNED_CONTEXT ( ( #1645, #1688, #1017 ) ) REPRESENTATION_CONTEXT ( 'NONE', 'WORKASPACE' ) );
#5864 = CARTESIAN_POINT ( 'NONE',  ( -1.075236099049102778, 0.02123196467684392713, 0.4400000000000000577 ) ) ;
#5865 = CARTESIAN_POINT ( 'NONE',  ( -0.3543599902265177071, -0.02725125928718030374, 0.4390000000000001124 ) ) ;
#5866 = CARTESIAN_POINT ( 'NONE',  ( 0.5730534147226366004, -0.2259134801231531542, 0.4399999999999996692 ) ) ;
#5867 = CARTESIAN_POINT ( 'NONE',  ( -1.377502247202359031, -1.250999999999999890, 0.1500000000000000222 ) ) ;
#5868 = CARTESIAN_POINT ( 'NONE',  ( -0.3660102221238223374, -0.09985240609080048291, 0.4390000000000000013 ) ) ;
#5869 = ADVANCED_FACE ( 'NONE', ( #7416 ), #8765, .F. ) ;
#5870 = EDGE_CURVE ( 'NONE', #8757, #55, #8836, .T. ) ;
#5871 =( NAMED_UNIT ( * ) PLANE_ANGLE_UNIT ( ) SI_UNIT ( $, .RADIAN. ) );
#5872 = CARTESIAN_POINT ( 'NONE',  ( -0.06594177741718126873, -0.1689685076526974139, 0.4390000000000000013 ) ) ;
#5873 = B_SPLINE_CURVE_WITH_KNOTS ( 'NONE', 3,
 ( #8041, #1501, #2191, #5835, #6727, #1540, #2999, #138, #3081, #6646, #1413, #5247, #7423, #8950, #863 ),
 .UNSPECIFIED., .F., .F.,
 ( 4, 1, 1, 1, 1, 1, 1, 1, 1, 1, 1, 1, 4 ),
 ( 0.000000000000000000, 0.09126360489662582731, 0.1809303110850816743, 0.2700882198317225980, 0.3601561333877266735, 0.4483425324981535898, 0.5326658421383304587, 0.6138337041070481837, 0.6939815272835586635, 0.7727159770890038581, 0.8493351720622467349, 0.9239673265752322839, 1.000000000000000000 ),
 .UNSPECIFIED. ) ;
#5874 = CARTESIAN_POINT ( 'NONE',  ( 0.9674992007865188537, -0.2057938901442452895, 0.4389999999999999458 ) ) ;
#5875 = EDGE_CURVE ( 'NONE', #4065, #597, #4503, .T. ) ;
#5876 = CARTESIAN_POINT ( 'NONE',  ( -0.03410732890295964381, 0.1114384346979328810, 0.4399999999999999467 ) ) ;
#5877 = CYLINDRICAL_SURFACE ( 'NONE', #3405, 0.2000000000000000944 ) ;
#5878 = ORIENTED_EDGE ( 'NONE', *, *, #5441, .F. ) ;
#5879 = CARTESIAN_POINT ( 'NONE',  ( -0.2735129755833632936, -0.09332264445978211143, 0.4400000000000000022 ) ) ;
#5880 = CARTESIAN_POINT ( 'NONE',  ( 0.9680435148012520585, -0.05942841369055133771, 0.4390000000000000013 ) ) ;
#5881 = CARTESIAN_POINT ( 'NONE',  ( -0.9873667502198882895, 0.1367615389671586468, 0.4400000000000003908 ) ) ;
#5882 = EDGE_LOOP ( 'NONE', ( #1543, #9213, #8106, #1759 ) ) ;
#5883 = CARTESIAN_POINT ( 'NONE',  ( -0.3540655098284389291, -0.1807663367254274678, 0.4400000000000001688 ) ) ;
#5884 = CARTESIAN_POINT ( 'NONE',  ( -0.3747759373546838968, -0.06987838024578865714, 0.4390000000000000013 ) ) ;
#5885 = CARTESIAN_POINT ( 'NONE',  ( -1.600999999999999979, -1.027502247202359387, -0.1549999999999999711 ) ) ;
#5886 = EDGE_CURVE ( 'NONE', #7082, #2694, #5960, .T. ) ;
#5887 = CARTESIAN_POINT ( 'NONE',  ( -0.9129248442575931266, -0.1666013120287596905, 0.4399999999999998912 ) ) ;
#5888 = CARTESIAN_POINT ( 'NONE',  ( 0.6459081599367867410, 0.06385625746439639594, 0.4390000000000000013 ) ) ;
#5889 = CARTESIAN_POINT ( 'NONE',  ( -0.5617869859370588914, 0.1329349080182208598, 0.4400000000000000577 ) ) ;
#5890 = CARTESIAN_POINT ( 'NONE',  ( -1.015530276793257691, -0.1505418196508021556, 0.4389999999999998903 ) ) ;
#5891 = VERTEX_POINT ( 'NONE', #2179 ) ;
#5892 = PRESENTATION_STYLE_ASSIGNMENT (( #2156 ) ) ;
#5893 = APPLICATION_CONTEXT ( 'automotive_design' ) ;
#5894 = LINE ( 'NONE', #8880, #7253 ) ;
#5895 = AXIS2_PLACEMENT_3D ( 'NONE', #8751, #3695, #757 ) ;
#5896 = FACE_OUTER_BOUND ( 'NONE', #593, .T. ) ;
#5897 = CARTESIAN_POINT ( 'NONE',  ( 0.8713209228574751997, 0.07518997659643915366, 0.4400000000000000577 ) ) ;
#5898 =( NAMED_UNIT ( * ) PLANE_ANGLE_UNIT ( ) SI_UNIT ( $, .RADIAN. ) );
#5899 = FACE_BOUND ( 'NONE', #410, .T. ) ;
#5900 = CARTESIAN_POINT ( 'NONE',  ( -0.7076293144310573657, 0.2159243290809395865, 0.4389999999999999458 ) ) ;
#5901 = PRESENTATION_LAYER_ASSIGNMENT (  '', '', ( #8340 ) ) ;
#5902 = EDGE_LOOP ( 'NONE', ( #9149, #368, #7773, #7155 ) ) ;
#5903 = ORIENTED_EDGE ( 'NONE', *, *, #6746, .T. ) ;
#5904 = VECTOR ( 'NONE', #8276, 1000.000000000000000 ) ;
#5905 = CARTESIAN_POINT ( 'NONE',  ( 0.7734907936305730480, -0.1521465942845240671, 0.4389999999999998903 ) ) ;
#5906 = FILL_AREA_STYLE_COLOUR ( '', #3440 ) ;
#5907 = DIRECTION ( 'NONE',  ( 0.000000000000000000, 0.000000000000000000, -1.000000000000000000 ) ) ;
#5908 = ORIENTED_EDGE ( 'NONE', *, *, #5502, .F. ) ;
#5909 = CARTESIAN_POINT ( 'NONE',  ( -0.5193196212248269994, 0.05574759089130836703, 0.4399999999999999467 ) ) ;
#5910 = CARTESIAN_POINT ( 'NONE',  ( 0.5647244726616570398, 0.07940870507773568898, 0.4399999999999998912 ) ) ;
#5911 = CARTESIAN_POINT ( 'NONE',  ( -0.06059101752509325756, 0.07895112650023176915, 0.4389999999999998348 ) ) ;
#5912 = PRESENTATION_LAYER_ASSIGNMENT (  '', '', ( #5150 ) ) ;
#5913 = CARTESIAN_POINT ( 'NONE',  ( 1.474999999999999867, -1.100000000000000089, 0.3049999999999999933 ) ) ;
#5914 = CARTESIAN_POINT ( 'NONE',  ( 0.09021176826490889811, 0.1024196564949784866, 0.4399999999999999467 ) ) ;
#5915 = CARTESIAN_POINT ( 'NONE',  ( 0.3722441852124658279, 0.1264963821749662265, 0.4400000000000001132 ) ) ;
#5916 =( LENGTH_UNIT ( ) NAMED_UNIT ( * ) SI_UNIT ( .MILLI., .METRE. ) );
#5917 = SURFACE_STYLE_USAGE ( .BOTH. , #6637 ) ;
#5918 = DIRECTION ( 'NONE',  ( 0.000000000000000000, 1.000000000000000000, -1.435269621715497309E-13 ) ) ;
#5919 = CARTESIAN_POINT ( 'NONE',  ( 1.024312120654391700, -0.1162548354935480088, 0.4389999999999999458 ) ) ;
#5920 = AXIS2_PLACEMENT_3D ( 'NONE', #2327, #6782, #1636 ) ;
#5921 = DIRECTION ( 'NONE',  ( 0.000000000000000000, -1.000000000000000000, 0.000000000000000000 ) ) ;
#5922 = CARTESIAN_POINT ( 'NONE',  ( -0.3762140061006499780, 0.2208475868678975440, 0.4400000000000000577 ) ) ;
#5923 = ADVANCED_FACE ( 'NONE', ( #1580 ), #3798, .F. ) ;
#5924 = VERTEX_POINT ( 'NONE', #6192 ) ;
#5925 = CARTESIAN_POINT ( 'NONE',  ( 0.03069008932950439278, -0.05921102929260922687, 0.4400000000000000577 ) ) ;
#5926 = FACE_OUTER_BOUND ( 'NONE', #4012, .T. ) ;
#5927 = CARTESIAN_POINT ( 'NONE',  ( -0.8403433970370205452, 0.2008561867340076523, 0.4400000000000002798 ) ) ;
#5928 = VERTEX_POINT ( 'NONE', #9035 ) ;
#5929 = VECTOR ( 'NONE', #8464, 1000.000000000000000 ) ;
#5930 = DIRECTION ( 'NONE',  ( 0.000000000000000000, -1.000000000000000000, 0.000000000000000000 ) ) ;
#5931 = AXIS2_PLACEMENT_3D ( 'NONE', #712, #2120, #9521 ) ;
#5932 = DIRECTION ( 'NONE',  ( -0.000000000000000000, -0.000000000000000000, 1.000000000000000000 ) ) ;
#5933 = CARTESIAN_POINT ( 'NONE',  ( -1.034570678553992540, -0.009637070952465307330, 0.4390000000000000013 ) ) ;
#5934 = DIRECTION ( 'NONE',  ( 0.000000000000000000, 0.000000000000000000, -1.000000000000000000 ) ) ;
#5935 = DIRECTION ( 'NONE',  ( 0.000000000000000000, 0.000000000000000000, -1.000000000000000000 ) ) ;
#5936 = CARTESIAN_POINT ( 'NONE',  ( -0.9379845237648303247, -0.2064808589782456127, 0.4390000000000000013 ) ) ;
#5937 = ADVANCED_FACE ( 'NONE', ( #1710 ), #5366, .T. ) ;
#5938 = EDGE_LOOP ( 'NONE', ( #2321, #2814, #2645, #8629 ) ) ;
#5939 = FILL_AREA_STYLE_COLOUR ( '', #5983 ) ;
#5940 = PRESENTATION_STYLE_ASSIGNMENT (( #1598 ) ) ;
#5941 = CARTESIAN_POINT ( 'NONE',  ( 0.8916437684873053104, 0.008918299979704568531, 0.4389999999999999458 ) ) ;
#5942 = CARTESIAN_POINT ( 'NONE',  ( -0.5032423112289445832, 0.1847640311179730432, 0.4400000000000001688 ) ) ;
#5943 = CARTESIAN_POINT ( 'NONE',  ( 0.6065401267041337086, 0.07737813640799008630, 0.4390000000000000568 ) ) ;
#5944 = CARTESIAN_POINT ( 'NONE',  ( -0.8401685470682610513, -0.1797280331419895960, 0.4389999999999999458 ) ) ;
#5945 = CARTESIAN_POINT ( 'NONE',  ( 0.8131757263397135782, 0.07353432669406401168, 0.4390000000000000013 ) ) ;
#5946 = ADVANCED_FACE ( 'NONE', ( #3211 ), #9408, .T. ) ;
#5947 =( GEOMETRIC_REPRESENTATION_CONTEXT ( 3 ) GLOBAL_UNCERTAINTY_ASSIGNED_CONTEXT ( ( #5146 ) ) GLOBAL_UNIT_ASSIGNED_CONTEXT ( ( #5916, #8118, #7414 ) ) REPRESENTATION_CONTEXT ( 'NONE', 'WORKASPACE' ) );
#5948 = ORIENTED_EDGE ( 'NONE', *, *, #5886, .F. ) ;
#5949 = CARTESIAN_POINT ( 'NONE',  ( 0.7615468697797581621, -0.1319554234943934867, 0.4399999999999997247 ) ) ;
#5950 = SURFACE_STYLE_USAGE ( .BOTH. , #4458 ) ;
#5951 = CARTESIAN_POINT ( 'NONE',  ( 0.2542969960810829155, 0.1993470412572454498, 0.4390000000000000013 ) ) ;
#5952 = EDGE_LOOP ( 'NONE', ( #5517, #3272, #1171, #7208, #6417 ) ) ;
#5953 = CARTESIAN_POINT ( 'NONE',  ( -0.1262821445972054368, 0.2469868434165188864, 0.4400000000000000577 ) ) ;
#5954 = CARTESIAN_POINT ( 'NONE',  ( -0.4495889467357522262, -0.2259216218631636963, 0.4390000000000000013 ) ) ;
#5955 = CARTESIAN_POINT ( 'NONE',  ( -0.9286770327004195691, 0.2306172593781228852, 0.4400000000000002243 ) ) ;
#5956 = PRESENTATION_STYLE_ASSIGNMENT (( #1659 ) ) ;
#5957 = CARTESIAN_POINT ( 'NONE',  ( 0.7160123613737980897, -0.09981116701842709937, 0.4399999999999996692 ) ) ;
#5958 = CARTESIAN_POINT ( 'NONE',  ( -0.4048017036825391490, 0.2381198594639993837, 0.4390000000000000568 ) ) ;
#5959 = ORIENTED_EDGE ( 'NONE', *, *, #7999, .T. ) ;
#5960 = LINE ( 'NONE', #5240, #1457 ) ;
#5961 = CARTESIAN_POINT ( 'NONE',  ( 1.019570331933381535, -0.1393830286234709337, 0.4400000000000000022 ) ) ;
#5962 = CARTESIAN_POINT ( 'NONE',  ( -0.8358326871218247911, 0.2009081247709871010, 0.4390000000000000013 ) ) ;
#5963 = CARTESIAN_POINT ( 'NONE',  ( 0.9451982963174611063, 0.2381198594639993282, 0.4400000000000000022 ) ) ;
#5964 = CARTESIAN_POINT ( 'NONE',  ( -0.9254319612428826280, 0.1814158386653542954, 0.4400000000000002798 ) ) ;
#5965 = VERTEX_POINT ( 'NONE', #1762 ) ;
#5966 = CARTESIAN_POINT ( 'NONE',  ( -0.3304296680666183872, -0.1393830286234709337, 0.4400000000000000577 ) ) ;
#5967 = EDGE_CURVE ( 'NONE', #2866, #1375, #6223, .T. ) ;
#5968 = CARTESIAN_POINT ( 'NONE',  ( 0.6245147505450002745, -0.2149168110574785628, 0.4399999999999999467 ) ) ;
#5969 = DIRECTION ( 'NONE',  ( -0.000000000000000000, -0.000000000000000000, 1.000000000000000000 ) ) ;
#5970 = CARTESIAN_POINT ( 'NONE',  ( 0.8821791933144943476, 0.01569864098138409186, 0.4390000000000000568 ) ) ;
#5971 = CARTESIAN_POINT ( 'NONE',  ( -1.015530276793257691, -0.1505418196508021556, 0.4399999999999997802 ) ) ;
#5972 = CARTESIAN_POINT ( 'NONE',  ( 0.1801265342785109691, 0.2367896199024590309, 0.4390000000000002234 ) ) ;
#5973 = FILL_AREA_STYLE_COLOUR ( '', #2085 ) ;
#5974 = DIRECTION ( 'NONE',  ( 0.000000000000000000, 0.000000000000000000, 1.000000000000000000 ) ) ;
#5975 = CARTESIAN_POINT ( 'NONE',  ( 0.4693127721468116631, -0.1907823211450798973, 0.4390000000000000013 ) ) ;
#5976 = VERTEX_POINT ( 'NONE', #5470 ) ;
#5977 = CARTESIAN_POINT ( 'NONE',  ( 0.5920836906620956519, 0.07943165990797160236, 0.4389999999999999458 ) ) ;
#5978 = EDGE_CURVE ( 'NONE', #171, #3922, #4748, .T. ) ;
#5979 = CARTESIAN_POINT ( 'NONE',  ( -0.8942786296109150879, -0.1725486055844735744, 0.4390000000000000568 ) ) ;
#5980 = DIRECTION ( 'NONE',  ( 0.000000000000000000, 0.000000000000000000, -1.000000000000000000 ) ) ;
#5981 = ORIENTED_EDGE ( 'NONE', *, *, #6206, .F. ) ;
#5982 = CARTESIAN_POINT ( 'NONE',  ( -0.6852861541895707287, -0.1801743484263730599, 0.4390000000000001679 ) ) ;
#5983 = COLOUR_RGB ( '',0.9686274509803921573, 0.8784313725490195957, 0.5999999999999999778 ) ;
#5984 = CARTESIAN_POINT ( 'NONE',  ( 0.9758365188927919931, 0.1515249184046990882, 0.4390000000000000013 ) ) ;
#5985 = CARTESIAN_POINT ( 'NONE',  ( -0.1217100909679787318, 0.2009081247709871010, 0.4390000000000000013 ) ) ;
#5986 = CARTESIAN_POINT ( 'NONE',  ( -0.1786518612839030351, 0.2354997013322681909, 0.4399999999999999467 ) ) ;
#5987 = CARTESIAN_POINT ( 'NONE',  ( 0.5999999999999999778, -0.5000000000000000000, -0.1499999999999999667 ) ) ;
#5988 = CARTESIAN_POINT ( 'NONE',  ( -0.08475837236643025963, 0.06703351853772293589, 0.4389999999999999458 ) ) ;
#5989 = ADVANCED_FACE ( 'NONE', ( #4559 ), #7495, .T. ) ;
#5990 = CARTESIAN_POINT ( 'NONE',  ( -0.4355057469989925822, 0.04387185497709501086, 0.4389999999999999458 ) ) ;
#5991 = CARTESIAN_POINT ( 'NONE',  ( 0.7591793321089442825, -0.1276675963828590443, 0.4400000000000000022 ) ) ;
#5992 = CARTESIAN_POINT ( 'NONE',  ( 0.6049943193382714135, -0.2211808182184631655, 0.4399999999999998912 ) ) ;
#5993 = STYLED_ITEM ( 'NONE', ( #1711 ), #6732 ) ;
#5994 = CARTESIAN_POINT ( 'NONE',  ( 0.9463512113428983463, 0.02021759778678919317, 0.4390000000000001124 ) ) ;
#5995 = VECTOR ( 'NONE', #3223, 1000.000000000000000 ) ;
#5996 = ORIENTED_EDGE ( 'NONE', *, *, #9302, .F. ) ;
#5997 = CARTESIAN_POINT ( 'NONE',  ( -0.1337301737897380605, -0.1796950151007381535, 0.4389999999999998903 ) ) ;
#5998 = FILL_AREA_STYLE ('',( #3075 ) ) ;
#5999 = CIRCLE ( 'NONE', #3561, 0.2225000000000002531 ) ;
#6000 = MANIFOLD_SOLID_BREP ( 'Cut-Extrude2', #5264 ) ;
#6001 = AXIS2_PLACEMENT_3D ( 'NONE', #6723, #8170, #3120 ) ;
#6002 = CARTESIAN_POINT ( 'NONE',  ( 1.015322687568312121, -0.1503001716521157327, 0.4390000000000001124 ) ) ;
#6003 = CARTESIAN_POINT ( 'NONE',  ( 0.6670317498128910394, -0.01690194282078355884, 0.4400000000000000022 ) ) ;
#6004 = CARTESIAN_POINT ( 'NONE',  ( -0.2551111981881140078, 0.1362072463370522513, 0.4399999999999999467 ) ) ;
#6005 = CARTESIAN_POINT ( 'NONE',  ( -0.1984078272952176647, 0.2242883743056727219, 0.4390000000000001679 ) ) ;
#6006 = CARTESIAN_POINT ( 'NONE',  ( -1.449999999999999956, 0.9000000000000000222, 0.3049999999999999933 ) ) ;
#6007 = VERTEX_POINT ( 'NONE', #8496 ) ;
#6008 = B_SPLINE_CURVE_WITH_KNOTS ( 'NONE', 3,
 ( #8727, #2817, #6507, #4297, #1408, #4, #3667, #2040, #7236, #4971, #2862, #5788, #7283, #683, #6552 ),
 .UNSPECIFIED., .F., .F.,
 ( 4, 1, 1, 1, 1, 1, 1, 1, 1, 1, 1, 1, 4 ),
 ( 0.000000000000000000, 0.06316325936347069736, 0.1254749410306405799, 0.1871212198160328855, 0.2482943461142987085, 0.3092948562551205427, 0.3698500660670929752, 0.4309733755473814099, 0.4924559896728166186, 0.6161479662918553091, 0.7408436984673629766, 0.8681826486700433554, 1.000000000000000000 ),
 .UNSPECIFIED. ) ;
#6009 = DIRECTION ( 'NONE',  ( -0.000000000000000000, -0.000000000000000000, 1.000000000000000000 ) ) ;
#6010 = CARTESIAN_POINT ( 'NONE',  ( -0.9014079920518486277, -0.2185312688310292184, 0.4400000000000001132 ) ) ;
#6011 = CARTESIAN_POINT ( 'NONE',  ( 0.9800818262306355555, 0.1460557915615879332, 0.4390000000000000013 ) ) ;
#6012 = FACE_OUTER_BOUND ( 'NONE', #2908, .T. ) ;
#6013 = PLANE ( 'NONE',  #5620 ) ;
#6014 = CARTESIAN_POINT ( 'NONE',  ( 0.4905354699157906673, -0.1507720600272983713, 0.4389999999999999458 ) ) ;
#6015 = VERTEX_POINT ( 'NONE', #2648 ) ;
#6016 = CARTESIAN_POINT ( 'NONE',  ( 0.09661330375681777272, 0.1429478418848315613, 0.4399999999999997247 ) ) ;
#6017 = SURFACE_STYLE_FILL_AREA ( #7970 ) ;
#6018 = CARTESIAN_POINT ( 'NONE',  ( -0.1234228313525939508, -0.2260149521520898042, 0.4390000000000000013 ) ) ;
#6019 = CARTESIAN_POINT ( 'NONE',  ( 0.9737859938993498332, 0.2208475868678974330, 0.4389999999999998903 ) ) ;
#6020 = CARTESIAN_POINT ( 'NONE',  ( 0.6789417687338398233, 0.03853047816148598426, 0.4389999999999999458 ) ) ;
#6021 = DIRECTION ( 'NONE',  ( 0.000000000000000000, 0.000000000000000000, 1.000000000000000000 ) ) ;
#6022 = CARTESIAN_POINT ( 'NONE',  ( -0.5908206678910555842, -0.1276675963828590443, 0.4400000000000000022 ) ) ;
#6023 = AXIS2_PLACEMENT_3D ( 'NONE', #6944, #8470, #3433 ) ;
#6024 = EDGE_CURVE ( 'NONE', #6514, #6240, #2403, .T. ) ;
#6025 = ADVANCED_FACE ( 'NONE', ( #5009 ), #576, .F. ) ;
#6026 = ORIENTED_EDGE ( 'NONE', *, *, #4889, .T. ) ;
#6027 = CARTESIAN_POINT ( 'NONE',  ( -0.7464911519534915829, -0.2122645754832284126, 0.4389999999999999458 ) ) ;
#6028 = VECTOR ( 'NONE', #8275, 1000.000000000000000 ) ;
#6029 = CARTESIAN_POINT ( 'NONE',  ( 0.3724231653460781666, 0.1070203537322457210, 0.4390000000000000013 ) ) ;
#6030 = DIRECTION ( 'NONE',  ( 0.000000000000000000, 0.000000000000000000, -1.000000000000000000 ) ) ;
#6031 = VECTOR ( 'NONE', #7025, 1000.000000000000114 ) ;
#6032 = CARTESIAN_POINT ( 'NONE',  ( -0.6723110525064401877, -0.1048611059982436505, 0.4400000000000000022 ) ) ;
#6033 = CARTESIAN_POINT ( 'NONE',  ( 0.8295581400526392812, -0.2087706857437766073, 0.4400000000000000022 ) ) ;
#6034 = CARTESIAN_POINT ( 'NONE',  ( 0.2043736681924109289, 0.1971939865193397257, 0.4389999999999999458 ) ) ;
#6035 = CARTESIAN_POINT ( 'NONE',  ( -0.4843288654863744380, 0.07940747589154534269, 0.4390000000000001124 ) ) ;
#6036 = CARTESIAN_POINT ( 'NONE',  ( 0.8284101013397137114, 0.1439369709248332352, 0.4400000000000000022 ) ) ;
#6037 = CARTESIAN_POINT ( 'NONE',  ( -0.7248815616298556197, -0.1508305672092106475, 0.4399999999999997802 ) ) ;
#6038 = AXIS2_PLACEMENT_3D ( 'NONE', #3170, #1625, #178 ) ;
#6039 = CARTESIAN_POINT ( 'NONE',  ( 0.9695399699855438147, 0.0002857637720262852076, 0.4400000000000000577 ) ) ;
#6040 = VECTOR ( 'NONE', #6061, 1000.000000000000000 ) ;
#6041 = EDGE_LOOP ( 'NONE', ( #9215, #5158, #6336, #8008 ) ) ;
#6042 = EDGE_LOOP ( 'NONE', ( #447, #1356, #5004, #3486 ) ) ;
#6043 = CARTESIAN_POINT ( 'NONE',  ( -0.1735096629778327681, -0.1705831519174466904, 0.4390000000000000568 ) ) ;
#6044 = ADVANCED_FACE ( 'NONE', ( #1196 ), #3184, .T. ) ;
#6045 = CARTESIAN_POINT ( 'NONE',  ( -1.500000000000000000, 1.051238207896990406, 0.1500000000000000222 ) ) ;
#6046 = ADVANCED_FACE ( 'NONE', ( #9432 ), #3566, .T. ) ;
#6047 = DIRECTION ( 'NONE',  ( -1.000000000000000000, 0.000000000000000000, -0.000000000000000000 ) ) ;
#6048 = CARTESIAN_POINT ( 'NONE',  ( 0.8131757263397135782, 0.07353432669406401168, 0.4390000000000000013 ) ) ;
#6049 = DIRECTION ( 'NONE',  ( -1.000000000000000000, 0.000000000000000000, 0.000000000000000000 ) ) ;
#6050 = CARTESIAN_POINT ( 'NONE',  ( -0.5265303454980744258, 0.06221446878101595523, 0.4390000000000001679 ) ) ;
#6051 = CARTESIAN_POINT ( 'NONE',  ( 0.5680491609516068463, -0.1797555774104446780, 0.4400000000000001132 ) ) ;
#6052 = CARTESIAN_POINT ( 'NONE',  ( -0.2378155884871377690, 0.1807576938072919526, 0.4400000000000000577 ) ) ;
#6053 = CARTESIAN_POINT ( 'NONE',  ( -0.1786518612839030351, 0.2354997013322681909, 0.4389999999999998903 ) ) ;
#6054 = CARTESIAN_POINT ( 'NONE',  ( -0.6000000000000001998, 0.8000000000000000444, -0.1549999999999999711 ) ) ;
#6055 = EDGE_CURVE ( 'NONE', #6655, #2628, #5414, .T. ) ;
#6056 = ORIENTED_EDGE ( 'NONE', *, *, #8113, .F. ) ;
#6057 = CARTESIAN_POINT ( 'NONE',  ( -1.000728470350125576, -0.1658409021771375946, 0.4389999999999998348 ) ) ;
#6058 = STYLED_ITEM ( 'NONE', ( #5399 ), #8578 ) ;
#6059 = CARTESIAN_POINT ( 'NONE',  ( -0.02031425113029734775, 0.05581025998049139736, 0.4399999999999999467 ) ) ;
#6060 = CARTESIAN_POINT ( 'NONE',  ( 0.8960182744166367286, -0.2260149521520898042, 0.4390000000000000013 ) ) ;
#6061 = DIRECTION ( 'NONE',  ( -0.000000000000000000, -0.000000000000000000, 1.000000000000000000 ) ) ;
#6062 =( NAMED_UNIT ( * ) SI_UNIT ( $, .STERADIAN. ) SOLID_ANGLE_UNIT ( ) );
#6063 = CARTESIAN_POINT ( 'NONE',  ( -0.5368242736602863996, 0.07353432669406401168, 0.4390000000000000013 ) ) ;
#6064 = VECTOR ( 'NONE', #6334, 1000.000000000000000 ) ;
#6065 = CARTESIAN_POINT ( 'NONE',  ( 0.8695154382545348115, 0.2439641121042239735, 0.4400000000000000022 ) ) ;
#6066 = ORIENTED_EDGE ( 'NONE', *, *, #5432, .F. ) ;
#6067 = ORIENTED_EDGE ( 'NONE', *, *, #9033, .F. ) ;
#6068 = VECTOR ( 'NONE', #906, 1000.000000000000000 ) ;
#6069 = ORIENTED_EDGE ( 'NONE', *, *, #5967, .T. ) ;
#6070 = CARTESIAN_POINT ( 'NONE',  ( -0.5153417410849171487, 0.1153979140725332753, 0.4400000000000000022 ) ) ;
#6071 = DIRECTION ( 'NONE',  ( 0.000000000000000000, 0.000000000000000000, -1.000000000000000000 ) ) ;
#6072 = STYLED_ITEM ( 'NONE', ( #3844 ), #1867 ) ;
#6073 = SURFACE_STYLE_USAGE ( .BOTH. , #5347 ) ;
#6074 =( LENGTH_UNIT ( ) NAMED_UNIT ( * ) SI_UNIT ( .MILLI., .METRE. ) );
#6075 = CARTESIAN_POINT ( 'NONE',  ( 0.7164781937223492214, -0.03676088543393593588, 0.4389999999999999458 ) ) ;
#6076 = EDGE_LOOP ( 'NONE', ( #4499, #4709, #9430, #3599, #4779, #7851 ) ) ;
#6077 = SURFACE_SIDE_STYLE ('',( #8972 ) ) ;
#6078 = DIRECTION ( 'NONE',  ( 1.000000000000000000, 0.000000000000000000, 0.000000000000000000 ) ) ;
#6079 = CARTESIAN_POINT ( 'NONE',  ( -0.5908206678910555842, -0.1276675963828590443, 0.4390000000000000013 ) ) ;
#6080 = CARTESIAN_POINT ( 'NONE',  ( 0.9346434584434777371, 0.1906278572401059468, 0.4389999999999998903 ) ) ;
#6081 = CARTESIAN_POINT ( 'NONE',  ( -1.250000000000000000, -0.9000000000000000222, 0.3049999999999999933 ) ) ;
#6082 = EDGE_CURVE ( 'NONE', #4328, #5429, #2978, .T. ) ;
#6083 = EDGE_CURVE ( 'NONE', #2048, #6897, #3694, .T. ) ;
#6084 = CARTESIAN_POINT ( 'NONE',  ( 0.5365304402859306654, 0.03040605528188880524, 0.4400000000000001132 ) ) ;
#6085 = DIRECTION ( 'NONE',  ( -0.000000000000000000, -0.000000000000000000, 1.000000000000000000 ) ) ;
#6086 = DIRECTION ( 'NONE',  ( -1.000000000000000000, 0.000000000000000000, 0.000000000000000000 ) ) ;
#6087 = B_SPLINE_CURVE_WITH_KNOTS ( 'NONE', 3,
 ( #2941, #1398, #676, #7365, #766, #3704, #4468, #5318, #7412, #1705, #808 ),
 .UNSPECIFIED., .F., .F.,
 ( 4, 1, 1, 1, 1, 1, 1, 1, 4 ),
 ( 0.000000000000000000, 0.1430730837303666458, 0.2759029640930102945, 0.4023708562739976569, 0.5284136450935943419, 0.6503563791869519939, 0.7658950861246937025, 0.8807741308440216743, 1.000000000000000000 ),
 .UNSPECIFIED. ) ;
#6088 = CARTESIAN_POINT ( 'NONE',  ( -0.4919324467372094278, 0.08579394207867938049, 0.4390000000000000013 ) ) ;
#6089 = CARTESIAN_POINT ( 'NONE',  ( 0.7957656325240215489, 0.1831244531306015499, 0.4390000000000000013 ) ) ;
#6090 = CARTESIAN_POINT ( 'NONE',  ( 1.377499999999999947, -1.250000000000000000, 0.1500000000000000222 ) ) ;
#6091 = CARTESIAN_POINT ( 'NONE',  ( 0.9794241439278004169, -0.009167848185585034462, 0.4400000000000000577 ) ) ;
#6092 = ORIENTED_EDGE ( 'NONE', *, *, #2409, .F. ) ;
#6093 = CARTESIAN_POINT ( 'NONE',  ( 0.8473573485588743459, -0.2172892544067776266, 0.4389999999999998903 ) ) ;
#6094 = LINE ( 'NONE', #6045, #5741 ) ;
#6095 = CARTESIAN_POINT ( 'NONE',  ( 0.005244296862478821722, 0.1595741943993543022, 0.4399999999999999467 ) ) ;
#6096 = LINE ( 'NONE', #7674, #4014 ) ;
#6097 = DIRECTION ( 'NONE',  ( 1.000000000000000000, 0.000000000000000000, 0.000000000000000000 ) ) ;
#6098 = SURFACE_STYLE_USAGE ( .BOTH. , #4045 ) ;
#6099 = DIRECTION ( 'NONE',  ( -0.000000000000000000, -0.000000000000000000, 1.000000000000000000 ) ) ;
#6100 = CARTESIAN_POINT ( 'NONE',  ( -0.04337475442951722882, 0.03756677861714095151, 0.4400000000000000022 ) ) ;
#6101 = CARTESIAN_POINT ( 'NONE',  ( 1.377499999999999725, -1.250000000000000000, -0.1549999999999999711 ) ) ;
#6102 = B_SPLINE_CURVE_WITH_KNOTS ( 'NONE', 3,
 ( #2448, #3890, #1808, #4746, #6043, #5321, #3840, #172, #5997, #8293, #5364 ),
 .UNSPECIFIED., .F., .F.,
 ( 4, 1, 1, 1, 1, 1, 1, 1, 4 ),
 ( 0.000000000000000000, 0.1182713048357255797, 0.2361775330837638798, 0.3556629329485099245, 0.4759041646706833606, 0.6001273417110841724, 0.7286081161551209995, 0.8613134756739431186, 1.000000000000000000 ),
 .UNSPECIFIED. ) ;
#6103 = EDGE_CURVE ( 'NONE', #7289, #5758, #5191, .T. ) ;
#6104 = SURFACE_STYLE_USAGE ( .BOTH. , #9135 ) ;
#6105 = VERTEX_POINT ( 'NONE', #1521 ) ;
#6106 = CARTESIAN_POINT ( 'NONE',  ( -0.8884060809744461773, -0.2211469696951000041, 0.4389999999999998903 ) ) ;
#6107 = CARTESIAN_POINT ( 'NONE',  ( -0.4919324467372094278, 0.08579394207867938049, 0.4390000000000000013 ) ) ;
#6108 = CARTESIAN_POINT ( 'NONE',  ( 1.024563947493559946, -0.1042300963828590582, 0.4390000000000000568 ) ) ;
#6109 = EDGE_CURVE ( 'NONE', #7973, #404, #3741, .T. ) ;
#6110 = CARTESIAN_POINT ( 'NONE',  ( -0.4539817255833632492, -0.1798611059982436478, 0.4390000000000000013 ) ) ;
#6111 = CARTESIAN_POINT ( 'NONE',  ( 0.5244042908572761341, 0.02788782346442224280, 0.4400000000000000577 ) ) ;
#6112 = CARTESIAN_POINT ( 'NONE',  ( -0.01171445769966181390, -0.05980445698274877708, 0.4390000000000001124 ) ) ;
#6113 = CARTESIAN_POINT ( 'NONE',  ( -0.7199614423062428159, 0.2224129101189628033, 0.4400000000000000022 ) ) ;
#6114 = CARTESIAN_POINT ( 'NONE',  ( -0.4338325457145591479, 0.1983557177357105628, 0.4400000000000000577 ) ) ;
#6115 = EDGE_LOOP ( 'NONE', ( #5826, #2544, #6982, #7332 ) ) ;
#6116 = ORIENTED_EDGE ( 'NONE', *, *, #1632, .T. ) ;
#6117 = CARTESIAN_POINT ( 'NONE',  ( 0.1439657729713016143, 0.2149255141320609019, 0.4399999999999998912 ) ) ;
#6118 = CARTESIAN_POINT ( 'NONE',  ( 0.7913822133301122719, 0.1150622111971215944, 0.4400000000000001132 ) ) ;
#6119 = CARTESIAN_POINT ( 'NONE',  ( 1.600000000000000089, -1.250000000000000000, -0.1549999999999999711 ) ) ;
#6120 = CYLINDRICAL_SURFACE ( 'NONE', #3896, 0.2000000000000000944 ) ;
#6121 = CARTESIAN_POINT ( 'NONE',  ( -0.4630862928910556287, 0.01232639400175632692, 0.4390000000000000013 ) ) ;
#6122 = EDGE_LOOP ( 'NONE', ( #7997, #1731, #6238, #7941 ) ) ;
#6123 = CARTESIAN_POINT ( 'NONE',  ( -0.3839712784505387999, -0.05685096494155039010, 0.4400000000000000022 ) ) ;
#6124 = VECTOR ( 'NONE', #3670, 1000.000000000000000 ) ;
#6125 = CARTESIAN_POINT ( 'NONE',  ( -0.4583562315126945563, 0.008918299979704537306, 0.4400000000000000022 ) ) ;
#6126 = CARTESIAN_POINT ( 'NONE',  ( -0.3312052832756709475, 0.1708900959248332574, 0.4400000000000000022 ) ) ;
#6127 = DIRECTION ( 'NONE',  ( -0.7969199129874925402, -0.6040849710794065075, 0.000000000000000000 ) ) ;
#6128 = CARTESIAN_POINT ( 'NONE',  ( -0.6884215033824746532, -0.1225466259018928583, 0.4399999999999998912 ) ) ;
#6129 = CARTESIAN_POINT ( 'NONE',  ( 0.8758733706426670151, -0.2246638737709479028, 0.4399999999999998912 ) ) ;
#6130 = CARTESIAN_POINT ( 'NONE',  ( 0.2346300532627904334, 0.2009081247709871010, 0.4390000000000000013 ) ) ;
#6131 = CARTESIAN_POINT ( 'NONE',  ( -0.4540050475505740257, 0.05710738349925728596, 0.4390000000000000013 ) ) ;
#6132 = LINE ( 'NONE', #6090, #7903 ) ;
#6133 = CARTESIAN_POINT ( 'NONE',  ( -0.8276451877576578298, 0.2007011548489453789, 0.4399999999999999467 ) ) ;
#6134 = EDGE_CURVE ( 'NONE', #2341, #4524, #8152, .T. ) ;
#6135 = ORIENTED_EDGE ( 'NONE', *, *, #3758, .F. ) ;
#6136 = ORIENTED_EDGE ( 'NONE', *, *, #3653, .T. ) ;
#6137 = VECTOR ( 'NONE', #6606, 1000.000000000000000 ) ;
#6138 = CARTESIAN_POINT ( 'NONE',  ( 0.3726408705704829516, 0.1132879324632948131, 0.4390000000000000013 ) ) ;
#6139 = CARTESIAN_POINT ( 'NONE',  ( -1.031987784185918855, -0.1305921659201645935, 0.4389999999999998903 ) ) ;
#6140 = PRESENTATION_STYLE_ASSIGNMENT (( #8210 ) ) ;
#6141 = DIRECTION ( 'NONE',  ( -0.000000000000000000, -0.000000000000000000, 1.000000000000000000 ) ) ;
#6142 =( NAMED_UNIT ( * ) PLANE_ANGLE_UNIT ( ) SI_UNIT ( $, .RADIAN. ) );
#6143 = AXIS2_PLACEMENT_3D ( 'NONE', #7023, #2702, #7829 ) ;
#6144 = DIRECTION ( 'NONE',  ( 0.000000000000000000, 0.000000000000000000, 1.000000000000000000 ) ) ;
#6145 = CARTESIAN_POINT ( 'NONE',  ( 0.4524618635602426497, -0.1717700367338756973, 0.4389999999999999458 ) ) ;
#6146 = CARTESIAN_POINT ( 'NONE',  ( -0.03270135837984125549, 0.1441807590549141205, 0.4399999999999996692 ) ) ;
#6147 = CARTESIAN_POINT ( 'NONE',  ( 0.9780872030562978159, -0.1323342148985770794, 0.4399999999999999467 ) ) ;
#6148 = ADVANCED_FACE ( 'NONE', ( #6711 ), #119, .T. ) ;
#6149 = PLANE ( 'NONE',  #2269 ) ;
#6150 = VECTOR ( 'NONE', #3123, 1000.000000000000000 ) ;
#6151 = VERTEX_POINT ( 'NONE', #3830 ) ;
#6152 = ORIENTED_EDGE ( 'NONE', *, *, #4295, .F. ) ;
#6153 = CARTESIAN_POINT ( 'NONE',  ( -0.8750636290772992876, -0.2233635579747537125, 0.4390000000000001124 ) ) ;
#6154 = VECTOR ( 'NONE', #7024, 1000.000000000000000 ) ;
#6155 = EDGE_CURVE ( 'NONE', #8229, #3164, #136, .T. ) ;
#6156 = DIRECTION ( 'NONE',  ( 0.000000000000000000, 0.000000000000000000, -1.000000000000000000 ) ) ;
#6157 = CARTESIAN_POINT ( 'NONE',  ( 0.4707177936474059021, 0.01052350938637172661, 0.4400000000000000022 ) ) ;
#6158 = AXIS2_PLACEMENT_3D ( 'NONE', #5740, #8621, #8035 ) ;
#6159 = DIRECTION ( 'NONE',  ( 1.000000000000000000, 0.000000000000000000, 0.000000000000000000 ) ) ;
#6160 = SURFACE_SIDE_STYLE ('',( #7476 ) ) ;
#6161 = CARTESIAN_POINT ( 'NONE',  ( -0.04176314483079621859, -0.01708961014580455753, 0.4390000000000000013 ) ) ;
#6162 = CARTESIAN_POINT ( 'NONE',  ( -0.6452273267045570693, 0.1638394540097807828, 0.4390000000000001124 ) ) ;
#6163 = CARTESIAN_POINT ( 'NONE',  ( -0.3543599902265177071, -0.02725125928718030374, 0.4390000000000001124 ) ) ;
#6164 = ORIENTED_EDGE ( 'NONE', *, *, #4688, .F. ) ;
#6165 = EDGE_CURVE ( 'NONE', #880, #7566, #5224, .T. ) ;
#6166 = EDGE_CURVE ( 'NONE', #1791, #5549, #4544, .T. ) ;
#6167 = ORIENTED_EDGE ( 'NONE', *, *, #752, .T. ) ;
#6168 = CARTESIAN_POINT ( 'NONE',  ( -0.5215898986602862664, 0.1439369709248332352, 0.4400000000000000022 ) ) ;
#6169 = CARTESIAN_POINT ( 'NONE',  ( -0.3254360525064401988, -0.1042300963828590443, 0.4390000000000000013 ) ) ;
#6170 = SURFACE_STYLE_FILL_AREA ( #2479 ) ;
#6171 = VERTEX_POINT ( 'NONE', #8930 ) ;
#6172 = FACE_OUTER_BOUND ( 'NONE', #1260, .T. ) ;
#6173 = ORIENTED_EDGE ( 'NONE', *, *, #6083, .T. ) ;
#6174 = CARTESIAN_POINT ( 'NONE',  ( -0.4491891533760959954, 0.002313255838004773385, 0.4390000000000000568 ) ) ;
#6175 = CARTESIAN_POINT ( 'NONE',  ( -0.8026226495752876167, -0.2245904078371090684, 0.4399999999999998912 ) ) ;
#6176 = LINE ( 'NONE', #3102, #8332 ) ;
#6177 = UNCERTAINTY_MEASURE_WITH_UNIT (LENGTH_MEASURE( 1.000000000000000082E-05 ), #1645, 'distance_accuracy_value', 'NONE');
#6178 = B_SPLINE_SURFACE_WITH_KNOTS ( 'NONE', 3, 1, ( 
 ( #4227, #2741 ),
 ( #5514, #420 ),
 ( #8436, #1906 ),
 ( #3501, #5720 ),
 ( #4274, #5668 ),
 ( #2794, #7016 ),
 ( #4792, #7720 ),
 ( #5001, #9229 ),
 ( #8486, #4950 ),
 ( #3404, #1338 ),
 ( #7872, #568 ),
 ( #1857, #7820 ),
 ( #4133, #2069 ),
 ( #1286, #467 ),
 ( #6332, #7111 ) ),
 .UNSPECIFIED., .F., .F., .F.,
 ( 4, 1, 1, 1, 1, 1, 1, 1, 1, 1, 1, 1, 4 ),
 ( 2, 2 ),
 ( 0.000000000000000000, 0.1101655532114439034, 0.2157872561749716311, 0.3180274349094175390, 0.4175739541655088538, 0.5116504876474463614, 0.5961620971027628002, 0.6729345334849969884, 0.7436695573498566247, 0.8106770010653612246, 0.8740589623137362540, 0.9366963019193724760, 0.9999999999999998890 ),
 ( 0.000000000000000000, 1.000000000000000000 ),
 .UNSPECIFIED. ) ;
#6179 = CARTESIAN_POINT ( 'NONE',  ( -0.04176314483079621859, -0.01708961014580455753, 0.4400000000000000022 ) ) ;
#6180 = CARTESIAN_POINT ( 'NONE',  ( 0.5481393760972237406, 0.03223682170836352640, 0.4399999999999998912 ) ) ;
#6181 = CARTESIAN_POINT ( 'NONE',  ( -0.5527798025064402099, -0.1048611059982436505, 0.4400000000000000022 ) ) ;
#6182 = CARTESIAN_POINT ( 'NONE',  ( -0.04176314483079621859, -0.01708961014580455753, 0.4399999999999998357 ) ) ;
#6183 = PLANE ( 'NONE',  #2371 ) ;
#6184 = PLANE ( 'NONE',  #8419 ) ;
#6185 = CARTESIAN_POINT ( 'NONE',  ( -0.2158206678910555287, 0.1316773555402178664, 0.4390000000000000013 ) ) ;
#6186 = CARTESIAN_POINT ( 'NONE',  ( -0.8115483535199019549, 0.2002942466613383266, 0.4400000000000000022 ) ) ;
#6187 = EDGE_LOOP ( 'NONE', ( #2181, #6558, #7902, #4784 ) ) ;
#6188 = ORIENTED_EDGE ( 'NONE', *, *, #7394, .T. ) ;
#6189 = AXIS2_PLACEMENT_3D ( 'NONE', #9182, #7930, #373 ) ;
#6190 = CARTESIAN_POINT ( 'NONE',  ( 0.2416376943817127865, 0.2469464550961354143, 0.4390000000000000013 ) ) ;
#6191 = FACE_OUTER_BOUND ( 'NONE', #4866, .T. ) ;
#6192 = CARTESIAN_POINT ( 'NONE',  ( -0.1227016775064402876, -0.1798611059982436478, 0.4390000000000000013 ) ) ;
#6193 = CARTESIAN_POINT ( 'NONE',  ( 0.7880880443658273560, 0.1390052152411147823, 0.4390000000000000013 ) ) ;
#6194 = MECHANICAL_DESIGN_GEOMETRIC_PRESENTATION_REPRESENTATION (  '', ( #2677 ), #2072 ) ;
#6195 = CARTESIAN_POINT ( 'NONE',  ( 0.5407876990430418029, -0.1773908980462809426, 0.4400000000000000577 ) ) ;
#6196 = CARTESIAN_POINT ( 'NONE',  ( 0.3285815756137041577, 0.08072691816560501055, 0.4389999999999998903 ) ) ;
#6197 = CARTESIAN_POINT ( 'NONE',  ( -1.034570678553992540, -0.009637070952465307330, 0.4390000000000000013 ) ) ;
#6198 = VECTOR ( 'NONE', #7622, 1000.000000000000000 ) ;
#6199 = CARTESIAN_POINT ( 'NONE',  ( -0.1282338842461396566, -0.2259033247331408423, 0.4400000000000000577 ) ) ;
#6200 = CARTESIAN_POINT ( 'NONE',  ( 0.8234696545019253300, 0.06221446878101587197, 0.4400000000000000022 ) ) ;
#6201 = EDGE_LOOP ( 'NONE', ( #371, #2607, #9137, #2227 ) ) ;
#6202 = ORIENTED_EDGE ( 'NONE', *, *, #3411, .T. ) ;
#6203 = DIRECTION ( 'NONE',  ( 0.000000000000000000, 0.000000000000000000, -1.000000000000000000 ) ) ;
#6204 = MECHANICAL_DESIGN_GEOMETRIC_PRESENTATION_REPRESENTATION (  '', ( #3113 ), #7302 ) ;
#6205 = LINE ( 'NONE', #4815, #8449 ) ;
#6206 = EDGE_CURVE ( 'NONE', #148, #3952, #4071, .T. ) ;
#6207 = CARTESIAN_POINT ( 'NONE',  ( -0.4586015710468795969, -0.1796364429379935512, 0.4400000000000000022 ) ) ;
#6208 = CARTESIAN_POINT ( 'NONE',  ( 0.000000000000000000, 0.000000000000000000, -0.1549999999999999711 ) ) ;
#6209 = ORIENTED_EDGE ( 'NONE', *, *, #5834, .F. ) ;
#6210 = DIRECTION ( 'NONE',  ( 0.000000000000000000, -1.000000000000000000, 0.000000000000000000 ) ) ;
#6211 = LINE ( 'NONE', #9009, #1664 ) ;
#6212 = CARTESIAN_POINT ( 'NONE',  ( -0.8179038669006991613, 0.2468772803582587327, 0.4389999999999998348 ) ) ;
#6213 = ORIENTED_EDGE ( 'NONE', *, *, #8199, .F. ) ;
#6214 = CARTESIAN_POINT ( 'NONE',  ( -0.4314456678910555398, 0.04099225938637172939, 0.4400000000000000577 ) ) ;
#6215 = ORIENTED_EDGE ( 'NONE', *, *, #589, .T. ) ;
#6216 = DIRECTION ( 'NONE',  ( -0.000000000000000000, -0.000000000000000000, 1.000000000000000000 ) ) ;
#6217 = CARTESIAN_POINT ( 'NONE',  ( -0.3989824773057674689, -0.1640466388733193837, 0.4390000000000000568 ) ) ;
#6218 = CARTESIAN_POINT ( 'NONE',  ( -0.2138482929164211566, -0.1377544960891711190, 0.4389999999999998903 ) ) ;
#6219 = SURFACE_STYLE_USAGE ( .BOTH. , #6740 ) ;
#6220 = ORIENTED_EDGE ( 'NONE', *, *, #3336, .F. ) ;
#6221 = CARTESIAN_POINT ( 'NONE',  ( -0.05650699389422154245, -0.1639994269537027871, 0.4400000000000000577 ) ) ;
#6222 = CARTESIAN_POINT ( 'NONE',  ( -0.4361180857947364875, -0.007535518353710652512, 0.4399999999999998912 ) ) ;
#6223 = B_SPLINE_CURVE_WITH_KNOTS ( 'NONE', 3,
 ( #2450, #5324, #1095, #8295, #7538, #3991, #6918, #6971, #322, #3117, #3261, #6095, #3892, #9129, #2547 ),
 .UNSPECIFIED., .F., .F.,
 ( 4, 1, 1, 1, 1, 1, 1, 1, 1, 1, 1, 1, 4 ),
 ( 0.000000000000000000, 0.09025424934267663180, 0.1785397915286852100, 0.2660930338538204931, 0.3546309779571730769, 0.4418861533505630823, 0.5257469151636487981, 0.6081136336036366830, 0.6901972728278826796, 0.7708214843303353714, 0.8483261812554112602, 0.9240117400247433999, 1.000000000000000000 ),
 .UNSPECIFIED. ) ;
#6224 = ADVANCED_FACE ( 'NONE', ( #9024 ), #2314, .F. ) ;
#6225 = ORIENTED_EDGE ( 'NONE', *, *, #9172, .T. ) ;
#6226 = VERTEX_POINT ( 'NONE', #8978 ) ;
#6227 = CARTESIAN_POINT ( 'NONE',  ( 0.9597098120946573330, -0.1573164160509513132, 0.4399999999999996692 ) ) ;
#6228 = MECHANICAL_DESIGN_GEOMETRIC_PRESENTATION_REPRESENTATION (  '', ( #4244 ), #3775 ) ;
#6229 = CARTESIAN_POINT ( 'NONE',  ( -0.3982477595968986206, 0.1777477113840579548, 0.4390000000000001124 ) ) ;
#6230 = DIRECTION ( 'NONE',  ( -0.6040849710794053973, 0.7969199129874933174, 0.000000000000000000 ) ) ;
#6231 = DIRECTION ( 'NONE',  ( 0.000000000000000000, 0.000000000000000000, -1.000000000000000000 ) ) ;
#6232 = CARTESIAN_POINT ( 'NONE',  ( 0.1951368520984644028, 0.1942141283838659527, 0.4390000000000000568 ) ) ;
#6233 = CARTESIAN_POINT ( 'NONE',  ( 0.4999822689364689654, -0.2124306162002987108, 0.4400000000000000022 ) ) ;
#6234 = FACE_OUTER_BOUND ( 'NONE', #251, .T. ) ;
#6235 = B_SPLINE_CURVE_WITH_KNOTS ( 'NONE', 3,
 ( #4694, #986, #5411, #4741, #3936, #4037, #6037, #2397, #7491, #893, #9123 ),
 .UNSPECIFIED., .F., .F.,
 ( 4, 1, 1, 1, 1, 1, 1, 1, 4 ),
 ( 0.000000000000000000, 0.1285151895116616039, 0.2529486363526582404, 0.3747547340060044530, 0.4959397538670496930, 0.6171806414298925958, 0.7409094692781371672, 0.8678111481862027521, 1.000000000000000000 ),
 .UNSPECIFIED. ) ;
#6236 = EDGE_CURVE ( 'NONE', #6323, #2721, #6467, .T. ) ;
#6237 = DIRECTION ( 'NONE',  ( 0.000000000000000000, 0.000000000000000000, -1.000000000000000000 ) ) ;
#6238 = ORIENTED_EDGE ( 'NONE', *, *, #1619, .F. ) ;
#6239 = CARTESIAN_POINT ( 'NONE',  ( -0.7879540694290115832, 0.1965372383590705541, 0.4390000000000000568 ) ) ;
#6240 = VERTEX_POINT ( 'NONE', #7157 ) ;
#6241 = ORIENTED_EDGE ( 'NONE', *, *, #8327, .T. ) ;
#6242 = CARTESIAN_POINT ( 'NONE',  ( 0.7030786897832888016, -0.1398004682782821861, 0.4390000000000000013 ) ) ;
#6243 = CARTESIAN_POINT ( 'NONE',  ( 1.250000000000000000, -1.125000000000000000, 0.3049999999999999933 ) ) ;
#6244 = CARTESIAN_POINT ( 'NONE',  ( 0.9704974370261051364, -0.06299964610007652288, 0.4390000000000000013 ) ) ;
#6245 = CARTESIAN_POINT ( 'NONE',  ( 0.8131757263397135782, 0.07353432669406401168, 0.4400000000000000022 ) ) ;
#6246 = DIRECTION ( 'NONE',  ( -1.000000000000000000, 0.000000000000000000, 0.000000000000000000 ) ) ;
#6247 = CARTESIAN_POINT ( 'NONE',  ( -0.1749340546388546691, 0.1866080078026308153, 0.4400000000000001688 ) ) ;
#6248 = CARTESIAN_POINT ( 'NONE',  ( 0.4252733638653468096, -0.1036731255757048081, 0.4390000000000000568 ) ) ;
#6249 = CARTESIAN_POINT ( 'NONE',  ( -0.1030604912838717357, 0.1996815920507442332, 0.4399999999999998357 ) ) ;
#6250 = PRESENTATION_STYLE_ASSIGNMENT (( #6980 ) ) ;
#6251 = VECTOR ( 'NONE', #7995, 1000.000000000000000 ) ;
#6252 = ORIENTED_EDGE ( 'NONE', *, *, #6816, .F. ) ;
#6253 = ORIENTED_EDGE ( 'NONE', *, *, #5335, .T. ) ;
#6254 = CARTESIAN_POINT ( 'NONE',  ( -0.5586177866698877059, 0.1150622111971215944, 0.4400000000000000577 ) ) ;
#6255 = CARTESIAN_POINT ( 'NONE',  ( -0.8333086486602864218, 0.2470619709248333407, 0.4390000000000000568 ) ) ;
#6256 = CARTESIAN_POINT ( 'NONE',  ( -0.4839160051113700067, -0.2230301033092250973, 0.4390000000000000568 ) ) ;
#6257 = CARTESIAN_POINT ( 'NONE',  ( -0.2221002182778798184, -0.1924264366839801843, 0.4389999999999999458 ) ) ;
#6258 = CARTESIAN_POINT ( 'NONE',  ( -0.9889279971694914240, 0.1955789888129549070, 0.4399999999999998357 ) ) ;
#6259 = CARTESIAN_POINT ( 'NONE',  ( 0.9959229294063546289, 0.1996228732683024976, 0.4390000000000000568 ) ) ;
#6260 = ORIENTED_EDGE ( 'NONE', *, *, #7881, .T. ) ;
#6261 = ORIENTED_EDGE ( 'NONE', *, *, #3009, .T. ) ;
#6262 = CARTESIAN_POINT ( 'NONE',  ( 0.7880254859550981372, 0.1420439420786794305, 0.4400000000000000022 ) ) ;
#6263 = EDGE_CURVE ( 'NONE', #202, #6795, #9223, .T. ) ;
#6264 = VERTEX_POINT ( 'NONE', #1953 ) ;
#6265 = UNCERTAINTY_MEASURE_WITH_UNIT (LENGTH_MEASURE( 1.000000000000000082E-05 ), #7265, 'distance_accuracy_value', 'NONE');
#6266 = CARTESIAN_POINT ( 'NONE',  ( -0.2225773935154087557, -0.1221182143751790433, 0.4399999999999999467 ) ) ;
#6267 = CARTESIAN_POINT ( 'NONE',  ( -0.3719127969437024950, -0.1323342148985768851, 0.4390000000000000568 ) ) ;
#6268 = CARTESIAN_POINT ( 'NONE',  ( -0.3398617184936751912, -0.1609387839971299916, 0.4399999999999998912 ) ) ;
#6269 = CARTESIAN_POINT ( 'NONE',  ( -0.1102559439907205147, -0.1796270732396998138, 0.4400000000000000022 ) ) ;
#6270 = PLANE ( 'NONE',  #2099 ) ;
#6271 = CARTESIAN_POINT ( 'NONE',  ( 0.8317856348324998983, 0.1224593890083548603, 0.4400000000000000577 ) ) ;
#6272 = AXIS2_PLACEMENT_3D ( 'NONE', #4693, #6908, #313 ) ;
#6273 = VERTEX_POINT ( 'NONE', #3300 ) ;
#6274 = CARTESIAN_POINT ( 'NONE',  ( 0.4649485628781752644, -0.09909187522901288792, 0.4400000000000000577 ) ) ;
#6275 = DIRECTION ( 'NONE',  ( -0.000000000000000000, -0.000000000000000000, 1.000000000000000000 ) ) ;
#6276 = CARTESIAN_POINT ( 'NONE',  ( 0.6412982246965102107, 0.01267904142431121664, 0.4390000000000000013 ) ) ;
#6277 = EDGE_CURVE ( 'NONE', #2844, #7129, #4083, .T. ) ;
#6278 = VECTOR ( 'NONE', #7932, 1000.000000000000000 ) ;
#6279 = CARTESIAN_POINT ( 'NONE',  ( -1.022744198981638819, 0.1625934611661233875, 0.4389999999999998903 ) ) ;
#6280 = SURFACE_STYLE_FILL_AREA ( #7666 ) ;
#6281 = FACE_OUTER_BOUND ( 'NONE', #1838, .T. ) ;
#6282 = CARTESIAN_POINT ( 'NONE',  ( 0.9956400097734818821, -0.02725125928718050150, 0.4399999999999998912 ) ) ;
#6283 = B_SPLINE_CURVE_WITH_KNOTS ( 'NONE', 3,
 ( #1669, #3370, #3464, #1151, #8558, #376, #9290 ),
 .UNSPECIFIED., .F., .F.,
 ( 4, 1, 1, 1, 4 ),
 ( 0.000000000000000000, 0.2538796003266569068, 0.5030089172783624996, 0.7502910806899736329, 1.000000000000000000 ),
 .UNSPECIFIED. ) ;
#6284 = ORIENTED_EDGE ( 'NONE', *, *, #3705, .T. ) ;
#6285 = ORIENTED_EDGE ( 'NONE', *, *, #2304, .F. ) ;
#6286 = CARTESIAN_POINT ( 'NONE',  ( 0.8209673079695651854, -0.2034613254343790867, 0.4399999999999997247 ) ) ;
#6287 = CARTESIAN_POINT ( 'NONE',  ( -0.3819564851987478638, -0.05942841369055133771, 0.4390000000000000013 ) ) ;
#6288 = EDGE_CURVE ( 'NONE', #2971, #1875, #6427, .T. ) ;
#6289 = CARTESIAN_POINT ( 'NONE',  ( -0.3615265839501090039, 0.2075745984083954832, 0.4400000000000002243 ) ) ;
#6290 = CARTESIAN_POINT ( 'NONE',  ( -1.250000000000000000, -1.074999999999999956, 0.4149999999999999800 ) ) ;
#6291 = DIRECTION ( 'NONE',  ( 0.000000000000000000, -1.000000000000000000, 0.000000000000000000 ) ) ;
#6292 = CARTESIAN_POINT ( 'NONE',  ( 0.9090511151807095791, -0.2257380525320007714, 0.4390000000000001124 ) ) ;
#6293 = CARTESIAN_POINT ( 'NONE',  ( -0.1217100909679787318, 0.2009081247709871010, 0.4400000000000000022 ) ) ;
#6294 = CARTESIAN_POINT ( 'NONE',  ( 0.6784101013397136892, -0.06573850984439749690, 0.4400000000000000022 ) ) ;
#6295 = LINE ( 'NONE', #5530, #9003 ) ;
#6296 = CARTESIAN_POINT ( 'NONE',  ( -0.2074940280727327335, 0.1490375732591638913, 0.4390000000000001679 ) ) ;
#6297 = ORIENTED_EDGE ( 'NONE', *, *, #2896, .T. ) ;
#6298 = ORIENTED_EDGE ( 'NONE', *, *, #3476, .T. ) ;
#6299 = CARTESIAN_POINT ( 'NONE',  ( 0.03156517147280400032, -0.09966669220112607530, 0.4389999999999999458 ) ) ;
#6300 = VECTOR ( 'NONE', #5907, 1000.000000000000000 ) ;
#6301 = CIRCLE ( 'NONE', #2176, 0.2225000000000002531 ) ;
#6302 = LINE ( 'NONE', #1879, #5995 ) ;
#6303 = CARTESIAN_POINT ( 'NONE',  ( -0.5838482843567305292, -0.1402952202297988171, 0.4399999999999997247 ) ) ;
#6304 = PRESENTATION_STYLE_ASSIGNMENT (( #4765 ) ) ;
#6305 = CARTESIAN_POINT ( 'NONE',  ( -0.1516174532619641580, -0.2241821447565081338, 0.4389999999999999458 ) ) ;
#6306 = CARTESIAN_POINT ( 'NONE',  ( -0.5613697208754168111, -0.1730172428030498644, 0.4389999999999999458 ) ) ;
#6307 = CARTESIAN_POINT ( 'NONE',  ( 0.9737859938993498332, 0.2208475868678974330, 0.4399999999999998912 ) ) ;
#6308 =( GEOMETRIC_REPRESENTATION_CONTEXT ( 3 ) GLOBAL_UNCERTAINTY_ASSIGNED_CONTEXT ( ( #9165 ) ) GLOBAL_UNIT_ASSIGNED_CONTEXT ( ( #7727, #1812, #1864 ) ) REPRESENTATION_CONTEXT ( 'NONE', 'WORKASPACE' ) );
#6309 = VERTEX_POINT ( 'NONE', #2583 ) ;
#6310 = VERTEX_POINT ( 'NONE', #4218 ) ;
#6311 = CARTESIAN_POINT ( 'NONE',  ( -0.007505022463244374366, 0.1876613515251836228, 0.4390000000000000568 ) ) ;
#6312 = VERTEX_POINT ( 'NONE', #1134 ) ;
#6313 = CARTESIAN_POINT ( 'NONE',  ( -0.2138482929164211566, -0.1377544960891711190, 0.4399999999999998912 ) ) ;
#6314 = CARTESIAN_POINT ( 'NONE',  ( -1.474999999999999867, 0.9000000000000000222, 0.3049999999999999933 ) ) ;
#6315 = VECTOR ( 'NONE', #3189, 1000.000000000000000 ) ;
#6316 = CARTESIAN_POINT ( 'NONE',  ( -0.3825007992134810686, -0.2057938901442452340, 0.4390000000000001124 ) ) ;
#6317 = ORIENTED_EDGE ( 'NONE', *, *, #5462, .F. ) ;
#6318 = CARTESIAN_POINT ( 'NONE',  ( -0.02575135401754740164, -0.1367013409790240330, 0.4400000000000001132 ) ) ;
#6319 = VERTEX_POINT ( 'NONE', #7813 ) ;
#6320 = CARTESIAN_POINT ( 'NONE',  ( -1.022930765736633996, -0.1417208858297782093, 0.4399999999999999467 ) ) ;
#6321 = CARTESIAN_POINT ( 'NONE',  ( -0.8376076833259473720, -0.2259812673949169459, 0.4390000000000001124 ) ) ;
#6322 = VERTEX_POINT ( 'NONE', #5712 ) ;
#6323 = VERTEX_POINT ( 'NONE', #5507 ) ;
#6324 = CARTESIAN_POINT ( 'NONE',  ( 0.9837234070366740468, -0.1133899195192124010, 0.4399999999999993916 ) ) ;
#6325 = CARTESIAN_POINT ( 'NONE',  ( 0.4659422345426248446, -0.1033831334009824299, 0.4400000000000000577 ) ) ;
#6326 = B_SPLINE_CURVE_WITH_KNOTS ( 'NONE', 3,
 ( #2376, #7555, #3959, #3861, #6832, #6783, #3280, #190, #3135, #5386, #6063 ),
 .UNSPECIFIED., .F., .F.,
 ( 4, 1, 1, 1, 1, 1, 1, 1, 4 ),
 ( 0.000000000000000000, 0.1815353013762842915, 0.3470816724816285226, 0.4955678164315543421, 0.6283573018772137253, 0.7455196699921555759, 0.8458307507576513506, 0.9307818073847582419, 1.000000000000000000 ),
 .UNSPECIFIED. ) ;
#6327 = LINE ( 'NONE', #7107, #1078 ) ;
#6328 = CARTESIAN_POINT ( 'NONE',  ( -0.09913834933737558641, 0.005769967407517510166, 0.4400000000000000022 ) ) ;
#6329 = EDGE_CURVE ( 'NONE', #2145, #6863, #8889, .T. ) ;
#6330 = CARTESIAN_POINT ( 'NONE',  ( 0.3175339036573100460, 0.05535386019537760771, 0.4400000000000000577 ) ) ;
#6331 = CARTESIAN_POINT ( 'NONE',  ( 0.2242000009658911552, 0.2006356513693491328, 0.4399999999999998357 ) ) ;
#6332 = CARTESIAN_POINT ( 'NONE',  ( -0.03120528327567101065, 0.1303251920786794027, 0.4390000000000000013 ) ) ;
#6333 = ORIENTED_EDGE ( 'NONE', *, *, #1473, .F. ) ;
#6334 = DIRECTION ( 'NONE',  ( 1.000000000000000000, 0.000000000000000000, 0.000000000000000000 ) ) ;
#6335 = ORIENTED_EDGE ( 'NONE', *, *, #6134, .T. ) ;
#6336 = ORIENTED_EDGE ( 'NONE', *, *, #8631, .T. ) ;
#6337 = CARTESIAN_POINT ( 'NONE',  ( 0.6809615945447207164, -0.1746763901664268037, 0.4390000000000000568 ) ) ;
#6338 = FACE_OUTER_BOUND ( 'NONE', #4981, .T. ) ;
#6339 = CARTESIAN_POINT ( 'NONE',  ( -0.04337475442951722882, 0.03756677861714095151, 0.4400000000000000022 ) ) ;
#6340 = CARTESIAN_POINT ( 'NONE',  ( -0.3762140061006499780, 0.2208475868678975440, 0.4400000000000001132 ) ) ;
#6341 = CARTESIAN_POINT ( 'NONE',  ( -0.8115483535199019549, 0.2002942466613383266, 0.4390000000000000568 ) ) ;
#6342 = PLANE ( 'NONE',  #7391 ) ;
#6343 = CARTESIAN_POINT ( 'NONE',  ( -0.1646819403630819800, 0.1924365388724420811, 0.4390000000000001124 ) ) ;
#6344 = UNCERTAINTY_MEASURE_WITH_UNIT (LENGTH_MEASURE( 1.000000000000000082E-05 ), #882, 'distance_accuracy_value', 'NONE');
#6345 = CARTESIAN_POINT ( 'NONE',  ( 0.5817450308397390524, 0.03333532661997120478, 0.4389999999999999458 ) ) ;
#6346 = EDGE_CURVE ( 'NONE', #1386, #4976, #359, .T. ) ;
#6347 = CARTESIAN_POINT ( 'NONE',  ( -0.5542343674759785399, 0.1831244531306016610, 0.4390000000000001124 ) ) ;
#6348 = ORIENTED_EDGE ( 'NONE', *, *, #8756, .F. ) ;
#6349 = ORIENTED_EDGE ( 'NONE', *, *, #5632, .T. ) ;
#6350 = CARTESIAN_POINT ( 'NONE',  ( -0.1234228313525939508, -0.2260149521520898042, 0.4390000000000000013 ) ) ;
#6351 = COLOUR_RGB ( '',0.9686274509803921573, 0.8784313725490195957, 0.5999999999999999778 ) ;
#6352 =( GEOMETRIC_REPRESENTATION_CONTEXT ( 3 ) GLOBAL_UNCERTAINTY_ASSIGNED_CONTEXT ( ( #6265 ) ) GLOBAL_UNIT_ASSIGNED_CONTEXT ( ( #7265, #8799, #6668 ) ) REPRESENTATION_CONTEXT ( 'NONE', 'WORKASPACE' ) );
#6353 = DIRECTION ( 'NONE',  ( 0.000000000000000000, -1.000000000000000000, 0.000000000000000000 ) ) ;
#6354 = CARTESIAN_POINT ( 'NONE',  ( -0.4641354102593537312, -0.2258186098252275287, 0.4389999999999999458 ) ) ;
#6355 = FACE_OUTER_BOUND ( 'NONE', #570, .T. ) ;
#6356 = CARTESIAN_POINT ( 'NONE',  ( 1.024479458306194024, -0.1082644576094350108, 0.4400000000000000577 ) ) ;
#6357 = CARTESIAN_POINT ( 'NONE',  ( -1.071500386544141259, 0.06052787754343282728, 0.4399999999999999467 ) ) ;
#6358 = ADVANCED_FACE ( 'NONE', ( #507 ), #2112, .T. ) ;
#6359 =( GEOMETRIC_REPRESENTATION_CONTEXT ( 3 ) GLOBAL_UNCERTAINTY_ASSIGNED_CONTEXT ( ( #4555 ) ) GLOBAL_UNIT_ASSIGNED_CONTEXT ( ( #2084, #9438, #675 ) ) REPRESENTATION_CONTEXT ( 'NONE', 'WORKASPACE' ) );
#6360 = CARTESIAN_POINT ( 'NONE',  ( 0.9666152139822025147, 0.2262501357037486893, 0.4400000000000002798 ) ) ;
#6361 = VECTOR ( 'NONE', #1431, 1000.000000000000000 ) ;
#6362 = LINE ( 'NONE', #1265, #8093 ) ;
#6363 = EDGE_LOOP ( 'NONE', ( #4212, #9077, #7799, #3041 ) ) ;
#6364 = DIRECTION ( 'NONE',  ( -0.000000000000000000, -0.000000000000000000, 1.000000000000000000 ) ) ;
#6365 = EDGE_CURVE ( 'NONE', #9175, #8546, #7301, .T. ) ;
#6366 = CARTESIAN_POINT ( 'NONE',  ( 0.000000000000000000, 0.000000000000000000, -0.1549999999999999711 ) ) ;
#6367 = CARTESIAN_POINT ( 'NONE',  ( 1.500000000000000000, 1.051238207896990406, 0.1500000000000000222 ) ) ;
#6368 = CARTESIAN_POINT ( 'NONE',  ( -0.4160475183123390486, -0.2210878065262956160, 0.4400000000000001688 ) ) ;
#6369 = DIRECTION ( 'NONE',  ( -0.000000000000000000, -0.000000000000000000, 1.000000000000000000 ) ) ;
#6370 = CARTESIAN_POINT ( 'NONE',  ( -1.053494343455116500, -0.09372377004575838111, 0.4399999999999999467 ) ) ;
#6371 = PLANE ( 'NONE',  #9045 ) ;
#6372 = ORIENTED_EDGE ( 'NONE', *, *, #3145, .T. ) ;
#6373 = CARTESIAN_POINT ( 'NONE',  ( 0.9077855987313305786, -0.1795333693557046584, 0.4389999999999998903 ) ) ;
#6374 = CARTESIAN_POINT ( 'NONE',  ( -0.4153565415565217411, 0.1906278572401061133, 0.4389999999999999458 ) ) ;
#6375 = CARTESIAN_POINT ( 'NONE',  ( 0.5999999999999997558, -0.5000000000000000000, -0.1549999999999999711 ) ) ;
#6376 = VECTOR ( 'NONE', #8278, 1000.000000000000000 ) ;
#6377 =( NAMED_UNIT ( * ) PLANE_ANGLE_UNIT ( ) SI_UNIT ( $, .RADIAN. ) );
#6378 = CARTESIAN_POINT ( 'NONE',  ( -0.5999999999999999778, -0.5000000000000001110, -0.1499999999999999667 ) ) ;
#6379 = CARTESIAN_POINT ( 'NONE',  ( 0.5618536109550983371, -0.2260149521520898042, 0.4400000000000000022 ) ) ;
#6380 =( LENGTH_UNIT ( ) NAMED_UNIT ( * ) SI_UNIT ( .MILLI., .METRE. ) );
#6381 = LINE ( 'NONE', #2017, #4380 ) ;
#6382 = ORIENTED_EDGE ( 'NONE', *, *, #5346, .F. ) ;
#6383 = CARTESIAN_POINT ( 'NONE',  ( -0.04766178024077948744, -0.1581693913146323682, 0.4389999999999999458 ) ) ;
#6384 = ORIENTED_EDGE ( 'NONE', *, *, #2598, .F. ) ;
#6385 = AXIS2_PLACEMENT_3D ( 'NONE', #5155, #5680, #8615 ) ;
#6386 = ORIENTED_EDGE ( 'NONE', *, *, #6643, .F. ) ;
#6387 = CARTESIAN_POINT ( 'NONE',  ( 0.7809323034281235865, -0.1630737750070507808, 0.4390000000000000013 ) ) ;
#6388 = EDGE_CURVE ( 'NONE', #699, #2287, #8057, .T. ) ;
#6389 = EDGE_CURVE ( 'NONE', #619, #914, #6748, .T. ) ;
#6390 = CARTESIAN_POINT ( 'NONE',  ( 0.6459081599367867410, 0.06385625746439639594, 0.4400000000000000022 ) ) ;
#6391 = DIRECTION ( 'NONE',  ( -0.7071067811865470176, -0.7071067811865480168, 0.000000000000000000 ) ) ;
#6392 = AXIS2_PLACEMENT_3D ( 'NONE', #679, #4517, #8901 ) ;
#6393 = CARTESIAN_POINT ( 'NONE',  ( -0.3677136967372094389, 0.1432158170786793916, 0.4400000000000000022 ) ) ;
#6394 = CARTESIAN_POINT ( 'NONE',  ( 0.3060605915166604296, -0.02158598230705872228, 0.4399999999999999467 ) ) ;
#6395 = CARTESIAN_POINT ( 'NONE',  ( -0.4539817255833632492, -0.1798611059982436478, 0.4400000000000000022 ) ) ;
#6396 = DIRECTION ( 'NONE',  ( 0.000000000000000000, 0.000000000000000000, -1.000000000000000000 ) ) ;
#6397 = CARTESIAN_POINT ( 'NONE',  ( -0.1825046713163777645, 0.1808543805932190662, 0.4400000000000000022 ) ) ;
#6398 = CARTESIAN_POINT ( 'NONE',  ( -0.1234228313525939508, -0.2260149521520898042, 0.4400000000000000022 ) ) ;
#6399 = B_SPLINE_SURFACE_WITH_KNOTS ( 'NONE', 3, 1, ( 
 ( #3881, #5408 ),
 ( #4593, #1701 ),
 ( #7528, #4642 ),
 ( #212, #1084 ),
 ( #7575, #984 ),
 ( #3934, #6855 ),
 ( #3202, #3982 ),
 ( #3252, #6182 ),
 ( #9120, #4270 ),
 ( #8647, #9372 ),
 ( #3546, #3352 ),
 ( #7212, #5615 ),
 ( #2790, #464 ),
 ( #5715, #6328 ),
 ( #9325, #2738 ),
 ( #2064, #614 ),
 ( #4175, #8483 ),
 ( #3498, #7060 ),
 ( #9275, #6481 ) ),
 .UNSPECIFIED., .F., .F., .F.,
 ( 4, 1, 1, 1, 1, 1, 1, 1, 1, 1, 1, 1, 1, 1, 1, 1, 4 ),
 ( 2, 2 ),
 ( 0.000000000000000000, 0.06690918560565647932, 0.1334854404229655345, 0.2010351165700816622, 0.2712343400187641196, 0.3428799841615844946, 0.4138361296100203646, 0.4859766219744203197, 0.5602295572555490155, 0.5998841807523909164, 0.6440548396425964661, 0.6918919315842542161, 0.7446875244737716226, 0.8014917751698766857, 0.8628576982200925061, 0.9293283793947424432, 1.000000000000000000 ),
 ( 0.000000000000000000, 1.000000000000000000 ),
 .UNSPECIFIED. ) ;
#6400 = CARTESIAN_POINT ( 'NONE',  ( -0.5619745140449017295, 0.1420439420786794305, 0.4390000000000000013 ) ) ;
#6401 = ORIENTED_EDGE ( 'NONE', *, *, #7736, .F. ) ;
#6402 = CARTESIAN_POINT ( 'NONE',  ( -0.8333086486602864218, 0.2470619709248333407, 0.4399999999999999467 ) ) ;
#6403 = CARTESIAN_POINT ( 'NONE',  ( 0.8286318327696376995, 0.1478095288284511089, 0.4399999999999999467 ) ) ;
#6404 = EDGE_CURVE ( 'NONE', #8862, #2018, #4730, .T. ) ;
#6405 = CARTESIAN_POINT ( 'NONE',  ( 0.6784101013397136892, -0.06573850984439749690, 0.4390000000000000013 ) ) ;
#6406 = CARTESIAN_POINT ( 'NONE',  ( 0.4754842894507785300, 0.01235642191299135897, 0.4390000000000000568 ) ) ;
#6407 = CARTESIAN_POINT ( 'NONE',  ( 0.6338526641773484238, -0.2110180705429347270, 0.4390000000000000568 ) ) ;
#6408 = EDGE_LOOP ( 'NONE', ( #8261, #7739, #4293, #3530 ) ) ;
#6409 = CARTESIAN_POINT ( 'NONE',  ( -0.2703938584693748592, -0.1089786182920703395, 0.4390000000000000013 ) ) ;
#6410 = CARTESIAN_POINT ( 'NONE',  ( -0.4573805553952030589, -0.2259492288038511820, 0.4389999999999999458 ) ) ;
#6411 = ORIENTED_EDGE ( 'NONE', *, *, #691, .T. ) ;
#6412 = PRESENTATION_LAYER_ASSIGNMENT (  '', '', ( #869 ) ) ;
#6413 = CARTESIAN_POINT ( 'NONE',  ( 0.9147513050641558063, 0.2465153427207062986, 0.4400000000000000577 ) ) ;
#6414 = CARTESIAN_POINT ( 'NONE',  ( 0.008538512990877510089, 0.1449579409350648385, 0.4390000000000001679 ) ) ;
#6415 = ORIENTED_EDGE ( 'NONE', *, *, #4424, .F. ) ;
#6416 = CARTESIAN_POINT ( 'NONE',  ( -0.5076192114500769348, 0.2335103671283954574, 0.4400000000000001688 ) ) ;
#6417 = ORIENTED_EDGE ( 'NONE', *, *, #8151, .T. ) ;
#6418 = CARTESIAN_POINT ( 'NONE',  ( -0.2320762227278549139, -0.09678751759432140112, 0.4399999999999999467 ) ) ;
#6419 = CARTESIAN_POINT ( 'NONE',  ( 0.2711140758629081438, -0.002844951564662575455, 0.4390000000000000568 ) ) ;
#6420 = EDGE_CURVE ( 'NONE', #3324, #356, #1428, .T. ) ;
#6421 = CARTESIAN_POINT ( 'NONE',  ( -0.3628127081732880344, -0.1899184998996604479, 0.4389999999999999458 ) ) ;
#6422 = CARTESIAN_POINT ( 'NONE',  ( 0.6575859892699965625, 0.05664340798982005210, 0.4389999999999998903 ) ) ;
#6423 = LINE ( 'NONE', #7705, #9466 ) ;
#6424 = CARTESIAN_POINT ( 'NONE',  ( 0.8438318919965007714, 0.1009315587940001341, 0.4400000000000000577 ) ) ;
#6425 = ORIENTED_EDGE ( 'NONE', *, *, #3002, .F. ) ;
#6426 = FACE_OUTER_BOUND ( 'NONE', #6115, .T. ) ;
#6427 = LINE ( 'NONE', #3445, #773 ) ;
#6428 = CARTESIAN_POINT ( 'NONE',  ( 0.6238506100603604665, 0.02294007052336847693, 0.4399999999999998357 ) ) ;
#6429 = DIRECTION ( 'NONE',  ( 0.000000000000000000, -1.000000000000000000, 0.000000000000000000 ) ) ;
#6430 = DIRECTION ( 'NONE',  ( 1.212843670024533951E-16, -1.000000000000000000, 0.000000000000000000 ) ) ;
#6431 = CARTESIAN_POINT ( 'NONE',  ( -0.8333086486602864218, 0.2470619709248333407, 0.4390000000000000568 ) ) ;
#6432 = CARTESIAN_POINT ( 'NONE',  ( 0.8685472191000089826, -0.1754815206903646285, 0.4389999999999998903 ) ) ;
#6433 = CARTESIAN_POINT ( 'NONE',  ( 0.1499910652919597964, 0.1586703117360805659, 0.4389999999999999458 ) ) ;
#6434 = DIRECTION ( 'NONE',  ( -0.000000000000000000, -0.000000000000000000, 1.000000000000000000 ) ) ;
#6435 = PLANE ( 'NONE',  #2250 ) ;
#6436 = EDGE_LOOP ( 'NONE', ( #8844, #9232, #128, #2210, #940, #5088, #5102, #2644 ) ) ;
#6437 = CARTESIAN_POINT ( 'NONE',  ( 0.5730534147226366004, -0.2259134801231531542, 0.4390000000000000013 ) ) ;
#6438 = CARTESIAN_POINT ( 'NONE',  ( 0.7164781937223492214, -0.03676088543393593588, 0.4399999999999999467 ) ) ;
#6439 = VECTOR ( 'NONE', #4682, 1000.000000000000000 ) ;
#6440 = CARTESIAN_POINT ( 'NONE',  ( -0.3699181737693645333, 0.1460557915615879609, 0.4400000000000001132 ) ) ;
#6441 = CARTESIAN_POINT ( 'NONE',  ( 0.009179332108944296409, 0.1301449036171409557, 0.4400000000000000022 ) ) ;
#6442 = CARTESIAN_POINT ( 'NONE',  ( -0.03858781455580278380, 0.03525529941894966351, 0.4400000000000000022 ) ) ;
#6443 = CARTESIAN_POINT ( 'NONE',  ( 0.3322562551858673774, 0.1096821632325255536, 0.4390000000000000013 ) ) ;
#6444 = FILL_AREA_STYLE ('',( #4239 ) ) ;
#6445 = EDGE_CURVE ( 'NONE', #3164, #8862, #9465, .T. ) ;
#6446 = LINE ( 'NONE', #9389, #851 ) ;
#6447 = CARTESIAN_POINT ( 'NONE',  ( -1.600999999999999979, 0.000000000000000000, 0.1500000000000000222 ) ) ;
#6448 = ORIENTED_EDGE ( 'NONE', *, *, #5374, .F. ) ;
#6449 = CARTESIAN_POINT ( 'NONE',  ( 0.03225625518586748564, -0.08079259638285905820, 0.4399999999999997247 ) ) ;
#6450 = VERTEX_POINT ( 'NONE', #6527 ) ;
#6451 = CARTESIAN_POINT ( 'NONE',  ( 1.600999999999999979, -1.027502247202359387, 0.1500000000000000222 ) ) ;
#6452 = CARTESIAN_POINT ( 'NONE',  ( 0.9510175226942327864, -0.1640466388733194392, 0.4390000000000001124 ) ) ;
#6453 = CARTESIAN_POINT ( 'NONE',  ( 0.6784101013397136892, -0.06573850984439749690, 0.4390000000000000013 ) ) ;
#6454 = ADVANCED_FACE ( 'NONE', ( #72 ), #8010, .F. ) ;
#6455 = EDGE_CURVE ( 'NONE', #2616, #2287, #2919, .T. ) ;
#6456 = ORIENTED_EDGE ( 'NONE', *, *, #5659, .F. ) ;
#6457 = CARTESIAN_POINT ( 'NONE',  ( 0.8286318327696376995, 0.1478095288284511089, 0.4390000000000000568 ) ) ;
#6458 = CARTESIAN_POINT ( 'NONE',  ( -0.5290326920304346814, -0.2034613254343790589, 0.4390000000000000013 ) ) ;
#6459 = B_SPLINE_CURVE_WITH_KNOTS ( 'NONE', 3,
 ( #502, #6320, #9266, #2730, #6370, #7153, #3345, #2053, #407, #5499, #5606 ),
 .UNSPECIFIED., .F., .F.,
 ( 4, 1, 1, 1, 1, 1, 1, 1, 4 ),
 ( 0.000000000000000000, 0.1243285095938497231, 0.2471560163611861705, 0.3687797492913392761, 0.4907338624016475137, 0.6136137718478436032, 0.7389575757222153207, 0.8673105751912625339, 1.000000000000000000 ),
 .UNSPECIFIED. ) ;
#6460 = CARTESIAN_POINT ( 'NONE',  ( 0.008538512990877510089, 0.1449579409350648385, 0.4400000000000000022 ) ) ;
#6461 = ORIENTED_EDGE ( 'NONE', *, *, #6329, .T. ) ;
#6462 = ADVANCED_FACE ( 'NONE', ( #6612 ), #1417, .T. ) ;
#6463 = FACE_OUTER_BOUND ( 'NONE', #4612, .T. ) ;
#6464 = ORIENTED_EDGE ( 'NONE', *, *, #8, .T. ) ;
#6465 = LINE ( 'NONE', #2049, #2469 ) ;
#6466 = CARTESIAN_POINT ( 'NONE',  ( 0.2471601013397136948, -0.02823850984439750522, 0.4390000000000000013 ) ) ;
#6467 = B_SPLINE_CURVE_WITH_KNOTS ( 'NONE', 3,
 ( #5312, #5457, #2434, #1653, #886, #4590, #3976, #6179, #3878, #932, #6804, #209, #9116, #3153, #4686, #5355, #1028, #2684, #9370 ),
 .UNSPECIFIED., .F., .F.,
 ( 4, 1, 1, 1, 1, 1, 1, 1, 1, 1, 1, 1, 1, 1, 1, 1, 4 ),
 ( 0.000000000000000000, 0.06690918560565647932, 0.1334854404229655345, 0.2010351165700816622, 0.2712343400187641196, 0.3428799841615844946, 0.4138361296100203646, 0.4859766219744203197, 0.5602295572555490155, 0.5998841807523909164, 0.6440548396425964661, 0.6918919315842542161, 0.7446875244737716226, 0.8014917751698766857, 0.8628576982200925061, 0.9293283793947424432, 1.000000000000000000 ),
 .UNSPECIFIED. ) ;
#6468 = LINE ( 'NONE', #9412, #5710 ) ;
#6469 = MECHANICAL_DESIGN_GEOMETRIC_PRESENTATION_REPRESENTATION (  '', ( #5993 ), #6308 ) ;
#6470 = CARTESIAN_POINT ( 'NONE',  ( -0.8327677832756710252, -0.2260149521520898042, 0.4390000000000000013 ) ) ;
#6471 = CARTESIAN_POINT ( 'NONE',  ( 0.2725065950921791158, 0.1943026748918880442, 0.4400000000000000577 ) ) ;
#6472 = CARTESIAN_POINT ( 'NONE',  ( 0.8438318919965007714, 0.1009315587940001341, 0.4390000000000000568 ) ) ;
#6473 = VECTOR ( 'NONE', #3377, 1000.000000000000000 ) ;
#6474 = EDGE_CURVE ( 'NONE', #3952, #6310, #6840, .T. ) ;
#6475 = EDGE_CURVE ( 'NONE', #182, #1065, #3868, .T. ) ;
#6476 = VERTEX_POINT ( 'NONE', #6790 ) ;
#6477 = VECTOR ( 'NONE', #6231, 1000.000000000000000 ) ;
#6478 = CARTESIAN_POINT ( 'NONE',  ( 0.4905354699157906673, -0.1507720600272983713, 0.4389999999999999458 ) ) ;
#6479 = CARTESIAN_POINT ( 'NONE',  ( -0.4556043217372094389, 0.2009081247709871010, 0.4390000000000000013 ) ) ;
#6480 = CARTESIAN_POINT ( 'NONE',  ( -1.500000000000000000, -1.051238207896990406, -0.1499999999999999667 ) ) ;
#6481 = CARTESIAN_POINT ( 'NONE',  ( -0.1465898986602864051, 0.01052350938637172661, 0.4399999999999998357 ) ) ;
#6483 = B_SPLINE_SURFACE_WITH_KNOTS ( 'NONE', 3, 1, ( 
 ( #1868, #6293 ),
 ( #9242, #7831 ),
 ( #2703, #480 ),
 ( #8503, #7886 ),
 ( #6343, #9187 ),
 ( #2806, #6247 ),
 ( #2083, #6397 ),
 ( #4188, #2652 ),
 ( #5527, #8664 ),
 ( #7122, #4805 ),
 ( #1918, #7731 ),
 ( #8613, #2029 ),
 ( #4859, #4965 ),
 ( #1299, #581 ),
 ( #7781, #720 ) ),
 .UNSPECIFIED., .F., .F., .F.,
 ( 4, 1, 1, 1, 1, 1, 1, 1, 1, 1, 1, 1, 4 ),
 ( 2, 2 ),
 ( 0.000000000000000000, 0.1227119423657787589, 0.2396849640167730833, 0.3518158552560944341, 0.4637661328620821255, 0.5208177931608302114, 0.5794482914480039160, 0.6406041451203193793, 0.7052975118059829907, 0.7736338807131351025, 0.8446693818863786341, 0.9200565080211454694, 1.000000000000000000 ),
 ( 0.000000000000000000, 1.000000000000000000 ),
 .UNSPECIFIED. ) ;
#6482 = CARTESIAN_POINT ( 'NONE',  ( 0.8656711345136255398, 0.07940747589154545372, 0.4400000000000000022 ) ) ;
#6484 = CARTESIAN_POINT ( 'NONE',  ( -1.450003333370371239, -1.250999999999999890, 0.1500000000000000222 ) ) ;
#6485 = CARTESIAN_POINT ( 'NONE',  ( 0.1307159638751903274, 0.1010677509701274901, 0.4399999999999998357 ) ) ;
#6486 = DIRECTION ( 'NONE',  ( 0.000000000000000000, 0.000000000000000000, -1.000000000000000000 ) ) ;
#6487 = CARTESIAN_POINT ( 'NONE',  ( -0.009983098091257944923, -0.1031560255797583370, 0.4389999999999999458 ) ) ;
#6488 = ORIENTED_EDGE ( 'NONE', *, *, #4635, .T. ) ;
#6489 = ORIENTED_EDGE ( 'NONE', *, *, #462, .F. ) ;
#6490 = DIRECTION ( 'NONE',  ( 0.000000000000000000, 0.000000000000000000, -1.000000000000000000 ) ) ;
#6491 = SURFACE_STYLE_FILL_AREA ( #5190 ) ;
#6492 = CARTESIAN_POINT ( 'NONE',  ( -0.01617557692435999186, 0.02169413604542193980, 0.4390000000000000013 ) ) ;
#6493 = CARTESIAN_POINT ( 'NONE',  ( -0.3927875696343182677, 0.2321813177240263926, 0.4400000000000001132 ) ) ;
#6494 = DIRECTION ( 'NONE',  ( -1.000000000000000000, 0.000000000000000000, 0.000000000000000000 ) ) ;
#6495 = STYLED_ITEM ( 'NONE', ( #626 ), #2837 ) ;
#6496 = DIRECTION ( 'NONE',  ( 1.212843670024533951E-16, 1.000000000000000000, 0.000000000000000000 ) ) ;
#6497 = CARTESIAN_POINT ( 'NONE',  ( -1.006615225993745755, 0.1798239291900923520, 0.4400000000000001688 ) ) ;
#6498 = CARTESIAN_POINT ( 'NONE',  ( -1.500000000000000000, 0.000000000000000000, -0.1549999999999999711 ) ) ;
#6499 = CARTESIAN_POINT ( 'NONE',  ( 0.03156517147280400032, -0.09966669220112607530, 0.4389999999999999458 ) ) ;
#6500 = CARTESIAN_POINT ( 'NONE',  ( -0.1217100909679787318, 0.2009081247709871010, 0.4390000000000000013 ) ) ;
#6501 = ORIENTED_EDGE ( 'NONE', *, *, #768, .T. ) ;
#6502 = DIRECTION ( 'NONE',  ( -0.000000000000000000, -0.000000000000000000, 1.000000000000000000 ) ) ;
#6503 = ORIENTED_EDGE ( 'NONE', *, *, #2184, .T. ) ;
#6504 = CARTESIAN_POINT ( 'NONE',  ( -0.9129248442575931266, -0.1666013120287596905, 0.4400000000000000022 ) ) ;
#6505 = VECTOR ( 'NONE', #7623, 1000.000000000000000 ) ;
#6506 = CARTESIAN_POINT ( 'NONE',  ( 0.9193007442549017139, -0.1774401233779249465, 0.4389999999999998903 ) ) ;
#6507 = CARTESIAN_POINT ( 'NONE',  ( -0.6798393384583004684, 0.1348802100565603956, 0.4400000000000001132 ) ) ;
#6508 = COLOUR_RGB ( '',0.9686274509803921573, 0.8784313725490195957, 0.5999999999999999778 ) ;
#6509 = ORIENTED_EDGE ( 'NONE', *, *, #4253, .F. ) ;
#6510 = CARTESIAN_POINT ( 'NONE',  ( 0.03225625518586748564, -0.08079259638285905820, 0.4399999999999999467 ) ) ;
#6511 = DIRECTION ( 'NONE',  ( 0.000000000000000000, 0.000000000000000000, 1.000000000000000000 ) ) ;
#6512 = CARTESIAN_POINT ( 'NONE',  ( -0.4491891533760959954, 0.002313255838004773385, 0.4390000000000000568 ) ) ;
#6513 = CIRCLE ( 'NONE', #2842, 0.2225000000000000311 ) ;
#6514 = VERTEX_POINT ( 'NONE', #967 ) ;
#6515 = CARTESIAN_POINT ( 'NONE',  ( -0.4510971101987478749, 0.2470619709248333407, 0.4400000000000001132 ) ) ;
#6516 = ADVANCED_FACE ( 'NONE', ( #8915 ), #2501, .T. ) ;
#6517 = EDGE_CURVE ( 'NONE', #4231, #6310, #4867, .T. ) ;
#6518 = CARTESIAN_POINT ( 'NONE',  ( 0.8580675532627902724, 0.08579394207867938049, 0.4390000000000000013 ) ) ;
#6519 = CARTESIAN_POINT ( 'NONE',  ( 0.7185393432796222113, -0.07840311981973055455, 0.4400000000000001688 ) ) ;
#6520 = CARTESIAN_POINT ( 'NONE',  ( -0.9631845509159012719, -0.1384131306795296223, 0.4399999999999999467 ) ) ;
#6521 = PRESENTATION_LAYER_ASSIGNMENT (  '', '', ( #197 ) ) ;
#6522 = CARTESIAN_POINT ( 'NONE',  ( 0.6334546605691365739, 0.06963036601795415115, 0.4390000000000000013 ) ) ;
#6523 = DIRECTION ( 'NONE',  ( 0.000000000000000000, 0.000000000000000000, -1.000000000000000000 ) ) ;
#6524 = CARTESIAN_POINT ( 'NONE',  ( -1.009872788722889103, -0.1569517293662491819, 0.4399999999999999467 ) ) ;
#6525 = VECTOR ( 'NONE', #8715, 1000.000000000000000 ) ;
#6526 = VERTEX_POINT ( 'NONE', #1942 ) ;
#6527 = CARTESIAN_POINT ( 'NONE',  ( 1.377499999999999947, 1.250000000000000000, 0.1500000000000000222 ) ) ;
#6528 = CARTESIAN_POINT ( 'NONE',  ( -0.1649016717516869346, -0.2214397155116480387, 0.4389999999999999458 ) ) ;
#6529 = CARTESIAN_POINT ( 'NONE',  ( 0.4392689790812497885, -0.1500893457987850232, 0.4390000000000000568 ) ) ;
#6530 = CARTESIAN_POINT ( 'NONE',  ( -0.3658206678910556064, -0.1035990867674744242, 0.4400000000000000022 ) ) ;
#6531 = EDGE_CURVE ( 'NONE', #6719, #6888, #5696, .T. ) ;
#6532 = DIRECTION ( 'NONE',  ( 0.000000000000000000, -1.000000000000000000, -0.000000000000000000 ) ) ;
#6533 = ORIENTED_EDGE ( 'NONE', *, *, #2852, .T. ) ;
#6534 = PRESENTATION_STYLE_ASSIGNMENT (( #8890 ) ) ;
#6535 = DIRECTION ( 'NONE',  ( 0.000000000000000000, -0.000000000000000000, 1.000000000000000000 ) ) ;
#6536 = CARTESIAN_POINT ( 'NONE',  ( 0.8713209228574751997, 0.07518997659643915366, 0.4390000000000000568 ) ) ;
#6537 = CARTESIAN_POINT ( 'NONE',  ( 0.7894333365235415290, 0.1239145142156437285, 0.4400000000000000022 ) ) ;
#6538 = CARTESIAN_POINT ( 'NONE',  ( 0.5591865966767006757, 0.03337165701460576700, 0.4400000000000001132 ) ) ;
#6539 = EDGE_LOOP ( 'NONE', ( #1640, #5448, #2277, #5709, #7104, #1589, #4168, #7514, #4436, #7443, #9209 ) ) ;
#6540 = CARTESIAN_POINT ( 'NONE',  ( -0.5076192114500769348, 0.2335103671283954574, 0.4400000000000001132 ) ) ;
#6541 =( LENGTH_UNIT ( ) NAMED_UNIT ( * ) SI_UNIT ( .MILLI., .METRE. ) );
#6542 = EDGE_CURVE ( 'NONE', #6226, #7082, #6997, .T. ) ;
#6543 = PLANE ( 'NONE',  #62 ) ;
#6544 = CARTESIAN_POINT ( 'NONE',  ( 1.600999999999999979, 1.100003333370371150, 0.1500000000000000222 ) ) ;
#6545 = AXIS2_PLACEMENT_3D ( 'NONE', #3244, #4025, #3194 ) ;
#6546 = PRESENTATION_STYLE_ASSIGNMENT (( #2856 ) ) ;
#6547 = CARTESIAN_POINT ( 'NONE',  ( -0.3254360525064402543, -0.1042300963828590582, 0.4400000000000000577 ) ) ;
#6548 = CARTESIAN_POINT ( 'NONE',  ( 0.1148868727923775535, 0.1824846794851368026, 0.4389999999999999458 ) ) ;
#6549 = ORIENTED_EDGE ( 'NONE', *, *, #4617, .F. ) ;
#6550 = CARTESIAN_POINT ( 'NONE',  ( 0.8286318327696376995, 0.1478095288284511089, 0.4390000000000000568 ) ) ;
#6551 = CARTESIAN_POINT ( 'NONE',  ( 0.6178270783071143635, -0.1673192134538309117, 0.4390000000000000013 ) ) ;
#6552 = CARTESIAN_POINT ( 'NONE',  ( -0.8358326871218247911, 0.2009081247709871010, 0.4400000000000000022 ) ) ;
#6553 = ORIENTED_EDGE ( 'NONE', *, *, #9368, .F. ) ;
#6554 = ORIENTED_EDGE ( 'NONE', *, *, #3766, .F. ) ;
#6555 = CARTESIAN_POINT ( 'NONE',  ( -0.4996092535970729775, 0.09333919625044154178, 0.4389999999999999458 ) ) ;
#6556 = DIRECTION ( 'NONE',  ( 1.000000000000000000, -1.212843670024533951E-16, 0.000000000000000000 ) ) ;
#6557 = CARTESIAN_POINT ( 'NONE',  ( -0.9134477412689689935, 0.1867328895044895187, 0.4390000000000000568 ) ) ;
#6558 = ORIENTED_EDGE ( 'NONE', *, *, #8145, .F. ) ;
#6559 = CARTESIAN_POINT ( 'NONE',  ( -0.4659435096279403998, 0.2465110166644899348, 0.4400000000000000577 ) ) ;
#6560 = B_SPLINE_SURFACE_WITH_KNOTS ( 'NONE', 3, 1, ( 
 ( #4363, #5136 ),
 ( #8059, #3684 ),
 ( #2921, #3053 ),
 ( #8141, #795 ),
 ( #7305, #703 ),
 ( #2291, #5806 ),
 ( #1475, #7255 ),
 ( #4408, #7350 ),
 ( #6615, #657 ),
 ( #5975, #1515 ),
 ( #3594, #4493 ),
 ( #1557, #26 ),
 ( #6573, #3732 ),
 ( #6529, #8100 ),
 ( #5218, #2252 ),
 ( #8919, #9468 ),
 ( #7438, #3641 ),
 ( #8838, #2879 ),
 ( #747, #2969 ) ),
 .UNSPECIFIED., .F., .F., .F.,
 ( 4, 1, 1, 1, 1, 1, 1, 1, 1, 1, 1, 1, 1, 1, 1, 1, 4 ),
 ( 2, 2 ),
 ( 0.000000000000000000, 0.06542114375889281075, 0.1287083718818834155, 0.1902361418635386547, 0.2507244020335384627, 0.3106371794134444309, 0.3707664082897271784, 0.4316147444123528687, 0.4935229735663543837, 0.5558834553775335863, 0.6173423673185098881, 0.6786680390972749111, 0.7407113595451474408, 0.8029853625127445493, 0.8668025802655174861, 0.9323471713458875154, 1.000000000000000000 ),
 ( 0.000000000000000000, 1.000000000000000000 ),
 .UNSPECIFIED. ) ;
#6561 = CARTESIAN_POINT ( 'NONE',  ( 0.3635062445566181744, 0.1639419161735108099, 0.4390000000000000013 ) ) ;
#6562 = CARTESIAN_POINT ( 'NONE',  ( 0.3175339036573100460, 0.05535386019537760771, 0.4390000000000000568 ) ) ;
#6563 = CARTESIAN_POINT ( 'NONE',  ( -0.8330382159679786680, -0.1798611059982436478, 0.4390000000000000013 ) ) ;
#6564 = CARTESIAN_POINT ( 'NONE',  ( -0.8026226495752876167, -0.2245904078371090684, 0.4389999999999999458 ) ) ;
#6565 = CARTESIAN_POINT ( 'NONE',  ( 0.9680435148012520585, -0.05942841369055133771, 0.4390000000000000013 ) ) ;
#6566 = CARTESIAN_POINT ( 'NONE',  ( 0.8075370412208330295, -0.1221310734225945910, 0.4399999999999998912 ) ) ;
#6567 = EDGE_CURVE ( 'NONE', #6171, #5697, #1996, .T. ) ;
#6568 = B_SPLINE_CURVE_WITH_KNOTS ( 'NONE', 3,
 ( #857, #7415, #6593, #1447, #2990, #3797, #1579, #9443, #8166, #2311, #3661, #8900, #8075, #3033, #6547 ),
 .UNSPECIFIED., .F., .F.,
 ( 4, 1, 1, 1, 1, 1, 1, 1, 1, 1, 1, 1, 4 ),
 ( 0.000000000000000000, 0.09697231038151571392, 0.1877734389628679668, 0.2723961390136933614, 0.3513209973752888793, 0.4243347744514671116, 0.4919087840005269552, 0.5542332197968004026, 0.6112676582441551876, 0.7163478449915536839, 0.8145400858216157447, 0.9084954561491854763, 1.000000000000000000 ),
 .UNSPECIFIED. ) ;
#6569 = EDGE_LOOP ( 'NONE', ( #7198, #6252, #8834, #7723 ) ) ;
#6570 = DIRECTION ( 'NONE',  ( 1.000000000000000000, 2.695652553920084786E-16, 0.000000000000000000 ) ) ;
#6571 = CARTESIAN_POINT ( 'NONE',  ( -0.2010622239638503728, -0.2072436625229162888, 0.4390000000000000568 ) ) ;
#6572 = B_SPLINE_CURVE_WITH_KNOTS ( 'NONE', 3,
 ( #8682, #1991, #2865, #4926, #4255, #7199, #3529, #5031, #6512, #5077, #8821 ),
 .UNSPECIFIED., .F., .F.,
 ( 4, 1, 1, 1, 1, 1, 1, 1, 4 ),
 ( 0.000000000000000000, 0.09027921465001509382, 0.1895299184469588505, 0.2991978724002879453, 0.4189258867738193115, 0.5483762854012474985, 0.6881363695386807366, 0.8390835016589199835, 1.000000000000000000 ),
 .UNSPECIFIED. ) ;
#6573 = CARTESIAN_POINT ( 'NONE',  ( 0.4453732608369581625, -0.1612619656085203246, 0.4389999999999998903 ) ) ;
#6574 = CARTESIAN_POINT ( 'NONE',  ( 0.9068157209567747623, 0.04931782448408650321, 0.4400000000000000022 ) ) ;
#6575 = CARTESIAN_POINT ( 'NONE',  ( 0.3322562551858673774, 0.1096821632325255536, 0.4390000000000000013 ) ) ;
#6576 = DIRECTION ( 'NONE',  ( 1.000000000000000000, 0.000000000000000000, 0.000000000000000000 ) ) ;
#6577 = PRESENTATION_STYLE_ASSIGNMENT (( #2117 ) ) ;
#6578 = ORIENTED_EDGE ( 'NONE', *, *, #3655, .F. ) ;
#6579 = CARTESIAN_POINT ( 'NONE',  ( 0.9956400097734818821, -0.02725125928718050150, 0.4389999999999998903 ) ) ;
#6580 = ADVANCED_FACE ( 'NONE', ( #4017 ), #5551, .T. ) ;
#6581 = UNCERTAINTY_MEASURE_WITH_UNIT (LENGTH_MEASURE( 1.000000000000000082E-05 ), #1042, 'distance_accuracy_value', 'NONE');
#6582 = CARTESIAN_POINT ( 'NONE',  ( 0.3253645527666494952, 0.1445052513256578353, 0.4399999999999999467 ) ) ;
#6583 = CARTESIAN_POINT ( 'NONE',  ( -0.1572216649729695492, 0.2429884413304583823, 0.4399999999999999467 ) ) ;
#6584 = CARTESIAN_POINT ( 'NONE',  ( -0.5614746631663233289, 0.1562250927172158799, 0.4400000000000000577 ) ) ;
#6585 = CARTESIAN_POINT ( 'NONE',  ( -0.4718053655626447407, 0.06997160733539463384, 0.4399999999999997802 ) ) ;
#6586 = CARTESIAN_POINT ( 'NONE',  ( -0.8417922681275074037, 0.2468545417516740392, 0.4400000000000000022 ) ) ;
#6587 = LINE ( 'NONE', #764, #440 ) ;
#6588 = CARTESIAN_POINT ( 'NONE',  ( 0.6245147505450002745, -0.2149168110574785628, 0.4389999999999999458 ) ) ;
#6589 = CARTESIAN_POINT ( 'NONE',  ( 0.8989028898012522140, 0.2470619709248332851, 0.4390000000000000013 ) ) ;
#6590 = ADVANCED_FACE ( 'NONE', ( #2673 ), #1559, .T. ) ;
#6591 = SURFACE_SIDE_STYLE ('',( #856 ) ) ;
#6592 = EDGE_CURVE ( 'NONE', #1366, #880, #8826, .T. ) ;
#6593 = CARTESIAN_POINT ( 'NONE',  ( -0.4171047632171534514, 0.03055675664746094339, 0.4400000000000000022 ) ) ;
#6594 = CARTESIAN_POINT ( 'NONE',  ( 0.09021176826490889811, 0.1024196564949784866, 0.4389999999999999458 ) ) ;
#6595 = ORIENTED_EDGE ( 'NONE', *, *, #8876, .F. ) ;
#6596 = CARTESIAN_POINT ( 'NONE',  ( 1.010138281506324232, -0.1609387839971297973, 0.4399999999999999467 ) ) ;
#6597 = CARTESIAN_POINT ( 'NONE',  ( -0.07181782350705422091, 0.07254155670535079869, 0.4400000000000001688 ) ) ;
#6598 = FACE_OUTER_BOUND ( 'NONE', #7424, .T. ) ;
#6599 = EDGE_LOOP ( 'NONE', ( #458, #1240, #2005, #709, #4179, #4587 ) ) ;
#6600 = DIRECTION ( 'NONE',  ( -0.000000000000000000, -0.000000000000000000, 1.000000000000000000 ) ) ;
#6601 = CARTESIAN_POINT ( 'NONE',  ( 0.9836044418202189998, -0.09223595177155922975, 0.4389999999999999458 ) ) ;
#6602 = CARTESIAN_POINT ( 'NONE',  ( -0.9010930038605309278, 0.1910304427232506208, 0.4400000000000002798 ) ) ;
#6603 = ORIENTED_EDGE ( 'NONE', *, *, #1362, .T. ) ;
#6604 = CARTESIAN_POINT ( 'NONE',  ( -1.600000000000000089, 1.250000000000000000, 0.2799999999999999711 ) ) ;
#6605 = CARTESIAN_POINT ( 'NONE',  ( 0.3726408705704829516, 0.1132879324632948131, 0.4390000000000000013 ) ) ;
#6606 = DIRECTION ( 'NONE',  ( -0.000000000000000000, -0.000000000000000000, 1.000000000000000000 ) ) ;
#6607 = CARTESIAN_POINT ( 'NONE',  ( -1.500000000000000000, -1.051238207896990406, -0.1549999999999999711 ) ) ;
#6608 = CARTESIAN_POINT ( 'NONE',  ( -0.7084214699559889805, -0.1950362689981247344, 0.4390000000000002789 ) ) ;
#6609 = CARTESIAN_POINT ( 'NONE',  ( 0.2379996016845359608, 0.2008187541528887454, 0.4399999999999998912 ) ) ;
#6610 = CARTESIAN_POINT ( 'NONE',  ( 0.7972201974935596569, -0.1048611059982436505, 0.4399999999999998357 ) ) ;
#6611 = ORIENTED_EDGE ( 'NONE', *, *, #511, .T. ) ;
#6612 = FACE_OUTER_BOUND ( 'NONE', #7811, .T. ) ;
#6613 = MECHANICAL_DESIGN_GEOMETRIC_PRESENTATION_REPRESENTATION (  '', ( #8614 ), #7669 ) ;
#6614 = CARTESIAN_POINT ( 'NONE',  ( 0.9459944488252471917, -0.03507746384209555618, 0.4389999999999999458 ) ) ;
#6615 = CARTESIAN_POINT ( 'NONE',  ( 0.4788928911574620861, -0.1991240808119808248, 0.4390000000000000568 ) ) ;
#6616 = VECTOR ( 'NONE', #9046, 1000.000000000000000 ) ;
#6617 = CARTESIAN_POINT ( 'NONE',  ( -0.3902901879053427558, -0.1573164160509511744, 0.4399999999999998912 ) ) ;
#6618 = CARTESIAN_POINT ( 'NONE',  ( -0.5290326920304346814, -0.2034613254343790589, 0.4400000000000000022 ) ) ;
#6619 = CARTESIAN_POINT ( 'NONE',  ( 0.8234696545019253300, 0.06221446878101587197, 0.4400000000000000022 ) ) ;
#6620 = AXIS2_PLACEMENT_3D ( 'NONE', #6290, #8554, #1968 ) ;
#6621 = ORIENTED_EDGE ( 'NONE', *, *, #5579, .F. ) ;
#6622 = CARTESIAN_POINT ( 'NONE',  ( -0.6454921635637438371, -0.1426240557335210768, 0.4390000000000001679 ) ) ;
#6623 = DIRECTION ( 'NONE',  ( -3.367432691575075263E-16, 1.000000000000000000, 0.000000000000000000 ) ) ;
#6624 = CARTESIAN_POINT ( 'NONE',  ( 0.3106469577554035744, 0.1672330924289254506, 0.4390000000000002789 ) ) ;
#6625 = VERTEX_POINT ( 'NONE', #8734 ) ;
#6626 = EDGE_CURVE ( 'NONE', #1925, #7876, #6465, .T. ) ;
#6627 = CARTESIAN_POINT ( 'NONE',  ( -0.5107825302017624525, 0.04847397028318144868, 0.4400000000000001688 ) ) ;
#6628 = CARTESIAN_POINT ( 'NONE',  ( -0.4804845617454651108, 0.2439641121042239180, 0.4400000000000000577 ) ) ;
#6629 = CARTESIAN_POINT ( 'NONE',  ( 0.009179332108944296409, 0.1301449036171409557, 0.4390000000000000013 ) ) ;
#6630 = VECTOR ( 'NONE', #3857, 1000.000000000000000 ) ;
#6631 = CARTESIAN_POINT ( 'NONE',  ( -0.8097195505219565437, -0.1792166157037569096, 0.4390000000000000568 ) ) ;
#6632 = DIRECTION ( 'NONE',  ( -1.000000000000000000, 0.000000000000000000, 0.000000000000000000 ) ) ;
#6633 = CARTESIAN_POINT ( 'NONE',  ( 0.7176755248677637589, -0.08922165990784029777, 0.4399999999999995581 ) ) ;
#6634 = CARTESIAN_POINT ( 'NONE',  ( 0.2416376943817127865, 0.2469464550961354143, 0.4400000000000000022 ) ) ;
#6635 = B_SPLINE_SURFACE_WITH_KNOTS ( 'NONE', 3, 1, ( 
 ( #1520, #4457 ),
 ( #756, #3693 ),
 ( #6622, #34 ),
 ( #2976, #799 ),
 ( #3738, #6667 ),
 ( #1026, #1651 ),
 ( #5982, #2342 ),
 ( #2486, #158 ),
 ( #2530, #1565 ),
 ( #4500, #6850 ),
 ( #9022, #930 ),
 ( #6027, #5266 ),
 ( #8238, #4588 ),
 ( #6747, #7523 ),
 ( #7485, #8195 ),
 ( #3247, #6175 ),
 ( #3876, #6801 ),
 ( #8328, #7445 ),
 ( #3150, #841 ) ),
 .UNSPECIFIED., .F., .F., .F.,
 ( 4, 1, 1, 1, 1, 1, 1, 1, 1, 1, 1, 1, 1, 1, 1, 1, 4 ),
 ( 2, 2 ),
 ( 0.000000000000000000, 0.06167423887742596450, 0.1230530616348057410, 0.1834750007317020315, 0.2437265005106117599, 0.3042789165122537498, 0.3648629209606826795, 0.4259462039686190971, 0.4873912299654076796, 0.5492203840754760202, 0.6111435886926026573, 0.6735285303101514742, 0.7369614566573037262, 0.8007852828728398986, 0.8660125956416142579, 0.9321007477905788319, 1.000000000000000000 ),
 ( 0.000000000000000000, 1.000000000000000000 ),
 .UNSPECIFIED. ) ;
#6636 = CARTESIAN_POINT ( 'NONE',  ( -0.3696524627605269897, -0.08099885353462206450, 0.4390000000000000013 ) ) ;
#6637 = SURFACE_SIDE_STYLE ('',( #7985 ) ) ;
#6638 = CARTESIAN_POINT ( 'NONE',  ( -0.008128360198747823159, -0.08466879830593596057, 0.4390000000000000013 ) ) ;
#6639 = CARTESIAN_POINT ( 'NONE',  ( -1.607071067811865595, -1.257071067811865506, -0.1549999999999999711 ) ) ;
#6640 = CARTESIAN_POINT ( 'NONE',  ( 0.5484221205704828961, 0.1893696632325255758, 0.4390000000000000013 ) ) ;
#6641 = CARTESIAN_POINT ( 'NONE',  ( -0.4457942973032893996, 0.2468790714335099556, 0.4400000000000000022 ) ) ;
#6642 = VERTEX_POINT ( 'NONE', #6766 ) ;
#6643 = EDGE_CURVE ( 'NONE', #4182, #7082, #7839, .T. ) ;
#6644 = CARTESIAN_POINT ( 'NONE',  ( 0.01185376221302815967, -0.009679821027779542467, 0.4400000000000001132 ) ) ;
#6645 = CARTESIAN_POINT ( 'NONE',  ( 0.9839897778761776959, -0.09985240609080045515, 0.4389999999999999458 ) ) ;
#6646 = CARTESIAN_POINT ( 'NONE',  ( -0.3766288014807772644, -0.1413749911480871868, 0.4389999999999998903 ) ) ;
#6647 = EDGE_LOOP ( 'NONE', ( #4759, #7167, #4766, #3638 ) ) ;
#6648 = CARTESIAN_POINT ( 'NONE',  ( 0.8285618185496711474, 0.1367003154705438983, 0.4390000000000000013 ) ) ;
#6649 = CARTESIAN_POINT ( 'NONE',  ( 0.6809615945447207164, -0.1746763901664268037, 0.4400000000000000577 ) ) ;
#6650 = DIRECTION ( 'NONE',  ( 0.000000000000000000, 1.000000000000000000, 0.000000000000000000 ) ) ;
#6651 = EDGE_CURVE ( 'NONE', #4938, #6728, #2910, .T. ) ;
#6652 = CARTESIAN_POINT ( 'NONE',  ( -0.9954394044662722152, 0.1273289807628480708, 0.4400000000000000022 ) ) ;
#6653 = CARTESIAN_POINT ( 'NONE',  ( 0.2346300532627904334, 0.2009081247709871010, 0.4400000000000000577 ) ) ;
#6654 = CARTESIAN_POINT ( 'NONE',  ( 0.8960182744166367286, -0.1798611059982436478, 0.4399999999999998357 ) ) ;
#6655 = VERTEX_POINT ( 'NONE', #6518 ) ;
#6656 = DIRECTION ( 'NONE',  ( 0.000000000000000000, 1.000000000000000000, 0.000000000000000000 ) ) ;
#6657 = VECTOR ( 'NONE', #1536, 1000.000000000000000 ) ;
#6658 = CARTESIAN_POINT ( 'NONE',  ( 0.9364925631937477402, -0.02619844223432343105, 0.4390000000000002234 ) ) ;
#6659 = VECTOR ( 'NONE', #8970, 1000.000000000000000 ) ;
#6660 = CARTESIAN_POINT ( 'NONE',  ( -0.4602530174750557590, 0.2007523347771729139, 0.4399999999999999467 ) ) ;
#6661 = ORIENTED_EDGE ( 'NONE', *, *, #2358, .T. ) ;
#6662 = CARTESIAN_POINT ( 'NONE',  ( 0.4340620906262844247, -0.1382815346782318155, 0.4400000000000000022 ) ) ;
#6663 = CARTESIAN_POINT ( 'NONE',  ( 0.000000000000000000, 0.000000000000000000, -0.1549999999999999711 ) ) ;
#6664 = CARTESIAN_POINT ( 'NONE',  ( -0.1978819659679786902, -0.1555221636905513571, 0.4390000000000000013 ) ) ;
#6665 = CARTESIAN_POINT ( 'NONE',  ( 0.8131757263397135782, 0.07353432669406401168, 0.4400000000000000022 ) ) ;
#6666 = B_SPLINE_CURVE_WITH_KNOTS ( 'NONE', 3,
 ( #7724, #4956, #7877, #5571, #4232, #7929, #3311, #7170, #6242, #2745, #9181, #4903, #6337, #3506, #4040, #1912, #1146, #2799, #4137, #7070, #2023, #7824, #5672, #572, #6437, #9380, #7114 ),
 .UNSPECIFIED., .F., .F.,
 ( 4, 1, 1, 1, 1, 1, 1, 1, 1, 1, 1, 1, 1, 1, 1, 1, 1, 1, 1, 1, 1, 1, 1, 1, 4 ),
 ( 0.000000000000000000, 0.04401447057614002456, 0.08743412366770562938, 0.1301183986578981211, 0.1725536945581825077, 0.2145547559681395267, 0.2562980920971309473, 0.2984382251332501901, 0.3408490025880959728, 0.3827151889670273310, 0.4239240454075321463, 0.4642462432504176895, 0.5040736714617960468, 0.5438619058684912577, 0.5835667249796537837, 0.6230943188523339060, 0.6632290607685845663, 0.7035512586114702760, 0.7439378946861849862, 0.7845412548000925135, 0.8257501112405973842, 0.8677573633885063975, 0.9107451640323098729, 0.9549144468914780859, 1.000000000000000000 ),
 .UNSPECIFIED. ) ;
#6667 = CARTESIAN_POINT ( 'NONE',  ( -0.6643581325557251782, -0.1626523658336454792, 0.4400000000000000577 ) ) ;
#6668 =( NAMED_UNIT ( * ) SI_UNIT ( $, .STERADIAN. ) SOLID_ANGLE_UNIT ( ) );
#6669 = DIRECTION ( 'NONE',  ( 1.000000000000000000, -7.301836256844758746E-16, 0.000000000000000000 ) ) ;
#6670 = DIRECTION ( 'NONE',  ( 0.000000000000000000, 0.000000000000000000, 1.000000000000000000 ) ) ;
#6671 = CARTESIAN_POINT ( 'NONE',  ( -0.5480250247509184103, 0.1955097817523506476, 0.4399999999999998357 ) ) ;
#6672 = DIRECTION ( 'NONE',  ( 0.000000000000000000, 0.000000000000000000, -1.000000000000000000 ) ) ;
#6673 = CARTESIAN_POINT ( 'NONE',  ( -0.9063717307847104498, 0.2380286903527312481, 0.4400000000000000577 ) ) ;
#6674 = CARTESIAN_POINT ( 'NONE',  ( -0.4171047632171534514, 0.03055675664746094339, 0.4390000000000000013 ) ) ;
#6675 = CARTESIAN_POINT ( 'NONE',  ( 0.6670447170427511452, -0.1889602581395649350, 0.4390000000000000568 ) ) ;
#6676 = DIRECTION ( 'NONE',  ( 0.000000000000000000, 0.000000000000000000, 1.000000000000000000 ) ) ;
#6677 = EDGE_CURVE ( 'NONE', #2618, #4886, #5095, .T. ) ;
#6678 = ADVANCED_FACE ( 'NONE', ( #9456 ), #3709, .T. ) ;
#6679 = DIRECTION ( 'NONE',  ( -1.000000000000000000, 0.000000000000000000, 0.000000000000000000 ) ) ;
#6680 = CARTESIAN_POINT ( 'NONE',  ( 1.600999999999999979, 1.100003333370371150, -0.1549999999999999711 ) ) ;
#6681 = DIRECTION ( 'NONE',  ( -1.000000000000000000, 0.000000000000000000, 0.000000000000000000 ) ) ;
#6682 = CARTESIAN_POINT ( 'NONE',  ( -0.6546796228905633619, -0.1529447041266141782, 0.4400000000000000022 ) ) ;
#6683 =( GEOMETRIC_REPRESENTATION_CONTEXT ( 3 ) GLOBAL_UNCERTAINTY_ASSIGNED_CONTEXT ( ( #1080 ) ) GLOBAL_UNIT_ASSIGNED_CONTEXT ( ( #2466, #871, #145 ) ) REPRESENTATION_CONTEXT ( 'NONE', 'WORKASPACE' ) );
#6684 =( NAMED_UNIT ( * ) PLANE_ANGLE_UNIT ( ) SI_UNIT ( $, .RADIAN. ) );
#6685 = CARTESIAN_POINT ( 'NONE',  ( -0.2529723513307723937, 0.1450628123301363759, 0.4399999999999998912 ) ) ;
#6686 = CARTESIAN_POINT ( 'NONE',  ( -0.2378155884871377690, 0.1807576938072919526, 0.4390000000000000568 ) ) ;
#6687 = CARTESIAN_POINT ( 'NONE',  ( -0.9484973475698234013, 0.1689012480610409261, 0.4400000000000003353 ) ) ;
#6688 = ORIENTED_EDGE ( 'NONE', *, *, #4991, .F. ) ;
#6689 = STYLED_ITEM ( 'NONE', ( #6250 ), #9113 ) ;
#6690 = CARTESIAN_POINT ( 'NONE',  ( -0.6369745140449016851, 0.1529513940017563356, 0.4390000000000000013 ) ) ;
#6691 = EDGE_CURVE ( 'NONE', #6642, #182, #831, .T. ) ;
#6692 = VECTOR ( 'NONE', #2037, 1000.000000000000000 ) ;
#6693 = CARTESIAN_POINT ( 'NONE',  ( 0.6593715784462459428, -0.1952536086188986497, 0.4399999999999999467 ) ) ;
#6694 = CARTESIAN_POINT ( 'NONE',  ( -1.600000000000000089, 1.250000000000000000, 0.1500000000000000222 ) ) ;
#6695 = B_SPLINE_CURVE_WITH_KNOTS ( 'NONE', 3,
 ( #9005, #3003, #8909, #63, #784, #4616, #6010, #7471, #7551, #6828, #1591, #5251, #4484, #3856, #8953, #4571, #7507, #6778, #4526 ),
 .UNSPECIFIED., .F., .F.,
 ( 4, 1, 1, 1, 1, 1, 1, 1, 1, 1, 1, 1, 1, 1, 1, 1, 4 ),
 ( 0.000000000000000000, 0.06966280089907743445, 0.1377495622582724510, 0.2039167435177824950, 0.2687798623293362610, 0.3324137064772234584, 0.3947535404471388953, 0.4561800316591683724, 0.5169956491967192536, 0.5773959379659514557, 0.6371983435092747339, 0.6969991842614543520, 0.7567561942255589535, 0.8165539052726074054, 0.8769479965978697056, 0.9381317879205949284, 1.000000000000000000 ),
 .UNSPECIFIED. ) ;
#6696 = LINE ( 'NONE', #7385, #6040 ) ;
#6697 = CARTESIAN_POINT ( 'NONE',  ( -0.9139514957720977772, -0.2150249644077862343, 0.4399999999999998912 ) ) ;
#6698 = EDGE_CURVE ( 'NONE', #5693, #7425, #7339, .T. ) ;
#6699 = ADVANCED_FACE ( 'NONE', ( #8045 ), #7382, .T. ) ;
#6700 = CARTESIAN_POINT ( 'NONE',  ( 0.09314947668762069144, 0.1282836534773490467, 0.4390000000000001679 ) ) ;
#6701 = CARTESIAN_POINT ( 'NONE',  ( 0.9680435148012520585, -0.05942841369055133771, 0.4400000000000000022 ) ) ;
#6702 = CARTESIAN_POINT ( 'NONE',  ( -0.4556043217372094389, 0.2009081247709871010, 0.4400000000000000022 ) ) ;
#6703 = CARTESIAN_POINT ( 'NONE',  ( 0.8960182744166367286, -0.1798611059982436478, 0.4400000000000000022 ) ) ;
#6704 = CARTESIAN_POINT ( 'NONE',  ( 0.000000000000000000, 1.250999999999999890, -0.1549999999999999711 ) ) ;
#6705 = SURFACE_STYLE_FILL_AREA ( #3780 ) ;
#6706 = EDGE_LOOP ( 'NONE', ( #7522, #9391, #2369, #7761 ) ) ;
#6707 = AXIS2_PLACEMENT_3D ( 'NONE', #7042, #5792, #2044 ) ;
#6708 = ORIENTED_EDGE ( 'NONE', *, *, #589, .F. ) ;
#6709 = DIRECTION ( 'NONE',  ( 0.000000000000000000, 1.000000000000000000, 0.000000000000000000 ) ) ;
#6710 = CARTESIAN_POINT ( 'NONE',  ( 0.3726408705704829516, 0.1132879324632948131, 0.4400000000000001688 ) ) ;
#6711 = FACE_OUTER_BOUND ( 'NONE', #8580, .T. ) ;
#6712 = CARTESIAN_POINT ( 'NONE',  ( -0.8327677832756710252, -0.2260149521520898042, 0.4390000000000000013 ) ) ;
#6713 = CARTESIAN_POINT ( 'NONE',  ( -0.5542343674759785399, 0.1831244531306016610, 0.4400000000000001132 ) ) ;
#6714 =( NAMED_UNIT ( * ) PLANE_ANGLE_UNIT ( ) SI_UNIT ( $, .RADIAN. ) );
#6715 = CARTESIAN_POINT ( 'NONE',  ( -0.4635809904834525819, 0.06391827649174551540, 0.4400000000000002243 ) ) ;
#6716 = CARTESIAN_POINT ( 'NONE',  ( -0.3462369478530697986, -0.03863916187604664321, 0.4389999999999999458 ) ) ;
#6717 = CARTESIAN_POINT ( 'NONE',  ( 0.6871800148447343437, -0.1666941254047198395, 0.4399999999999995026 ) ) ;
#6718 = CARTESIAN_POINT ( 'NONE',  ( 0.3580821142861806972, 0.1754655420911335195, 0.4399999999999999467 ) ) ;
#6719 = VERTEX_POINT ( 'NONE', #8090 ) ;
#6720 = LINE ( 'NONE', #6762, #9176 ) ;
#6721 = CARTESIAN_POINT ( 'NONE',  ( -1.067783598960761360, -0.05342340084334209344, 0.4399999999999997802 ) ) ;
#6722 = DIRECTION ( 'NONE',  ( 0.000000000000000000, 0.000000000000000000, 1.000000000000000000 ) ) ;
#6723 = CARTESIAN_POINT ( 'NONE',  ( 1.600000000000000089, -1.250000000000000000, 0.1500000000000000222 ) ) ;
#6724 = SURFACE_STYLE_USAGE ( .BOTH. , #5244 ) ;
#6725 = CARTESIAN_POINT ( 'NONE',  ( -0.03120528327567101065, 0.1303251920786794027, 0.4390000000000000013 ) ) ;
#6726 = DIRECTION ( 'NONE',  ( -1.000000000000000000, 0.000000000000000000, 0.000000000000000000 ) ) ;
#6727 = CARTESIAN_POINT ( 'NONE',  ( -0.4195158811680335664, -0.1742242782319082806, 0.4390000000000001124 ) ) ;
#6728 = VERTEX_POINT ( 'NONE', #175 ) ;
#6729 = CARTESIAN_POINT ( 'NONE',  ( 0.8580675532627902724, 0.08579394207867938049, 0.4390000000000000013 ) ) ;
#6730 = VECTOR ( 'NONE', #3137, 1000.000000000000000 ) ;
#6731 = CARTESIAN_POINT ( 'NONE',  ( 0.002067978689362854824, 0.08967236048426037442, 0.4399999999999998912 ) ) ;
#6732 = ADVANCED_FACE ( 'NONE', ( #3119 ), #3212, .T. ) ;
#6733 = CARTESIAN_POINT ( 'NONE',  ( 0.9161674542854406633, 0.1983557177357104795, 0.4389999999999999458 ) ) ;
#6734 = CARTESIAN_POINT ( 'NONE',  ( -0.9786017854338986410, 0.1455869338854415551, 0.4400000000000000022 ) ) ;
#6735 = FACE_OUTER_BOUND ( 'NONE', #6076, .T. ) ;
#6736 = CARTESIAN_POINT ( 'NONE',  ( 1.023686181712794241, -0.08696345887389277107, 0.4400000000000000577 ) ) ;
#6737 = DIRECTION ( 'NONE',  ( -0.000000000000000000, -0.000000000000000000, 1.000000000000000000 ) ) ;
#6738 = CARTESIAN_POINT ( 'NONE',  ( 0.1690050532627905000, -0.1683226444597820948, 0.4390000000000000013 ) ) ;
#6739 = DIRECTION ( 'NONE',  ( -1.000000000000000000, 0.000000000000000000, 0.000000000000000000 ) ) ;
#6740 = SURFACE_SIDE_STYLE ('',( #6170 ) ) ;
#6741 = DIRECTION ( 'NONE',  ( 0.000000000000000000, 0.000000000000000000, -1.000000000000000000 ) ) ;
#6742 = ORIENTED_EDGE ( 'NONE', *, *, #3209, .F. ) ;
#6743 = FILL_AREA_STYLE ('',( #3293 ) ) ;
#6744 = FACE_BOUND ( 'NONE', #5802, .T. ) ;
#6745 = EDGE_CURVE ( 'NONE', #3310, #3454, #6096, .T. ) ;
#6746 = EDGE_CURVE ( 'NONE', #5725, #2036, #3366, .T. ) ;
#6747 = CARTESIAN_POINT ( 'NONE',  ( -0.7738115627427011312, -0.2200273102876245668, 0.4389999999999999458 ) ) ;
#6748 = CIRCLE ( 'NONE', #4003, 0.2225000000000002531 ) ;
#6749 = CARTESIAN_POINT ( 'NONE',  ( 0.2815951974935598789, -0.04816038484439750383, 0.4390000000000000013 ) ) ;
#6750 = CARTESIAN_POINT ( 'NONE',  ( -0.03747184313136745631, 0.1571868848495242277, 0.4390000000000000568 ) ) ;
#6751 = CARTESIAN_POINT ( 'NONE',  ( -0.7248815616298556197, -0.1508305672092106475, 0.4389999999999997793 ) ) ;
#6752 = CARTESIAN_POINT ( 'NONE',  ( 0.8926194446047970299, -0.2259492288038511820, 0.4400000000000000577 ) ) ;
#6753 = CARTESIAN_POINT ( 'NONE',  ( -0.01122776153011273426, 0.06631016023398507431, 0.4390000000000001124 ) ) ;
#6754 = CARTESIAN_POINT ( 'NONE',  ( -0.4919324467372094278, 0.08579394207867938049, 0.4400000000000000022 ) ) ;
#6755 = FILL_AREA_STYLE ('',( #7490 ) ) ;
#6756 = EDGE_CURVE ( 'NONE', #4250, #1229, #7276, .T. ) ;
#6757 = CARTESIAN_POINT ( 'NONE',  ( 0.2217994345681539858, 0.2467330553487200873, 0.4400000000000000577 ) ) ;
#6758 = VECTOR ( 'NONE', #4908, 1000.000000000000000 ) ;
#6759 = CARTESIAN_POINT ( 'NONE',  ( 0.2917212312510157890, 0.2374337801199749576, 0.4400000000000000022 ) ) ;
#6760 = ADVANCED_FACE ( 'NONE', ( #3992 ), #5471, .T. ) ;
#6761 = ORIENTED_EDGE ( 'NONE', *, *, #1633, .T. ) ;
#6762 = CARTESIAN_POINT ( 'NONE',  ( -1.600000000000000089, -1.250000000000000000, 0.2799999999999999711 ) ) ;
#6763 = CARTESIAN_POINT ( 'NONE',  ( -1.075271996032883148, 0.005436630691729054700, 0.4399999999999998912 ) ) ;
#6764 = CARTESIAN_POINT ( 'NONE',  ( -1.250000000000000000, 0.9000000000000000222, 0.4400000000000000022 ) ) ;
#6765 = AXIS2_PLACEMENT_3D ( 'NONE', #5174, #7384, #7474 ) ;
#6766 = CARTESIAN_POINT ( 'NONE',  ( -0.3658206678910556064, -0.1035990867674744242, 0.4390000000000000013 ) ) ;
#6767 = CIRCLE ( 'NONE', #5713, 0.1571850217640345937 ) ;
#6768 = CARTESIAN_POINT ( 'NONE',  ( -0.7880464457633047370, -0.2227621639284977639, 0.4400000000000000022 ) ) ;
#6769 = CARTESIAN_POINT ( 'NONE',  ( 0.6489171156749066194, 0.006141843226340525444, 0.4400000000000000022 ) ) ;
#6770 = FACE_OUTER_BOUND ( 'NONE', #7145, .T. ) ;
#6771 = CARTESIAN_POINT ( 'NONE',  ( -0.4048017036825391490, 0.2381198594639993837, 0.4400000000000000577 ) ) ;
#6772 = CARTESIAN_POINT ( 'NONE',  ( -0.2529723513307723937, 0.1450628123301363759, 0.4389999999999998903 ) ) ;
#6773 = B_SPLINE_CURVE_WITH_KNOTS ( 'NONE', 3,
 ( #6379, #9326, #8434, #365, #3304, #2739, #6233, #4790, #7717, #4087, #7257, #8794, #3733, #796, #6662, #7396, #1516, #2880, #8101 ),
 .UNSPECIFIED., .F., .F.,
 ( 4, 1, 1, 1, 1, 1, 1, 1, 1, 1, 1, 1, 1, 1, 1, 1, 4 ),
 ( 0.000000000000000000, 0.06542114375889281075, 0.1287083718818834155, 0.1902361418635386547, 0.2507244020335384627, 0.3106371794134444309, 0.3707664082897271784, 0.4316147444123528687, 0.4935229735663543837, 0.5558834553775335863, 0.6173423673185098881, 0.6786680390972749111, 0.7407113595451474408, 0.8029853625127445493, 0.8668025802655174861, 0.9323471713458875154, 1.000000000000000000 ),
 .UNSPECIFIED. ) ;
#6774 = FACE_OUTER_BOUND ( 'NONE', #2631, .T. ) ;
#6775 = ORIENTED_EDGE ( 'NONE', *, *, #1753, .F. ) ;
#6776 = CARTESIAN_POINT ( 'NONE',  ( -0.5427258799105505460, 0.08139206477428054254, 0.4390000000000000013 ) ) ;
#6777 = B_SPLINE_SURFACE_WITH_KNOTS ( 'NONE', 3, 1, ( 
 ( #6987, #2611 ),
 ( #9141, #5538 ),
 ( #6354, #8568 ),
 ( #3327, #9096 ),
 ( #6256, #4109 ),
 ( #4006, #5434 ),
 ( #538, #4764 ),
 ( #9197, #5639 ),
 ( #2662, #4817 ),
 ( #7086, #1825 ),
 ( #6933, #4870 ),
 ( #4152, #7842 ),
 ( #8460, #1880 ),
 ( #2512, #388 ),
 ( #3276, #7688 ),
 ( #7743, #489 ),
 ( #2561, #6303 ),
 ( #1110, #3425 ),
 ( #5588, #337 ) ),
 .UNSPECIFIED., .F., .F., .F.,
 ( 4, 1, 1, 1, 1, 1, 1, 1, 1, 1, 1, 1, 1, 1, 1, 1, 4 ),
 ( 2, 2 ),
 ( 0.000000000000000000, 0.05720826943350933863, 0.1136960596574903698, 0.1691779164171952343, 0.2241592165805428583, 0.2787198783810436176, 0.3337942174469891166, 0.3892414593400027600, 0.4458220733936217872, 0.5037042811090205463, 0.5642938918193635134, 0.6279754158952238763, 0.6950382596840515292, 0.7653727258510127918, 0.8396114430907352100, 0.9175377500777892603, 1.000000000000000000 ),
 ( 0.000000000000000000, 1.000000000000000000 ),
 .UNSPECIFIED. ) ;
#6778 = CARTESIAN_POINT ( 'NONE',  ( -1.015530276793257691, -0.1505418196508021556, 0.4399999999999998912 ) ) ;
#6779 = CARTESIAN_POINT ( 'NONE',  ( 0.9346434584434777371, 0.1906278572401059468, 0.4389999999999998903 ) ) ;
#6780 =( GEOMETRIC_REPRESENTATION_CONTEXT ( 3 ) GLOBAL_UNCERTAINTY_ASSIGNED_CONTEXT ( ( #400 ) ) GLOBAL_UNIT_ASSIGNED_CONTEXT ( ( #1150, #1348, #7885 ) ) REPRESENTATION_CONTEXT ( 'NONE', 'WORKASPACE' ) );
#6781 = CARTESIAN_POINT ( 'NONE',  ( -0.9692080210167740573, 0.1538992189911589648, 0.4400000000000000022 ) ) ;
#6782 = DIRECTION ( 'NONE',  ( 0.000000000000000000, 0.000000000000000000, -1.000000000000000000 ) ) ;
#6783 = CARTESIAN_POINT ( 'NONE',  ( -0.5107825302017624525, 0.04847397028318144868, 0.4390000000000001679 ) ) ;
#6784 = CARTESIAN_POINT ( 'NONE',  ( 0.009179332108944296409, 0.1301449036171409557, 0.4390000000000000013 ) ) ;
#6785 = EDGE_CURVE ( 'NONE', #6929, #3421, #8174, .T. ) ;
#6786 = EDGE_CURVE ( 'NONE', #6151, #3914, #7248, .T. ) ;
#6787 = ORIENTED_EDGE ( 'NONE', *, *, #8054, .T. ) ;
#6788 = VERTEX_POINT ( 'NONE', #4856 ) ;
#6789 = ORIENTED_EDGE ( 'NONE', *, *, #6288, .F. ) ;
#6790 = CARTESIAN_POINT ( 'NONE',  ( 1.600000000000000089, -1.100000000000000089, 0.2799999999999999711 ) ) ;
#6791 = B_SPLINE_CURVE_WITH_KNOTS ( 'NONE', 3,
 ( #1149, #7934, #9384, #2749, #579, #2081, #4285, #7225, #4961, #1865, #7728 ),
 .UNSPECIFIED., .F., .F.,
 ( 4, 1, 1, 1, 1, 1, 1, 1, 4 ),
 ( 0.000000000000000000, 0.05259428152913731003, 0.1249519739750424296, 0.2180938989285975405, 0.3335024107325195719, 0.4687891785044467907, 0.6249375859645981413, 0.8016830479282270883, 1.000000000000000000 ),
 .UNSPECIFIED. ) ;
#6792 = CARTESIAN_POINT ( 'NONE',  ( 0.8111863990957086656, 0.07618303143246119014, 0.4390000000000000013 ) ) ;
#6793 = CARTESIAN_POINT ( 'NONE',  ( 0.9545272349502259557, -0.04338554627878792730, 0.4399999999999999467 ) ) ;
#6794 = CARTESIAN_POINT ( 'NONE',  ( -0.5999999999999999778, -1.891413282728555687E-16, 0.1500000000000000222 ) ) ;
#6795 = VERTEX_POINT ( 'NONE', #7119 ) ;
#6796 = CARTESIAN_POINT ( 'NONE',  ( 1.450003333370371239, 1.250999999999999890, 0.1500000000000000222 ) ) ;
#6797 = EDGE_LOOP ( 'NONE', ( #9201, #6401, #5466, #559 ) ) ;
#6798 = CARTESIAN_POINT ( 'NONE',  ( -0.6738137397039245524, 0.1927333085074621477, 0.4389999999999999458 ) ) ;
#6799 = FACE_OUTER_BOUND ( 'NONE', #9464, .T. ) ;
#6800 = ORIENTED_EDGE ( 'NONE', *, *, #2473, .F. ) ;
#6801 = CARTESIAN_POINT ( 'NONE',  ( -0.8175716335320206696, -0.2258429396930174970, 0.4400000000000000577 ) ) ;
#6802 =( GEOMETRIC_REPRESENTATION_CONTEXT ( 3 ) GLOBAL_UNCERTAINTY_ASSIGNED_CONTEXT ( ( #4827 ) ) GLOBAL_UNIT_ASSIGNED_CONTEXT ( ( #6541, #478, #9385 ) ) REPRESENTATION_CONTEXT ( 'NONE', 'WORKASPACE' ) );
#6803 = CARTESIAN_POINT ( 'NONE',  ( 0.3060605915166604296, -0.02158598230705872228, 0.4400000000000001132 ) ) ;
#6804 = CARTESIAN_POINT ( 'NONE',  ( -0.07272484890604342944, -0.0005558615189205955631, 0.4399999999999998357 ) ) ;
#6805 = CARTESIAN_POINT ( 'NONE',  ( -0.7445960161419066248, -0.1615103899395622655, 0.4400000000000002243 ) ) ;
#6806 = EDGE_CURVE ( 'NONE', #6264, #4812, #5627, .T. ) ;
#6807 = CARTESIAN_POINT ( 'NONE',  ( 0.8125877712370631611, -0.1972824725619164998, 0.4400000000000000022 ) ) ;
#6808 = DIRECTION ( 'NONE',  ( -1.000000000000000000, 0.000000000000000000, 0.000000000000000000 ) ) ;
#6809 = CARTESIAN_POINT ( 'NONE',  ( -0.4586015710468795969, -0.1796364429379935512, 0.4400000000000000022 ) ) ;
#6810 = AXIS2_PLACEMENT_3D ( 'NONE', #1972, #5779, #1350 ) ;
#6811 = CARTESIAN_POINT ( 'NONE',  ( 0.3036791538387479394, 0.2316757823123642146, 0.4400000000000000022 ) ) ;
#6812 = CIRCLE ( 'NONE', #3130, 0.02500000000000001180 ) ;
#6813 = ORIENTED_EDGE ( 'NONE', *, *, #7303, .T. ) ;
#6814 = CARTESIAN_POINT ( 'NONE',  ( 0.3036791538387479394, 0.2316757823123642146, 0.4390000000000000013 ) ) ;
#6815 = DIRECTION ( 'NONE',  ( -1.000000000000000000, 0.000000000000000000, 0.000000000000000000 ) ) ;
#6816 = EDGE_CURVE ( 'NONE', #1791, #6795, #16, .T. ) ;
#6817 = CARTESIAN_POINT ( 'NONE',  ( -0.7050239055972202795, 0.1584713553385406481, 0.4390000000000000568 ) ) ;
#6818 = VECTOR ( 'NONE', #9278, 1000.000000000000000 ) ;
#6819 =( NAMED_UNIT ( * ) PLANE_ANGLE_UNIT ( ) SI_UNIT ( $, .RADIAN. ) );
#6820 = PRESENTATION_STYLE_ASSIGNMENT (( #3895 ) ) ;
#6821 = CARTESIAN_POINT ( 'NONE',  ( 1.600000000000000089, 1.250000000000000000, 0.2799999999999999711 ) ) ;
#6822 = CARTESIAN_POINT ( 'NONE',  ( 0.5484221205704828961, 0.1893696632325255758, 0.4400000000000000022 ) ) ;
#6823 = CARTESIAN_POINT ( 'NONE',  ( 0.9302633470659543713, 0.2433528029795972436, 0.4400000000000000022 ) ) ;
#6824 = CARTESIAN_POINT ( 'NONE',  ( -0.2436513305026071219, 0.1696881986178840063, 0.4389999999999999458 ) ) ;
#6825 = CARTESIAN_POINT ( 'NONE',  ( 0.8731271634684708571, 0.02214612041285969612, 0.4400000000000000577 ) ) ;
#6826 = ORIENTED_EDGE ( 'NONE', *, *, #6626, .F. ) ;
#6827 = CARTESIAN_POINT ( 'NONE',  ( -0.8376076833259473720, -0.2259812673949169459, 0.4390000000000001124 ) ) ;
#6828 = CARTESIAN_POINT ( 'NONE',  ( -0.9379845237648303247, -0.2064808589782456127, 0.4400000000000000022 ) ) ;
#6829 = CARTESIAN_POINT ( 'NONE',  ( 0.8943956782627906499, 0.2009081247709871010, 0.4390000000000000013 ) ) ;
#6830 = CARTESIAN_POINT ( 'NONE',  ( 0.8131757263397135782, 0.07353432669406401168, 0.4390000000000000013 ) ) ;
#6831 = DIRECTION ( 'NONE',  ( 1.000000000000000000, 0.000000000000000000, 0.000000000000000000 ) ) ;
#6832 = CARTESIAN_POINT ( 'NONE',  ( -0.5008517995059078576, 0.04046345444142675218, 0.4389999999999999458 ) ) ;
#6833 = CARTESIAN_POINT ( 'NONE',  ( -0.7596444783530480471, 0.2376017338351163743, 0.4390000000000000568 ) ) ;
#6834 = VECTOR ( 'NONE', #3565, 1000.000000000000000 ) ;
#6835 = CARTESIAN_POINT ( 'NONE',  ( 0.8556308935319827391, 0.2394691289407319124, 0.4400000000000000577 ) ) ;
#6836 = EDGE_LOOP ( 'NONE', ( #8653, #8749, #7987, #5817 ) ) ;
#6837 = ORIENTED_EDGE ( 'NONE', *, *, #1719, .F. ) ;
#6838 = VECTOR ( 'NONE', #117, 1000.000000000000000 ) ;
#6839 = ORIENTED_EDGE ( 'NONE', *, *, #5532, .F. ) ;
#6840 = LINE ( 'NONE', #3050, #147 ) ;
#6841 = VECTOR ( 'NONE', #5368, 1000.000000000000000 ) ;
#6842 = CARTESIAN_POINT ( 'NONE',  ( 0.9459944488252471917, -0.03507746384209555618, 0.4399999999999999467 ) ) ;
#6843 = DIRECTION ( 'NONE',  ( 0.000000000000000000, 0.000000000000000000, -1.000000000000000000 ) ) ;
#6844 = EDGE_CURVE ( 'NONE', #8467, #3344, #5543, .T. ) ;
#6845 = ORIENTED_EDGE ( 'NONE', *, *, #7521, .T. ) ;
#6846 = CARTESIAN_POINT ( 'NONE',  ( 0.5484221205704828961, 0.1893696632325255758, 0.4390000000000000013 ) ) ;
#6847 = ORIENTED_EDGE ( 'NONE', *, *, #8944, .F. ) ;
#6848 = DIRECTION ( 'NONE',  ( 0.000000000000000000, 0.000000000000000000, 1.000000000000000000 ) ) ;
#6849 = LINE ( 'NONE', #7613, #2295 ) ;
#6850 = CARTESIAN_POINT ( 'NONE',  ( -0.7206813315295687028, -0.2015454450068219772, 0.4399999999999998357 ) ) ;
#6851 = DIRECTION ( 'NONE',  ( -3.152355471214259807E-16, 1.000000000000000000, 0.000000000000000000 ) ) ;
#6852 = DIRECTION ( 'NONE',  ( 0.000000000000000000, 0.000000000000000000, -1.000000000000000000 ) ) ;
#6853 = CARTESIAN_POINT ( 'NONE',  ( -0.7445960161419066248, -0.1615103899395622655, 0.4390000000000002234 ) ) ;
#6854 = CARTESIAN_POINT ( 'NONE',  ( 0.2346300532627904334, 0.2009081247709871010, 0.4400000000000000577 ) ) ;
#6855 = CARTESIAN_POINT ( 'NONE',  ( -0.02354449169452467461, -0.03674141666169657150, 0.4399999999999998357 ) ) ;
#6856 = EDGE_CURVE ( 'NONE', #1375, #3532, #43, .T. ) ;
#6857 = FACE_OUTER_BOUND ( 'NONE', #6913, .T. ) ;
#6858 = CARTESIAN_POINT ( 'NONE',  ( 0.8192425458998114918, 0.2171842847642391772, 0.4399999999999997802 ) ) ;
#6859 = CARTESIAN_POINT ( 'NONE',  ( -0.5072249239961577061, -0.1611520911732862438, 0.4399999999999998357 ) ) ;
#6860 = CARTESIAN_POINT ( 'NONE',  ( -0.6748318095808093497, 0.1289123208921325592, 0.4400000000000000022 ) ) ;
#6861 = B_SPLINE_CURVE_WITH_KNOTS ( 'NONE', 3,
 ( #4589, #2487, #5984, #7525, #1566, #306, #9023, #255, #5404, #6080, #3062, #931, #8330, #3877, #3151 ),
 .UNSPECIFIED., .F., .F.,
 ( 4, 1, 1, 1, 1, 1, 1, 1, 1, 1, 1, 1, 4 ),
 ( 0.000000000000000000, 0.09846943102555777427, 0.1896291011376333990, 0.2741840894379718452, 0.3521831609671539631, 0.4231988731834699369, 0.4885509460005340032, 0.5484733460279384021, 0.6014401636178743349, 0.7011980824257678657, 0.7995918021381864804, 0.8985450984822305198, 1.000000000000000000 ),
 .UNSPECIFIED. ) ;
#6862 = EDGE_CURVE ( 'NONE', #7502, #4922, #1346, .T. ) ;
#6863 = VERTEX_POINT ( 'NONE', #5676 ) ;
#6864 = EDGE_LOOP ( 'NONE', ( #5831, #6333, #2590, #6136 ) ) ;
#6865 = CARTESIAN_POINT ( 'NONE',  ( 0.3722441852124658279, 0.1264963821749662265, 0.4390000000000001124 ) ) ;
#6866 = SURFACE_SIDE_STYLE ('',( #8942 ) ) ;
#6867 = CARTESIAN_POINT ( 'NONE',  ( 0.9803475372394733212, -0.08099885353462206450, 0.4400000000000000577 ) ) ;
#6868 = CARTESIAN_POINT ( 'NONE',  ( -0.7237464665025887811, 0.1712883670256704904, 0.4389999999999998348 ) ) ;
#6869 = FACE_OUTER_BOUND ( 'NONE', #1392, .T. ) ;
#6870 = CARTESIAN_POINT ( 'NONE',  ( 0.5641973609550983149, -0.1798611059982436478, 0.4390000000000000013 ) ) ;
#6871 = B_SPLINE_SURFACE_WITH_KNOTS ( 'NONE', 3, 1, ( 
 ( #9282, #9332 ),
 ( #5519, #5726 ),
 ( #4183, #8607 ),
 ( #8656, #2074 ),
 ( #8441, #1861 ),
 ( #7019, #1964 ),
 ( #424, #471 ),
 ( #5006, #4797 ),
 ( #3361, #2696 ),
 ( #4093, #6286 ),
 ( #519, #8492 ),
 ( #9233, #4851 ),
 ( #7775, #3457 ),
 ( #1194, #5622 ),
 ( #6387, #8550 ),
 ( #5905, #5052 ),
 ( #80, #4419 ),
 ( #3021, #5949 ),
 ( #4279, #8107 ) ),
 .UNSPECIFIED., .F., .F., .F.,
 ( 4, 1, 1, 1, 1, 1, 1, 1, 1, 1, 1, 1, 1, 1, 1, 1, 4 ),
 ( 2, 2 ),
 ( 0.000000000000000000, 0.05720826943350931088, 0.1136960596574915078, 0.1691779164171957617, 0.2241592165805421921, 0.2787198783810428959, 0.3337942174469889500, 0.3892414593400025935, 0.4458220733936215652, 0.5037042811090198802, 0.5642938918193631803, 0.6279754158952239873, 0.6950382596840509741, 0.7653727258510129028, 0.8396114430907353210, 0.9175377500777885942, 1.000000000000000000 ),
 ( 0.000000000000000000, 1.000000000000000000 ),
 .UNSPECIFIED. ) ;
#6872 = CARTESIAN_POINT ( 'NONE',  ( 0.4788928911574620861, -0.1991240808119808248, 0.4390000000000000568 ) ) ;
#6873 = CARTESIAN_POINT ( 'NONE',  ( -0.03471016364904737361, 0.1508023092454242042, 0.4399999999999998357 ) ) ;
#6874 = CARTESIAN_POINT ( 'NONE',  ( 0.9510175226942327864, -0.1640466388733194392, 0.4400000000000001132 ) ) ;
#6875 = EDGE_CURVE ( 'NONE', #6105, #6450, #8611, .T. ) ;
#6876 = ADVANCED_FACE ( 'NONE', ( #8499 ), #4960, .T. ) ;
#6877 = DIRECTION ( 'NONE',  ( 0.8576722029112566759, 0.5141968420297349240, 0.000000000000000000 ) ) ;
#6878 = ORIENTED_EDGE ( 'NONE', *, *, #6455, .F. ) ;
#6879 = ORIENTED_EDGE ( 'NONE', *, *, #9219, .F. ) ;
#6880 = CARTESIAN_POINT ( 'NONE',  ( -0.5527798025064402099, -0.1048611059982436505, 0.4390000000000000013 ) ) ;
#6881 = CARTESIAN_POINT ( 'NONE',  ( 0.3060605915166604296, -0.02158598230705872228, 0.4389999999999999458 ) ) ;
#6882 = CARTESIAN_POINT ( 'NONE',  ( 1.024479458306194024, -0.1082644576094350108, 0.4390000000000000568 ) ) ;
#6883 = DIRECTION ( 'NONE',  ( -1.000000000000000000, -2.695652553920084786E-16, 0.000000000000000000 ) ) ;
#6884 = CARTESIAN_POINT ( 'NONE',  ( 0.4707177936474059021, 0.01052350938637172661, 0.4400000000000000022 ) ) ;
#6885 = CARTESIAN_POINT ( 'NONE',  ( 0.4720442943531349411, -0.1232194851987725853, 0.4390000000000001679 ) ) ;
#6886 = CARTESIAN_POINT ( 'NONE',  ( -0.7736745290077069459, 0.2409712465954906846, 0.4400000000000000022 ) ) ;
#6887 = CARTESIAN_POINT ( 'NONE',  ( -0.3804600300144561076, 0.0002857637720264648599, 0.4390000000000000568 ) ) ;
#6888 = VERTEX_POINT ( 'NONE', #7176 ) ;
#6889 = MECHANICAL_DESIGN_GEOMETRIC_PRESENTATION_REPRESENTATION (  '', ( #5503 ), #3981 ) ;
#6890 = ORIENTED_EDGE ( 'NONE', *, *, #2293, .T. ) ;
#6891 = CARTESIAN_POINT ( 'NONE',  ( -0.5061681080034986513, 0.1009315587940002173, 0.4390000000000000013 ) ) ;
#6892 = DIRECTION ( 'NONE',  ( 0.000000000000000000, 0.000000000000000000, -1.000000000000000000 ) ) ;
#6893 = CARTESIAN_POINT ( 'NONE',  ( 1.600999999999999979, 0.000000000000000000, 0.1500000000000000222 ) ) ;
#6894 = CARTESIAN_POINT ( 'NONE',  ( 0.5641973609550983149, -0.1798611059982436478, 0.4400000000000000022 ) ) ;
#6895 = ORIENTED_EDGE ( 'NONE', *, *, #35, .T. ) ;
#6896 = CARTESIAN_POINT ( 'NONE',  ( 0.6575859892699965625, 0.05664340798982005210, 0.4389999999999998903 ) ) ;
#6897 = VERTEX_POINT ( 'NONE', #578 ) ;
#6898 = CARTESIAN_POINT ( 'NONE',  ( 0.2815951974935598789, -0.04816038484439750383, 0.4400000000000000022 ) ) ;
#6899 = DIRECTION ( 'NONE',  ( 0.000000000000000000, 0.000000000000000000, 1.000000000000000000 ) ) ;
#6900 = ORIENTED_EDGE ( 'NONE', *, *, #6475, .T. ) ;
#6901 = CARTESIAN_POINT ( 'NONE',  ( -0.4243245482286171488, -0.01716143980300440311, 0.4399999999999999467 ) ) ;
#6902 = CARTESIAN_POINT ( 'NONE',  ( 0.3167348696625138516, -0.009180151470120448756, 0.4390000000000001679 ) ) ;
#6903 = CARTESIAN_POINT ( 'NONE',  ( -0.03270135837984125549, 0.1441807590549141205, 0.4389999999999998348 ) ) ;
#6904 = CARTESIAN_POINT ( 'NONE',  ( -1.250000000000000000, 1.100000000000000089, 0.3049999999999999933 ) ) ;
#6905 = CARTESIAN_POINT ( 'NONE',  ( 0.2140532681597647757, 0.1993727374275171271, 0.4400000000000000022 ) ) ;
#6906 = CARTESIAN_POINT ( 'NONE',  ( -0.5061681080034986513, 0.1009315587940002173, 0.4400000000000000022 ) ) ;
#6907 = CARTESIAN_POINT ( 'NONE',  ( -0.4886071987957602003, 0.08282648340288363553, 0.4390000000000000568 ) ) ;
#6908 = DIRECTION ( 'NONE',  ( 0.000000000000000000, 0.000000000000000000, 1.000000000000000000 ) ) ;
#6909 = CARTESIAN_POINT ( 'NONE',  ( 0.2072992598869405068, 0.2447046680416607167, 0.4400000000000000022 ) ) ;
#6910 = B_SPLINE_CURVE_WITH_KNOTS ( 'NONE', 3,
 ( #9424, #275, #6197, #9133, #5476, #5850, #8017, #4413, #8795, #1478, #1432, #4365, #7352, #2972, #5979, #9515, #2207, #5944, #749 ),
 .UNSPECIFIED., .F., .F.,
 ( 4, 1, 1, 1, 1, 1, 1, 1, 1, 1, 1, 1, 1, 1, 1, 1, 4 ),
 ( 0.000000000000000000, 0.06432321657984213514, 0.1262901037035558949, 0.1867264692161329231, 0.2461464323353445005, 0.3055756426461386788, 0.3654293856180520494, 0.4263263089482598467, 0.4888399064006412886, 0.5517249718140474490, 0.6139185964661592054, 0.6754837657683961938, 0.7373338970992856511, 0.8002290443945264675, 0.8645022981233225767, 0.9310407391556972945, 1.000000000000000000 ),
 .UNSPECIFIED. ) ;
#6911 = CARTESIAN_POINT ( 'NONE',  ( -0.7142500781026853707, 0.1650820823615800070, 0.4399999999999999467 ) ) ;
#6912 = AXIS2_PLACEMENT_3D ( 'NONE', #6366, #2775, #5701 ) ;
#6913 = EDGE_LOOP ( 'NONE', ( #1945, #2672, #5497, #3691 ) ) ;
#6914 = VECTOR ( 'NONE', #8868, 1000.000000000000227 ) ;
#6915 = CARTESIAN_POINT ( 'NONE',  ( 0.7661517156432696707, -0.1402952202297987061, 0.4390000000000000568 ) ) ;
#6916 = ADVANCED_FACE ( 'NONE', ( #3510 ), #8233, .T. ) ;
#6917 = SURFACE_STYLE_USAGE ( .BOTH. , #6866 ) ;
#6918 = CARTESIAN_POINT ( 'NONE',  ( -0.04100033213325378345, 0.2226194861581296813, 0.4399999999999999467 ) ) ;
#6919 = B_SPLINE_CURVE_WITH_KNOTS ( 'NONE', 3,
 ( #67, #8873, #8266, #787, #5212, #2417, #8132, #1547, #1679, #4620, #3726, #9007, #6781, #6734, #956, #6652, #5338, #3005, #4486, #7553, #8911, #1593, #4529, #7475, #8225, #3909, #9049 ),
 .UNSPECIFIED., .F., .F.,
 ( 4, 1, 1, 1, 1, 1, 1, 1, 1, 1, 1, 1, 1, 1, 1, 1, 1, 1, 1, 1, 1, 1, 1, 1, 4 ),
 ( 0.000000000000000000, 0.04395490890619434265, 0.08750187479760442033, 0.1304626267314903942, 0.1727520205665171171, 0.2154030673796033524, 0.2576498297432396334, 0.3001527489572939911, 0.3431214895020865407, 0.3859251632064334414, 0.4276857274028017519, 0.4688179504865897518, 0.5094918001549955111, 0.5498830310733489046, 0.5899800229668861196, 0.6304052300068399006, 0.6708686260826386416, 0.7113839438381756031, 0.7516272580635839917, 0.7917755768651916215, 0.8324589188037423426, 0.8733190450172880759, 0.9145429556263491300, 0.9569235582098847281, 1.000000000000000000 ),
 .UNSPECIFIED. ) ;
#6920 = SURFACE_STYLE_USAGE ( .BOTH. , #8399 ) ;
#6921 =( NAMED_UNIT ( * ) SI_UNIT ( $, .STERADIAN. ) SOLID_ANGLE_UNIT ( ) );
#6922 = VECTOR ( 'NONE', #2826, 1000.000000000000000 ) ;
#6923 = CARTESIAN_POINT ( 'NONE',  ( 0.6784101013397136892, -0.06573850984439749690, 0.4400000000000000022 ) ) ;
#6924 = CARTESIAN_POINT ( 'NONE',  ( 0.3057463482283432343, 0.03793306622417837864, 0.4390000000000000013 ) ) ;
#6925 = CARTESIAN_POINT ( 'NONE',  ( -0.05689509445525321035, 0.1800059761722634655, 0.4399999999999997247 ) ) ;
#6926 = SURFACE_STYLE_FILL_AREA ( #3998 ) ;
#6927 = DIRECTION ( 'NONE',  ( 0.000000000000000000, -0.000000000000000000, 1.000000000000000000 ) ) ;
#6928 = EDGE_LOOP ( 'NONE', ( #7558, #1039, #1414, #5836 ) ) ;
#6929 = VERTEX_POINT ( 'NONE', #2934 ) ;
#6930 = LINE ( 'NONE', #3954, #4399 ) ;
#6931 = CARTESIAN_POINT ( 'NONE',  ( 0.2942161438281951646, -0.03463235271249406888, 0.4390000000000000013 ) ) ;
#6932 = EDGE_CURVE ( 'NONE', #4973, #4125, #1183, .T. ) ;
#6933 = CARTESIAN_POINT ( 'NONE',  ( -0.5374122287629368167, -0.1972824725619165553, 0.4389999999999999458 ) ) ;
#6934 = VECTOR ( 'NONE', #1561, 1000.000000000000000 ) ;
#6935 = CARTESIAN_POINT ( 'NONE',  ( -0.2724553038724425447, -0.09863148026946200186, 0.4400000000000000577 ) ) ;
#6936 = CARTESIAN_POINT ( 'NONE',  ( 0.4832647517104192159, -0.1427480460922871119, 0.4390000000000000568 ) ) ;
#6937 = ORIENTED_EDGE ( 'NONE', *, *, #6677, .F. ) ;
#6938 = B_SPLINE_CURVE_WITH_KNOTS ( 'NONE', 3,
 ( #4047, #5372, #9189, #8300, #999, #4753, #4703, #1815, #6872, #1713, #7782, #6145, #9132, #481, #3215, #3266, #7633, #6248, #4144 ),
 .UNSPECIFIED., .F., .F.,
 ( 4, 1, 1, 1, 1, 1, 1, 1, 1, 1, 1, 1, 1, 1, 1, 1, 4 ),
 ( 0.000000000000000000, 0.06542114375889281075, 0.1287083718818834155, 0.1902361418635386547, 0.2507244020335384627, 0.3106371794134444309, 0.3707664082897271784, 0.4316147444123528687, 0.4935229735663543837, 0.5558834553775335863, 0.6173423673185098881, 0.6786680390972749111, 0.7407113595451474408, 0.8029853625127445493, 0.8668025802655174861, 0.9323471713458875154, 1.000000000000000000 ),
 .UNSPECIFIED. ) ;
#6939 = CARTESIAN_POINT ( 'NONE',  ( -0.7880245124121235678, 0.2436861698571761436, 0.4400000000000000022 ) ) ;
#6940 = B_SPLINE_CURVE_WITH_KNOTS ( 'NONE', 3,
 ( #6854, #260, #8242, #6905, #9069, #888, #2490, #1749, #4690, #7620, #1800, #1030, #310, #3832, #9119, #2535, #5460, #6959, #4735 ),
 .UNSPECIFIED., .F., .F.,
 ( 4, 1, 1, 1, 1, 1, 1, 1, 1, 1, 1, 1, 1, 1, 1, 1, 4 ),
 ( 0.000000000000000000, 0.06443867159524239996, 0.1265469112716764155, 0.1868871534365695586, 0.2458775355894544101, 0.3040408846912666108, 0.3621912180726597486, 0.4209759327916441918, 0.4806602832796658675, 0.5406002749537570651, 0.6006890983494531655, 0.6619357897571953586, 0.7244425059139824041, 0.7890383938817433496, 0.8563137570509944396, 0.9263520282058635980, 1.000000000000000000 ),
 .UNSPECIFIED. ) ;
#6941 = PLANE ( 'NONE',  #7059 ) ;
#6942 = ORIENTED_EDGE ( 'NONE', *, *, #2293, .F. ) ;
#6943 = CARTESIAN_POINT ( 'NONE',  ( 0.2367033705704829349, 0.2470619709248332851, 0.4390000000000000013 ) ) ;
#6944 = CARTESIAN_POINT ( 'NONE',  ( 1.600000000000000089, 1.250000000000000000, -0.1499999999999999667 ) ) ;
#6945 = EDGE_CURVE ( 'NONE', #9180, #7873, #2477, .T. ) ;
#6946 = CARTESIAN_POINT ( 'NONE',  ( -0.2320762227278549139, -0.09678751759432140112, 0.4399999999999999467 ) ) ;
#6947 = CARTESIAN_POINT ( 'NONE',  ( -1.600999999999999979, 1.027502247202359387, -0.1549999999999999711 ) ) ;
#6948 = DIRECTION ( 'NONE',  ( 0.000000000000000000, 0.000000000000000000, -1.000000000000000000 ) ) ;
#6949 = ORIENTED_EDGE ( 'NONE', *, *, #6346, .T. ) ;
#6950 = CARTESIAN_POINT ( 'NONE',  ( 1.474999999999999867, 0.9000000000000000222, 0.2799999999999999711 ) ) ;
#6951 = CARTESIAN_POINT ( 'NONE',  ( 6.064218350122669755E-17, 0.5000000000000000000, -0.1499999999999999667 ) ) ;
#6952 = EDGE_LOOP ( 'NONE', ( #3839, #6879, #791, #8750 ) ) ;
#6953 = ORIENTED_EDGE ( 'NONE', *, *, #6024, .T. ) ;
#6954 = CARTESIAN_POINT ( 'NONE',  ( 0.9672243123605896997, -0.1497813324591905637, 0.4390000000000000013 ) ) ;
#6955 = UNCERTAINTY_MEASURE_WITH_UNIT (LENGTH_MEASURE( 1.000000000000000082E-05 ), #3172, 'distance_accuracy_value', 'NONE');
#6956 = B_SPLINE_SURFACE_WITH_KNOTS ( 'NONE', 3, 1, ( 
 ( #4364, #75 ),
 ( #5763, #1334 ),
 ( #28, #2065 ),
 ( #3687, #6482 ),
 ( #2970, #5897 ),
 ( #748, #1476 ),
 ( #2253, #4998 ),
 ( #4271, #2836 ),
 ( #658, #6574 ),
 ( #9422, #8839 ),
 ( #4317, #5182 ) ),
 .UNSPECIFIED., .F., .F., .F.,
 ( 4, 1, 1, 1, 1, 1, 1, 1, 4 ),
 ( 2, 2 ),
 ( 0.000000000000000000, 0.05259428152913731003, 0.1249519739750424296, 0.2180938989285975405, 0.3335024107325195719, 0.4687891785044467907, 0.6249375859645981413, 0.8016830479282270883, 1.000000000000000000 ),
 ( 0.000000000000000000, 1.000000000000000000 ),
 .UNSPECIFIED. ) ;
#6957 = CARTESIAN_POINT ( 'NONE',  ( 3.112264208245613817E-16, -1.150000000000000355, -0.1499999999999999667 ) ) ;
#6958 = CARTESIAN_POINT ( 'NONE',  ( -0.8097195505219565437, -0.1792166157037569096, 0.4400000000000000577 ) ) ;
#6959 = CARTESIAN_POINT ( 'NONE',  ( 0.1307159638751903274, 0.1010677509701274901, 0.4400000000000000022 ) ) ;
#6960 = CARTESIAN_POINT ( 'NONE',  ( -1.600000000000000089, -1.250000000000000000, 0.1500000000000000222 ) ) ;
#6961 = DIRECTION ( 'NONE',  ( 0.000000000000000000, 0.000000000000000000, -1.000000000000000000 ) ) ;
#6962 = CARTESIAN_POINT ( 'NONE',  ( 0.8099794920528544662, 0.2068196935808352399, 0.4390000000000000013 ) ) ;
#6963 = CARTESIAN_POINT ( 'NONE',  ( -0.4678553480942345688, -0.1791864318095372777, 0.4400000000000001688 ) ) ;
#6964 = CARTESIAN_POINT ( 'NONE',  ( -0.8358326871218247911, 0.2009081247709871010, 0.4390000000000000013 ) ) ;
#6965 = ORIENTED_EDGE ( 'NONE', *, *, #7862, .T. ) ;
#6966 = CIRCLE ( 'NONE', #4929, 0.2000000000000000944 ) ;
#6967 = ORIENTED_EDGE ( 'NONE', *, *, #258, .F. ) ;
#6968 = AXIS2_PLACEMENT_3D ( 'NONE', #3298, #1133, #2734 ) ;
#6969 = CARTESIAN_POINT ( 'NONE',  ( -0.03120528327567101065, 0.1303251920786794027, 0.4390000000000000013 ) ) ;
#6970 = CARTESIAN_POINT ( 'NONE',  ( -0.1030604912838717357, 0.1996815920507442332, 0.4400000000000000022 ) ) ;
#6971 = CARTESIAN_POINT ( 'NONE',  ( -0.02804853669433990393, 0.2123383057002308505, 0.4400000000000000022 ) ) ;
#6972 = CARTESIAN_POINT ( 'NONE',  ( 0.8021099193867949895, 0.08953383220155732014, 0.4390000000000001124 ) ) ;
#6973 = APPLICATION_PROTOCOL_DEFINITION ( 'draft international standard', 'automotive_design', 1998, #5893 ) ;
#6974 = CARTESIAN_POINT ( 'NONE',  ( 0.9004110532642478626, -0.2259216218631637241, 0.4390000000000000568 ) ) ;
#6975 = CARTESIAN_POINT ( 'NONE',  ( -0.5354010203521716305, 0.07183481340275379989, 0.4399999999999999467 ) ) ;
#6976 = CARTESIAN_POINT ( 'NONE',  ( 0.2471601013397136948, -0.02823850984439750522, 0.4390000000000000013 ) ) ;
#6977 = CARTESIAN_POINT ( 'NONE',  ( -0.05689509445525321035, 0.1800059761722634655, 0.4389999999999998903 ) ) ;
#6978 = AXIS2_PLACEMENT_3D ( 'NONE', #3957, #6159, #9200 ) ;
#6979 = EDGE_CURVE ( 'NONE', #2823, #4063, #7448, .T. ) ;
#6980 = SURFACE_STYLE_USAGE ( .BOTH. , #4049 ) ;
#6981 = FACE_OUTER_BOUND ( 'NONE', #540, .T. ) ;
#6982 = ORIENTED_EDGE ( 'NONE', *, *, #4240, .T. ) ;
#6983 = ORIENTED_EDGE ( 'NONE', *, *, #8754, .T. ) ;
#6984 = CARTESIAN_POINT ( 'NONE',  ( -0.9379845237648303247, -0.2064808589782456127, 0.4390000000000000013 ) ) ;
#6985 = AXIS2_PLACEMENT_3D ( 'NONE', #4089, #4898, #4844 ) ;
#6986 = DIRECTION ( 'NONE',  ( -1.000000000000000000, 0.000000000000000000, 0.000000000000000000 ) ) ;
#6987 = CARTESIAN_POINT ( 'NONE',  ( -0.4539817255833632492, -0.2260149521520898042, 0.4390000000000000013 ) ) ;
#6988 = CARTESIAN_POINT ( 'NONE',  ( 1.425000000000000044, -0.9000000000000000222, 0.4400000000000000022 ) ) ;
#6989 = VERTEX_POINT ( 'NONE', #844 ) ;
#6990 = DIRECTION ( 'NONE',  ( 0.000000000000000000, 0.000000000000000000, -1.000000000000000000 ) ) ;
#6991 = CARTESIAN_POINT ( 'NONE',  ( -1.066123684176664366, 0.08291877168170867785, 0.4389999999999998348 ) ) ;
#6992 = CARTESIAN_POINT ( 'NONE',  ( 0.03197890744275099645, -0.06991306074716299723, 0.4389999999999998903 ) ) ;
#6993 = ORIENTED_EDGE ( 'NONE', *, *, #7309, .F. ) ;
#6994 = CARTESIAN_POINT ( 'NONE',  ( -0.4036487886571014094, 0.02021759778678925215, 0.4390000000000001124 ) ) ;
#6995 = EDGE_LOOP ( 'NONE', ( #2484, #2527, #5649, #1013 ) ) ;
#6996 = EDGE_CURVE ( 'NONE', #7873, #6625, #8110, .T. ) ;
#6997 = LINE ( 'NONE', #4117, #8280 ) ;
#6998 = DIRECTION ( 'NONE',  ( 0.000000000000000000, 0.000000000000000000, -1.000000000000000000 ) ) ;
#6999 = CARTESIAN_POINT ( 'NONE',  ( -0.08176846789097030888, -0.2216316001385321699, 0.4399999999999998912 ) ) ;
#7000 = ORIENTED_EDGE ( 'NONE', *, *, #8589, .F. ) ;
#7001 = CARTESIAN_POINT ( 'NONE',  ( -0.1184905128802258845, -0.1797819181807550348, 0.4400000000000001132 ) ) ;
#7002 = ORIENTED_EDGE ( 'NONE', *, *, #8983, .F. ) ;
#7003 = DIRECTION ( 'NONE',  ( -1.000000000000000000, 7.301836256844758746E-16, 0.000000000000000000 ) ) ;
#7004 = COLOUR_RGB ( '',0.9686274509803921573, 0.8784313725490195957, 0.5999999999999999778 ) ;
#7005 = FACE_OUTER_BOUND ( 'NONE', #8813, .T. ) ;
#7006 = EDGE_CURVE ( 'NONE', #7278, #2618, #2345, .T. ) ;
#7007 = EDGE_LOOP ( 'NONE', ( #1003, #1091, #7041, #7169 ) ) ;
#7008 = CARTESIAN_POINT ( 'NONE',  ( 1.500000000000000000, 0.000000000000000000, -0.1499999999999999667 ) ) ;
#7009 = VECTOR ( 'NONE', #8762, 1000.000000000000000 ) ;
#7010 = CARTESIAN_POINT ( 'NONE',  ( 0.5081339609052035744, -0.1643739131899798755, 0.4400000000000000022 ) ) ;
#7011 = DIRECTION ( 'NONE',  ( 0.000000000000000000, 0.000000000000000000, -1.000000000000000000 ) ) ;
#7012 = SURFACE_STYLE_USAGE ( .BOTH. , #8541 ) ;
#7013 = CARTESIAN_POINT ( 'NONE',  ( 0.1307159638751903274, 0.1010677509701274901, 0.4390000000000000013 ) ) ;
#7014 = CARTESIAN_POINT ( 'NONE',  ( -0.9498293279158511737, 0.2209748956376221818, 0.4389999999999999458 ) ) ;
#7015 = CARTESIAN_POINT ( 'NONE',  ( 0.8423807885499225989, 0.2335103671283953464, 0.4399999999999997247 ) ) ;
#7016 = CARTESIAN_POINT ( 'NONE',  ( -0.08475837236643025963, 0.06703351853772293589, 0.4400000000000000022 ) ) ;
#7017 = CARTESIAN_POINT ( 'NONE',  ( -0.07608998550517234727, -0.1729260456971629389, 0.4400000000000000577 ) ) ;
#7018 = ORIENTED_EDGE ( 'NONE', *, *, #7819, .T. ) ;
#7019 = CARTESIAN_POINT ( 'NONE',  ( 0.8566193014842419240, -0.2204362943121900009, 0.4390000000000000568 ) ) ;
#7020 = CARTESIAN_POINT ( 'NONE',  ( -0.05085925126843608701, 0.1747756493723774951, 0.4400000000000000577 ) ) ;
#7021 = CARTESIAN_POINT ( 'NONE',  ( -0.3866835270075957287, 0.1661804920653245643, 0.4400000000000000022 ) ) ;
#7022 = CARTESIAN_POINT ( 'NONE',  ( 1.600999999999999979, 0.000000000000000000, 0.1500000000000000222 ) ) ;
#7023 = CARTESIAN_POINT ( 'NONE',  ( 1.600000000000000089, 1.250000000000000000, -0.1499999999999999667 ) ) ;
#7024 = DIRECTION ( 'NONE',  ( -0.000000000000000000, -0.000000000000000000, 1.000000000000000000 ) ) ;
#7025 = DIRECTION ( 'NONE',  ( -0.7941277684358850619, -0.6077508431907282516, 0.000000000000000000 ) ) ;
#7026 = CYLINDRICAL_SURFACE ( 'NONE', #5594, 0.02500000000000001180 ) ;
#7027 = CARTESIAN_POINT ( 'NONE',  ( 0.6558717870648773651, -0.0009414850948815936191, 0.4389999999999998903 ) ) ;
#7028 = LINE ( 'NONE', #1974, #8872 ) ;
#7029 = VECTOR ( 'NONE', #3374, 1000.000000000000000 ) ;
#7030 = VERTEX_POINT ( 'NONE', #6712 ) ;
#7031 = ORIENTED_EDGE ( 'NONE', *, *, #2258, .T. ) ;
#7032 = CARTESIAN_POINT ( 'NONE',  ( 0.03225625518586748564, -0.08079259638285905820, 0.4390000000000000013 ) ) ;
#7033 = LINE ( 'NONE', #1928, #5227 ) ;
#7034 = CARTESIAN_POINT ( 'NONE',  ( -0.4678553480942345688, -0.1791864318095372777, 0.4400000000000001688 ) ) ;
#7035 = DIRECTION ( 'NONE',  ( 1.000000000000000000, 0.000000000000000000, 0.000000000000000000 ) ) ;
#7036 = ORIENTED_EDGE ( 'NONE', *, *, #457, .F. ) ;
#7037 = CARTESIAN_POINT ( 'NONE',  ( -0.1377004320408649896, -0.2256836791960692701, 0.4400000000000000022 ) ) ;
#7038 = CARTESIAN_POINT ( 'NONE',  ( -0.5838482843567305292, -0.1402952202297988171, 0.4390000000000000013 ) ) ;
#7039 = VERTEX_POINT ( 'NONE', #120 ) ;
#7040 = CARTESIAN_POINT ( 'NONE',  ( 1.018794716724329197, 0.1708900959248332574, 0.4390000000000000013 ) ) ;
#7041 = ORIENTED_EDGE ( 'NONE', *, *, #962, .T. ) ;
#7042 = CARTESIAN_POINT ( 'NONE',  ( 1.250000000000000000, -0.9000000000000000222, 0.2799999999999999711 ) ) ;
#7043 = VERTEX_POINT ( 'NONE', #2889 ) ;
#7044 = ADVANCED_FACE ( 'NONE', ( #1609 ), #9178, .T. ) ;
#7045 = UNCERTAINTY_MEASURE_WITH_UNIT (LENGTH_MEASURE( 1.000000000000000082E-05 ), #7577, 'distance_accuracy_value', 'NONE');
#7046 = ADVANCED_FACE ( 'NONE', ( #3831 ), #3722, .T. ) ;
#7047 = FILL_AREA_STYLE ('',( #2622 ) ) ;
#7048 = DIRECTION ( 'NONE',  ( -0.000000000000000000, -0.000000000000000000, 1.000000000000000000 ) ) ;
#7049 = CARTESIAN_POINT ( 'NONE',  ( -0.4539817255833632492, -0.2260149521520898042, 0.4400000000000000022 ) ) ;
#7050 = VERTEX_POINT ( 'NONE', #9167 ) ;
#7051 = CARTESIAN_POINT ( 'NONE',  ( 0.5503700291716252524, 0.07728804343906485463, 0.4390000000000000568 ) ) ;
#7052 = CARTESIAN_POINT ( 'NONE',  ( -0.5388136009042912011, 0.07618303143246119014, 0.4399999999999999467 ) ) ;
#7053 = CARTESIAN_POINT ( 'NONE',  ( 0.8285618185496711474, 0.1367003154705438983, 0.4390000000000000013 ) ) ;
#7054 = AXIS2_PLACEMENT_3D ( 'NONE', #2219, #5274, #6632 ) ;
#7055 = ORIENTED_EDGE ( 'NONE', *, *, #1558, .T. ) ;
#7056 = CARTESIAN_POINT ( 'NONE',  ( 1.500000000000000000, 0.000000000000000000, -0.1499999999999999667 ) ) ;
#7057 = CARTESIAN_POINT ( 'NONE',  ( -0.3866835270075957287, 0.1661804920653245643, 0.4390000000000000013 ) ) ;
#7058 = CARTESIAN_POINT ( 'NONE',  ( -0.5999999999999999778, -0.5000000000000001110, 0.1500000000000000222 ) ) ;
#7059 = AXIS2_PLACEMENT_3D ( 'NONE', #9010, #8269, #2519 ) ;
#7060 = CARTESIAN_POINT ( 'NONE',  ( -0.1421712812939399939, 0.01027630599453067083, 0.4399999999999997247 ) ) ;
#7061 = EDGE_CURVE ( 'NONE', #4369, #1065, #7708, .T. ) ;
#7062 = CARTESIAN_POINT ( 'NONE',  ( 0.3316949132713840065, 0.09509185065251783697, 0.4400000000000001688 ) ) ;
#7063 = EDGE_CURVE ( 'NONE', #2116, #991, #5356, .T. ) ;
#7064 = CARTESIAN_POINT ( 'NONE',  ( 0.1627596037827623299, 0.1736974271438783968, 0.4390000000000000568 ) ) ;
#7065 = LINE ( 'NONE', #618, #6818 ) ;
#7066 = ORIENTED_EDGE ( 'NONE', *, *, #6746, .F. ) ;
#7067 = CARTESIAN_POINT ( 'NONE',  ( -0.1102559439907205147, -0.1796270732396998138, 0.4390000000000000013 ) ) ;
#7068 = VERTEX_POINT ( 'NONE', #2489 ) ;
#7069 = B_SPLINE_CURVE_WITH_KNOTS ( 'NONE', 3,
 ( #463, #8482, #5614, #1955, #8646, #4946, #7715, #1234, #7768, #4894, #7108, #7815, #415, #7869, #509, #2063, #5509, #9324, #2737, #4085, #3497, #5663, #1281, #4221, #8431, #1853, #1137 ),
 .UNSPECIFIED., .F., .F.,
 ( 4, 1, 1, 1, 1, 1, 1, 1, 1, 1, 1, 1, 1, 1, 1, 1, 1, 1, 1, 1, 1, 1, 1, 1, 4 ),
 ( 0.000000000000000000, 0.04395490890619434265, 0.08750187479760442033, 0.1304626267314903942, 0.1727520205665171171, 0.2154030673796033524, 0.2576498297432396334, 0.3001527489572939911, 0.3431214895020865407, 0.3859251632064334414, 0.4276857274028017519, 0.4688179504865897518, 0.5094918001549955111, 0.5498830310733489046, 0.5899800229668861196, 0.6304052300068399006, 0.6708686260826386416, 0.7113839438381756031, 0.7516272580635839917, 0.7917755768651916215, 0.8324589188037423426, 0.8733190450172880759, 0.9145429556263491300, 0.9569235582098847281, 1.000000000000000000 ),
 .UNSPECIFIED. ) ;
#7070 = CARTESIAN_POINT ( 'NONE',  ( 0.6245147505450002745, -0.2149168110574785628, 0.4389999999999999458 ) ) ;
#7071 = DIRECTION ( 'NONE',  ( 0.000000000000000000, 0.000000000000000000, 1.000000000000000000 ) ) ;
#7072 = FILL_AREA_STYLE ('',( #1966 ) ) ;
#7073 = CARTESIAN_POINT ( 'NONE',  ( -0.3833847860177980738, 0.2262501357037484950, 0.4400000000000000577 ) ) ;
#7074 = CARTESIAN_POINT ( 'NONE',  ( -0.8358326871218247911, 0.2009081247709871010, 0.4390000000000000013 ) ) ;
#7075 = PLANE ( 'NONE',  #357 ) ;
#7076 = EDGE_CURVE ( 'NONE', #7082, #4697, #8004, .T. ) ;
#7077 = CARTESIAN_POINT ( 'NONE',  ( 0.3163542516234147395, 0.1599445111889150895, 0.4389999999999998903 ) ) ;
#7078 = CARTESIAN_POINT ( 'NONE',  ( -0.6369745140449016851, 0.1529513940017563356, 0.4390000000000000013 ) ) ;
#7079 = CARTESIAN_POINT ( 'NONE',  ( -0.2609224480757703635, -0.1377442280540102926, 0.4400000000000000022 ) ) ;
#7080 = CARTESIAN_POINT ( 'NONE',  ( -0.5586665966601269684, 0.1699861994883434257, 0.4390000000000000568 ) ) ;
#7081 = VERTEX_POINT ( 'NONE', #8383 ) ;
#7082 = VERTEX_POINT ( 'NONE', #6904 ) ;
#7083 = CARTESIAN_POINT ( 'NONE',  ( -0.1162844130860778563, -0.2258092546678455714, 0.4389999999999999458 ) ) ;
#7084 = VECTOR ( 'NONE', #6986, 1000.000000000000000 ) ;
#7085 = CARTESIAN_POINT ( 'NONE',  ( -0.8942786296109150879, -0.1725486055844735744, 0.4400000000000000577 ) ) ;
#7086 = CARTESIAN_POINT ( 'NONE',  ( -0.5290326920304346814, -0.2034613254343790589, 0.4390000000000000013 ) ) ;
#7087 = SURFACE_STYLE_FILL_AREA ( #4713 ) ;
#7088 = VERTEX_POINT ( 'NONE', #2534 ) ;
#7089 = CARTESIAN_POINT ( 'NONE',  ( 0.9339524816876615398, -0.2210878065262956715, 0.4400000000000001688 ) ) ;
#7090 = CARTESIAN_POINT ( 'NONE',  ( 1.401238207896990495, 1.149999999999999911, -0.1499999999999999667 ) ) ;
#7091 = CARTESIAN_POINT ( 'NONE',  ( 0.8989028898012522140, 0.2470619709248332851, 0.4400000000000000022 ) ) ;
#7092 = AXIS2_PLACEMENT_3D ( 'NONE', #3251, #3880, #9026 ) ;
#7093 = CARTESIAN_POINT ( 'NONE',  ( -0.1163774609429413659, 0.2468846413219104585, 0.4399999999999997802 ) ) ;
#7094 = ORIENTED_EDGE ( 'NONE', *, *, #1294, .T. ) ;
#7095 = CARTESIAN_POINT ( 'NONE',  ( -0.4560945351763582845, 0.2468765150104015038, 0.4390000000000000568 ) ) ;
#7096 = SURFACE_SIDE_STYLE ('',( #8420 ) ) ;
#7097 = DIRECTION ( 'NONE',  ( -0.000000000000000000, -0.000000000000000000, 1.000000000000000000 ) ) ;
#7098 = MECHANICAL_DESIGN_GEOMETRIC_PRESENTATION_REPRESENTATION (  '', ( #8454 ), #5863 ) ;
#7099 = CARTESIAN_POINT ( 'NONE',  ( -0.3464402360764499700, -0.1710197997642485257, 0.4390000000000000013 ) ) ;
#7100 = CARTESIAN_POINT ( 'NONE',  ( -0.5173649101185366916, 0.1663140506916828409, 0.4390000000000001124 ) ) ;
#7101 = ADVANCED_FACE ( 'NONE', ( #1799 ), #1082, .T. ) ;
#7102 = ADVANCED_FACE ( 'NONE', ( #1852 ), #3342, .T. ) ;
#7103 = VERTEX_POINT ( 'NONE', #1233 ) ;
#7104 = ORIENTED_EDGE ( 'NONE', *, *, #1479, .T. ) ;
#7105 = CARTESIAN_POINT ( 'NONE',  ( -1.600000000000000089, -1.027499999999999858, 0.1500000000000000222 ) ) ;
#7106 = CARTESIAN_POINT ( 'NONE',  ( -0.4036628078857932289, 0.1824482515472025113, 0.4390000000000001124 ) ) ;
#7107 = CARTESIAN_POINT ( 'NONE',  ( -1.250000000000000000, -1.100000000000000089, 0.4400000000000000022 ) ) ;
#7108 = CARTESIAN_POINT ( 'NONE',  ( -0.9484973475698234013, 0.1689012480610409261, 0.4390000000000000013 ) ) ;
#7109 = CARTESIAN_POINT ( 'NONE',  ( -1.425000000000000044, 0.9000000000000000222, 0.4149999999999999800 ) ) ;
#7110 = CARTESIAN_POINT ( 'NONE',  ( 0.1863271910653994945, 0.1904266006781387410, 0.4399999999999997802 ) ) ;
#7111 = CARTESIAN_POINT ( 'NONE',  ( -0.03120528327567101065, 0.1303251920786794027, 0.4400000000000000577 ) ) ;
#7112 = EDGE_LOOP ( 'NONE', ( #5023, #1477, #7371, #5569 ) ) ;
#7113 = VERTEX_POINT ( 'NONE', #414 ) ;
#7114 = CARTESIAN_POINT ( 'NONE',  ( 0.5618536109550983371, -0.2260149521520898042, 0.4390000000000000013 ) ) ;
#7115 = FACE_OUTER_BOUND ( 'NONE', #8407, .T. ) ;
#7116 = EDGE_CURVE ( 'NONE', #3097, #4192, #7814, .T. ) ;
#7117 = DIRECTION ( 'NONE',  ( -0.7071067811865480168, 0.7071067811865470176, 0.000000000000000000 ) ) ;
#7118 = CARTESIAN_POINT ( 'NONE',  ( -0.1264314613419156297, -0.1798049348640453071, 0.4400000000000000577 ) ) ;
#7119 = CARTESIAN_POINT ( 'NONE',  ( 1.377499999999999947, -1.250000000000000000, -0.1499999999999999667 ) ) ;
#7120 = CARTESIAN_POINT ( 'NONE',  ( 0.07264087057048279616, -0.2144764906136282789, 0.4390000000000000013 ) ) ;
#7121 = FACE_OUTER_BOUND ( 'NONE', #5131, .T. ) ;
#7122 = CARTESIAN_POINT ( 'NONE',  ( -0.1980930731608860074, 0.1637577767676200724, 0.4389999999999999458 ) ) ;
#7123 = SURFACE_SIDE_STYLE ('',( #3417 ) ) ;
#7124 = CARTESIAN_POINT ( 'NONE',  ( 0.6783254396946698517, -0.06212877035024352845, 0.4390000000000000013 ) ) ;
#7125 = AXIS2_PLACEMENT_3D ( 'NONE', #5797, #9457, #8001 ) ;
#7126 = FACE_OUTER_BOUND ( 'NONE', #243, .T. ) ;
#7127 = EDGE_CURVE ( 'NONE', #6151, #8322, #6327, .T. ) ;
#7128 = VERTEX_POINT ( 'NONE', #2061 ) ;
#7129 = VERTEX_POINT ( 'NONE', #3447 ) ;
#7130 = CARTESIAN_POINT ( 'NONE',  ( -0.1022434748293332418, -0.2254046572391142922, 0.4390000000000001679 ) ) ;
#7131 = AXIS2_PLACEMENT_3D ( 'NONE', #5638, #5348, #7562 ) ;
#7132 = VECTOR ( 'NONE', #7446, 1000.000000000000227 ) ;
#7133 = CARTESIAN_POINT ( 'NONE',  ( 0.8385629345798073508, 0.1761856177727439965, 0.4390000000000000568 ) ) ;
#7134 = CARTESIAN_POINT ( 'NONE',  ( 0.6078548803599513883, -0.1717992486800066776, 0.4399999999999999467 ) ) ;
#7135 = CARTESIAN_POINT ( 'NONE',  ( -0.5072249239961577061, -0.1611520911732862438, 0.4399999999999998357 ) ) ;
#7136 = CARTESIAN_POINT ( 'NONE',  ( 0.6809615945447207164, -0.1746763901664268037, 0.4399999999999997247 ) ) ;
#7137 = CARTESIAN_POINT ( 'NONE',  ( -0.2659599996447088999, -0.1238265639763696246, 0.4400000000000000022 ) ) ;
#7138 = CARTESIAN_POINT ( 'NONE',  ( 0.9800818262306355555, 0.1460557915615879332, 0.4400000000000000022 ) ) ;
#7139 = CARTESIAN_POINT ( 'NONE',  ( 0.9185543321089444380, 0.04099225938637173633, 0.4400000000000000577 ) ) ;
#7140 = VERTEX_POINT ( 'NONE', #6375 ) ;
#7141 = VECTOR ( 'NONE', #3098, 1000.000000000000000 ) ;
#7142 = CARTESIAN_POINT ( 'NONE',  ( -0.08768905349943229011, 0.2433305654992666267, 0.4390000000000001679 ) ) ;
#7143 = ORIENTED_EDGE ( 'NONE', *, *, #1153, .F. ) ;
#7144 = CARTESIAN_POINT ( 'NONE',  ( 0.6784101013397136892, -0.06573850984439749690, 0.4390000000000000013 ) ) ;
#7145 = EDGE_LOOP ( 'NONE', ( #3341, #7604, #5073, #5117 ) ) ;
#7146 = CARTESIAN_POINT ( 'NONE',  ( -0.1997872813062001041, -0.1538518553556947610, 0.4400000000000000577 ) ) ;
#7147 = CARTESIAN_POINT ( 'NONE',  ( 0.7073724647488419670, -0.1301840188398758758, 0.4400000000000000022 ) ) ;
#7148 = B_SPLINE_CURVE_WITH_KNOTS ( 'NONE', 3,
 ( #4437, #4391, #7333, #7377, #903, #3850, #6874, #1001, #1539, #4478, #6147, #228, #3125, #7503, #2318 ),
 .UNSPECIFIED., .F., .F.,
 ( 4, 1, 1, 1, 1, 1, 1, 1, 1, 1, 1, 1, 4 ),
 ( 0.000000000000000000, 0.09126360489662588282, 0.1809303110850801199, 0.2700882198317218763, 0.3601561333877259519, 0.4483425324981543669, 0.5326658421383313469, 0.6138337041070477396, 0.6939815272835583304, 0.7727159770890047463, 0.8493351720622465129, 0.9239673265752321729, 1.000000000000000000 ),
 .UNSPECIFIED. ) ;
#7149 = PRESENTATION_LAYER_ASSIGNMENT (  '', '', ( #532 ) ) ;
#7150 = CARTESIAN_POINT ( 'NONE',  ( -0.2225773935154087557, -0.1221182143751790433, 0.4389999999999999458 ) ) ;
#7151 = DIRECTION ( 'NONE',  ( 0.000000000000000000, 0.000000000000000000, -1.000000000000000000 ) ) ;
#7152 = ORIENTED_EDGE ( 'NONE', *, *, #8969, .T. ) ;
#7153 = CARTESIAN_POINT ( 'NONE',  ( -1.061514104698023653, -0.07399835063140197677, 0.4400000000000001132 ) ) ;
#7154 = CARTESIAN_POINT ( 'NONE',  ( -0.4314456678910555398, 0.04099225938637172939, 0.4390000000000000013 ) ) ;
#7155 = ORIENTED_EDGE ( 'NONE', *, *, #7116, .F. ) ;
#7156 = CARTESIAN_POINT ( 'NONE',  ( 0.9837234070366740468, -0.1133899195192124010, 0.4389999999999997793 ) ) ;
#7157 = CARTESIAN_POINT ( 'NONE',  ( -0.3677136967372094389, 0.1432158170786793916, 0.4390000000000000013 ) ) ;
#7158 = ADVANCED_FACE ( 'NONE', ( #4788 ), #9323, .T. ) ;
#7159 = CARTESIAN_POINT ( 'NONE',  ( 0.6744507568003916820, -0.03494535834764021798, 0.4399999999999997802 ) ) ;
#7160 = CARTESIAN_POINT ( 'NONE',  ( -1.377499999999999947, -1.250000000000000000, 0.1500000000000000222 ) ) ;
#7161 = CARTESIAN_POINT ( 'NONE',  ( 0.4245639474935597457, -0.09909187522901288792, 0.4390000000000000013 ) ) ;
#7162 = CARTESIAN_POINT ( 'NONE',  ( 0.2814819457887888232, 0.008694275103467258639, 0.4400000000000000022 ) ) ;
#7163 = CARTESIAN_POINT ( 'NONE',  ( -0.1217100909679787318, 0.2009081247709871010, 0.4399999999999998357 ) ) ;
#7164 = CARTESIAN_POINT ( 'NONE',  ( 0.2311109461941201482, 0.2008161920513386878, 0.4390000000000000013 ) ) ;
#7165 = CARTESIAN_POINT ( 'NONE',  ( -0.2735129755833632936, -0.09332264445978211143, 0.4400000000000000022 ) ) ;
#7166 = VERTEX_POINT ( 'NONE', #6395 ) ;
#7167 = ORIENTED_EDGE ( 'NONE', *, *, #6698, .F. ) ;
#7168 = VECTOR ( 'NONE', #6990, 1000.000000000000000 ) ;
#7169 = ORIENTED_EDGE ( 'NONE', *, *, #1980, .T. ) ;
#7170 = CARTESIAN_POINT ( 'NONE',  ( 0.7073724647488419670, -0.1301840188398758758, 0.4390000000000000013 ) ) ;
#7171 = CARTESIAN_POINT ( 'NONE',  ( -0.2331283601987478582, -0.09332264445978211143, 0.4390000000000000013 ) ) ;
#7172 = CARTESIAN_POINT ( 'NONE',  ( -0.3312052832756709475, 0.1708900959248332574, 0.4390000000000000013 ) ) ;
#7173 = VECTOR ( 'NONE', #5454, 1000.000000000000000 ) ;
#7174 = EDGE_CURVE ( 'NONE', #7193, #9492, #6791, .T. ) ;
#7175 = CARTESIAN_POINT ( 'NONE',  ( -0.1642763477208595835, -0.1738596270809710798, 0.4390000000000000568 ) ) ;
#7176 = CARTESIAN_POINT ( 'NONE',  ( -1.401238207896990495, -1.149999999999999911, -0.1549999999999999711 ) ) ;
#7177 = EDGE_CURVE ( 'NONE', #2971, #148, #8661, .T. ) ;
#7178 = FILL_AREA_STYLE_COLOUR ( '', #1103 ) ;
#7179 = CARTESIAN_POINT ( 'NONE',  ( 0.2725065950921791158, 0.1943026748918880442, 0.4390000000000000568 ) ) ;
#7180 = DIRECTION ( 'NONE',  ( 0.000000000000000000, -1.000000000000000000, 0.000000000000000000 ) ) ;
#7181 = B_SPLINE_CURVE_WITH_KNOTS ( 'NONE', 3,
 ( #5043, #1377, #8140, #612, #656, #5258, #6701 ),
 .UNSPECIFIED., .F., .F.,
 ( 4, 1, 1, 1, 4 ),
 ( 0.000000000000000000, 0.2347233736739013366, 0.4771583189289866911, 0.7285562842030531838, 0.9999999999999998890 ),
 .UNSPECIFIED. ) ;
#7182 = EDGE_CURVE ( 'NONE', #6105, #4328, #9241, .T. ) ;
#7183 = B_SPLINE_SURFACE_WITH_KNOTS ( 'NONE', 3, 1, ( 
 ( #9053, #6214 ),
 ( #8314, #1012 ),
 ( #4015, #8466 ),
 ( #6994, #1886 ),
 ( #397, #3333 ),
 ( #6887, #1729 ),
 ( #4825, #341 ),
 ( #7750, #3232 ),
 ( #6163, #1781 ),
 ( #4718, #7646 ),
 ( #1063, #3284 ),
 ( #9148, #7952 ),
 ( #1218, #4159 ),
 ( #5695, #4977 ),
 ( #4115, #2671 ) ),
 .UNSPECIFIED., .F., .F., .F.,
 ( 4, 1, 1, 1, 1, 1, 1, 1, 1, 1, 1, 1, 4 ),
 ( 2, 2 ),
 ( 0.000000000000000000, 0.09697231038151571392, 0.1877734389628679668, 0.2723961390136933614, 0.3513209973752888793, 0.4243347744514671116, 0.4919087840005269552, 0.5542332197968004026, 0.6112676582441551876, 0.7163478449915536839, 0.8145400858216157447, 0.9084954561491854763, 1.000000000000000000 ),
 ( 0.000000000000000000, 1.000000000000000000 ),
 .UNSPECIFIED. ) ;
#7184 = LINE ( 'NONE', #4147, #8557 ) ;
#7185 = ORIENTED_EDGE ( 'NONE', *, *, #875, .F. ) ;
#7186 = CARTESIAN_POINT ( 'NONE',  ( -0.7076293144310573657, 0.2159243290809395865, 0.4399999999999999467 ) ) ;
#7187 = VERTEX_POINT ( 'NONE', #5628 ) ;
#7188 = CARTESIAN_POINT ( 'NONE',  ( 0.8680550946435556803, 0.1971707674838826529, 0.4389999999999998903 ) ) ;
#7189 = CARTESIAN_POINT ( 'NONE',  ( 0.9411052293973211080, -0.1696187298951029321, 0.4389999999999997793 ) ) ;
#7190 = CARTESIAN_POINT ( 'NONE',  ( 0.5244042908572761341, 0.02788782346442224280, 0.4390000000000000568 ) ) ;
#7191 = EDGE_CURVE ( 'NONE', #8272, #609, #1404, .T. ) ;
#7192 = CARTESIAN_POINT ( 'NONE',  ( 0.7137793682747064494, -0.1101730459691180192, 0.4390000000000001124 ) ) ;
#7193 = VERTEX_POINT ( 'NONE', #8555 ) ;
#7194 = EDGE_CURVE ( 'NONE', #1105, #3290, #2804, .T. ) ;
#7195 = CARTESIAN_POINT ( 'NONE',  ( 0.8807824107145292292, 0.2004519084499515602, 0.4390000000000000013 ) ) ;
#7196 = CARTESIAN_POINT ( 'NONE',  ( -0.4933806985157583314, -0.2204362943121900287, 0.4390000000000000568 ) ) ;
#7197 = COLOUR_RGB ( '',0.9686274509803921573, 0.8784313725490195957, 0.5999999999999999778 ) ;
#7198 = ORIENTED_EDGE ( 'NONE', *, *, #2852, .F. ) ;
#7199 = CARTESIAN_POINT ( 'NONE',  ( -0.4135074368062525152, -0.02619844223432353861, 0.4390000000000000568 ) ) ;
#7200 = ORIENTED_EDGE ( 'NONE', *, *, #5757, .T. ) ;
#7201 = CARTESIAN_POINT ( 'NONE',  ( 0.02861545661295655796, -0.04878100694224937056, 0.4400000000000001132 ) ) ;
#7202 = EDGE_LOOP ( 'NONE', ( #3873, #5654, #5343, #7907 ) ) ;
#7203 = DIRECTION ( 'NONE',  ( -1.000000000000000000, -1.949127501097535707E-15, 0.000000000000000000 ) ) ;
#7204 = CARTESIAN_POINT ( 'NONE',  ( 0.6983689415357129393, -0.1492280190670534634, 0.4400000000000000022 ) ) ;
#7205 = CARTESIAN_POINT ( 'NONE',  ( -0.8401685470682610513, -0.1797280331419895960, 0.4399999999999998357 ) ) ;
#7206 = CARTESIAN_POINT ( 'NONE',  ( -0.8175716335320206696, -0.2258429396930174970, 0.4390000000000001124 ) ) ;
#7207 = CARTESIAN_POINT ( 'NONE',  ( -0.5478900806132052104, 0.08953383220155726463, 0.4390000000000001124 ) ) ;
#7208 = ORIENTED_EDGE ( 'NONE', *, *, #1619, .T. ) ;
#7209 = CARTESIAN_POINT ( 'NONE',  ( 0.5293747720418091607, -0.1743371086953518223, 0.4390000000000000013 ) ) ;
#7210 = CARTESIAN_POINT ( 'NONE',  ( -1.250000000000000000, -1.125000000000000000, 0.2799999999999999711 ) ) ;
#7211 = CARTESIAN_POINT ( 'NONE',  ( -1.600999999999999979, 1.027502247202359387, 0.1500000000000000222 ) ) ;
#7212 = CARTESIAN_POINT ( 'NONE',  ( -0.08062111261944968077, 0.001845205338841217173, 0.4390000000000000568 ) ) ;
#7213 = CARTESIAN_POINT ( 'NONE',  ( -0.3682881024334320741, -0.1230544497265111809, 0.4400000000000000577 ) ) ;
#7214 = CARTESIAN_POINT ( 'NONE',  ( -0.07048015474314717199, 0.1892223457051787627, 0.4390000000000000013 ) ) ;
#7215 = CARTESIAN_POINT ( 'NONE',  ( 0.1314627736672424052, 0.1088829761659725753, 0.4399999999999997247 ) ) ;
#7216 = LINE ( 'NONE', #1141, #1595 ) ;
#7217 = CARTESIAN_POINT ( 'NONE',  ( -0.03951942811453033888, -0.1515429280607745455, 0.4400000000000001132 ) ) ;
#7218 = ORIENTED_EDGE ( 'NONE', *, *, #2080, .T. ) ;
#7219 = VERTEX_POINT ( 'NONE', #7120 ) ;
#7220 = FILL_AREA_STYLE_COLOUR ( '', #8999 ) ;
#7221 = DIRECTION ( 'NONE',  ( 0.000000000000000000, 0.000000000000000000, -1.000000000000000000 ) ) ;
#7222 =( GEOMETRIC_REPRESENTATION_CONTEXT ( 3 ) GLOBAL_UNCERTAINTY_ASSIGNED_CONTEXT ( ( #129 ) ) GLOBAL_UNIT_ASSIGNED_CONTEXT ( ( #3305, #3935, #3254 ) ) REPRESENTATION_CONTEXT ( 'NONE', 'WORKASPACE' ) );
#7223 = CARTESIAN_POINT ( 'NONE',  ( -0.1546315915196254109, -0.1766338977538639832, 0.4400000000000000022 ) ) ;
#7224 = DIRECTION ( 'NONE',  ( -0.000000000000000000, -0.000000000000000000, 1.000000000000000000 ) ) ;
#7225 = CARTESIAN_POINT ( 'NONE',  ( 0.8959949524494257300, 0.05710738349925732760, 0.4400000000000000022 ) ) ;
#7226 = CARTESIAN_POINT ( 'NONE',  ( 0.000000000000000000, -1.250999999999999890, -0.1549999999999999711 ) ) ;
#7227 = CARTESIAN_POINT ( 'NONE',  ( 0.7957656325240215489, 0.1831244531306015499, 0.4390000000000000013 ) ) ;
#7228 = EDGE_CURVE ( 'NONE', #7128, #267, #9337, .T. ) ;
#7229 = EDGE_CURVE ( 'NONE', #6526, #6888, #7780, .T. ) ;
#7230 = CARTESIAN_POINT ( 'NONE',  ( -0.5173649101185366916, 0.1663140506916828409, 0.4390000000000001124 ) ) ;
#7231 = VERTEX_POINT ( 'NONE', #1347 ) ;
#7232 = CARTESIAN_POINT ( 'NONE',  ( -0.6541323224681914184, 0.1741423742585807843, 0.4399999999999998912 ) ) ;
#7233 = ORIENTED_EDGE ( 'NONE', *, *, #8307, .T. ) ;
#7234 = CARTESIAN_POINT ( 'NONE',  ( 0.3784101013397135338, -0.2144764906136282789, 0.4390000000000000013 ) ) ;
#7235 = CARTESIAN_POINT ( 'NONE',  ( 0.6448919787323050823, -0.1473737060432816215, 0.4400000000000001132 ) ) ;
#7236 = CARTESIAN_POINT ( 'NONE',  ( -0.7336719294577213057, 0.1768513619039951967, 0.4400000000000000577 ) ) ;
#7237 = ORIENTED_EDGE ( 'NONE', *, *, #1620, .F. ) ;
#7238 = LINE ( 'NONE', #640, #8365 ) ;
#7239 = CARTESIAN_POINT ( 'NONE',  ( 0.9752240626453163586, -0.06987838024578864327, 0.4390000000000000568 ) ) ;
#7240 = CARTESIAN_POINT ( 'NONE',  ( -0.007505022463244374366, 0.1876613515251836228, 0.4399999999999998912 ) ) ;
#7241 = VECTOR ( 'NONE', #7390, 1000.000000000000000 ) ;
#7242 = VERTEX_POINT ( 'NONE', #2028 ) ;
#7243 = CARTESIAN_POINT ( 'NONE',  ( -0.5197245487268008501, 0.2258973881926385485, 0.4390000000000001124 ) ) ;
#7244 = ADVANCED_FACE ( 'NONE', ( #9239 ), #6342, .F. ) ;
#7245 = CARTESIAN_POINT ( 'NONE',  ( -1.250000000000000000, 1.125000000000000000, 0.3049999999999999933 ) ) ;
#7246 = CARTESIAN_POINT ( 'NONE',  ( 0.3320683921221330714, 0.1047992554157380907, 0.4400000000000000022 ) ) ;
#7247 = CARTESIAN_POINT ( 'NONE',  ( -0.8330382159679786680, -0.1798611059982436478, 0.4399999999999998912 ) ) ;
#7248 = CIRCLE ( 'NONE', #6620, 0.02500000000000001180 ) ;
#7249 = CARTESIAN_POINT ( 'NONE',  ( -0.6643581325557251782, -0.1626523658336454792, 0.4390000000000001124 ) ) ;
#7250 = CARTESIAN_POINT ( 'NONE',  ( -0.5586177866698877059, 0.1150622111971215944, 0.4390000000000000568 ) ) ;
#7251 = VERTEX_POINT ( 'NONE', #4237 ) ;
#7252 = EDGE_CURVE ( 'NONE', #3532, #3922, #8522, .T. ) ;
#7253 = VECTOR ( 'NONE', #9420, 1000.000000000000000 ) ;
#7254 = CARTESIAN_POINT ( 'NONE',  ( 0.9660287215494611779, -0.05685096494155040397, 0.4390000000000000568 ) ) ;
#7255 = CARTESIAN_POINT ( 'NONE',  ( 0.4999822689364689654, -0.2124306162002987108, 0.4399999999999997802 ) ) ;
#7257 = CARTESIAN_POINT ( 'NONE',  ( 0.4604212718435711227, -0.1816645905980428521, 0.4400000000000000577 ) ) ;
#7256 = B_SPLINE_SURFACE_WITH_KNOTS ( 'NONE', 3, 1, ( 
 ( #9308, #4204 ),
 ( #495, #7093 ),
 ( #8731, #2144 ),
 ( #7142, #546 ),
 ( #1365, #445 ),
 ( #8628, #3385 ),
 ( #3430, #3483 ),
 ( #4877, #2097 ),
 ( #2720, #4302 ),
 ( #6311, #7240 ),
 ( #9405, #9259 ),
 ( #1170, #596 ),
 ( #6414, #6460 ),
 ( #5597, #643 ),
 ( #7904, #2822 ) ),
 .UNSPECIFIED., .F., .F., .F.,
 ( 4, 1, 1, 1, 1, 1, 1, 1, 1, 1, 1, 1, 4 ),
 ( 2, 2 ),
 ( 0.000000000000000000, 0.09025424934267663180, 0.1785397915286852100, 0.2660930338538204931, 0.3546309779571730769, 0.4418861533505630823, 0.5257469151636487981, 0.6081136336036366830, 0.6901972728278826796, 0.7708214843303353714, 0.8483261812554112602, 0.9240117400247433999, 1.000000000000000000 ),
 ( 0.000000000000000000, 1.000000000000000000 ),
 .UNSPECIFIED. ) ;
#7258 = CYLINDRICAL_SURFACE ( 'NONE', #889, 0.2225000000000002531 ) ;
#7259 = CARTESIAN_POINT ( 'NONE',  ( 1.600000000000000089, -1.250000000000000000, 0.1500000000000000222 ) ) ;
#7260 = ORIENTED_EDGE ( 'NONE', *, *, #3459, .F. ) ;
#7261 = DIRECTION ( 'NONE',  ( -1.000000000000000000, -2.695652553920085279E-16, 0.000000000000000000 ) ) ;
#7262 = ORIENTED_EDGE ( 'NONE', *, *, #3296, .F. ) ;
#7263 = ORIENTED_EDGE ( 'NONE', *, *, #4240, .F. ) ;
#7264 = SURFACE_SIDE_STYLE ('',( #2885 ) ) ;
#7265 =( LENGTH_UNIT ( ) NAMED_UNIT ( * ) SI_UNIT ( .MILLI., .METRE. ) );
#7266 = CARTESIAN_POINT ( 'NONE',  ( 0.2379996016845359608, 0.2008187541528887454, 0.4389999999999998903 ) ) ;
#7267 = PLANE ( 'NONE',  #4809 ) ;
#7268 = CARTESIAN_POINT ( 'NONE',  ( -0.2551111981881140078, 0.1362072463370522513, 0.4389999999999999458 ) ) ;
#7269 = ORIENTED_EDGE ( 'NONE', *, *, #1732, .F. ) ;
#7270 = CYLINDRICAL_SURFACE ( 'NONE', #1687, 0.02500000000000001180 ) ;
#7271 = CARTESIAN_POINT ( 'NONE',  ( -0.6723110525064401877, -0.1048611059982436505, 0.4400000000000000022 ) ) ;
#7272 = B_SPLINE_CURVE_WITH_KNOTS ( 'NONE', 3,
 ( #1715, #4657, #6772, #9091, #6824, #6686, #7591, #1627, #5204, #8124, #6005, #180, #6053, #3949, #7465, #8173, #8998, #5376, #7421 ),
 .UNSPECIFIED., .F., .F.,
 ( 4, 1, 1, 1, 1, 1, 1, 1, 1, 1, 1, 1, 1, 1, 1, 1, 4 ),
 ( 0.000000000000000000, 0.07262534608343566844, 0.1419766113262345142, 0.2089849284189388701, 0.2739568703644449377, 0.3368893473968410657, 0.3987449534945903262, 0.4601158852788615472, 0.5208249225900292156, 0.5809944586324856663, 0.6401519276014651094, 0.6986224507562547315, 0.7572710809271643306, 0.8164266940046603915, 0.8762540482034704148, 0.9371652930625378186, 1.000000000000000000 ),
 .UNSPECIFIED. ) ;
#7273 = CARTESIAN_POINT ( 'NONE',  ( -0.8327677832756710252, -0.2260149521520898042, 0.4400000000000000022 ) ) ;
#7274 = CARTESIAN_POINT ( 'NONE',  ( 0.8019749752490811234, 0.1955097817523507031, 0.4389999999999998903 ) ) ;
#7275 =( NAMED_UNIT ( * ) SI_UNIT ( $, .STERADIAN. ) SOLID_ANGLE_UNIT ( ) );
#7276 = B_SPLINE_CURVE_WITH_KNOTS ( 'NONE', 3,
 ( #6048, #8444, #4701, #6972, #4802, #5524, #8297, #9130, #2599, #6193, #995 ),
 .UNSPECIFIED., .F., .F.,
 ( 4, 1, 1, 1, 1, 1, 1, 1, 4 ),
 ( 0.000000000000000000, 0.1335067689985182104, 0.2625589787303694855, 0.3882644471488779780, 0.5126673546814276561, 0.6337222699657597547, 0.7553938601370939754, 0.8775529450912776808, 1.000000000000000000 ),
 .UNSPECIFIED. ) ;
#7277 = CARTESIAN_POINT ( 'NONE',  ( -0.1102559439907205147, -0.1796270732396998138, 0.4390000000000000013 ) ) ;
#7278 = VERTEX_POINT ( 'NONE', #7981 ) ;
#7279 = CARTESIAN_POINT ( 'NONE',  ( -0.8541788984826920172, -0.1794665589616718515, 0.4400000000000000577 ) ) ;
#7280 = ADVANCED_FACE ( 'NONE', ( #3609 ), #4794, .T. ) ;
#7281 = CIRCLE ( 'NONE', #4518, 0.2225000000000000311 ) ;
#7282 = CARTESIAN_POINT ( 'NONE',  ( 0.9817118975665680702, -0.1230544497265110976, 0.4390000000000002234 ) ) ;
#7283 = CARTESIAN_POINT ( 'NONE',  ( -0.8115483535199019549, 0.2002942466613383266, 0.4400000000000000577 ) ) ;
#7284 = AXIS2_PLACEMENT_3D ( 'NONE', #8294, #943, #2449 ) ;
#7285 = CARTESIAN_POINT ( 'NONE',  ( -0.5061681080034986513, 0.1009315587940002173, 0.4390000000000000013 ) ) ;
#7286 = CARTESIAN_POINT ( 'NONE',  ( -1.500000000000000000, 0.000000000000000000, -0.1549999999999999711 ) ) ;
#7287 = CARTESIAN_POINT ( 'NONE',  ( -0.8493229532247059677, 0.2007527926940220475, 0.4400000000000003908 ) ) ;
#7288 = VECTOR ( 'NONE', #7769, 1000.000000000000000 ) ;
#7289 = VERTEX_POINT ( 'NONE', #5818 ) ;
#7290 = LINE ( 'NONE', #9407, #7173 ) ;
#7291 = AXIS2_PLACEMENT_3D ( 'NONE', #5623, #8551, #5673 ) ;
#7292 = CARTESIAN_POINT ( 'NONE',  ( 0.3674991767059351822, 0.1518727839490219556, 0.4400000000000001688 ) ) ;
#7293 = DIRECTION ( 'NONE',  ( 1.000000000000000000, 0.000000000000000000, 0.000000000000000000 ) ) ;
#7294 = CARTESIAN_POINT ( 'NONE',  ( -0.2036803410228008870, -0.1504389766776679793, 0.4389999999999999458 ) ) ;
#7295 = DIRECTION ( 'NONE',  ( 0.000000000000000000, 0.000000000000000000, -1.000000000000000000 ) ) ;
#7296 = CARTESIAN_POINT ( 'NONE',  ( 0.5698764474935598123, 0.03360043246329480482, 0.4400000000000000022 ) ) ;
#7297 = CARTESIAN_POINT ( 'NONE',  ( -1.018374754429517193, -0.1473190386905513238, 0.4399999999999998912 ) ) ;
#7298 = COLOUR_RGB ( '',0.9686274509803921573, 0.8784313725490195957, 0.5999999999999999778 ) ;
#7299 = ADVANCED_FACE ( 'NONE', ( #85 ), #7270, .F. ) ;
#7300 = ORIENTED_EDGE ( 'NONE', *, *, #4991, .T. ) ;
#7301 = LINE ( 'NONE', #7210, #7241 ) ;
#7302 =( GEOMETRIC_REPRESENTATION_CONTEXT ( 3 ) GLOBAL_UNCERTAINTY_ASSIGNED_CONTEXT ( ( #9152 ) ) GLOBAL_UNIT_ASSIGNED_CONTEXT ( ( #8139, #5257, #3869 ) ) REPRESENTATION_CONTEXT ( 'NONE', 'WORKASPACE' ) );
#7303 = EDGE_CURVE ( 'NONE', #1564, #569, #7593, .T. ) ;
#7304 = CARTESIAN_POINT ( 'NONE',  ( -0.1896368390124303915, -0.2130703522685150342, 0.4390000000000000013 ) ) ;
#7305 = CARTESIAN_POINT ( 'NONE',  ( 0.5231895872759538824, -0.2213050744981151230, 0.4390000000000000013 ) ) ;
#7306 = CARTESIAN_POINT ( 'NONE',  ( 0.9822863032627905389, 0.1432158170786793916, 0.4390000000000000013 ) ) ;
#7307 = LINE ( 'NONE', #7967, #8156 ) ;
#7308 = LINE ( 'NONE', #5184, #4139 ) ;
#7309 = EDGE_CURVE ( 'NONE', #7068, #9019, #8758, .T. ) ;
#7310 = CARTESIAN_POINT ( 'NONE',  ( -0.009983098091257944923, -0.1031560255797583370, 0.4399999999999999467 ) ) ;
#7311 = ORIENTED_EDGE ( 'NONE', *, *, #6236, .T. ) ;
#7312 = ORIENTED_EDGE ( 'NONE', *, *, #4004, .T. ) ;
#7313 = CARTESIAN_POINT ( 'NONE',  ( 0.9328952367828464709, 0.03055675664746104053, 0.4389999999999998348 ) ) ;
#7314 = CARTESIAN_POINT ( 'NONE',  ( 0.000000000000000000, 1.250999999999999890, -0.1549999999999999711 ) ) ;
#7315 = CARTESIAN_POINT ( 'NONE',  ( 0.2346300532627904334, 0.2009081247709871010, 0.4390000000000000013 ) ) ;
#7316 = CARTESIAN_POINT ( 'NONE',  ( -0.1887090904701243799, 0.2303151673925487308, 0.4389999999999999458 ) ) ;
#7317 = CARTESIAN_POINT ( 'NONE',  ( -0.004439850092750635691, 0.01132403424277880592, 0.4400000000000000022 ) ) ;
#7318 = CARTESIAN_POINT ( 'NONE',  ( -0.04379596082670893231, 0.09402578689025208047, 0.4389999999999999458 ) ) ;
#7319 = CARTESIAN_POINT ( 'NONE',  ( -1.074842703104793795, 0.03715694069197519184, 0.4399999999999998357 ) ) ;
#7320 = CARTESIAN_POINT ( 'NONE',  ( -0.04337475442951722882, 0.03756677861714095151, 0.4390000000000000013 ) ) ;
#7321 = CARTESIAN_POINT ( 'NONE',  ( -0.1022434748293332418, -0.2254046572391142922, 0.4390000000000001679 ) ) ;
#7322 = VECTOR ( 'NONE', #394, 1000.000000000000000 ) ;
#7323 = VECTOR ( 'NONE', #372, 1000.000000000000000 ) ;
#7324 = FACE_OUTER_BOUND ( 'NONE', #5451, .T. ) ;
#7325 = CARTESIAN_POINT ( 'NONE',  ( -1.600000000000000089, -1.250000000000000000, -0.1499999999999999667 ) ) ;
#7326 = CARTESIAN_POINT ( 'NONE',  ( -1.449999999999999956, -0.9000000000000000222, 0.4400000000000000022 ) ) ;
#7327 =( GEOMETRIC_REPRESENTATION_CONTEXT ( 3 ) GLOBAL_UNCERTAINTY_ASSIGNED_CONTEXT ( ( #2541 ) ) GLOBAL_UNIT_ASSIGNED_CONTEXT ( ( #1667, #6142, #5326 ) ) REPRESENTATION_CONTEXT ( 'NONE', 'WORKASPACE' ) );
#7328 = ORIENTED_EDGE ( 'NONE', *, *, #982, .F. ) ;
#7329 = CARTESIAN_POINT ( 'NONE',  ( -0.6398182710296170805, -0.1353031720697026319, 0.4400000000000001132 ) ) ;
#7330 = CARTESIAN_POINT ( 'NONE',  ( 0.6272351345043694071, -0.1615701322775035531, 0.4400000000000000022 ) ) ;
#7331 = CARTESIAN_POINT ( 'NONE',  ( 0.4707177936474059021, 0.01052350938637172661, 0.4390000000000000013 ) ) ;
#7332 = ORIENTED_EDGE ( 'NONE', *, *, #9153, .T. ) ;
#7333 = CARTESIAN_POINT ( 'NONE',  ( 0.9077855987313305786, -0.1795333693557046584, 0.4399999999999998912 ) ) ;
#7334 = CARTESIAN_POINT ( 'NONE',  ( 0.9054206474952301020, 0.2004842256966972991, 0.4400000000000001132 ) ) ;
#7335 = CARTESIAN_POINT ( 'NONE',  ( -0.9786017854338986410, 0.1455869338854415551, 0.4400000000000003353 ) ) ;
#7336 = ORIENTED_EDGE ( 'NONE', *, *, #2443, .T. ) ;
#7337 = CARTESIAN_POINT ( 'NONE',  ( 0.8317856348324998983, 0.1224593890083548603, 0.4390000000000000568 ) ) ;
#7338 = B_SPLINE_SURFACE_WITH_KNOTS ( 'NONE', 3, 1, ( 
 ( #4515, #7457 ),
 ( #5868, #8810 ),
 ( #93, #8719 ),
 ( #6636, #2132 ),
 ( #5064, #4334 ),
 ( #1446, #4383 ),
 ( #723, #2222 ) ),
 .UNSPECIFIED., .F., .F., .F.,
 ( 4, 1, 1, 1, 4 ),
 ( 2, 2 ),
 ( 0.000000000000000000, 0.2347233736739018917, 0.4771583189289878013, 0.7285562842030538500, 0.9999999999999998890 ),
 ( 0.000000000000000000, 1.000000000000000000 ),
 .UNSPECIFIED. ) ;
#7339 = LINE ( 'NONE', #8780, #1541 ) ;
#7340 = CARTESIAN_POINT ( 'NONE',  ( 0.3285815756137041577, 0.08072691816560501055, 0.4389999999999998903 ) ) ;
#7341 = CARTESIAN_POINT ( 'NONE',  ( -0.1997872813062001041, -0.1538518553556947610, 0.4400000000000000577 ) ) ;
#7342 = AXIS2_PLACEMENT_3D ( 'NONE', #5646, #8576, #9453 ) ;
#7343 = CARTESIAN_POINT ( 'NONE',  ( 0.7034285686371269941, 0.004252416027599812375, 0.4399999999999998912 ) ) ;
#7344 = CARTESIAN_POINT ( 'NONE',  ( 0.9617989151407568826, -0.05143993369705918139, 0.4390000000000000568 ) ) ;
#7345 = LINE ( 'NONE', #69, #1374 ) ;
#7346 = EDGE_CURVE ( 'NONE', #2116, #7691, #1988, .T. ) ;
#7347 = ORIENTED_EDGE ( 'NONE', *, *, #4307, .F. ) ;
#7348 = CARTESIAN_POINT ( 'NONE',  ( -0.1749340546388546691, 0.1866080078026308153, 0.4400000000000001688 ) ) ;
#7349 = CARTESIAN_POINT ( 'NONE',  ( -0.1234228313525939508, -0.2260149521520898042, 0.4390000000000000013 ) ) ;
#7350 = CARTESIAN_POINT ( 'NONE',  ( 0.4892564909350453073, -0.2061928227223155385, 0.4399999999999997802 ) ) ;
#7351 = DIRECTION ( 'NONE',  ( 0.000000000000000000, 1.000000000000000000, 0.000000000000000000 ) ) ;
#7352 = CARTESIAN_POINT ( 'NONE',  ( -0.9305875538530132829, -0.1588644046195192561, 0.4389999999999998903 ) ) ;
#7353 = CARTESIAN_POINT ( 'NONE',  ( -0.4933806985157583314, -0.2204362943121900287, 0.4400000000000000577 ) ) ;
#7354 = CARTESIAN_POINT ( 'NONE',  ( -0.7076293144310573657, 0.2159243290809395865, 0.4400000000000000022 ) ) ;
#7355 = ORIENTED_EDGE ( 'NONE', *, *, #4280, .F. ) ;
#7356 = FACE_OUTER_BOUND ( 'NONE', #1112, .T. ) ;
#7357 = FACE_OUTER_BOUND ( 'NONE', #3819, .T. ) ;
#7358 = CARTESIAN_POINT ( 'NONE',  ( 0.9144942530010076176, 0.04387185497709501780, 0.4390000000000001124 ) ) ;
#7359 = CARTESIAN_POINT ( 'NONE',  ( -0.1262821445972054368, 0.2469868434165188864, 0.4390000000000000013 ) ) ;
#7360 = EDGE_CURVE ( 'NONE', #7128, #2818, #2302, .T. ) ;
#7361 = CARTESIAN_POINT ( 'NONE',  ( -0.3540655098284389291, -0.1807663367254274678, 0.4390000000000001679 ) ) ;
#7362 = CARTESIAN_POINT ( 'NONE',  ( -0.4540050475505740257, 0.05710738349925728596, 0.4400000000000000022 ) ) ;
#7363 = LINE ( 'NONE', #8895, #4219 ) ;
#7364 = CARTESIAN_POINT ( 'NONE',  ( 0.6871800148447343437, -0.1666941254047198395, 0.4389999999999998348 ) ) ;
#7365 = CARTESIAN_POINT ( 'NONE',  ( 0.8680550946435556803, 0.1971707674838826529, 0.4399999999999998912 ) ) ;
#7366 = AXIS2_PLACEMENT_3D ( 'NONE', #2339, #4414, #6576 ) ;
#7367 = DIRECTION ( 'NONE',  ( -0.000000000000000000, 1.000000000000000000, 0.000000000000000000 ) ) ;
#7368 = DIRECTION ( 'NONE',  ( -1.000000000000000000, 0.000000000000000000, -0.000000000000000000 ) ) ;
#7369 = CARTESIAN_POINT ( 'NONE',  ( -0.01585029463161944860, -0.1205792616384902954, 0.4390000000000000013 ) ) ;
#7370 = ADVANCED_FACE ( 'NONE', ( #5271 ), #934, .T. ) ;
#7371 = ORIENTED_EDGE ( 'NONE', *, *, #8113, .T. ) ;
#7372 = CARTESIAN_POINT ( 'NONE',  ( -1.250000000000000000, 1.100000000000000089, 0.4149999999999999800 ) ) ;
#7373 = DIRECTION ( 'NONE',  ( -1.000000000000000000, 0.000000000000000000, 0.000000000000000000 ) ) ;
#7374 = CARTESIAN_POINT ( 'NONE',  ( 0.5756333866615663819, -0.1795477907575949716, 0.4390000000000001124 ) ) ;
#7375 = VECTOR ( 'NONE', #6556, 1000.000000000000000 ) ;
#7376 = ORIENTED_EDGE ( 'NONE', *, *, #2356, .F. ) ;
#7377 = CARTESIAN_POINT ( 'NONE',  ( 0.9193007442549017139, -0.1774401233779249465, 0.4399999999999998912 ) ) ;
#7378 = CARTESIAN_POINT ( 'NONE',  ( 0.9633164729924039715, 0.1661804920653244810, 0.4400000000000000022 ) ) ;
#7379 = CARTESIAN_POINT ( 'NONE',  ( -1.009569717579972714, 0.1068648346245563707, 0.4400000000000002798 ) ) ;
#7380 = ORIENTED_EDGE ( 'NONE', *, *, #386, .T. ) ;
#7381 = LINE ( 'NONE', #6690, #8535 ) ;
#7382 = PLANE ( 'NONE',  #2796 ) ;
#7383 = CARTESIAN_POINT ( 'NONE',  ( -0.03105030764428908657, 0.04604279679257376745, 0.4399999999999999467 ) ) ;
#7384 = DIRECTION ( 'NONE',  ( 0.000000000000000000, 0.000000000000000000, -1.000000000000000000 ) ) ;
#7385 = CARTESIAN_POINT ( 'NONE',  ( 0.3322562551858673774, 0.1096821632325255536, 0.4390000000000000013 ) ) ;
#7386 = CARTESIAN_POINT ( 'NONE',  ( -0.5522794015444264515, 0.09786825203988666622, 0.4400000000000000022 ) ) ;
#7387 = CARTESIAN_POINT ( 'NONE',  ( -0.9379845237648303247, -0.2064808589782456127, 0.4399999999999998912 ) ) ;
#7388 = COLOUR_RGB ( '',0.9686274509803921573, 0.8784313725490195957, 0.5999999999999999778 ) ;
#7389 = ORIENTED_EDGE ( 'NONE', *, *, #3411, .F. ) ;
#7390 = DIRECTION ( 'NONE',  ( -1.000000000000000000, 0.000000000000000000, 0.000000000000000000 ) ) ;
#7391 = AXIS2_PLACEMENT_3D ( 'NONE', #524, #3462, #1297 ) ;
#7392 = CARTESIAN_POINT ( 'NONE',  ( 0.9617989151407568826, -0.05143993369705918139, 0.4400000000000000577 ) ) ;
#7393 = DIRECTION ( 'NONE',  ( -0.000000000000000000, -0.000000000000000000, 1.000000000000000000 ) ) ;
#7394 = EDGE_CURVE ( 'NONE', #356, #5697, #5410, .T. ) ;
#7395 = EDGE_CURVE ( 'NONE', #619, #1494, #8201, .T. ) ;
#7396 = CARTESIAN_POINT ( 'NONE',  ( 0.4299715921335652280, -0.1257942917064105992, 0.4400000000000000022 ) ) ;
#7397 = DIRECTION ( 'NONE',  ( 0.000000000000000000, 0.000000000000000000, 1.000000000000000000 ) ) ;
#7398 = CARTESIAN_POINT ( 'NONE',  ( -0.5116615815944626222, -0.2134143259298673934, 0.4400000000000000022 ) ) ;
#7399 = CARTESIAN_POINT ( 'NONE',  ( 0.8392174697982378584, 0.04847397028318149032, 0.4390000000000001124 ) ) ;
#7400 = CIRCLE ( 'NONE', #484, 0.02500000000000001180 ) ;
#7401 = ORIENTED_EDGE ( 'NONE', *, *, #4671, .F. ) ;
#7402 = DIRECTION ( 'NONE',  ( 0.000000000000000000, 0.000000000000000000, -1.000000000000000000 ) ) ;
#7403 = CARTESIAN_POINT ( 'NONE',  ( 1.600000000000000089, 1.250000000000000000, 0.1500000000000000222 ) ) ;
#7404 = CARTESIAN_POINT ( 'NONE',  ( 0.8590525868580645152, 0.08491489590235934415, 0.4389999999999999458 ) ) ;
#7405 = CARTESIAN_POINT ( 'NONE',  ( -0.2075529409347492971, 0.2172198091219535998, 0.4400000000000000577 ) ) ;
#7406 = CARTESIAN_POINT ( 'NONE',  ( -0.5586665966601269684, 0.1699861994883434257, 0.4400000000000000577 ) ) ;
#7407 = CARTESIAN_POINT ( 'NONE',  ( 1.449999999999999956, -0.9000000000000000222, 0.3049999999999999933 ) ) ;
#7408 = VECTOR ( 'NONE', #3171, 1000.000000000000000 ) ;
#7409 = CARTESIAN_POINT ( 'NONE',  ( -1.058486941357307920, 0.1042878245572932266, 0.4400000000000002798 ) ) ;
#7410 = CARTESIAN_POINT ( 'NONE',  ( 0.4245639474935597457, -0.09909187522901288792, 0.4400000000000000022 ) ) ;
#7411 = CARTESIAN_POINT ( 'NONE',  ( 0.09072869663968248510, 0.1129420083688947862, 0.4399999999999999467 ) ) ;
#7412 = CARTESIAN_POINT ( 'NONE',  ( 0.8290672115819142096, 0.1554134560710996316, 0.4400000000000000022 ) ) ;
#7413 = EDGE_CURVE ( 'NONE', #7953, #6312, #3156, .T. ) ;
#7414 =( NAMED_UNIT ( * ) SI_UNIT ( $, .STERADIAN. ) SOLID_ANGLE_UNIT ( ) );
#7415 = CARTESIAN_POINT ( 'NONE',  ( -0.4265617647515307920, 0.03743837030140803601, 0.4400000000000000577 ) ) ;
#7416 = FACE_OUTER_BOUND ( 'NONE', #1992, .T. ) ;
#7417 = DIRECTION ( 'NONE',  ( 1.000000000000000000, -2.706316702822271834E-16, 0.000000000000000000 ) ) ;
#7418 = FILL_AREA_STYLE ('',( #4475 ) ) ;
#7419 = CARTESIAN_POINT ( 'NONE',  ( -0.1342211205312683620, 0.2468388881625582509, 0.4399999999999998357 ) ) ;
#7420 = ORIENTED_EDGE ( 'NONE', *, *, #7252, .T. ) ;
#7421 = CARTESIAN_POINT ( 'NONE',  ( -0.1222509563525940868, 0.2470619709248332851, 0.4390000000000000013 ) ) ;
#7422 = EDGE_CURVE ( 'NONE', #7081, #1118, #1700, .T. ) ;
#7423 = CARTESIAN_POINT ( 'NONE',  ( -0.3662765929633253204, -0.1133899195192124149, 0.4390000000000000013 ) ) ;
#7424 = EDGE_LOOP ( 'NONE', ( #7143, #8732, #632, #7915 ) ) ;
#7425 = VERTEX_POINT ( 'NONE', #6181 ) ;
#7426 = CARTESIAN_POINT ( 'NONE',  ( 0.03225625518586748564, -0.08079259638285905820, 0.4400000000000000022 ) ) ;
#7427 = CARTESIAN_POINT ( 'NONE',  ( 0.008736974631463688412, 0.1160761872954530066, 0.4390000000000000013 ) ) ;
#7428 = CARTESIAN_POINT ( 'NONE',  ( 0.9411642040979691926, 0.1864051138167854282, 0.4390000000000001679 ) ) ;
#7429 = CARTESIAN_POINT ( 'NONE',  ( 0.8869137071089443491, 0.01232639400175632692, 0.4390000000000000013 ) ) ;
#7430 = CARTESIAN_POINT ( 'NONE',  ( 0.3284432288013840462, 0.1362344288676504700, 0.4400000000000001132 ) ) ;
#7431 = DIRECTION ( 'NONE',  ( -3.152355471214259314E-16, 1.000000000000000000, 0.000000000000000000 ) ) ;
#7432 = CIRCLE ( 'NONE', #8667, 0.1750000000000000167 ) ;
#7433 = ORIENTED_EDGE ( 'NONE', *, *, #5441, .T. ) ;
#7434 = CARTESIAN_POINT ( 'NONE',  ( 0.1075930121291201746, 0.1700132488962577404, 0.4390000000000001124 ) ) ;
#7435 = CARTESIAN_POINT ( 'NONE',  ( 0.7913822133301122719, 0.1150622111971215944, 0.4390000000000001124 ) ) ;
#7436 = VECTOR ( 'NONE', #7664, 1000.000000000000000 ) ;
#7437 = CARTESIAN_POINT ( 'NONE',  ( -0.3255205416938062868, -0.1082644576094349553, 0.4400000000000000022 ) ) ;
#7438 = CARTESIAN_POINT ( 'NONE',  ( 0.4266700893551639839, -0.1126928626284876833, 0.4389999999999998903 ) ) ;
#7439 = CARTESIAN_POINT ( 'NONE',  ( -0.5032423112289445832, 0.1847640311179730432, 0.4400000000000001132 ) ) ;
#7440 = CARTESIAN_POINT ( 'NONE',  ( 1.500000000000000000, -0.5000000000000003331, -0.1549999999999999711 ) ) ;
#7441 = FACE_OUTER_BOUND ( 'NONE', #1290, .T. ) ;
#7442 = CARTESIAN_POINT ( 'NONE',  ( 0.8604682028810802796, 0.03171495692889657325, 0.4399999999999997802 ) ) ;
#7443 = ORIENTED_EDGE ( 'NONE', *, *, #2281, .T. ) ;
#7444 = PRESENTATION_LAYER_ASSIGNMENT (  '', '', ( #5153 ) ) ;
#7445 = CARTESIAN_POINT ( 'NONE',  ( -0.8276569591053291042, -0.2259571002982809218, 0.4399999999999999467 ) ) ;
#7446 = DIRECTION ( 'NONE',  ( -0.7969199129874925402, -0.6040849710794065075, 0.000000000000000000 ) ) ;
#7447 = DIRECTION ( 'NONE',  ( -0.000000000000000000, -0.000000000000000000, 1.000000000000000000 ) ) ;
#7448 = LINE ( 'NONE', #4505, #3397 ) ;
#7449 = CARTESIAN_POINT ( 'NONE',  ( -0.5619745140449017295, 0.1420439420786794305, 0.4400000000000000022 ) ) ;
#7450 = CARTESIAN_POINT ( 'NONE',  ( -0.003726705070648262275, 0.07758906821124189612, 0.4390000000000000013 ) ) ;
#7451 = FILL_AREA_STYLE ('',( #1612 ) ) ;
#7452 = CARTESIAN_POINT ( 'NONE',  ( -0.3254360525064402543, -0.1042300963828590582, 0.4390000000000000568 ) ) ;
#7453 = CARTESIAN_POINT ( 'NONE',  ( 0.6593715784462459428, -0.1952536086188986497, 0.4399999999999996136 ) ) ;
#7454 = CARTESIAN_POINT ( 'NONE',  ( -0.3387426493151648454, 0.1812413703688390554, 0.4390000000000001679 ) ) ;
#7455 = UNCERTAINTY_MEASURE_WITH_UNIT (LENGTH_MEASURE( 1.000000000000000082E-05 ), #6074, 'distance_accuracy_value', 'NONE');
#7456 = ORIENTED_EDGE ( 'NONE', *, *, #52, .F. ) ;
#7457 = CARTESIAN_POINT ( 'NONE',  ( -0.3658206678910556620, -0.1035990867674744381, 0.4400000000000000022 ) ) ;
#7458 = EDGE_CURVE ( 'NONE', #5891, #989, #4888, .T. ) ;
#7459 = LINE ( 'NONE', #8030, #7880 ) ;
#7460 = CARTESIAN_POINT ( 'NONE',  ( 0.2367033705704829349, 0.2470619709248332851, 0.4390000000000000013 ) ) ;
#7461 = CARTESIAN_POINT ( 'NONE',  ( 0.9871872918267114994, -0.1899184998996603646, 0.4399999999999998912 ) ) ;
#7462 = AXIS2_PLACEMENT_3D ( 'NONE', #1894, #9216, #8587 ) ;
#7463 = CARTESIAN_POINT ( 'NONE',  ( 0.8989028898012522140, 0.2470619709248332851, 0.4400000000000000022 ) ) ;
#7464 = VERTEX_POINT ( 'NONE', #5987 ) ;
#7465 = CARTESIAN_POINT ( 'NONE',  ( -0.1572216649729695492, 0.2429884413304583823, 0.4389999999999998903 ) ) ;
#7466 = CARTESIAN_POINT ( 'NONE',  ( -0.9954394044662722152, 0.1273289807628480708, 0.4400000000000003353 ) ) ;
#7467 = ORIENTED_EDGE ( 'NONE', *, *, #7615, .T. ) ;
#7468 = VECTOR ( 'NONE', #2095, 1000.000000000000000 ) ;
#7469 = DIRECTION ( 'NONE',  ( 0.000000000000000000, 0.000000000000000000, 1.000000000000000000 ) ) ;
#7470 = CIRCLE ( 'NONE', #5171, 0.2249999999999999500 ) ;
#7471 = CARTESIAN_POINT ( 'NONE',  ( -0.9139514957720977772, -0.2150249644077862343, 0.4400000000000000022 ) ) ;
#7472 = EDGE_CURVE ( 'NONE', #1874, #1925, #6940, .T. ) ;
#7473 = ADVANCED_FACE ( 'NONE', ( #363 ), #2346, .T. ) ;
#7474 = DIRECTION ( 'NONE',  ( -1.000000000000000000, 0.000000000000000000, 0.000000000000000000 ) ) ;
#7475 = CARTESIAN_POINT ( 'NONE',  ( -1.033548180713103060, 0.03620176151687875404, 0.4400000000000001132 ) ) ;
#7476 = SURFACE_STYLE_FILL_AREA ( #9050 ) ;
#7477 = CARTESIAN_POINT ( 'NONE',  ( -1.250000000000000000, 1.125000000000000000, 0.2799999999999999711 ) ) ;
#7478 = CARTESIAN_POINT ( 'NONE',  ( 0.1333240908070869868, 0.2050013978864320130, 0.4399999999999997247 ) ) ;
#7479 = ADVANCED_FACE ( 'NONE', ( #4840 ), #9225, .T. ) ;
#7480 = CARTESIAN_POINT ( 'NONE',  ( 0.8943956782627906499, 0.2009081247709871010, 0.4390000000000000013 ) ) ;
#7481 = CARTESIAN_POINT ( 'NONE',  ( 1.500000000000000000, 0.000000000000000000, -0.1549999999999999711 ) ) ;
#7482 = ORIENTED_EDGE ( 'NONE', *, *, #2416, .T. ) ;
#7483 = PRESENTATION_LAYER_ASSIGNMENT (  '', '', ( #3035 ) ) ;
#7484 = ORIENTED_EDGE ( 'NONE', *, *, #825, .T. ) ;
#7485 = CARTESIAN_POINT ( 'NONE',  ( -0.7880464457633047370, -0.2227621639284977639, 0.4390000000000000013 ) ) ;
#7486 = CARTESIAN_POINT ( 'NONE',  ( 0.3726408705704829516, 0.1132879324632948131, 0.4390000000000000013 ) ) ;
#7487 = CARTESIAN_POINT ( 'NONE',  ( -0.2036803410228008870, -0.1504389766776679793, 0.4389999999999999458 ) ) ;
#7488 = CARTESIAN_POINT ( 'NONE',  ( 0.6784101013397136892, -0.06573850984439749690, 0.4390000000000000013 ) ) ;
#7489 = CARTESIAN_POINT ( 'NONE',  ( 0.8660839948886300821, -0.2230301033092251251, 0.4400000000000000577 ) ) ;
#7490 = FILL_AREA_STYLE_COLOUR ( '', #608 ) ;
#7491 = CARTESIAN_POINT ( 'NONE',  ( -0.6884215033824746532, -0.1225466259018928583, 0.4399999999999998912 ) ) ;
#7492 = CARTESIAN_POINT ( 'NONE',  ( 0.9585518438122365703, 0.01010574182723832787, 0.4389999999999999458 ) ) ;
#7493 = ORIENTED_EDGE ( 'NONE', *, *, #3209, .T. ) ;
#7494 = DIRECTION ( 'NONE',  ( 0.000000000000000000, 0.000000000000000000, -1.000000000000000000 ) ) ;
#7495 = PLANE ( 'NONE',  #3453 ) ;
#7496 = CARTESIAN_POINT ( 'NONE',  ( 1.003559763923550285, -0.1710197997642486922, 0.4390000000000000568 ) ) ;
#7497 = CARTESIAN_POINT ( 'NONE',  ( 0.8960182744166367286, -0.1798611059982436478, 0.4390000000000000013 ) ) ;
#7498 = CARTESIAN_POINT ( 'NONE',  ( 0.9841793321089444824, -0.1035990867674744242, 0.4390000000000000013 ) ) ;
#7499 = DIRECTION ( 'NONE',  ( 1.000000000000000000, 2.706316702822271834E-16, 0.000000000000000000 ) ) ;
#7500 = EDGE_CURVE ( 'NONE', #4760, #1361, #7400, .T. ) ;
#7501 = EDGE_CURVE ( 'NONE', #3421, #1833, #7069, .T. ) ;
#7502 = VERTEX_POINT ( 'NONE', #7160 ) ;
#7503 = CARTESIAN_POINT ( 'NONE',  ( 0.9840264181953911615, -0.1068828600102106618, 0.4399999999999998912 ) ) ;
#7504 = PRESENTATION_STYLE_ASSIGNMENT (( #6104 ) ) ;
#7505 = EDGE_LOOP ( 'NONE', ( #3469, #7625, #8207, #1182 ) ) ;
#7506 = CARTESIAN_POINT ( 'NONE',  ( -0.3723843241854103425, -0.1983201536692132394, 0.4399999999999998357 ) ) ;
#7507 = CARTESIAN_POINT ( 'NONE',  ( -1.009872788722889103, -0.1569517293662491819, 0.4400000000000000577 ) ) ;
#7508 = CARTESIAN_POINT ( 'NONE',  ( 0.9758365188927919931, 0.1515249184046990882, 0.4400000000000000022 ) ) ;
#7509 = CARTESIAN_POINT ( 'NONE',  ( -0.5194378383096575069, -0.1504965273467367137, 0.4390000000000001679 ) ) ;
#7510 = CARTESIAN_POINT ( 'NONE',  ( 0.5591865966767006757, 0.03337165701460576700, 0.4400000000000001132 ) ) ;
#7511 = CARTESIAN_POINT ( 'NONE',  ( 0.9234382352484691303, 0.03743837030140804989, 0.4399999999999999467 ) ) ;
#7512 = EDGE_LOOP ( 'NONE', ( #4075, #1600, #6135, #8974, #5767, #3138, #4785, #8525, #4432, #3407 ) ) ;
#7513 = EDGE_CURVE ( 'NONE', #6007, #1639, #7682, .T. ) ;
#7514 = ORIENTED_EDGE ( 'NONE', *, *, #1644, .T. ) ;
#7515 = CARTESIAN_POINT ( 'NONE',  ( 0.1554479651890066927, 0.2234954739214252972, 0.4390000000000001679 ) ) ;
#7516 = CARTESIAN_POINT ( 'NONE',  ( 1.018794716724329197, 0.1708900959248332574, 0.4390000000000000013 ) ) ;
#7517 = CARTESIAN_POINT ( 'NONE',  ( -0.4602530174750557590, 0.2007523347771729139, 0.4399999999999998912 ) ) ;
#7518 = ORIENTED_EDGE ( 'NONE', *, *, #652, .F. ) ;
#7519 = DIRECTION ( 'NONE',  ( -0.6837407958614055703, -0.7297249646783448007, 0.000000000000000000 ) ) ;
#7520 = CARTESIAN_POINT ( 'NONE',  ( -0.4886071987957602003, 0.08282648340288363553, 0.4390000000000000568 ) ) ;
#7521 = EDGE_CURVE ( 'NONE', #4418, #3257, #4269, .T. ) ;
#7522 = ORIENTED_EDGE ( 'NONE', *, *, #1418, .F. ) ;
#7523 = CARTESIAN_POINT ( 'NONE',  ( -0.7738115627427011312, -0.2200273102876245668, 0.4399999999999998912 ) ) ;
#7524 = VECTOR ( 'NONE', #5226, 1000.000000000000000 ) ;
#7525 = CARTESIAN_POINT ( 'NONE',  ( 0.9693912991535827972, 0.1591840875540754818, 0.4390000000000001124 ) ) ;
#7526 = CARTESIAN_POINT ( 'NONE',  ( 0.4985178597219538377, 0.02064339208645456572, 0.4400000000000000577 ) ) ;
#7527 = CARTESIAN_POINT ( 'NONE',  ( 0.8960182744166367286, -0.2260149521520898042, 0.4400000000000000577 ) ) ;
#7528 = CARTESIAN_POINT ( 'NONE',  ( -0.008717640342911364693, -0.07211100224635529077, 0.4389999999999999458 ) ) ;
#7529 = SURFACE_STYLE_FILL_AREA ( #7451 ) ;
#7530 = FACE_OUTER_BOUND ( 'NONE', #1328, .T. ) ;
#7531 = CARTESIAN_POINT ( 'NONE',  ( -0.4814527808999908287, -0.1754815206903647951, 0.4389999999999998903 ) ) ;
#7532 = VECTOR ( 'NONE', #5407, 1000.000000000000000 ) ;
#7533 = CARTESIAN_POINT ( 'NONE',  ( -0.4457942973032893996, 0.2468790714335099556, 0.4390000000000000013 ) ) ;
#7534 = ORIENTED_EDGE ( 'NONE', *, *, #7191, .T. ) ;
#7535 = ORIENTED_EDGE ( 'NONE', *, *, #6592, .T. ) ;
#7536 = CARTESIAN_POINT ( 'NONE',  ( 0.7964329443659298180, -0.1820700295209827513, 0.4390000000000001679 ) ) ;
#7537 = FILL_AREA_STYLE_COLOUR ( '', #6508 ) ;
#7538 = CARTESIAN_POINT ( 'NONE',  ( -0.07122846247201712611, 0.2382616199108703869, 0.4399999999999998912 ) ) ;
#7539 = VECTOR ( 'NONE', #2242, 1000.000000000000000 ) ;
#7540 = DIRECTION ( 'NONE',  ( -0.6837407958614055703, -0.7297249646783448007, 0.000000000000000000 ) ) ;
#7541 = LINE ( 'NONE', #5472, #6841 ) ;
#7542 = FILL_AREA_STYLE ('',( #1098 ) ) ;
#7543 = CARTESIAN_POINT ( 'NONE',  ( 0.6328840292197368544, 0.01825185253956158188, 0.4399999999999999467 ) ) ;
#7544 = CARTESIAN_POINT ( 'NONE',  ( 0.6527141936371049225, -0.1390204595922348019, 0.4400000000000000577 ) ) ;
#7545 = LINE ( 'NONE', #3899, #7408 ) ;
#7546 = CARTESIAN_POINT ( 'NONE',  ( 1.607071067811865595, 1.257071067811865506, 0.1500000000000000222 ) ) ;
#7547 = CARTESIAN_POINT ( 'NONE',  ( -0.5908206678910555842, -0.1276675963828590443, 0.4390000000000000013 ) ) ;
#7548 = ORIENTED_EDGE ( 'NONE', *, *, #8198, .T. ) ;
#7549 = CARTESIAN_POINT ( 'NONE',  ( -0.5617869859370588914, 0.1329349080182208598, 0.4390000000000000568 ) ) ;
#7550 = EDGE_CURVE ( 'NONE', #3380, #279, #9168, .T. ) ;
#7551 = CARTESIAN_POINT ( 'NONE',  ( -0.9261600228181863237, -0.2110972144168537235, 0.4400000000000000577 ) ) ;
#7552 = FACE_OUTER_BOUND ( 'NONE', #4660, .T. ) ;
#7553 = CARTESIAN_POINT ( 'NONE',  ( -1.020722339218697927, 0.08467175235797767818, 0.4400000000000000022 ) ) ;
#7554 = CYLINDRICAL_SURFACE ( 'NONE', #5920, 0.2225000000000000311 ) ;
#7555 = CARTESIAN_POINT ( 'NONE',  ( -0.4678208066855054637, 0.01569864098138409186, 0.4390000000000000013 ) ) ;
#7556 = CARTESIAN_POINT ( 'NONE',  ( 0.8019749752490811234, 0.1955097817523507031, 0.4399999999999998912 ) ) ;
#7557 = ORIENTED_EDGE ( 'NONE', *, *, #7763, .T. ) ;
#7558 = ORIENTED_EDGE ( 'NONE', *, *, #4174, .F. ) ;
#7559 = CARTESIAN_POINT ( 'NONE',  ( 0.1934286067361547790, 0.2413333143782125378, 0.4389999999999998903 ) ) ;
#7560 = DIRECTION ( 'NONE',  ( 0.000000000000000000, -1.000000000000000000, 0.000000000000000000 ) ) ;
#7561 = CARTESIAN_POINT ( 'NONE',  ( 0.9660287215494611779, -0.05685096494155040397, 0.4400000000000000577 ) ) ;
#7562 = DIRECTION ( 'NONE',  ( 1.000000000000000000, 0.000000000000000000, 0.000000000000000000 ) ) ;
#7563 = EDGE_LOOP ( 'NONE', ( #7810, #6553, #8940, #2579 ) ) ;
#7564 = CARTESIAN_POINT ( 'NONE',  ( 0.1690050532627905000, -0.1683226444597820948, 0.4400000000000000022 ) ) ;
#7565 = EDGE_CURVE ( 'NONE', #3915, #7425, #3012, .T. ) ;
#7566 = VERTEX_POINT ( 'NONE', #6480 ) ;
#7567 = CARTESIAN_POINT ( 'NONE',  ( 1.600000000000000089, -1.027500000000000080, 0.1500000000000000222 ) ) ;
#7568 = CARTESIAN_POINT ( 'NONE',  ( 1.450003333370371239, -1.250999999999999890, 0.1500000000000000222 ) ) ;
#7569 = VECTOR ( 'NONE', #4564, 1000.000000000000000 ) ;
#7570 = CARTESIAN_POINT ( 'NONE',  ( -0.5999999999999999778, -1.891413282728555687E-16, -0.1549999999999999711 ) ) ;
#7571 = CARTESIAN_POINT ( 'NONE',  ( -0.09428850529917975898, 0.1980698410133681919, 0.4389999999999999458 ) ) ;
#7572 = EDGE_CURVE ( 'NONE', #7464, #7140, #5894, .T. ) ;
#7573 = CARTESIAN_POINT ( 'NONE',  ( 0.5244042908572761341, 0.02788782346442224280, 0.4400000000000000577 ) ) ;
#7574 = CARTESIAN_POINT ( 'NONE',  ( 0.5517911893582442273, 0.07770314798463084927, 0.4390000000000001124 ) ) ;
#7575 = CARTESIAN_POINT ( 'NONE',  ( -0.01664374024062936080, -0.04794716109772117346, 0.4390000000000000013 ) ) ;
#7576 = EDGE_CURVE ( 'NONE', #2421, #9143, #2833, .T. ) ;
#7577 =( LENGTH_UNIT ( ) NAMED_UNIT ( * ) SI_UNIT ( .MILLI., .METRE. ) );
#7578 = CARTESIAN_POINT ( 'NONE',  ( 0.8099794920528544662, 0.2068196935808352399, 0.4399999999999998912 ) ) ;
#7579 = CARTESIAN_POINT ( 'NONE',  ( 0.1075930121291201746, 0.1700132488962577404, 0.4400000000000001132 ) ) ;
#7580 = VECTOR ( 'NONE', #4910, 1000.000000000000000 ) ;
#7581 = CARTESIAN_POINT ( 'NONE',  ( 0.9794241439278004169, -0.009167848185585034462, 0.4390000000000000568 ) ) ;
#7582 = ORIENTED_EDGE ( 'NONE', *, *, #7061, .T. ) ;
#7583 = ORIENTED_EDGE ( 'NONE', *, *, #7116, .T. ) ;
#7584 = CARTESIAN_POINT ( 'NONE',  ( 0.3635062445566181744, 0.1639419161735108099, 0.4390000000000000013 ) ) ;
#7585 = DIRECTION ( 'NONE',  ( -1.000000000000000000, 1.212843670024533951E-16, 0.000000000000000000 ) ) ;
#7586 = B_SPLINE_CURVE_WITH_KNOTS ( 'NONE', 3,
 ( #4010, #6356, #9305, #1113, #5592, #9350, #8461, #4873, #3279, #7746, #1883, #9202, #1986, #2717, #7089, #4767, #5541, #1828, #7692 ),
 .UNSPECIFIED., .F., .F.,
 ( 4, 1, 1, 1, 1, 1, 1, 1, 1, 1, 1, 1, 1, 1, 1, 1, 4 ),
 ( 0.000000000000000000, 0.06148425519689045687, 0.1217745277022106165, 0.1809195598139317074, 0.2402561150782709098, 0.3001144444023520208, 0.3611459476126110402, 0.4235005824125854246, 0.4886693612807199716, 0.5539541046535630953, 0.6175812610152614512, 0.6802384268167392944, 0.7421873887724540486, 0.8046632117692941177, 0.8682589893126638758, 0.9330202571803754008, 1.000000000000000000 ),
 .UNSPECIFIED. ) ;
#7587 = CARTESIAN_POINT ( 'NONE',  ( 0.8960182744166367286, -0.2260149521520898042, 0.4400000000000000577 ) ) ;
#7588 = CARTESIAN_POINT ( 'NONE',  ( 0.6238506100603604665, 0.02294007052336847693, 0.4400000000000000022 ) ) ;
#7589 = CARTESIAN_POINT ( 'NONE',  ( 0.2514091153578663085, -0.02380301328814790271, 0.4390000000000000013 ) ) ;
#7590 = CARTESIAN_POINT ( 'NONE',  ( -0.03471016364904737361, 0.1508023092454242042, 0.4390000000000000013 ) ) ;
#7591 = CARTESIAN_POINT ( 'NONE',  ( -0.2314501772294943471, 0.1911461241586373261, 0.4389999999999999458 ) ) ;
#7592 = PRODUCT_DEFINITION_FORMATION_WITH_SPECIFIED_SOURCE ( 'ANY', '', #8162, .NOT_KNOWN. ) ;
#7593 = B_SPLINE_CURVE_WITH_KNOTS ( 'NONE', 3,
 ( #7449, #5058, #6584, #7406, #6713, #6671, #9526, #8713, #1393, #6540, #2170, #6628, #121, #5103, #5149 ),
 .UNSPECIFIED., .F., .F.,
 ( 4, 1, 1, 1, 1, 1, 1, 1, 1, 1, 1, 1, 4 ),
 ( 0.000000000000000000, 0.08378537065370987580, 0.1657798879221415722, 0.2462800078932625703, 0.3274609277363896842, 0.4087969540320677275, 0.4897152412309881409, 0.5713760321300523914, 0.6555233211112766467, 0.7410194827999727618, 0.8265467605037605248, 0.9119888516548326773, 1.000000000000000000 ),
 .UNSPECIFIED. ) ;
#7594 = VERTEX_POINT ( 'NONE', #8742 ) ;
#7595 = VERTEX_POINT ( 'NONE', #2290 ) ;
#7596 = CARTESIAN_POINT ( 'NONE',  ( -0.5619119556341727328, 0.1390052152411147823, 0.4400000000000001688 ) ) ;
#7597 = CARTESIAN_POINT ( 'NONE',  ( -0.03918617110442668139, 0.04044743598144023150, 0.4399999999999998357 ) ) ;
#7598 = CARTESIAN_POINT ( 'NONE',  ( 0.9346434584434777371, 0.1906278572401059468, 0.4399999999999998912 ) ) ;
#7599 = CARTESIAN_POINT ( 'NONE',  ( -0.1227016775064402876, -0.1798611059982436478, 0.4400000000000000022 ) ) ;
#7600 = DIRECTION ( 'NONE',  ( 0.000000000000000000, -1.000000000000000000, 0.000000000000000000 ) ) ;
#7601 = DIRECTION ( 'NONE',  ( -0.000000000000000000, -0.000000000000000000, 1.000000000000000000 ) ) ;
#7602 =( GEOMETRIC_REPRESENTATION_CONTEXT ( 3 ) GLOBAL_UNCERTAINTY_ASSIGNED_CONTEXT ( ( #316 ) ) GLOBAL_UNIT_ASSIGNED_CONTEXT ( ( #2604, #4911, #1444 ) ) REPRESENTATION_CONTEXT ( 'NONE', 'WORKASPACE' ) );
#7603 = CARTESIAN_POINT ( 'NONE',  ( -1.018374754429517193, -0.1473190386905513238, 0.4390000000000000013 ) ) ;
#7604 = ORIENTED_EDGE ( 'NONE', *, *, #6166, .T. ) ;
#7605 = VECTOR ( 'NONE', #254, 1000.000000000000000 ) ;
#7606 = ORIENTED_EDGE ( 'NONE', *, *, #6388, .T. ) ;
#7607 = CARTESIAN_POINT ( 'NONE',  ( -0.5061681080034986513, 0.1009315587940002173, 0.4400000000000000022 ) ) ;
#7608 = CARTESIAN_POINT ( 'NONE',  ( -0.4422144012686691217, -0.1795333693557046306, 0.4389999999999999458 ) ) ;
#7609 = DIRECTION ( 'NONE',  ( 1.000000000000000000, 0.000000000000000000, 0.000000000000000000 ) ) ;
#7610 = CARTESIAN_POINT ( 'NONE',  ( -0.4819449053564440755, 0.1971707674838827640, 0.4399999999999999467 ) ) ;
#7611 = ORIENTED_EDGE ( 'NONE', *, *, #9416, .T. ) ;
#7612 = CARTESIAN_POINT ( 'NONE',  ( -0.7736745290077069459, 0.2409712465954906846, 0.4389999999999999458 ) ) ;
#7613 = CARTESIAN_POINT ( 'NONE',  ( 1.018794716724329197, 0.1708900959248332574, 0.4390000000000000013 ) ) ;
#7614 = ORIENTED_EDGE ( 'NONE', *, *, #1753, .T. ) ;
#7615 = EDGE_CURVE ( 'NONE', #6226, #5292, #3239, .T. ) ;
#7616 = DIRECTION ( 'NONE',  ( 1.000000000000000000, -7.301836256844758746E-16, 0.000000000000000000 ) ) ;
#7617 = CARTESIAN_POINT ( 'NONE',  ( 0.3719915753157277405, 0.09459518340317842056, 0.4390000000000000013 ) ) ;
#7618 = CARTESIAN_POINT ( 'NONE',  ( -0.05689509445525321035, 0.1800059761722634655, 0.4389999999999998903 ) ) ;
#7619 = CARTESIAN_POINT ( 'NONE',  ( 0.4707177936474059021, 0.01052350938637172661, 0.4400000000000000022 ) ) ;
#7620 = CARTESIAN_POINT ( 'NONE',  ( 0.1627596037827623299, 0.1736974271438783968, 0.4400000000000000577 ) ) ;
#7621 = CARTESIAN_POINT ( 'NONE',  ( 0.1447731206163501982, 0.1500782154740827878, 0.4390000000000000013 ) ) ;
#7622 = DIRECTION ( 'NONE',  ( -0.000000000000000000, -0.000000000000000000, 1.000000000000000000 ) ) ;
#7623 = DIRECTION ( 'NONE',  ( 0.000000000000000000, 0.000000000000000000, -1.000000000000000000 ) ) ;
#7624 = CARTESIAN_POINT ( 'NONE',  ( -0.1227016775064403153, -0.1798611059982436755, 0.4400000000000000577 ) ) ;
#7625 = ORIENTED_EDGE ( 'NONE', *, *, #3459, .T. ) ;
#7626 = ORIENTED_EDGE ( 'NONE', *, *, #2062, .F. ) ;
#7627 = CARTESIAN_POINT ( 'NONE',  ( 0.7615468697797581621, -0.1319554234943934867, 0.4390000000000000013 ) ) ;
#7628 = CARTESIAN_POINT ( 'NONE',  ( -1.075436052506440143, 0.01313769207867942004, 0.4400000000000000022 ) ) ;
#7629 = EDGE_CURVE ( 'NONE', #7709, #2971, #2135, .T. ) ;
#7630 = CARTESIAN_POINT ( 'NONE',  ( 0.9839897778761776959, -0.09985240609080045515, 0.4389999999999999458 ) ) ;
#7631 = CARTESIAN_POINT ( 'NONE',  ( -0.7879540694290115832, 0.1965372383590705541, 0.4390000000000000568 ) ) ;
#7632 = CARTESIAN_POINT ( 'NONE',  ( 1.600000000000000089, 1.100000000000000089, 0.1500000000000000222 ) ) ;
#7633 = CARTESIAN_POINT ( 'NONE',  ( 0.4266700893551639839, -0.1126928626284876833, 0.4389999999999998903 ) ) ;
#7634 = CARTESIAN_POINT ( 'NONE',  ( 0.8007582565686282017, -0.1107836697771575341, 0.4390000000000000013 ) ) ;
#7635 = CARTESIAN_POINT ( 'NONE',  ( 0.6744507568003916820, -0.03494535834764021798, 0.4389999999999999458 ) ) ;
#7636 =( NAMED_UNIT ( * ) SI_UNIT ( $, .STERADIAN. ) SOLID_ANGLE_UNIT ( ) );
#7637 = ADVANCED_FACE ( 'NONE', ( #73 ), #170, .T. ) ;
#7638 = ORIENTED_EDGE ( 'NONE', *, *, #691, .F. ) ;
#7639 = ORIENTED_EDGE ( 'NONE', *, *, #8515, .F. ) ;
#7640 = DIRECTION ( 'NONE',  ( 0.000000000000000000, -1.000000000000000000, 0.000000000000000000 ) ) ;
#7641 = CARTESIAN_POINT ( 'NONE',  ( 0.2859029080169229742, -0.04354307289092915895, 0.4390000000000000568 ) ) ;
#7642 = CARTESIAN_POINT ( 'NONE',  ( -0.5424629587791672813, -0.1221310734225946187, 0.4400000000000001688 ) ) ;
#7643 = FILL_AREA_STYLE_COLOUR ( '', #7004 ) ;
#7644 = CARTESIAN_POINT ( 'NONE',  ( 1.019191537040066597, -0.06976107480999689525, 0.4400000000000001132 ) ) ;
#7645 = CARTESIAN_POINT ( 'NONE',  ( 0.8145989796478283473, 0.07183481340275379989, 0.4400000000000000022 ) ) ;
#7646 = CARTESIAN_POINT ( 'NONE',  ( -0.3462369478530697986, -0.03863916187604664321, 0.4400000000000000022 ) ) ;
#7647 = ORIENTED_EDGE ( 'NONE', *, *, #2887, .T. ) ;
#7648 = ORIENTED_EDGE ( 'NONE', *, *, #7174, .T. ) ;
#7649 = CARTESIAN_POINT ( 'NONE',  ( -0.1978819659679786902, -0.1555221636905513571, 0.4400000000000000022 ) ) ;
#7650 = CARTESIAN_POINT ( 'NONE',  ( -0.3766288014807772644, -0.1413749911480871868, 0.4389999999999998903 ) ) ;
#7651 = B_SPLINE_CURVE_WITH_KNOTS ( 'NONE', 3,
 ( #1526, #5864, #7319, #2305, #9437, #7409, #805, #8070, #7982, #6497, #8804, #5151, #2172, #5955, #6673, #87, #1441, #6586, #9528 ),
 .UNSPECIFIED., .F., .F.,
 ( 4, 1, 1, 1, 1, 1, 1, 1, 1, 1, 1, 1, 1, 1, 1, 1, 4 ),
 ( 0.000000000000000000, 0.06455784592971892943, 0.1270135315497586681, 0.1879548102020903999, 0.2480139127896341111, 0.3077476818488370514, 0.3682345146974851380, 0.4294698439426692937, 0.4927434367465847731, 0.5562577687060830112, 0.6182167855431437431, 0.6796554755875550136, 0.7412455456206293869, 0.8034152647056966856, 0.8668154615439921384, 0.9323283119492651316, 0.9999999999999998890 ),
 .UNSPECIFIED. ) ;
#7652 = CARTESIAN_POINT ( 'NONE',  ( -0.2300297239575534447, -0.1035269968023639492, 0.4400000000000000022 ) ) ;
#7653 = CARTESIAN_POINT ( 'NONE',  ( 1.003511658980603238, 0.1908272132656883557, 0.4389999999999998903 ) ) ;
#7654 = ORIENTED_EDGE ( 'NONE', *, *, #462, .T. ) ;
#7655 = CARTESIAN_POINT ( 'NONE',  ( 0.8869137071089443491, 0.01232639400175632692, 0.4400000000000000022 ) ) ;
#7656 = DIRECTION ( 'NONE',  ( 1.000000000000000000, 0.000000000000000000, 0.000000000000000000 ) ) ;
#7657 = DIRECTION ( 'NONE',  ( 1.000000000000000000, 0.000000000000000000, 0.000000000000000000 ) ) ;
#7658 = ORIENTED_EDGE ( 'NONE', *, *, #1732, .T. ) ;
#7659 = CARTESIAN_POINT ( 'NONE',  ( -0.4539817255833632492, -0.2260149521520898042, 0.4400000000000000022 ) ) ;
#7660 = CARTESIAN_POINT ( 'NONE',  ( -0.03125856468503473984, 0.1326751878827214515, 0.4390000000000000013 ) ) ;
#7661 = EDGE_CURVE ( 'NONE', #3454, #3652, #7181, .T. ) ;
#7662 = CARTESIAN_POINT ( 'NONE',  ( 0.4847565683020453875, 0.01592199225184963429, 0.4399999999999998357 ) ) ;
#7663 = CARTESIAN_POINT ( 'NONE',  ( 0.7661517156432696707, -0.1402952202297987061, 0.4400000000000000577 ) ) ;
#7664 = DIRECTION ( 'NONE',  ( 0.000000000000000000, -1.000000000000000000, 0.000000000000000000 ) ) ;
#7665 = CARTESIAN_POINT ( 'NONE',  ( 0.3285815756137041577, 0.08072691816560501055, 0.4399999999999998912 ) ) ;
#7666 = FILL_AREA_STYLE ('',( #4740 ) ) ;
#7667 = CARTESIAN_POINT ( 'NONE',  ( -0.4678553480942345688, -0.1791864318095372777, 0.4390000000000001679 ) ) ;
#7668 = CARTESIAN_POINT ( 'NONE',  ( -0.7653518758338953010, 0.1906353943347586788, 0.4399999999999999467 ) ) ;
#7669 =( GEOMETRIC_REPRESENTATION_CONTEXT ( 3 ) GLOBAL_UNCERTAINTY_ASSIGNED_CONTEXT ( ( #307 ) ) GLOBAL_UNIT_ASSIGNED_CONTEXT ( ( #2203, #8790, #9509 ) ) REPRESENTATION_CONTEXT ( 'NONE', 'WORKASPACE' ) );
#7670 = VERTEX_POINT ( 'NONE', #3776 ) ;
#7671 = EDGE_LOOP ( 'NONE', ( #3207, #7844, #3426, #7262 ) ) ;
#7672 = LINE ( 'NONE', #3073, #5803 ) ;
#7673 = CARTESIAN_POINT ( 'NONE',  ( 0.2471601013397136948, -0.02823850984439750522, 0.4390000000000000013 ) ) ;
#7674 = CARTESIAN_POINT ( 'NONE',  ( 0.9841793321089444824, -0.1035990867674744242, 0.4390000000000000013 ) ) ;
#7675 = DIRECTION ( 'NONE',  ( 1.000000000000000000, 0.000000000000000000, 0.000000000000000000 ) ) ;
#7676 = VECTOR ( 'NONE', #7867, 1000.000000000000000 ) ;
#7677 = CARTESIAN_POINT ( 'NONE',  ( 0.5523982578750389338, -0.1795381556974996184, 0.4390000000000000568 ) ) ;
#7678 = CARTESIAN_POINT ( 'NONE',  ( 1.600999999999999979, 0.000000000000000000, -0.1549999999999999711 ) ) ;
#7679 = CARTESIAN_POINT ( 'NONE',  ( -0.1185224161363863937, 0.2008343725616066056, 0.4399999999999997802 ) ) ;
#7680 = EDGE_CURVE ( 'NONE', #4540, #6322, #3968, .T. ) ;
#7681 = FACE_OUTER_BOUND ( 'NONE', #4744, .T. ) ;
#7682 = CIRCLE ( 'NONE', #9403, 0.02500000000000001180 ) ;
#7683 = ORIENTED_EDGE ( 'NONE', *, *, #4167, .T. ) ;
#7684 = EDGE_LOOP ( 'NONE', ( #9248, #6611, #2474, #1542 ) ) ;
#7685 = LINE ( 'NONE', #8305, #3019 ) ;
#7686 = AXIS2_PLACEMENT_3D ( 'NONE', #2453, #324, #3213 ) ;
#7687 = LINE ( 'NONE', #5587, #8920 ) ;
#7688 = CARTESIAN_POINT ( 'NONE',  ( -0.5690676965718763913, -0.1630737750070507253, 0.4399999999999996692 ) ) ;
#7689 = EDGE_CURVE ( 'NONE', #3652, #1319, #5430, .T. ) ;
#7690 = LINE ( 'NONE', #1931, #2693 ) ;
#7691 = VERTEX_POINT ( 'NONE', #5446 ) ;
#7692 = CARTESIAN_POINT ( 'NONE',  ( 0.8960182744166367286, -0.2260149521520898042, 0.4400000000000000577 ) ) ;
#7693 = CARTESIAN_POINT ( 'NONE',  ( -0.5026426514411254098, -0.2172892544067776543, 0.4389999999999999458 ) ) ;
#7694 = CARTESIAN_POINT ( 'NONE',  ( 0.9451982963174611063, 0.2381198594639993282, 0.4400000000000000022 ) ) ;
#7695 = ORIENTED_EDGE ( 'NONE', *, *, #65, .T. ) ;
#7696 = CARTESIAN_POINT ( 'NONE',  ( 0.8192425458998114918, 0.2171842847642391772, 0.4399999999999998912 ) ) ;
#7697 = EDGE_LOOP ( 'NONE', ( #9062, #3191, #5440, #2593 ) ) ;
#7698 = UNCERTAINTY_MEASURE_WITH_UNIT (LENGTH_MEASURE( 1.000000000000000082E-05 ), #8811, 'distance_accuracy_value', 'NONE');
#7699 = PRESENTATION_STYLE_ASSIGNMENT (( #550 ) ) ;
#7700 = DIRECTION ( 'NONE',  ( 0.000000000000000000, 0.000000000000000000, -1.000000000000000000 ) ) ;
#7701 = CARTESIAN_POINT ( 'NONE',  ( -0.01216185360982169859, -0.1845536318974221324, 0.4399999999999999467 ) ) ;
#7703 = CARTESIAN_POINT ( 'NONE',  ( -0.07608998550517234727, -0.1729260456971629389, 0.4400000000000000577 ) ) ;
#7702 = B_SPLINE_SURFACE_WITH_KNOTS ( 'NONE', 3, 1, ( 
 ( #5601, #8529 ),
 ( #2727, #6946 ),
 ( #1998, #7652 ),
 ( #7857, #1270 ),
 ( #7150, #3489 ),
 ( #2777, #348 ),
 ( #6218, #9156 ),
 ( #3724, #4444 ),
 ( #7294, #7957 ),
 ( #4984, #7341 ),
 ( #3583, #66 ) ),
 .UNSPECIFIED., .F., .F., .F.,
 ( 4, 1, 1, 1, 1, 1, 1, 1, 4 ),
 ( 2, 2 ),
 ( 0.000000000000000000, 0.1497703860319679336, 0.2913164099952446073, 0.4259663731047427238, 0.5521595739695283056, 0.6715274135235931308, 0.7861216286916585805, 0.8953250730704443994, 1.000000000000000000 ),
 ( 0.000000000000000000, 1.000000000000000000 ),
 .UNSPECIFIED. ) ;
#7704 = ORIENTED_EDGE ( 'NONE', *, *, #5807, .F. ) ;
#7705 = CARTESIAN_POINT ( 'NONE',  ( -1.035051437121824902, 0.01007278823252557957, 0.4390000000000000568 ) ) ;
#7706 = DIRECTION ( 'NONE',  ( -0.000000000000000000, -0.000000000000000000, 1.000000000000000000 ) ) ;
#7707 = ORIENTED_EDGE ( 'NONE', *, *, #8368, .T. ) ;
#7708 = B_SPLINE_CURVE_WITH_KNOTS ( 'NONE', 3,
 ( #3979, #5313, #9025, #309, #4687, #210, #3301 ),
 .UNSPECIFIED., .F., .F.,
 ( 4, 1, 1, 1, 4 ),
 ( 0.000000000000000000, 0.2347233736739018917, 0.4771583189289878013, 0.7285562842030538500, 0.9999999999999998890 ),
 .UNSPECIFIED. ) ;
#7709 = VERTEX_POINT ( 'NONE', #6018 ) ;
#7710 = CARTESIAN_POINT ( 'NONE',  ( 0.9733711985192226024, -0.1413749911480871035, 0.4399999999999996136 ) ) ;
#7711 = UNCERTAINTY_MEASURE_WITH_UNIT (LENGTH_MEASURE( 1.000000000000000082E-05 ), #4932, 'distance_accuracy_value', 'NONE');
#7712 = CARTESIAN_POINT ( 'NONE',  ( -0.3806087008464171251, 0.1591840875540755651, 0.4400000000000002243 ) ) ;
#7713 = CARTESIAN_POINT ( 'NONE',  ( 0.6783254396946698517, -0.06212877035024352845, 0.4390000000000000013 ) ) ;
#7714 = MECHANICAL_DESIGN_GEOMETRIC_PRESENTATION_REPRESENTATION (  '', ( #5153 ), #668 ) ;
#7715 = CARTESIAN_POINT ( 'NONE',  ( -0.9010930038605309278, 0.1910304427232506208, 0.4389999999999999458 ) ) ;
#7716 = CARTESIAN_POINT ( 'NONE',  ( 0.1559628064745924303, 0.1665915927018306875, 0.4390000000000000013 ) ) ;
#7717 = CARTESIAN_POINT ( 'NONE',  ( 0.4788928911574620861, -0.1991240808119808248, 0.4400000000000000577 ) ) ;
#7718 = ORIENTED_EDGE ( 'NONE', *, *, #3753, .F. ) ;
#7719 = CARTESIAN_POINT ( 'NONE',  ( 0.8302754512731993497, 0.2258973881926386040, 0.4400000000000000022 ) ) ;
#7720 = CARTESIAN_POINT ( 'NONE',  ( -0.07181782350705422091, 0.07254155670535079869, 0.4400000000000002243 ) ) ;
#7721 = CARTESIAN_POINT ( 'NONE',  ( -0.1184905128802258845, -0.1797819181807550348, 0.4400000000000001132 ) ) ;
#7722 = AXIS2_PLACEMENT_3D ( 'NONE', #6960, #9070, #2586 ) ;
#7723 = ORIENTED_EDGE ( 'NONE', *, *, #7753, .T. ) ;
#7724 = CARTESIAN_POINT ( 'NONE',  ( 0.7187947167243290414, -0.06745125022901288236, 0.4390000000000000013 ) ) ;
#7725 = CARTESIAN_POINT ( 'NONE',  ( 0.6203400701178919396, 0.07414586166981460003, 0.4400000000000000022 ) ) ;
#7726 = CARTESIAN_POINT ( 'NONE',  ( -0.02910350215001828583, 0.03067559058335334043, 0.4389999999999999458 ) ) ;
#7727 =( LENGTH_UNIT ( ) NAMED_UNIT ( * ) SI_UNIT ( .MILLI., .METRE. ) );
#7728 = CARTESIAN_POINT ( 'NONE',  ( 0.9185543321089444380, 0.04099225938637173633, 0.4400000000000000577 ) ) ;
#7729 = CARTESIAN_POINT ( 'NONE',  ( 0.9004110532642478626, -0.2259216218631637241, 0.4400000000000001132 ) ) ;
#7730 = VECTOR ( 'NONE', #1767, 1000.000000000000000 ) ;
#7731 = CARTESIAN_POINT ( 'NONE',  ( -0.2030140130190560277, 0.1568063323145185983, 0.4399999999999999467 ) ) ;
#7732 = CARTESIAN_POINT ( 'NONE',  ( 0.3322562551858673774, 0.1096821632325255536, 0.4390000000000000013 ) ) ;
#7733 = CARTESIAN_POINT ( 'NONE',  ( -0.07799153863468091807, 0.1928409965435732565, 0.4390000000000001124 ) ) ;
#7734 = VECTOR ( 'NONE', #1465, 1000.000000000000000 ) ;
#7735 = CARTESIAN_POINT ( 'NONE',  ( -0.2010622239638503728, -0.2072436625229162888, 0.4400000000000000577 ) ) ;
#7736 = EDGE_CURVE ( 'NONE', #1277, #6273, #4534, .T. ) ;
#7737 = CARTESIAN_POINT ( 'NONE',  ( -0.1749340546388546691, 0.1866080078026308153, 0.4390000000000001679 ) ) ;
#7738 = EDGE_LOOP ( 'NONE', ( #8617, #755, #3579, #7891 ) ) ;
#7739 = ORIENTED_EDGE ( 'NONE', *, *, #7191, .F. ) ;
#7740 = CARTESIAN_POINT ( 'NONE',  ( 0.8503907464029266672, 0.09333919625044159729, 0.4399999999999998912 ) ) ;
#7741 = VECTOR ( 'NONE', #6486, 1000.000000000000000 ) ;
#7742 = DIRECTION ( 'NONE',  ( 0.8576722029112566759, 0.5141968420297349240, 0.000000000000000000 ) ) ;
#7743 = CARTESIAN_POINT ( 'NONE',  ( -0.5765092063694265967, -0.1521465942845240393, 0.4390000000000000013 ) ) ;
#7744 = FACE_OUTER_BOUND ( 'NONE', #2966, .T. ) ;
#7745 = ORIENTED_EDGE ( 'NONE', *, *, #4424, .T. ) ;
#7746 = CARTESIAN_POINT ( 'NONE',  ( 0.9871872918267114994, -0.1899184998996603646, 0.4399999999999998357 ) ) ;
#7747 = CARTESIAN_POINT ( 'NONE',  ( -1.075236099049102778, 0.02123196467684392713, 0.4390000000000000568 ) ) ;
#7748 = ORIENTED_EDGE ( 'NONE', *, *, #6698, .T. ) ;
#7749 = CARTESIAN_POINT ( 'NONE',  ( 0.9572124303656810440, 0.2321813177240261983, 0.4389999999999997793 ) ) ;
#7750 = CARTESIAN_POINT ( 'NONE',  ( -0.3619052919854413575, -0.01836882851375162481, 0.4390000000000000013 ) ) ;
#7751 = VERTEX_POINT ( 'NONE', #3143 ) ;
#7752 = VECTOR ( 'NONE', #2285, 1000.000000000000000 ) ;
#7753 = EDGE_CURVE ( 'NONE', #3408, #8235, #155, .T. ) ;
#7754 = EDGE_CURVE ( 'NONE', #1939, #5789, #5104, .T. ) ;
#7755 = CARTESIAN_POINT ( 'NONE',  ( -0.3662765929633253204, -0.1133899195192124149, 0.4390000000000000013 ) ) ;
#7756 = CARTESIAN_POINT ( 'NONE',  ( 0.01201276777675691979, -0.1537663431782299028, 0.4400000000000001688 ) ) ;
#7757 = CARTESIAN_POINT ( 'NONE',  ( 0.5771781301858674995, 0.07975427861714096123, 0.4390000000000000013 ) ) ;
#7758 = ORIENTED_EDGE ( 'NONE', *, *, #9368, .T. ) ;
#7759 = CARTESIAN_POINT ( 'NONE',  ( -0.5368242736602863996, 0.07353432669406401168, 0.4390000000000000013 ) ) ;
#7760 = CARTESIAN_POINT ( 'NONE',  ( 0.8284606461927732646, 0.1415260665410597030, 0.4389999999999999458 ) ) ;
#7761 = ORIENTED_EDGE ( 'NONE', *, *, #3614, .F. ) ;
#7762 = EDGE_LOOP ( 'NONE', ( #9126, #5908, #2056, #4915 ) ) ;
#7763 = EDGE_CURVE ( 'NONE', #7187, #2756, #8231, .T. ) ;
#7764 = CARTESIAN_POINT ( 'NONE',  ( 0.4720442943531349411, -0.1232194851987725853, 0.4400000000000002243 ) ) ;
#7765 = VECTOR ( 'NONE', #7261, 1000.000000000000000 ) ;
#7766 = CARTESIAN_POINT ( 'NONE',  ( -0.3741634811072079847, 0.1515249184046990605, 0.4390000000000000013 ) ) ;
#7767 = CARTESIAN_POINT ( 'NONE',  ( 0.6783254396946698517, -0.06212877035024352845, 0.4399999999999998357 ) ) ;
#7768 = CARTESIAN_POINT ( 'NONE',  ( -0.9254319612428826280, 0.1814158386653542954, 0.4389999999999999458 ) ) ;
#7769 = DIRECTION ( 'NONE',  ( 0.000000000000000000, -1.000000000000000000, 0.000000000000000000 ) ) ;
#7770 = CARTESIAN_POINT ( 'NONE',  ( 0.000000000000000000, 1.250999999999999890, 0.1500000000000000222 ) ) ;
#7771 = CARTESIAN_POINT ( 'NONE',  ( -1.600000000000000089, 1.250000000000000000, 0.2799999999999999711 ) ) ;
#7772 = CARTESIAN_POINT ( 'NONE',  ( -0.7336719294577213057, 0.1768513619039951967, 0.4390000000000000568 ) ) ;
#7773 = ORIENTED_EDGE ( 'NONE', *, *, #329, .T. ) ;
#7774 = ORIENTED_EDGE ( 'NONE', *, *, #3059, .T. ) ;
#7775 = CARTESIAN_POINT ( 'NONE',  ( 0.7964329443659298180, -0.1820700295209827513, 0.4390000000000001679 ) ) ;
#7776 = CARTESIAN_POINT ( 'NONE',  ( -0.08591907997252812290, 0.1958250753855066417, 0.4399999999999999467 ) ) ;
#7777 = DIRECTION ( 'NONE',  ( -0.7969199129874925402, -0.6040849710794065075, 0.000000000000000000 ) ) ;
#7778 = CARTESIAN_POINT ( 'NONE',  ( -0.4036628078857932289, 0.1824482515472025113, 0.4400000000000001132 ) ) ;
#7779 = CARTESIAN_POINT ( 'NONE',  ( 0.2815951974935598789, -0.04816038484439750383, 0.4400000000000000022 ) ) ;
#7780 = LINE ( 'NONE', #3559, #3852 ) ;
#7781 = CARTESIAN_POINT ( 'NONE',  ( -0.2158206678910555287, 0.1316773555402178664, 0.4390000000000000013 ) ) ;
#7782 = CARTESIAN_POINT ( 'NONE',  ( 0.4604212718435711227, -0.1816645905980428521, 0.4390000000000000568 ) ) ;
#7783 = CARTESIAN_POINT ( 'NONE',  ( -1.075436052506440143, 0.01313769207867942004, 0.4390000000000000013 ) ) ;
#7784 = CARTESIAN_POINT ( 'NONE',  ( -0.5618067014600400810, 0.1468049130941412594, 0.4390000000000000013 ) ) ;
#7785 = ORIENTED_EDGE ( 'NONE', *, *, #3951, .T. ) ;
#7786 = ORIENTED_EDGE ( 'NONE', *, *, #1427, .F. ) ;
#7787 = CARTESIAN_POINT ( 'NONE',  ( 0.2471601013397136948, -0.02823850984439750522, 0.4400000000000000022 ) ) ;
#7788 = CARTESIAN_POINT ( 'NONE',  ( -1.250000000000000000, 1.074999999999999956, 0.4400000000000000022 ) ) ;
#7789 = ADVANCED_FACE ( 'NONE', ( #3052 ), #4628, .F. ) ;
#7790 = EDGE_CURVE ( 'NONE', #2073, #6888, #8187, .T. ) ;
#7791 = CARTESIAN_POINT ( 'NONE',  ( -0.4945907306661376790, -0.1695412337551228943, 0.4400000000000000577 ) ) ;
#7792 = CARTESIAN_POINT ( 'NONE',  ( -0.1264314613419156297, -0.1798049348640453071, 0.4400000000000000577 ) ) ;
#7793 = ORIENTED_EDGE ( 'NONE', *, *, #7194, .F. ) ;
#7794 = CARTESIAN_POINT ( 'NONE',  ( -0.2547976970251602524, -0.1506071897040086038, 0.4389999999999999458 ) ) ;
#7795 = CARTESIAN_POINT ( 'NONE',  ( -0.5374122287629368167, -0.1972824725619165553, 0.4389999999999999458 ) ) ;
#7796 = CARTESIAN_POINT ( 'NONE',  ( 0.9302633470659543713, 0.2433528029795972436, 0.4390000000000000013 ) ) ;
#7797 = ORIENTED_EDGE ( 'NONE', *, *, #3686, .F. ) ;
#7798 = FACE_OUTER_BOUND ( 'NONE', #6041, .T. ) ;
#7799 = ORIENTED_EDGE ( 'NONE', *, *, #6206, .T. ) ;
#7800 = CARTESIAN_POINT ( 'NONE',  ( -1.031987784185918855, -0.1305921659201645935, 0.4389999999999998903 ) ) ;
#7801 = CARTESIAN_POINT ( 'NONE',  ( -0.2331283601987478582, -0.09332264445978211143, 0.4400000000000000022 ) ) ;
#7802 = DIRECTION ( 'NONE',  ( 0.000000000000000000, -1.000000000000000000, 0.000000000000000000 ) ) ;
#7803 = CARTESIAN_POINT ( 'NONE',  ( 0.0009726594988090649747, -0.1700152493068398663, 0.4400000000000000022 ) ) ;
#7804 = ORIENTED_EDGE ( 'NONE', *, *, #329, .F. ) ;
#7805 = CARTESIAN_POINT ( 'NONE',  ( 0.000000000000000000, -1.250999999999999890, 0.1500000000000000222 ) ) ;
#7806 = ORIENTED_EDGE ( 'NONE', *, *, #4737, .T. ) ;
#7807 = PRESENTATION_STYLE_ASSIGNMENT (( #1948 ) ) ;
#7808 = SURFACE_STYLE_FILL_AREA ( #1326 ) ;
#7809 = ADVANCED_FACE ( 'NONE', ( #3240 ), #3793, .T. ) ;
#7810 = ORIENTED_EDGE ( 'NONE', *, *, #8224, .F. ) ;
#7811 = EDGE_LOOP ( 'NONE', ( #5350, #3360, #2996, #4632 ) ) ;
#7812 = CARTESIAN_POINT ( 'NONE',  ( 0.9304841188319665779, -0.1742242782319083083, 0.4390000000000001679 ) ) ;
#7813 = CARTESIAN_POINT ( 'NONE',  ( 0.7972201974935596569, -0.1048611059982436505, 0.4400000000000000022 ) ) ;
#7814 = LINE ( 'NONE', #7058, #7676 ) ;
#7815 = CARTESIAN_POINT ( 'NONE',  ( -0.9591758537126224837, 0.1616609599619874549, 0.4389999999999999458 ) ) ;
#7816 = DIRECTION ( 'NONE',  ( -1.000000000000000000, 0.000000000000000000, 0.000000000000000000 ) ) ;
#7817 = CARTESIAN_POINT ( 'NONE',  ( -0.3254360525064402543, -0.1042300963828590582, 0.4400000000000000577 ) ) ;
#7818 = CARTESIAN_POINT ( 'NONE',  ( 0.1863271910653994945, 0.1904266006781387410, 0.4389999999999999458 ) ) ;
#7819 = EDGE_CURVE ( 'NONE', #7231, #8951, #4627, .T. ) ;
#7820 = CARTESIAN_POINT ( 'NONE',  ( -0.03410732890295964381, 0.1114384346979328810, 0.4400000000000000022 ) ) ;
#7821 = ORIENTED_EDGE ( 'NONE', *, *, #7182, .T. ) ;
#7822 = CARTESIAN_POINT ( 'NONE',  ( 0.9880947080145585648, -0.01836882851375151379, 0.4399999999999999467 ) ) ;
#7823 = ORIENTED_EDGE ( 'NONE', *, *, #1632, .F. ) ;
#7824 = CARTESIAN_POINT ( 'NONE',  ( 0.6049943193382714135, -0.2211808182184631655, 0.4390000000000002234 ) ) ;
#7825 = CARTESIAN_POINT ( 'NONE',  ( -0.1217100909679787318, 0.2009081247709871010, 0.4399999999999999467 ) ) ;
#7826 =( LENGTH_UNIT ( ) NAMED_UNIT ( * ) SI_UNIT ( .MILLI., .METRE. ) );
#7827 = CARTESIAN_POINT ( 'NONE',  ( -0.1735096629778327681, -0.1705831519174466904, 0.4390000000000000568 ) ) ;
#7828 = CARTESIAN_POINT ( 'NONE',  ( 0.006251212487734848083, 0.1024834233776862613, 0.4400000000000000577 ) ) ;
#7829 = DIRECTION ( 'NONE',  ( -1.000000000000000000, 0.000000000000000000, 0.000000000000000000 ) ) ;
#7830 = SURFACE_SIDE_STYLE ('',( #2082 ) ) ;
#7831 = CARTESIAN_POINT ( 'NONE',  ( -0.1268338768540779316, 0.2007292353705875942, 0.4399999999999999467 ) ) ;
#7832 = FACE_OUTER_BOUND ( 'NONE', #9496, .T. ) ;
#7833 = VECTOR ( 'NONE', #6656, 1000.000000000000000 ) ;
#7834 = CARTESIAN_POINT ( 'NONE',  ( -0.2316091769829676239, -0.1835188358581114065, 0.4400000000000000577 ) ) ;
#7835 = CARTESIAN_POINT ( 'NONE',  ( -0.5400205079471455116, 0.2068196935808351566, 0.4390000000000000013 ) ) ;
#7836 = ORIENTED_EDGE ( 'NONE', *, *, #8002, .T. ) ;
#7837 = VERTEX_POINT ( 'NONE', #9315 ) ;
#7838 = CARTESIAN_POINT ( 'NONE',  ( -0.6397304873481705068, 0.1565873910786314271, 0.4400000000000000577 ) ) ;
#7839 = CIRCLE ( 'NONE', #9060, 0.02500000000000001180 ) ;
#7840 = CARTESIAN_POINT ( 'NONE',  ( 0.8131757263397135782, 0.07353432669406401168, 0.4390000000000000013 ) ) ;
#7841 = CARTESIAN_POINT ( 'NONE',  ( -0.03169014410001719240, 0.1207629568183215263, 0.4400000000000000022 ) ) ;
#7842 = CARTESIAN_POINT ( 'NONE',  ( -0.5455018746395041696, -0.1900858801627209327, 0.4399999999999998912 ) ) ;
#7843 = CARTESIAN_POINT ( 'NONE',  ( 0.7185393432796222113, -0.07840311981973055455, 0.4390000000000001679 ) ) ;
#7844 = ORIENTED_EDGE ( 'NONE', *, *, #6365, .F. ) ;
#7845 = CARTESIAN_POINT ( 'NONE',  ( -0.1282338842461396566, -0.2259033247331408423, 0.4390000000000000568 ) ) ;
#7846 = CARTESIAN_POINT ( 'NONE',  ( -0.8333086486602864218, 0.2470619709248333407, 0.4399999999999997802 ) ) ;
#7847 = CARTESIAN_POINT ( 'NONE',  ( 0.02861545661295655796, -0.04878100694224937056, 0.4390000000000001124 ) ) ;
#7848 = AXIS2_PLACEMENT_3D ( 'NONE', #4982, #4259, #7203 ) ;
#7849 = DIRECTION ( 'NONE',  ( -1.000000000000000000, 0.000000000000000000, 0.000000000000000000 ) ) ;
#7850 = ADVANCED_FACE ( 'NONE', ( #9262 ), #7702, .T. ) ;
#7851 = ORIENTED_EDGE ( 'NONE', *, *, #7229, .F. ) ;
#7852 = CARTESIAN_POINT ( 'NONE',  ( -0.5076192114500769348, 0.2335103671283954574, 0.4390000000000001124 ) ) ;
#7853 = B_SPLINE_SURFACE_WITH_KNOTS ( 'NONE', 3, 1, ( 
 ( #2405, #2993 ),
 ( #1623, #134 ),
 ( #5919, #3757 ),
 ( #8858, #5201 ),
 ( #3036, #5961 ),
 ( #6002, #8902 ),
 ( #8253, #6596 ),
 ( #7496, #4519 ),
 ( #2, #2313 ),
 ( #899, #7461 ),
 ( #3800, #859 ),
 ( #5874, #8945 ),
 ( #2360, #2228 ),
 ( #176, #5283 ),
 ( #5159, #224 ),
 ( #4751, #8298 ),
 ( #6292, #4652 ),
 ( #6974, #7729 ),
 ( #9085, #7587 ) ),
 .UNSPECIFIED., .F., .F., .F.,
 ( 4, 1, 1, 1, 1, 1, 1, 1, 1, 1, 1, 1, 1, 1, 1, 1, 4 ),
 ( 2, 2 ),
 ( 0.000000000000000000, 0.06148425519689045687, 0.1217745277022106165, 0.1809195598139317074, 0.2402561150782709098, 0.3001144444023520208, 0.3611459476126110402, 0.4235005824125854246, 0.4886693612807199716, 0.5539541046535630953, 0.6175812610152614512, 0.6802384268167392944, 0.7421873887724540486, 0.8046632117692941177, 0.8682589893126638758, 0.9330202571803754008, 1.000000000000000000 ),
 ( 0.000000000000000000, 1.000000000000000000 ),
 .UNSPECIFIED. ) ;
#7854 = ORIENTED_EDGE ( 'NONE', *, *, #6996, .F. ) ;
#7855 = CARTESIAN_POINT ( 'NONE',  ( 0.2595706017017250788, -0.01528333215332233937, 0.4389999999999998903 ) ) ;
#7856 = STYLED_ITEM ( 'NONE', ( #8597 ), #7473 ) ;
#7857 = CARTESIAN_POINT ( 'NONE',  ( -0.2265461713530396992, -0.1132264646748479958, 0.4390000000000001679 ) ) ;
#7858 = CARTESIAN_POINT ( 'NONE',  ( 0.8943956782627906499, 0.2009081247709871010, 0.4390000000000000013 ) ) ;
#7859 = ORIENTED_EDGE ( 'NONE', *, *, #1362, .F. ) ;
#7860 = FILL_AREA_STYLE ('',( #2629 ) ) ;
#7861 = CARTESIAN_POINT ( 'NONE',  ( -0.5368242736602863996, 0.07353432669406401168, 0.4400000000000000022 ) ) ;
#7862 = EDGE_CURVE ( 'NONE', #1639, #4760, #6468, .T. ) ;
#7863 = EDGE_LOOP ( 'NONE', ( #2354, #2088, #1845, #2187 ) ) ;
#7864 = COLOUR_RGB ( '',0.2509803921568627416, 0.2509803921568627416, 0.2509803921568627416 ) ;
#7865 = CARTESIAN_POINT ( 'NONE',  ( 0.9597098120946573330, -0.1573164160509513132, 0.4390000000000000568 ) ) ;
#7866 = CARTESIAN_POINT ( 'NONE',  ( 0.4720442943531349411, -0.1232194851987725853, 0.4400000000000001688 ) ) ;
#7867 = DIRECTION ( 'NONE',  ( 0.000000000000000000, 0.000000000000000000, -1.000000000000000000 ) ) ;
#7868 = ADVANCED_FACE ( 'NONE', ( #5751 ), #1706, .T. ) ;
#7869 = CARTESIAN_POINT ( 'NONE',  ( -0.9786017854338986410, 0.1455869338854415551, 0.4390000000000000013 ) ) ;
#7870 = CARTESIAN_POINT ( 'NONE',  ( 0.5731170202858651974, 0.07964158785787371631, 0.4399999999999999467 ) ) ;
#7871 = CARTESIAN_POINT ( 'NONE',  ( -1.075436052506440143, 0.01313769207867942004, 0.4390000000000000013 ) ) ;
#7872 = CARTESIAN_POINT ( 'NONE',  ( -0.03819934571488196179, 0.1025520072809701505, 0.4390000000000000568 ) ) ;
#7873 = VERTEX_POINT ( 'NONE', #604 ) ;
#7874 = CARTESIAN_POINT ( 'NONE',  ( -0.01235950959297100159, -0.1120350179253319645, 0.4390000000000000568 ) ) ;
#7875 = EDGE_LOOP ( 'NONE', ( #9268, #9055, #731, #1145 ) ) ;
#7876 = VERTEX_POINT ( 'NONE', #2913 ) ;
#7877 = CARTESIAN_POINT ( 'NONE',  ( 0.7185393432796222113, -0.07840311981973055455, 0.4390000000000001679 ) ) ;
#7878 = CARTESIAN_POINT ( 'NONE',  ( 0.3726408705704829516, 0.1132879324632948131, 0.4390000000000000013 ) ) ;
#7879 = CARTESIAN_POINT ( 'NONE',  ( -0.7000000000000005107, 0.6999999999999995115, 0.1500000000000000222 ) ) ;
#7880 = VECTOR ( 'NONE', #9489, 1000.000000000000000 ) ;
#7881 = EDGE_CURVE ( 'NONE', #7129, #8487, #5840, .T. ) ;
#7882 = CARTESIAN_POINT ( 'NONE',  ( -0.3833847860177980738, 0.2262501357037484950, 0.4390000000000000013 ) ) ;
#7883 = DIRECTION ( 'NONE',  ( -0.2007054744631346366, -0.9796516281416205452, 0.000000000000000000 ) ) ;
#7884 = EDGE_CURVE ( 'NONE', #3290, #3396, #5126, .T. ) ;
#7885 =( NAMED_UNIT ( * ) SI_UNIT ( $, .STERADIAN. ) SOLID_ANGLE_UNIT ( ) );
#7886 = CARTESIAN_POINT ( 'NONE',  ( -0.1512694545630138832, 0.1973194353215878272, 0.4400000000000000577 ) ) ;
#7887 = DIRECTION ( 'NONE',  ( -0.000000000000000000, -0.000000000000000000, 1.000000000000000000 ) ) ;
#7888 = LINE ( 'NONE', #5733, #1615 ) ;
#7889 = VECTOR ( 'NONE', #1243, 1000.000000000000000 ) ;
#7890 = CARTESIAN_POINT ( 'NONE',  ( -0.5215898986602862664, 0.1439369709248332352, 0.4390000000000000013 ) ) ;
#7891 = ORIENTED_EDGE ( 'NONE', *, *, #8720, .T. ) ;
#7892 = CARTESIAN_POINT ( 'NONE',  ( 0.02745036191896608330, -0.1182420135539905687, 0.4390000000000000013 ) ) ;
#7893 = VECTOR ( 'NONE', #7373, 1000.000000000000000 ) ;
#7894 = COLOUR_RGB ( '',0.9686274509803921573, 0.8784313725490195957, 0.5999999999999999778 ) ;
#7895 = CARTESIAN_POINT ( 'NONE',  ( 0.3784101013397135338, -0.2144764906136282789, 0.4390000000000000013 ) ) ;
#7896 = CARTESIAN_POINT ( 'NONE',  ( 0.9077855987313305786, -0.1795333693557046584, 0.4389999999999998903 ) ) ;
#7897 = DIRECTION ( 'NONE',  ( 1.000000000000000000, 0.000000000000000000, 0.000000000000000000 ) ) ;
#7898 = CARTESIAN_POINT ( 'NONE',  ( 0.6149412319147495865, -0.2184024503826865471, 0.4389999999999999458 ) ) ;
#7899 = EDGE_LOOP ( 'NONE', ( #1241, #2471, #5168, #8771 ) ) ;
#7900 = CARTESIAN_POINT ( 'NONE',  ( -1.377502247202359031, 1.250999999999999890, 0.1500000000000000222 ) ) ;
#7901 = CARTESIAN_POINT ( 'NONE',  ( -0.8417922681275074037, 0.2468545417516740392, 0.4399999999999997247 ) ) ;
#7902 = ORIENTED_EDGE ( 'NONE', *, *, #2391, .T. ) ;
#7903 = VECTOR ( 'NONE', #9029, 1000.000000000000000 ) ;
#7904 = CARTESIAN_POINT ( 'NONE',  ( 0.009179332108944296409, 0.1301449036171409557, 0.4390000000000000013 ) ) ;
#7905 = ORIENTED_EDGE ( 'NONE', *, *, #5132, .T. ) ;
#7906 = CARTESIAN_POINT ( 'NONE',  ( -0.5542343674759785399, 0.1831244531306016610, 0.4390000000000001124 ) ) ;
#7907 = ORIENTED_EDGE ( 'NONE', *, *, #5589, .T. ) ;
#7908 = CARTESIAN_POINT ( 'NONE',  ( 0.3351676645621133876, 0.2073409158651018935, 0.4389999999999997793 ) ) ;
#7909 = CARTESIAN_POINT ( 'NONE',  ( 0.3320683921221330714, 0.1047992554157380907, 0.4390000000000000013 ) ) ;
#7910 = CARTESIAN_POINT ( 'NONE',  ( -1.020971806829090500, -0.06449478723377864708, 0.4390000000000000013 ) ) ;
#7911 = LINE ( 'NONE', #2151, #7734 ) ;
#7912 = ORIENTED_EDGE ( 'NONE', *, *, #7228, .T. ) ;
#7913 = CARTESIAN_POINT ( 'NONE',  ( -0.1163774609429413659, 0.2468846413219104585, 0.4389999999999999458 ) ) ;
#7914 = DIRECTION ( 'NONE',  ( 0.000000000000000000, 0.000000000000000000, -1.000000000000000000 ) ) ;
#7915 = ORIENTED_EDGE ( 'NONE', *, *, #9397, .T. ) ;
#7916 = CARTESIAN_POINT ( 'NONE',  ( 0.4771699069139127558, -0.1335462425285452448, 0.4399999999999999467 ) ) ;
#7917 = CARTESIAN_POINT ( 'NONE',  ( 0.5407876990430418029, -0.1773908980462809426, 0.4400000000000000022 ) ) ;
#7918 = DIRECTION ( 'NONE',  ( -1.000000000000000000, 2.706316702822271341E-16, 0.000000000000000000 ) ) ;
#7919 =( NAMED_UNIT ( * ) PLANE_ANGLE_UNIT ( ) SI_UNIT ( $, .RADIAN. ) );
#7920 = EDGE_CURVE ( 'NONE', #6240, #6309, #8092, .T. ) ;
#7921 = CARTESIAN_POINT ( 'NONE',  ( -1.449999999999999956, 0.9000000000000000222, 0.4400000000000000022 ) ) ;
#7922 = DIRECTION ( 'NONE',  ( 0.000000000000000000, 0.000000000000000000, 1.000000000000000000 ) ) ;
#7923 = CARTESIAN_POINT ( 'NONE',  ( 0.1627596037827623299, 0.1736974271438783968, 0.4399999999999998912 ) ) ;
#7924 = CARTESIAN_POINT ( 'NONE',  ( -1.035051437121824902, 0.01007278823252557957, 0.4390000000000000568 ) ) ;
#7925 = VERTEX_POINT ( 'NONE', #6607 ) ;
#7926 = CARTESIAN_POINT ( 'NONE',  ( -0.04766178024077948744, -0.1581693913146323682, 0.4399999999999999467 ) ) ;
#7927 = ORIENTED_EDGE ( 'NONE', *, *, #5463, .T. ) ;
#7928 = ORIENTED_EDGE ( 'NONE', *, *, #8452, .T. ) ;
#7929 = CARTESIAN_POINT ( 'NONE',  ( 0.7137793682747064494, -0.1101730459691180192, 0.4390000000000001124 ) ) ;
#7930 = DIRECTION ( 'NONE',  ( -0.000000000000000000, 1.000000000000000000, 0.000000000000000000 ) ) ;
#7931 = CARTESIAN_POINT ( 'NONE',  ( -0.004439850092750635691, 0.01132403424277880592, 0.4400000000000000022 ) ) ;
#7932 = DIRECTION ( 'NONE',  ( -0.000000000000000000, -0.000000000000000000, 1.000000000000000000 ) ) ;
#7933 = CARTESIAN_POINT ( 'NONE',  ( 1.600000000000000089, -1.250000000000000000, -0.1499999999999999667 ) ) ;
#7934 = CARTESIAN_POINT ( 'NONE',  ( 0.8590525868580645152, 0.08491489590235934415, 0.4399999999999999467 ) ) ;
#7935 = CARTESIAN_POINT ( 'NONE',  ( 0.2446124797019040287, 0.2006433606218129551, 0.4390000000000000013 ) ) ;
#7936 = PLANE ( 'NONE',  #6810 ) ;
#7937 = B_SPLINE_CURVE_WITH_KNOTS ( 'NONE', 3,
 ( #1387, #7974, #7313, #4323, #2846, #5144, #5770, #3649, #6579, #2929, #5856, #8798, #8706, #8065, #1483 ),
 .UNSPECIFIED., .F., .F.,
 ( 4, 1, 1, 1, 1, 1, 1, 1, 1, 1, 1, 1, 4 ),
 ( 0.000000000000000000, 0.09697231038151658822, 0.1877734389628682998, 0.2723961390136936389, 0.3513209973752882687, 0.4243347744514676667, 0.4919087840005274548, 0.5542332197967998475, 0.6112676582441556317, 0.7163478449915537949, 0.8145400858216160778, 0.9084954561491854763, 1.000000000000000000 ),
 .UNSPECIFIED. ) ;
#7938 = CARTESIAN_POINT ( 'NONE',  ( 0.03225625518586748564, -0.08079259638285905820, 0.4390000000000000013 ) ) ;
#7939 = EDGE_CURVE ( 'NONE', #404, #4182, #2325, .T. ) ;
#7940 = CARTESIAN_POINT ( 'NONE',  ( -0.4804845617454651108, 0.2439641121042239180, 0.4390000000000000568 ) ) ;
#7941 = ORIENTED_EDGE ( 'NONE', *, *, #994, .T. ) ;
#7942 = CARTESIAN_POINT ( 'NONE',  ( -1.600000000000000089, 1.250000000000000000, 0.1500000000000000222 ) ) ;
#7943 = ORIENTED_EDGE ( 'NONE', *, *, #4862, .T. ) ;
#7944 = CARTESIAN_POINT ( 'NONE',  ( -0.9778938701145172274, -0.1257470802840600366, 0.4400000000000000022 ) ) ;
#7945 = CARTESIAN_POINT ( 'NONE',  ( -0.06059101752509325756, 0.07895112650023176915, 0.4399999999999998357 ) ) ;
#7946 = CARTESIAN_POINT ( 'NONE',  ( 0.5117245112440322874, 0.02459239930974119887, 0.4390000000000000013 ) ) ;
#7947 = ORIENTED_EDGE ( 'NONE', *, *, #3533, .F. ) ;
#7948 = FACE_OUTER_BOUND ( 'NONE', #7738, .T. ) ;
#7949 = CARTESIAN_POINT ( 'NONE',  ( -0.4510971101987478193, 0.2470619709248332851, 0.4400000000000000577 ) ) ;
#7950 = EDGE_CURVE ( 'NONE', #1337, #7187, #5999, .T. ) ;
#7951 = AXIS2_PLACEMENT_3D ( 'NONE', #3032, #6679, #8899 ) ;
#7952 = CARTESIAN_POINT ( 'NONE',  ( -0.3308084629599340465, -0.06976107480999699240, 0.4400000000000001132 ) ) ;
#7953 = VERTEX_POINT ( 'NONE', #5382 ) ;
#7954 = CARTESIAN_POINT ( 'NONE',  ( 0.01185376221302815967, -0.009679821027779542467, 0.4400000000000001688 ) ) ;
#7955 = CARTESIAN_POINT ( 'NONE',  ( -1.600000000000000089, -1.250000000000000000, -0.1499999999999999667 ) ) ;
#7956 = CARTESIAN_POINT ( 'NONE',  ( 0.2986913469779148289, 0.02916517576289591462, 0.4399999999999999467 ) ) ;
#7957 = CARTESIAN_POINT ( 'NONE',  ( -0.2036803410228008870, -0.1504389766776679793, 0.4399999999999999467 ) ) ;
#7958 = CARTESIAN_POINT ( 'NONE',  ( 0.8989028898012522140, 0.2470619709248332851, 0.4400000000000000022 ) ) ;
#7959 = CARTESIAN_POINT ( 'NONE',  ( 0.3322562551858673774, 0.1096821632325255536, 0.4400000000000000022 ) ) ;
#7960 = SURFACE_STYLE_USAGE ( .BOTH. , #2680 ) ;
#7961 = ORIENTED_EDGE ( 'NONE', *, *, #9512, .T. ) ;
#7962 = B_SPLINE_CURVE_WITH_KNOTS ( 'NONE', 3,
 ( #3702, #5914, #7411, #8854, #3748, #89, #7579, #1703, #938, #314, #2494, #1613, #1660, #8204, #8339, #6909, #6757, #8288, #2350 ),
 .UNSPECIFIED., .F., .F.,
 ( 4, 1, 1, 1, 1, 1, 1, 1, 1, 1, 1, 1, 1, 1, 1, 1, 4 ),
 ( 0.000000000000000000, 0.06879079439061801249, 0.1351032894311276489, 0.1989786743106512212, 0.2619042997808560536, 0.3234949693679692317, 0.3851953779660512445, 0.4469692387407738776, 0.5097647767031320276, 0.5722505688473681351, 0.6334051756611527306, 0.6932511629217524840, 0.7525831627856697237, 0.8125792661534209094, 0.8732750849201913468, 0.9355499428950292407, 1.000000000000000000 ),
 .UNSPECIFIED. ) ;
#7963 = CARTESIAN_POINT ( 'NONE',  ( 0.08994856287817512563, 0.09706197092483324906, 0.4390000000000000013 ) ) ;
#7964 = CARTESIAN_POINT ( 'NONE',  ( 0.9138819142052632127, -0.007535518353710871087, 0.4399999999999999467 ) ) ;
#7965 = CARTESIAN_POINT ( 'NONE',  ( 0.3784101013397135338, -0.1683226444597820948, 0.4400000000000000022 ) ) ;
#7966 = LINE ( 'NONE', #8648, #8967 ) ;
#7967 = CARTESIAN_POINT ( 'NONE',  ( 0.7972201974935596569, -0.1048611059982436505, 0.4390000000000000013 ) ) ;
#7968 = FACE_OUTER_BOUND ( 'NONE', #678, .T. ) ;
#7969 = MECHANICAL_DESIGN_GEOMETRIC_PRESENTATION_REPRESENTATION (  '', ( #5063 ), #8258 ) ;
#7970 = FILL_AREA_STYLE ('',( #5047 ) ) ;
#7971 = ORIENTED_EDGE ( 'NONE', *, *, #5808, .F. ) ;
#7972 = LINE ( 'NONE', #4321, #7765 ) ;
#7973 = VERTEX_POINT ( 'NONE', #8910 ) ;
#7974 = CARTESIAN_POINT ( 'NONE',  ( 0.9234382352484691303, 0.03743837030140804989, 0.4389999999999999458 ) ) ;
#7975 = EDGE_CURVE ( 'NONE', #6514, #5976, #4485, .T. ) ;
#7976 = LINE ( 'NONE', #4324, #1728 ) ;
#7977 = CARTESIAN_POINT ( 'NONE',  ( 0.2967917420091601421, 0.1803261000269946457, 0.4400000000000002798 ) ) ;
#7978 = TOROIDAL_SURFACE ( 'NONE', #3824, 0.1749999999999999889, 0.02500000000000000139 ) ;
#7979 = CARTESIAN_POINT ( 'NONE',  ( -0.3806087008464171251, 0.1591840875540755651, 0.4400000000000001132 ) ) ;
#7980 = CARTESIAN_POINT ( 'NONE',  ( 0.3719915753157277405, 0.09459518340317842056, 0.4400000000000000022 ) ) ;
#7981 = CARTESIAN_POINT ( 'NONE',  ( 1.600999999999999979, -1.100003333370371150, 0.1500000000000000222 ) ) ;
#7982 = CARTESIAN_POINT ( 'NONE',  ( -1.022744198981638819, 0.1625934611661233875, 0.4399999999999998912 ) ) ;
#7983 = CYLINDRICAL_SURFACE ( 'NONE', #2225, 0.2000000000000000944 ) ;
#7984 = CARTESIAN_POINT ( 'NONE',  ( 0.0009726594988090649747, -0.1700152493068398663, 0.4390000000000000013 ) ) ;
#7985 = SURFACE_STYLE_FILL_AREA ( #5781 ) ;
#7986 = CARTESIAN_POINT ( 'NONE',  ( -0.6957935020510385149, 0.2087994631964149306, 0.4400000000000001132 ) ) ;
#7987 = ORIENTED_EDGE ( 'NONE', *, *, #2077, .F. ) ;
#7988 = CARTESIAN_POINT ( 'NONE',  ( -1.500000000000000000, -0.5000000000000000000, -0.1549999999999999711 ) ) ;
#7989 = ADVANCED_FACE ( 'NONE', ( #7552 ), #4553, .T. ) ;
#7990 = CARTESIAN_POINT ( 'NONE',  ( -0.03819934571488196179, 0.1025520072809701505, 0.4400000000000000577 ) ) ;
#7991 = DIRECTION ( 'NONE',  ( -0.000000000000000000, -0.000000000000000000, 1.000000000000000000 ) ) ;
#7992 = VERTEX_POINT ( 'NONE', #8955 ) ;
#7993 = CARTESIAN_POINT ( 'NONE',  ( 0.03197890744275099645, -0.06991306074716299723, 0.4399999999999998357 ) ) ;
#7994 = CARTESIAN_POINT ( 'NONE',  ( 0.9264511803733536111, 0.1948136934114322871, 0.4400000000000002243 ) ) ;
#7995 = DIRECTION ( 'NONE',  ( 1.000000000000000000, 0.000000000000000000, 0.000000000000000000 ) ) ;
#7996 = AXIS2_PLACEMENT_3D ( 'NONE', #1066, #6216, #2571 ) ;
#7997 = ORIENTED_EDGE ( 'NONE', *, *, #908, .T. ) ;
#7998 = CARTESIAN_POINT ( 'NONE',  ( -0.5619745140449017295, 0.1420439420786794305, 0.4400000000000000577 ) ) ;
#7999 = EDGE_CURVE ( 'NONE', #1268, #1638, #2373, .T. ) ;
#8000 = CARTESIAN_POINT ( 'NONE',  ( 0.3255753638119784354, 0.2167592633084663156, 0.4399999999999998912 ) ) ;
#8001 = DIRECTION ( 'NONE',  ( 1.000000000000000000, 0.000000000000000000, 0.000000000000000000 ) ) ;
#8002 = EDGE_CURVE ( 'NONE', #1783, #3324, #2711, .T. ) ;
#8003 = CARTESIAN_POINT ( 'NONE',  ( -0.9913005811880895024, -0.1118815584306892402, 0.4399999999999998357 ) ) ;
#8004 = CIRCLE ( 'NONE', #2180, 0.2000000000000000944 ) ;
#8005 = CARTESIAN_POINT ( 'NONE',  ( 0.6964648070265772040, 0.01640597258775980394, 0.4399999999999998912 ) ) ;
#8006 = CARTESIAN_POINT ( 'NONE',  ( -1.250000000000000000, -1.125000000000000000, 0.3049999999999999933 ) ) ;
#8007 = DIRECTION ( 'NONE',  ( -3.367432691575075263E-16, -1.000000000000000000, 0.000000000000000000 ) ) ;
#8008 = ORIENTED_EDGE ( 'NONE', *, *, #4521, .T. ) ;
#8009 = VECTOR ( 'NONE', #8361, 1000.000000000000227 ) ;
#8010 = PLANE ( 'NONE',  #4314 ) ;
#8011 = COLOUR_RGB ( '',0.9686274509803921573, 0.8784313725490195957, 0.5999999999999999778 ) ;
#8012 = CARTESIAN_POINT ( 'NONE',  ( -0.2724553038724425447, -0.09863148026946200186, 0.4390000000000000568 ) ) ;
#8013 = CARTESIAN_POINT ( 'NONE',  ( -0.5114370654201925159, 0.1761856177727437467, 0.4400000000000000022 ) ) ;
#8014 = ADVANCED_FACE ( 'NONE', ( #2415 ), #6777, .T. ) ;
#8016 = CARTESIAN_POINT ( 'NONE',  ( -0.4306992557450980974, -0.1774401233779250575, 0.4400000000000000022 ) ) ;
#8015 = B_SPLINE_SURFACE_WITH_KNOTS ( 'NONE', 3, 1, ( 
 ( #8125, #7949 ),
 ( #641, #4096 ),
 ( #4140, #9335 ),
 ( #475, #3364 ),
 ( #2078, #4959 ),
 ( #4283, #6493 ),
 ( #7882, #7073 ),
 ( #3413, #6340 ),
 ( #8711, #9285 ),
 ( #8610, #6289 ),
 ( #9237, #8498 ),
 ( #9434, #2802 ),
 ( #2026, #2700 ),
 ( #1295, #4186 ),
 ( #5729, #1197 ) ),
 .UNSPECIFIED., .F., .F., .F.,
 ( 4, 1, 1, 1, 1, 1, 1, 1, 1, 1, 1, 1, 4 ),
 ( 2, 2 ),
 ( 0.000000000000000000, 0.1072327993600885321, 0.2132518127818489317, 0.3188304473075871948, 0.4267935306342749424, 0.4836459507827183257, 0.5436038220211421024, 0.6083076495640832304, 0.6771267602600403723, 0.7506856360204958722, 0.8287134184432873862, 0.9121903482234525740, 1.000000000000000000 ),
 ( 0.000000000000000000, 1.000000000000000000 ),
 .UNSPECIFIED. ) ;
#8017 = CARTESIAN_POINT ( 'NONE',  ( -1.013010786042741973, -0.08119729041266454672, 0.4389999999999998903 ) ) ;
#8018 = PRESENTATION_STYLE_ASSIGNMENT (( #2294 ) ) ;
#8019 = CARTESIAN_POINT ( 'NONE',  ( -0.8333086486602863108, 0.2470619709248332851, 0.4400000000000000577 ) ) ;
#8020 = VERTEX_POINT ( 'NONE', #4712 ) ;
#8021 = CARTESIAN_POINT ( 'NONE',  ( -0.4153565415565217411, 0.1906278572401061133, 0.4389999999999999458 ) ) ;
#8022 = CARTESIAN_POINT ( 'NONE',  ( 0.2810231822290703008, 0.1905042252544043302, 0.4390000000000000013 ) ) ;
#8023 = VERTEX_POINT ( 'NONE', #1776 ) ;
#8024 = CARTESIAN_POINT ( 'NONE',  ( -0.1681664584762269377, 0.2397708740019593165, 0.4400000000000002243 ) ) ;
#8025 = CARTESIAN_POINT ( 'NONE',  ( 0.5771781301858674995, 0.07975427861714096123, 0.4400000000000000022 ) ) ;
#8026 = AXIS2_PLACEMENT_3D ( 'NONE', #8501, #6396, #5629 ) ;
#8027 = DIRECTION ( 'NONE',  ( 0.000000000000000000, -1.000000000000000000, 0.000000000000000000 ) ) ;
#8028 = DIRECTION ( 'NONE',  ( 0.000000000000000000, 0.000000000000000000, -1.000000000000000000 ) ) ;
#8029 = CARTESIAN_POINT ( 'NONE',  ( -0.4919324467372094278, 0.08579394207867938049, 0.4400000000000000022 ) ) ;
#8030 = CARTESIAN_POINT ( 'NONE',  ( -1.600000000000000089, 1.100000000000000089, -0.2810000000000000275 ) ) ;
#8031 = DIRECTION ( 'NONE',  ( 0.000000000000000000, 0.000000000000000000, 1.000000000000000000 ) ) ;
#8032 = VERTEX_POINT ( 'NONE', #1982 ) ;
#8033 = CARTESIAN_POINT ( 'NONE',  ( -1.020971806829090500, -0.06449478723377864708, 0.4400000000000000022 ) ) ;
#8034 = CARTESIAN_POINT ( 'NONE',  ( 0.6783019216426894316, -0.06973956335837774856, 0.4389999999999999458 ) ) ;
#8035 = DIRECTION ( 'NONE',  ( 1.000000000000000000, 0.000000000000000000, 0.000000000000000000 ) ) ;
#8036 = VECTOR ( 'NONE', #1041, 1000.000000000000000 ) ;
#8037 = EDGE_CURVE ( 'NONE', #7425, #7166, #266, .T. ) ;
#8038 = VERTEX_POINT ( 'NONE', #1930 ) ;
#8039 = CARTESIAN_POINT ( 'NONE',  ( -0.5215898986602862664, 0.1439369709248332352, 0.4390000000000000013 ) ) ;
#8040 = CARTESIAN_POINT ( 'NONE',  ( -0.3658206678910556064, -0.1035990867674744242, 0.4400000000000000022 ) ) ;
#8041 = CARTESIAN_POINT ( 'NONE',  ( -0.4539817255833632492, -0.1798611059982436478, 0.4390000000000000013 ) ) ;
#8042 = CIRCLE ( 'NONE', #4210, 0.02500000000000001180 ) ;
#8043 = ORIENTED_EDGE ( 'NONE', *, *, #6677, .T. ) ;
#8044 = CARTESIAN_POINT ( 'NONE',  ( -0.8358326871218247911, 0.2009081247709871010, 0.4390000000000000013 ) ) ;
#8045 = FACE_OUTER_BOUND ( 'NONE', #8537, .T. ) ;
#8046 = DIRECTION ( 'NONE',  ( 0.000000000000000000, 0.000000000000000000, -1.000000000000000000 ) ) ;
#8047 = CARTESIAN_POINT ( 'NONE',  ( -1.027428095292251209, -0.04708880750808860233, 0.4389999999999998903 ) ) ;
#8048 = CIRCLE ( 'NONE', #4216, 0.2225000000000002531 ) ;
#8049 = CARTESIAN_POINT ( 'NONE',  ( 0.6964648070265772040, 0.01640597258775980394, 0.4390000000000000568 ) ) ;
#8050 = LINE ( 'NONE', #4403, #7752 ) ;
#8051 = CARTESIAN_POINT ( 'NONE',  ( 0.8685472191000089826, -0.1754815206903646285, 0.4389999999999998903 ) ) ;
#8052 = PRESENTATION_LAYER_ASSIGNMENT (  '', '', ( #9117 ) ) ;
#8053 = B_SPLINE_CURVE_WITH_KNOTS ( 'NONE', 3,
 ( #2418, #5339, #2467, #6112, #2563, #8268, #872, #6161, #1680, #9051, #2515, #4621, #958, #3910, #239, #1010, #3182, #8311, #595 ),
 .UNSPECIFIED., .F., .F.,
 ( 4, 1, 1, 1, 1, 1, 1, 1, 1, 1, 1, 1, 1, 1, 1, 1, 4 ),
 ( 0.000000000000000000, 0.06690918560565647932, 0.1334854404229655345, 0.2010351165700816622, 0.2712343400187641196, 0.3428799841615844946, 0.4138361296100203646, 0.4859766219744203197, 0.5602295572555490155, 0.5998841807523909164, 0.6440548396425964661, 0.6918919315842542161, 0.7446875244737716226, 0.8014917751698766857, 0.8628576982200925061, 0.9293283793947424432, 1.000000000000000000 ),
 .UNSPECIFIED. ) ;
#8054 = EDGE_CURVE ( 'NONE', #1131, #8866, #8925, .T. ) ;
#8055 = ORIENTED_EDGE ( 'NONE', *, *, #6445, .F. ) ;
#8056 =( GEOMETRIC_REPRESENTATION_CONTEXT ( 3 ) GLOBAL_UNCERTAINTY_ASSIGNED_CONTEXT ( ( #6581 ) ) GLOBAL_UNIT_ASSIGNED_CONTEXT ( ( #1042, #9183, #9082 ) ) REPRESENTATION_CONTEXT ( 'NONE', 'WORKASPACE' ) );
#8057 = LINE ( 'NONE', #2877, #7833 ) ;
#8058 = DIRECTION ( 'NONE',  ( 1.000000000000000000, 0.000000000000000000, 0.000000000000000000 ) ) ;
#8059 = CARTESIAN_POINT ( 'NONE',  ( 0.5573697877219568886, -0.2259261301255548193, 0.4390000000000000013 ) ) ;
#8060 = LINE ( 'NONE', #7921, #971 ) ;
#8061 = CARTESIAN_POINT ( 'NONE',  ( -0.7736745290077069459, 0.2409712465954906846, 0.4389999999999999458 ) ) ;
#8062 = EDGE_CURVE ( 'NONE', #2628, #9492, #3378, .T. ) ;
#8063 = ORIENTED_EDGE ( 'NONE', *, *, #2016, .T. ) ;
#8064 = ORIENTED_EDGE ( 'NONE', *, *, #3446, .T. ) ;
#8065 = CARTESIAN_POINT ( 'NONE',  ( 1.024273947982617949, -0.09852548070640008981, 0.4390000000000000013 ) ) ;
#8066 = FACE_OUTER_BOUND ( 'NONE', #6122, .T. ) ;
#8067 = CARTESIAN_POINT ( 'NONE',  ( 0.3106469577554035744, 0.1672330924289254506, 0.4400000000000002243 ) ) ;
#8068 = CARTESIAN_POINT ( 'NONE',  ( -0.1459164276888661183, 0.2453228877635587057, 0.4390000000000002234 ) ) ;
#8069 = CARTESIAN_POINT ( 'NONE',  ( 0.5289376491987458628, 0.07232560889384448410, 0.4399999999999999467 ) ) ;
#8070 = CARTESIAN_POINT ( 'NONE',  ( -1.036844260124392347, 0.1441413012102837898, 0.4400000000000001132 ) ) ;
#8071 = CARTESIAN_POINT ( 'NONE',  ( -0.3705758560721998940, -0.009167848185585128137, 0.4390000000000000013 ) ) ;
#8072 = CARTESIAN_POINT ( 'NONE',  ( 1.600000000000000089, -1.250000000000000000, -0.1499999999999999667 ) ) ;
#8073 = CARTESIAN_POINT ( 'NONE',  ( 0.7913334033398727874, 0.1699861994883433980, 0.4390000000000000013 ) ) ;
#8074 = SURFACE_STYLE_USAGE ( .BOTH. , #6591 ) ;
#8075 = CARTESIAN_POINT ( 'NONE',  ( -0.3263138182872054038, -0.08696345887389271556, 0.4400000000000000577 ) ) ;
#8076 = CARTESIAN_POINT ( 'NONE',  ( -0.02027104039877048250, -0.1288127343277742920, 0.4389999999999998348 ) ) ;
#8077 = B_SPLINE_CURVE_WITH_KNOTS ( 'NONE', 3,
 ( #3475, #2093, #4390, #2186, #9495, #7190, #7946, #4248, #591, #6406, #7331 ),
 .UNSPECIFIED., .F., .F.,
 ( 4, 1, 1, 1, 1, 1, 1, 1, 4 ),
 ( 0.000000000000000000, 0.1022030370352197404, 0.2110233423738746839, 0.3250996615652086419, 0.4465020971348885315, 0.5737877176488557218, 0.7089007097660661172, 0.8503578712934012351, 1.000000000000000000 ),
 .UNSPECIFIED. ) ;
#8078 = ORIENTED_EDGE ( 'NONE', *, *, #8089, .F. ) ;
#8079 = CARTESIAN_POINT ( 'NONE',  ( -0.6966097372053116077, -0.1879274410189626932, 0.4399999999999997247 ) ) ;
#8080 = LINE ( 'NONE', #860, #7893 ) ;
#8081 = CARTESIAN_POINT ( 'NONE',  ( 0.6783019216426894316, -0.06973956335837774856, 0.4389999999999999458 ) ) ;
#8082 = ORIENTED_EDGE ( 'NONE', *, *, #8983, .T. ) ;
#8083 = CARTESIAN_POINT ( 'NONE',  ( 0.8467576887710553946, 0.1847640311179727934, 0.4390000000000000013 ) ) ;
#8084 = CARTESIAN_POINT ( 'NONE',  ( -0.7234945569207438254, 0.2239425681141143376, 0.4389999999999999458 ) ) ;
#8085 = CARTESIAN_POINT ( 'NONE',  ( -1.002791814357535172, 0.1173194155963438318, 0.4400000000000003908 ) ) ;
#8086 = ORIENTED_EDGE ( 'NONE', *, *, #1533, .F. ) ;
#8087 = DIRECTION ( 'NONE',  ( -0.000000000000000000, -0.000000000000000000, 1.000000000000000000 ) ) ;
#8088 = EDGE_CURVE ( 'NONE', #1341, #6322, #1258, .T. ) ;
#8089 = EDGE_CURVE ( 'NONE', #2557, #7219, #1057, .T. ) ;
#8090 = CARTESIAN_POINT ( 'NONE',  ( -1.377502247202359031, -1.250999999999999890, -0.1549999999999999711 ) ) ;
#8091 = CARTESIAN_POINT ( 'NONE',  ( 0.006251212487734848083, 0.1024834233776862613, 0.4400000000000000022 ) ) ;
#8092 = LINE ( 'NONE', #3536, #1088 ) ;
#8093 = VECTOR ( 'NONE', #7849, 1000.000000000000000 ) ;
#8094 = CARTESIAN_POINT ( 'NONE',  ( -0.6723110525064401877, -0.1048611059982436505, 0.4390000000000000013 ) ) ;
#8095 = CARTESIAN_POINT ( 'NONE',  ( -0.5619745140449017295, 0.1420439420786794305, 0.4400000000000000022 ) ) ;
#8096 = CARTESIAN_POINT ( 'NONE',  ( 0.8427750760038426048, -0.1611520911732861050, 0.4399999999999998357 ) ) ;
#8097 = ORIENTED_EDGE ( 'NONE', *, *, #7572, .T. ) ;
#8098 = DIRECTION ( 'NONE',  ( -0.000000000000000000, -0.000000000000000000, 1.000000000000000000 ) ) ;
#8099 = CARTESIAN_POINT ( 'NONE',  ( 0.9008108466239040935, 0.002313255838004935148, 0.4400000000000000022 ) ) ;
#8100 = CARTESIAN_POINT ( 'NONE',  ( 0.4392689790812497885, -0.1500893457987850232, 0.4399999999999998357 ) ) ;
#8101 = CARTESIAN_POINT ( 'NONE',  ( 0.4245639474935597457, -0.09909187522901288792, 0.4400000000000000022 ) ) ;
#8102 = EDGE_CURVE ( 'NONE', #6007, #3455, #792, .T. ) ;
#8103 = SURFACE_STYLE_FILL_AREA ( #4495 ) ;
#8104 =( NAMED_UNIT ( * ) PLANE_ANGLE_UNIT ( ) SI_UNIT ( $, .RADIAN. ) );
#8105 = CARTESIAN_POINT ( 'NONE',  ( -0.8179038669006991613, 0.2468772803582587327, 0.4399999999999998912 ) ) ;
#8106 = ORIENTED_EDGE ( 'NONE', *, *, #5083, .T. ) ;
#8107 = CARTESIAN_POINT ( 'NONE',  ( 0.7591793321089442825, -0.1276675963828590443, 0.4399999999999997247 ) ) ;
#8108 = PLANE ( 'NONE',  #2681 ) ;
#8109 = CARTESIAN_POINT ( 'NONE',  ( 3.650918128422379373E-16, 0.5000000000000000000, -0.1549999999999999711 ) ) ;
#8110 = LINE ( 'NONE', #3786, #4611 ) ;
#8111 = CARTESIAN_POINT ( 'NONE',  ( -0.4043600750214305650, -0.2171106399872061443, 0.4389999999999998348 ) ) ;
#8112 = DIRECTION ( 'NONE',  ( -1.000000000000000000, 0.000000000000000000, -0.000000000000000000 ) ) ;
#8113 = EDGE_CURVE ( 'NONE', #491, #1947, #8077, .T. ) ;
#8114 = CARTESIAN_POINT ( 'NONE',  ( -0.1465898986602864051, 0.05667735554021788302, 0.4390000000000000013 ) ) ;
#8115 = LINE ( 'NONE', #2306, #2761 ) ;
#8116 = DIRECTION ( 'NONE',  ( 0.000000000000000000, 1.000000000000000000, 0.000000000000000000 ) ) ;
#8117 = CARTESIAN_POINT ( 'NONE',  ( 0.9185543321089443269, 0.04099225938637172939, 0.4400000000000000022 ) ) ;
#8118 =( NAMED_UNIT ( * ) PLANE_ANGLE_UNIT ( ) SI_UNIT ( $, .RADIAN. ) );
#8119 = EDGE_LOOP ( 'NONE', ( #5705, #7821, #1130, #1502, #7312, #3970, #2472, #3867, #342, #501, #3297, #606, #8669, #1193, #4228, #1409, #7260, #1253, #689, #421, #8344, #4489, #7774, #4674, #3622, #3140, #3864, #3493, #3359 ) ) ;
#8120 = CARTESIAN_POINT ( 'NONE',  ( 0.1333240908070869868, 0.2050013978864320130, 0.4389999999999998903 ) ) ;
#8121 = CARTESIAN_POINT ( 'NONE',  ( -0.8276569591053291042, -0.2259571002982809218, 0.4400000000000000022 ) ) ;
#8122 = CARTESIAN_POINT ( 'NONE',  ( 0.9837234070366740468, -0.1133899195192124010, 0.4389999999999997793 ) ) ;
#8123 = CARTESIAN_POINT ( 'NONE',  ( 0.9884734160498910294, 0.2075745984083956219, 0.4399999999999999467 ) ) ;
#8124 = CARTESIAN_POINT ( 'NONE',  ( -0.2075529409347492971, 0.2172198091219535998, 0.4390000000000000013 ) ) ;
#8125 = CARTESIAN_POINT ( 'NONE',  ( -0.4510971101987478193, 0.2470619709248332851, 0.4390000000000000013 ) ) ;
#8126 = CARTESIAN_POINT ( 'NONE',  ( -0.8358326871218247911, 0.2009081247709871010, 0.4400000000000003353 ) ) ;
#8127 = ORIENTED_EDGE ( 'NONE', *, *, #3446, .F. ) ;
#8128 = ORIENTED_EDGE ( 'NONE', *, *, #9463, .T. ) ;
#8129 = LINE ( 'NONE', #6604, #4539 ) ;
#8130 = CARTESIAN_POINT ( 'NONE',  ( 0.5618536109550983371, -0.2260149521520898042, 0.4400000000000000022 ) ) ;
#8131 = CARTESIAN_POINT ( 'NONE',  ( 0.9217629094803665435, -0.2239694611288361448, 0.4389999999999998903 ) ) ;
#8132 = CARTESIAN_POINT ( 'NONE',  ( -0.9010930038605309278, 0.1910304427232506208, 0.4399999999999999467 ) ) ;
#8133 = CARTESIAN_POINT ( 'NONE',  ( -0.5619119556341727328, 0.1390052152411147823, 0.4390000000000001679 ) ) ;
#8134 = CARTESIAN_POINT ( 'NONE',  ( -0.9014079920518486277, -0.2185312688310292184, 0.4400000000000000022 ) ) ;
#8135 = EDGE_CURVE ( 'NONE', #6015, #6989, #8186, .T. ) ;
#8136 = VECTOR ( 'NONE', #3399, 1000.000000000000000 ) ;
#8137 = ORIENTED_EDGE ( 'NONE', *, *, #3614, .T. ) ;
#8138 = CARTESIAN_POINT ( 'NONE',  ( -0.1217100909679787318, 0.2009081247709871010, 0.4390000000000000013 ) ) ;
#8139 =( LENGTH_UNIT ( ) NAMED_UNIT ( * ) SI_UNIT ( .MILLI., .METRE. ) );
#8140 = CARTESIAN_POINT ( 'NONE',  ( 0.9836044418202189998, -0.09223595177155922975, 0.4399999999999999467 ) ) ;
#8141 = CARTESIAN_POINT ( 'NONE',  ( 0.5356243222936849513, -0.2239232923200134007, 0.4390000000000001124 ) ) ;
#8142 = CARTESIAN_POINT ( 'NONE',  ( -0.4692175892854708597, 0.2004519084499515325, 0.4399999999999999467 ) ) ;
#8143 = LINE ( 'NONE', #6704, #1469 ) ;
#8144 = CARTESIAN_POINT ( 'NONE',  ( -0.5838482843567305292, -0.1402952202297988171, 0.4400000000000000022 ) ) ;
#8145 = EDGE_CURVE ( 'NONE', #195, #8467, #9399, .T. ) ;
#8146 = EDGE_CURVE ( 'NONE', #9019, #2694, #1858, .T. ) ;
#8147 = CARTESIAN_POINT ( 'NONE',  ( -0.7199614423062428159, 0.2224129101189628033, 0.4389999999999999458 ) ) ;
#8148 = VECTOR ( 'NONE', #7417, 1000.000000000000000 ) ;
#8149 = LINE ( 'NONE', #1605, #3781 ) ;
#8150 = CARTESIAN_POINT ( 'NONE',  ( 0.3625337469019303538, 0.05864554716713906574, 0.4400000000000001688 ) ) ;
#8151 = EDGE_CURVE ( 'NONE', #2508, #7050, #8296, .T. ) ;
#8152 = LINE ( 'NONE', #1568, #8438 ) ;
#8153 = CARTESIAN_POINT ( 'NONE',  ( -0.1342211205312683620, 0.2468388881625582509, 0.4389999999999998348 ) ) ;
#8154 = CARTESIAN_POINT ( 'NONE',  ( 0.005393274416636787555, -0.0008346636905513685027, 0.4400000000000000022 ) ) ;
#8155 = SURFACE_STYLE_USAGE ( .BOTH. , #3788 ) ;
#8156 = VECTOR ( 'NONE', #8922, 1000.000000000000000 ) ;
#8157 = LINE ( 'NONE', #7226, #5425 ) ;
#8158 =( NAMED_UNIT ( * ) PLANE_ANGLE_UNIT ( ) SI_UNIT ( $, .RADIAN. ) );
#8159 = CARTESIAN_POINT ( 'NONE',  ( 0.7108810573934265520, -0.1202876795350050765, 0.4390000000000000013 ) ) ;
#8160 = CARTESIAN_POINT ( 'NONE',  ( -0.3689474767138055666, 0.2146279300473576679, 0.4389999999999998348 ) ) ;
#8161 = B_SPLINE_CURVE_WITH_KNOTS ( 'NONE', 3,
 ( #6500, #5531, #8668, #4810, #1303, #7737, #3468, #4913, #2087, #1155, #483, #6296, #1353, #5633, #8562 ),
 .UNSPECIFIED., .F., .F.,
 ( 4, 1, 1, 1, 1, 1, 1, 1, 1, 1, 1, 1, 4 ),
 ( 0.000000000000000000, 0.1227119423657787589, 0.2396849640167730833, 0.3518158552560944341, 0.4637661328620821255, 0.5208177931608302114, 0.5794482914480039160, 0.6406041451203193793, 0.7052975118059829907, 0.7736338807131351025, 0.8446693818863786341, 0.9200565080211454694, 1.000000000000000000 ),
 .UNSPECIFIED. ) ;
#8162 = PRODUCT ( 'CS325S24000000ABJT', 'CS325S24000000ABJT', '', ( #5419 ) ) ;
#8163 = ORIENTED_EDGE ( 'NONE', *, *, #7177, .F. ) ;
#8164 = FILL_AREA_STYLE_COLOUR ( '', #2572 ) ;
#8165 = EDGE_CURVE ( 'NONE', #7113, #776, #6008, .T. ) ;
#8166 = CARTESIAN_POINT ( 'NONE',  ( -0.3543599902265177071, -0.02725125928718030374, 0.4400000000000001132 ) ) ;
#8167 = ADVANCED_FACE ( 'NONE', ( #6598 ), #5877, .T. ) ;
#8168 = CARTESIAN_POINT ( 'NONE',  ( 0.1015107764158643261, 0.1568168308237873620, 0.4390000000000000013 ) ) ;
#8169 =( GEOMETRIC_REPRESENTATION_CONTEXT ( 3 ) GLOBAL_UNCERTAINTY_ASSIGNED_CONTEXT ( ( #5494 ) ) GLOBAL_UNIT_ASSIGNED_CONTEXT ( ( #5059, #1298, #9289 ) ) REPRESENTATION_CONTEXT ( 'NONE', 'WORKASPACE' ) );
#8170 = DIRECTION ( 'NONE',  ( 0.000000000000000000, 0.000000000000000000, -1.000000000000000000 ) ) ;
#8171 = CARTESIAN_POINT ( 'NONE',  ( -1.500000000000000000, 0.000000000000000000, -0.1499999999999999667 ) ) ;
#8172 = CARTESIAN_POINT ( 'NONE',  ( -0.3464883410193962954, 0.1908272132656882170, 0.4399999999999998912 ) ) ;
#8173 = CARTESIAN_POINT ( 'NONE',  ( -0.1459164276888661183, 0.2453228877635587057, 0.4390000000000002234 ) ) ;
#8174 = B_SPLINE_CURVE_WITH_KNOTS ( 'NONE', 3,
 ( #945, #5418, #3944, #3893, #375, #6817, #9036, #6868, #270, #8348, #1763, #7631, #6341, #1198, #7074 ),
 .UNSPECIFIED., .F., .F.,
 ( 4, 1, 1, 1, 1, 1, 1, 1, 1, 1, 1, 1, 4 ),
 ( 0.000000000000000000, 0.06316325936347069736, 0.1254749410306405799, 0.1871212198160328855, 0.2482943461142987085, 0.3092948562551205427, 0.3698500660670929752, 0.4309733755473814099, 0.4924559896728166186, 0.6161479662918553091, 0.7408436984673629766, 0.8681826486700433554, 1.000000000000000000 ),
 .UNSPECIFIED. ) ;
#8175 = CARTESIAN_POINT ( 'NONE',  ( -0.8358326871218247911, 0.2009081247709871010, 0.4390000000000000013 ) ) ;
#8176 = ORIENTED_EDGE ( 'NONE', *, *, #5870, .F. ) ;
#8177 = CARTESIAN_POINT ( 'NONE',  ( -0.4043600750214305650, -0.2171106399872061443, 0.4399999999999998357 ) ) ;
#8178 = CARTESIAN_POINT ( 'NONE',  ( 0.6742705592715132479, -0.1821147272676080231, 0.4400000000000000022 ) ) ;
#8179 = CARTESIAN_POINT ( 'NONE',  ( 0.9054206474952301020, 0.2004842256966972991, 0.4400000000000001132 ) ) ;
#8180 = DIRECTION ( 'NONE',  ( -0.000000000000000000, -0.000000000000000000, 1.000000000000000000 ) ) ;
#8181 = CARTESIAN_POINT ( 'NONE',  ( -0.9261600228181863237, -0.2110972144168537235, 0.4390000000000000568 ) ) ;
#8182 = VECTOR ( 'NONE', #2387, 1000.000000000000000 ) ;
#8183 = CARTESIAN_POINT ( 'NONE',  ( -0.5215393538072266022, 0.1415260665410597030, 0.4400000000000000022 ) ) ;
#8184 = LINE ( 'NONE', #1686, #2377 ) ;
#8185 = STYLED_ITEM ( 'NONE', ( #846 ), #2875 ) ;
#8186 = B_SPLINE_CURVE_WITH_KNOTS ( 'NONE', 3,
 ( #2760, #5688, #7374, #5027, #1359, #637, #2949, #2902, #5829, #2139, #3574, #729, #8677, #8769, #1309, #5116, #3521, #8081, #6453 ),
 .UNSPECIFIED., .F., .F.,
 ( 4, 1, 1, 1, 1, 1, 1, 1, 1, 1, 1, 1, 1, 1, 1, 1, 4 ),
 ( 0.000000000000000000, 0.06420729528298543820, 0.1264246897797417224, 0.1876802842649213376, 0.2482164244552129972, 0.3083050600086124637, 0.3696609913251426849, 0.4316985517867805155, 0.4959468922087641451, 0.5597580239721191564, 0.6222954078261583311, 0.6839106352841733960, 0.7450924080566243557, 0.8067402253892924646, 0.8690866181212018038, 0.9332900029747992487, 0.9999999999999998890 ),
 .UNSPECIFIED. ) ;
#8187 = LINE ( 'NONE', #1787, #2805 ) ;
#8188 = VECTOR ( 'NONE', #6741, 1000.000000000000000 ) ;
#8189 = CARTESIAN_POINT ( 'NONE',  ( -0.4539817255833632492, -0.1798611059982436478, 0.4390000000000000013 ) ) ;
#8190 = ORIENTED_EDGE ( 'NONE', *, *, #4635, .F. ) ;
#8191 = CARTESIAN_POINT ( 'NONE',  ( 0.6203400701178919396, 0.07414586166981460003, 0.4390000000000000013 ) ) ;
#8192 = ORIENTED_EDGE ( 'NONE', *, *, #6785, .F. ) ;
#8193 = CARTESIAN_POINT ( 'NONE',  ( -0.6452273267045570693, 0.1638394540097807828, 0.4390000000000001124 ) ) ;
#8194 = DIRECTION ( 'NONE',  ( -1.000000000000000000, 0.000000000000000000, 0.000000000000000000 ) ) ;
#8195 = CARTESIAN_POINT ( 'NONE',  ( -0.7880464457633047370, -0.2227621639284977639, 0.4399999999999999467 ) ) ;
#8196 = CARTESIAN_POINT ( 'NONE',  ( 0.2942161438281951646, -0.03463235271249406888, 0.4390000000000000013 ) ) ;
#8197 = CARTESIAN_POINT ( 'NONE',  ( -0.06337661223698048962, 0.1849905923792568851, 0.4390000000000001679 ) ) ;
#8198 = EDGE_CURVE ( 'NONE', #9330, #4328, #4435, .T. ) ;
#8199 = EDGE_CURVE ( 'NONE', #2136, #2866, #852, .T. ) ;
#8200 = CARTESIAN_POINT ( 'NONE',  ( -0.4678208066855054637, 0.01569864098138409186, 0.4400000000000000022 ) ) ;
#8201 = LINE ( 'NONE', #211, #5546 ) ;
#8202 = CARTESIAN_POINT ( 'NONE',  ( -0.03918617110442668139, 0.04044743598144023150, 0.4389999999999998903 ) ) ;
#8203 = DIRECTION ( 'NONE',  ( -0.000000000000000000, 1.000000000000000000, 0.000000000000000000 ) ) ;
#8204 = CARTESIAN_POINT ( 'NONE',  ( 0.1801265342785109691, 0.2367896199024590309, 0.4400000000000002243 ) ) ;
#8205 = PLANE ( 'NONE',  #8220 ) ;
#8206 = UNCERTAINTY_MEASURE_WITH_UNIT (LENGTH_MEASURE( 1.000000000000000082E-05 ), #6380, 'distance_accuracy_value', 'NONE');
#8207 = ORIENTED_EDGE ( 'NONE', *, *, #7229, .T. ) ;
#8208 = CARTESIAN_POINT ( 'NONE',  ( 0.8926194446047970299, -0.2259492288038511820, 0.4390000000000000568 ) ) ;
#8209 = DIRECTION ( 'NONE',  ( 0.000000000000000000, 0.000000000000000000, -1.000000000000000000 ) ) ;
#8210 = SURFACE_STYLE_USAGE ( .BOTH. , #5281 ) ;
#8211 = CYLINDRICAL_SURFACE ( 'NONE', #6001, 0.2225000000000000311 ) ;
#8212 = CARTESIAN_POINT ( 'NONE',  ( 0.5602511911860172944, -0.1797530963719979336, 0.4400000000000000577 ) ) ;
#8213 = VECTOR ( 'NONE', #6831, 1000.000000000000000 ) ;
#8214 = CARTESIAN_POINT ( 'NONE',  ( 0.3784101013397135338, -0.2144764906136282789, 0.4400000000000000022 ) ) ;
#8215 = CARTESIAN_POINT ( 'NONE',  ( 0.9959229294063546289, 0.1996228732683024976, 0.4400000000000000577 ) ) ;
#8216 = EDGE_CURVE ( 'NONE', #10, #3408, #4476, .T. ) ;
#8217 = DIRECTION ( 'NONE',  ( 0.000000000000000000, 0.000000000000000000, -1.000000000000000000 ) ) ;
#8218 = CARTESIAN_POINT ( 'NONE',  ( -1.025222997787992529, 0.07308693911112600083, 0.4400000000000004463 ) ) ;
#8219 = VERTEX_POINT ( 'NONE', #861 ) ;
#8220 = AXIS2_PLACEMENT_3D ( 'NONE', #1661, #8247, #3070 ) ;
#8221 = CARTESIAN_POINT ( 'NONE',  ( -0.3276114254028590911, -0.1279876310926765237, 0.4399999999999998912 ) ) ;
#8222 = CARTESIAN_POINT ( 'NONE',  ( -0.003726705070648262275, 0.07758906821124189612, 0.4399999999999999467 ) ) ;
#8223 = DIRECTION ( 'NONE',  ( 0.000000000000000000, -1.000000000000000000, 0.000000000000000000 ) ) ;
#8224 = EDGE_CURVE ( 'NONE', #1454, #1165, #9476, .T. ) ;
#8225 = CARTESIAN_POINT ( 'NONE',  ( -1.034896698438085405, 0.02326314556866143635, 0.4400000000000000577 ) ) ;
#8226 = FACE_OUTER_BOUND ( 'NONE', #5540, .T. ) ;
#8227 = CARTESIAN_POINT ( 'NONE',  ( 0.9794241439278004169, -0.009167848185585034462, 0.4400000000000000577 ) ) ;
#8228 = ORIENTED_EDGE ( 'NONE', *, *, #1575, .T. ) ;
#8229 = VERTEX_POINT ( 'NONE', #6725 ) ;
#8230 = CARTESIAN_POINT ( 'NONE',  ( 0.1554479651890066927, 0.2234954739214252972, 0.4400000000000000022 ) ) ;
#8231 = LINE ( 'NONE', #2380, #786 ) ;
#8232 = CARTESIAN_POINT ( 'NONE',  ( 0.9302633470659543713, 0.2433528029795972436, 0.4390000000000000013 ) ) ;
#8234 = CARTESIAN_POINT ( 'NONE',  ( -0.5032423112289445832, 0.1847640311179730432, 0.4390000000000001679 ) ) ;
#8233 = B_SPLINE_SURFACE_WITH_KNOTS ( 'NONE', 3, 1, ( 
 ( #9383, #4284 ),
 ( #7268, #2803 ),
 ( #5730, #5057 ),
 ( #1915, #8712 ),
 ( #2124, #8802 ),
 ( #5270, #5228 ),
 ( #1439, #38 ),
 ( #2215, #4374 ),
 ( #802, #2168 ),
 ( #3024, #7405 ),
 ( #3064, #5148 ),
 ( #7316, #9482 ),
 ( #716, #5986 ),
 ( #3654, #8024 ),
 ( #1487, #6583 ),
 ( #8068, #4421 ),
 ( #8153, #3743 ),
 ( #7359, #5953 ),
 ( #9525, #8931 ) ),
 .UNSPECIFIED., .F., .F., .F.,
 ( 4, 1, 1, 1, 1, 1, 1, 1, 1, 1, 1, 1, 1, 1, 1, 1, 4 ),
 ( 2, 2 ),
 ( 0.000000000000000000, 0.07262534608343566844, 0.1419766113262345142, 0.2089849284189388701, 0.2739568703644449377, 0.3368893473968410657, 0.3987449534945903262, 0.4601158852788615472, 0.5208249225900292156, 0.5809944586324856663, 0.6401519276014651094, 0.6986224507562547315, 0.7572710809271643306, 0.8164266940046603915, 0.8762540482034704148, 0.9371652930625378186, 1.000000000000000000 ),
 ( 0.000000000000000000, 1.000000000000000000 ),
 .UNSPECIFIED. ) ;
#8235 = VERTEX_POINT ( 'NONE', #6101 ) ;
#8236 = CARTESIAN_POINT ( 'NONE',  ( -0.6845480202171965178, 0.2010471453458448354, 0.4390000000000000013 ) ) ;
#8237 = CARTESIAN_POINT ( 'NONE',  ( -0.4040055511747525085, -0.03507746384209536883, 0.4390000000000000568 ) ) ;
#8238 = CARTESIAN_POINT ( 'NONE',  ( -0.7599693688040062289, -0.2165234898516969209, 0.4390000000000001124 ) ) ;
#8239 = CARTESIAN_POINT ( 'NONE',  ( 0.3263150960818940738, 0.002456964899694260348, 0.4390000000000000013 ) ) ;
#8240 = CARTESIAN_POINT ( 'NONE',  ( -0.2088449453988835691, -0.1443813078221242163, 0.4390000000000000568 ) ) ;
#8241 = CARTESIAN_POINT ( 'NONE',  ( 0.4847565683020453875, 0.01592199225184963429, 0.4389999999999998348 ) ) ;
#8242 = CARTESIAN_POINT ( 'NONE',  ( 0.2242000009658911552, 0.2006356513693491328, 0.4400000000000000022 ) ) ;
#8243 = PLANE ( 'NONE',  #1588 ) ;
#8244 = SURFACE_STYLE_USAGE ( .BOTH. , #8336 ) ;
#8245 = LINE ( 'NONE', #4426, #3675 ) ;
#8246 = CARTESIAN_POINT ( 'NONE',  ( -0.5072249239961577061, -0.1611520911732862438, 0.4389999999999998348 ) ) ;
#8247 = DIRECTION ( 'NONE',  ( 0.000000000000000000, 0.000000000000000000, -1.000000000000000000 ) ) ;
#8248 = EDGE_CURVE ( 'NONE', #5320, #1939, #4565, .T. ) ;
#8249 = ORIENTED_EDGE ( 'NONE', *, *, #7177, .T. ) ;
#8250 = CARTESIAN_POINT ( 'NONE',  ( 0.8044981253604959193, -0.1900858801627209049, 0.4389999999999999458 ) ) ;
#8251 = DIRECTION ( 'NONE',  ( 0.000000000000000000, 0.000000000000000000, -1.000000000000000000 ) ) ;
#8252 = FILL_AREA_STYLE ('',( #4651 ) ) ;
#8253 = CARTESIAN_POINT ( 'NONE',  ( 1.010138281506324232, -0.1609387839971297973, 0.4389999999999998903 ) ) ;
#8254 = CARTESIAN_POINT ( 'NONE',  ( 0.5739059423653732894, 0.03351042655399610187, 0.4400000000000000022 ) ) ;
#8255 = CARTESIAN_POINT ( 'NONE',  ( 0.6272351345043694071, -0.1615701322775035531, 0.4400000000000000022 ) ) ;
#8256 = CARTESIAN_POINT ( 'NONE',  ( 1.016240246986480633, 0.1743982202718302454, 0.4400000000000000577 ) ) ;
#8257 = PRESENTATION_STYLE_ASSIGNMENT (( #4609 ) ) ;
#8258 =( GEOMETRIC_REPRESENTATION_CONTEXT ( 3 ) GLOBAL_UNCERTAINTY_ASSIGNED_CONTEXT ( ( #6344 ) ) GLOBAL_UNIT_ASSIGNED_CONTEXT ( ( #882, #8104, #2255 ) ) REPRESENTATION_CONTEXT ( 'NONE', 'WORKASPACE' ) );
#8259 = EDGE_CURVE ( 'NONE', #569, #5976, #236, .T. ) ;
#8260 = CARTESIAN_POINT ( 'NONE',  ( 0.8869137071089443491, 0.01232639400175632692, 0.4400000000000000022 ) ) ;
#8261 = ORIENTED_EDGE ( 'NONE', *, *, #5160, .T. ) ;
#8262 = CARTESIAN_POINT ( 'NONE',  ( -0.5388136009042912011, 0.07618303143246119014, 0.4399999999999999467 ) ) ;
#8263 = EDGE_CURVE ( 'NONE', #7242, #8766, #7545, .T. ) ;
#8264 = CARTESIAN_POINT ( 'NONE',  ( -0.02031425113029734775, 0.05581025998049139736, 0.4390000000000000013 ) ) ;
#8265 = CARTESIAN_POINT ( 'NONE',  ( 0.9463371921142065268, 0.1824482515472023170, 0.4390000000000000013 ) ) ;
#8266 = CARTESIAN_POINT ( 'NONE',  ( -0.8493229532247059677, 0.2007527926940220475, 0.4400000000000000577 ) ) ;
#8267 = LINE ( 'NONE', #286, #8213 ) ;
#8268 = CARTESIAN_POINT ( 'NONE',  ( -0.02354449169452467461, -0.03674141666169657150, 0.4390000000000000013 ) ) ;
#8269 = DIRECTION ( 'NONE',  ( 1.000000000000000000, 0.000000000000000000, 0.000000000000000000 ) ) ;
#8270 = VERTEX_POINT ( 'NONE', #9041 ) ;
#8271 = ADVANCED_FACE ( 'NONE', ( #4225 ), #101, .T. ) ;
#8272 = VERTEX_POINT ( 'NONE', #2838 ) ;
#8273 = CARTESIAN_POINT ( 'NONE',  ( 0.1015107764158643261, 0.1568168308237873620, 0.4399999999999998357 ) ) ;
#8274 = CARTESIAN_POINT ( 'NONE',  ( 0.7880880443658273560, 0.1390052152411147823, 0.4390000000000000013 ) ) ;
#8275 = DIRECTION ( 'NONE',  ( 0.000000000000000000, 0.000000000000000000, 1.000000000000000000 ) ) ;
#8276 = DIRECTION ( 'NONE',  ( 0.000000000000000000, 1.000000000000000000, 0.000000000000000000 ) ) ;
#8277 = ORIENTED_EDGE ( 'NONE', *, *, #1247, .F. ) ;
#8278 = DIRECTION ( 'NONE',  ( -0.000000000000000000, -0.000000000000000000, 1.000000000000000000 ) ) ;
#8279 = CARTESIAN_POINT ( 'NONE',  ( 1.250000000000000000, 1.125000000000000000, 0.2799999999999999711 ) ) ;
#8280 = VECTOR ( 'NONE', #1223, 1000.000000000000000 ) ;
#8281 = CARTESIAN_POINT ( 'NONE',  ( 0.3485876296419409548, 0.03293501627323498077, 0.4400000000000001688 ) ) ;
#8282 = CARTESIAN_POINT ( 'NONE',  ( -0.2183198074050590465, -0.1302674729152047683, 0.4390000000000000013 ) ) ;
#8283 = DIRECTION ( 'NONE',  ( -0.000000000000000000, -0.000000000000000000, 1.000000000000000000 ) ) ;
#8284 = CARTESIAN_POINT ( 'NONE',  ( 0.7187947167243290414, -0.06745125022901288236, 0.4390000000000000013 ) ) ;
#8285 = CARTESIAN_POINT ( 'NONE',  ( 1.250000000000000000, -1.074999999999999956, 0.4149999999999999800 ) ) ;
#8286 = CARTESIAN_POINT ( 'NONE',  ( -0.4635809904834525819, 0.06391827649174551540, 0.4390000000000002234 ) ) ;
#8287 = CARTESIAN_POINT ( 'NONE',  ( 0.8989028898012522140, 0.2470619709248332851, 0.4399999999999998912 ) ) ;
#8288 = CARTESIAN_POINT ( 'NONE',  ( 0.2316788659741882139, 0.2469510849264154873, 0.4399999999999999467 ) ) ;
#8289 = VECTOR ( 'NONE', #4097, 1000.000000000000114 ) ;
#8290 = CARTESIAN_POINT ( 'NONE',  ( 0.9880947080145585648, -0.01836882851375151379, 0.4389999999999999458 ) ) ;
#8291 = AXIS2_PLACEMENT_3D ( 'NONE', #5114, #6353, #9447 ) ;
#8292 = ORIENTED_EDGE ( 'NONE', *, *, #982, .T. ) ;
#8293 = CARTESIAN_POINT ( 'NONE',  ( -0.1264314613419156297, -0.1798049348640453071, 0.4390000000000000568 ) ) ;
#8294 = CARTESIAN_POINT ( 'NONE',  ( 0.000000000000000000, 1.074999999999999956, 0.4149999999999999800 ) ) ;
#8295 = CARTESIAN_POINT ( 'NONE',  ( -0.08768905349943229011, 0.2433305654992666267, 0.4400000000000001688 ) ) ;
#8296 = CIRCLE ( 'NONE', #3858, 0.2225000000000000311 ) ;
#8297 = CARTESIAN_POINT ( 'NONE',  ( 0.7913822133301122719, 0.1150622111971215944, 0.4390000000000001124 ) ) ;
#8298 = CARTESIAN_POINT ( 'NONE',  ( 0.9217629094803665435, -0.2239694611288361448, 0.4399999999999999467 ) ) ;
#8299 = CARTESIAN_POINT ( 'NONE',  ( -0.5107825302017624525, 0.04847397028318144868, 0.4400000000000001688 ) ) ;
#8300 = CARTESIAN_POINT ( 'NONE',  ( 0.5356243222936849513, -0.2239232923200134007, 0.4390000000000001124 ) ) ;
#8301 = CARTESIAN_POINT ( 'NONE',  ( -0.2162732915592631977, 0.2094138214360276584, 0.4400000000000000577 ) ) ;
#8302 = LINE ( 'NONE', #8949, #8704 ) ;
#8303 = CARTESIAN_POINT ( 'NONE',  ( -1.034896698438085405, 0.02326314556866143635, 0.4390000000000000568 ) ) ;
#8304 = ORIENTED_EDGE ( 'NONE', *, *, #2280, .F. ) ;
#8305 = CARTESIAN_POINT ( 'NONE',  ( -0.1465898986602864051, 0.01052350938637172661, 0.4400000000000000022 ) ) ;
#8306 = CARTESIAN_POINT ( 'NONE',  ( 0.3485876296419409548, 0.03293501627323498077, 0.4390000000000000013 ) ) ;
#8307 = EDGE_CURVE ( 'NONE', #4320, #1238, #9199, .T. ) ;
#8308 = CARTESIAN_POINT ( 'NONE',  ( 0.9800818262306355555, 0.1460557915615879332, 0.4400000000000000022 ) ) ;
#8309 = CARTESIAN_POINT ( 'NONE',  ( -0.5619745140449017295, 0.1420439420786794305, 0.4390000000000000013 ) ) ;
#8310 = CARTESIAN_POINT ( 'NONE',  ( 0.5117245112440322874, 0.02459239930974119887, 0.4400000000000000022 ) ) ;
#8311 = CARTESIAN_POINT ( 'NONE',  ( -0.1421712812939399939, 0.01027630599453067083, 0.4389999999999998903 ) ) ;
#8312 = CARTESIAN_POINT ( 'NONE',  ( -0.7596444783530480471, 0.2376017338351163743, 0.4400000000000001132 ) ) ;
#8313 = B_SPLINE_SURFACE_WITH_KNOTS ( 'NONE', 3, 1, ( 
 ( #3509, #5626 ),
 ( #9382, #8553 ),
 ( #623, #5010 ),
 ( #3557, #1967 ),
 ( #7827, #2649 ),
 ( #7175, #4906 ),
 ( #1244, #7223 ),
 ( #5573, #4235 ),
 ( #577, #1914 ),
 ( #2747, #7118 ),
 ( #1345, #522 ) ),
 .UNSPECIFIED., .F., .F., .F.,
 ( 4, 1, 1, 1, 1, 1, 1, 1, 4 ),
 ( 2, 2 ),
 ( 0.000000000000000000, 0.1182713048357255797, 0.2361775330837638798, 0.3556629329485099245, 0.4759041646706833606, 0.6001273417110841724, 0.7286081161551209995, 0.8613134756739431186, 1.000000000000000000 ),
 ( 0.000000000000000000, 1.000000000000000000 ),
 .UNSPECIFIED. ) ;
#8314 = CARTESIAN_POINT ( 'NONE',  ( -0.4265617647515307920, 0.03743837030140803601, 0.4390000000000000568 ) ) ;
#8315 = ORIENTED_EDGE ( 'NONE', *, *, #4830, .F. ) ;
#8316 = STYLED_ITEM ( 'NONE', ( #4470 ), #47 ) ;
#8317 = ORIENTED_EDGE ( 'NONE', *, *, #8770, .F. ) ;
#8318 = CARTESIAN_POINT ( 'NONE',  ( -0.5182143651674999685, 0.1224593890083548325, 0.4389999999999999458 ) ) ;
#8319 = CARTESIAN_POINT ( 'NONE',  ( -0.3827756876394102781, -0.1497813324591906747, 0.4390000000000000568 ) ) ;
#8320 = FILL_AREA_STYLE ('',( #3919 ) ) ;
#8321 = CARTESIAN_POINT ( 'NONE',  ( 0.8960182744166367286, -0.2260149521520898042, 0.4390000000000000013 ) ) ;
#8322 = VERTEX_POINT ( 'NONE', #9374 ) ;
#8323 = CARTESIAN_POINT ( 'NONE',  ( 0.7034285686371269941, 0.004252416027599812375, 0.4390000000000000568 ) ) ;
#8324 = ORIENTED_EDGE ( 'NONE', *, *, #1050, .F. ) ;
#8325 = CARTESIAN_POINT ( 'NONE',  ( -0.6637702268512887249, 0.1836820651694813511, 0.4389999999999999458 ) ) ;
#8326 = CIRCLE ( 'NONE', #2364, 0.02500000000000001180 ) ;
#8327 = EDGE_CURVE ( 'NONE', #9357, #1361, #8448, .T. ) ;
#8328 = CARTESIAN_POINT ( 'NONE',  ( -0.8276569591053291042, -0.2259571002982809218, 0.4390000000000000013 ) ) ;
#8329 = VECTOR ( 'NONE', #5848, 1000.000000000000000 ) ;
#8330 = CARTESIAN_POINT ( 'NONE',  ( 0.9054206474952301020, 0.2004842256966972991, 0.4390000000000001124 ) ) ;
#8331 = DIRECTION ( 'NONE',  ( -1.000000000000000000, -2.706316702822271341E-16, 0.000000000000000000 ) ) ;
#8332 = VECTOR ( 'NONE', #4684, 1000.000000000000227 ) ;
#8333 = CARTESIAN_POINT ( 'NONE',  ( 0.5244042908572761341, 0.02788782346442224280, 0.4390000000000000568 ) ) ;
#8334 = CARTESIAN_POINT ( 'NONE',  ( 0.8473573485588743459, -0.2172892544067776266, 0.4399999999999998912 ) ) ;
#8335 = DIRECTION ( 'NONE',  ( 0.000000000000000000, -1.000000000000000000, 0.000000000000000000 ) ) ;
#8336 = SURFACE_SIDE_STYLE ('',( #7529 ) ) ;
#8337 = CARTESIAN_POINT ( 'NONE',  ( -1.600000000000000089, 1.250000000000000000, 0.1500000000000000222 ) ) ;
#8338 = EDGE_CURVE ( 'NONE', #3071, #3914, #1552, .T. ) ;
#8339 = CARTESIAN_POINT ( 'NONE',  ( 0.1934286067361547790, 0.2413333143782125378, 0.4399999999999998912 ) ) ;
#8340 = STYLED_ITEM ( 'NONE', ( #3759 ), #3466 ) ;
#8341 = CARTESIAN_POINT ( 'NONE',  ( -0.09824031921962461666, -0.1782030537880537613, 0.4400000000000000577 ) ) ;
#8342 = AXIS2_PLACEMENT_3D ( 'NONE', #7051, #5604, #8375 ) ;
#8343 = ORIENTED_EDGE ( 'NONE', *, *, #768, .F. ) ;
#8344 = ORIENTED_EDGE ( 'NONE', *, *, #6165, .F. ) ;
#8345 = CARTESIAN_POINT ( 'NONE',  ( 0.8295581400526392812, -0.2087706857437766073, 0.4390000000000000013 ) ) ;
#8346 = LINE ( 'NONE', #5416, #185 ) ;
#8347 = CARTESIAN_POINT ( 'NONE',  ( 0.9680435148012520585, -0.05942841369055133771, 0.4400000000000000022 ) ) ;
#8348 = CARTESIAN_POINT ( 'NONE',  ( -0.7473971524835625324, 0.1835966029760452145, 0.4390000000000000013 ) ) ;
#8349 = SHAPE_DEFINITION_REPRESENTATION ( #2413, #1867 ) ;
#8350 = DIRECTION ( 'NONE',  ( 1.000000000000000000, 0.000000000000000000, 0.000000000000000000 ) ) ;
#8351 = CARTESIAN_POINT ( 'NONE',  ( 0.6596256949257512936, -0.1300876518661747971, 0.4400000000000000022 ) ) ;
#8352 = UNCERTAINTY_MEASURE_WITH_UNIT (LENGTH_MEASURE( 1.000000000000000082E-05 ), #8475, 'distance_accuracy_value', 'NONE');
#8353 = CARTESIAN_POINT ( 'NONE',  ( -0.05085925126843608701, 0.1747756493723774951, 0.4399999999999998912 ) ) ;
#8354 = CARTESIAN_POINT ( 'NONE',  ( -0.2401916700982698882, -0.1735083917194085446, 0.4400000000000000022 ) ) ;
#8355 = LINE ( 'NONE', #3174, #4119 ) ;
#8356 = ORIENTED_EDGE ( 'NONE', *, *, #6109, .T. ) ;
#8357 = VERTEX_POINT ( 'NONE', #6484 ) ;
#8358 = PLANE ( 'NONE',  #92 ) ;
#8359 =( GEOMETRIC_REPRESENTATION_CONTEXT ( 3 ) GLOBAL_UNCERTAINTY_ASSIGNED_CONTEXT ( ( #4082 ) ) GLOBAL_UNIT_ASSIGNED_CONTEXT ( ( #3779, #5898, #8840 ) ) REPRESENTATION_CONTEXT ( 'NONE', 'WORKASPACE' ) );
#8360 = CARTESIAN_POINT ( 'NONE',  ( 0.3682997268999168572, 0.07633612962114021128, 0.4390000000000000013 ) ) ;
#8361 = DIRECTION ( 'NONE',  ( 0.2009441437213313475, 0.9796027006414900207, 0.000000000000000000 ) ) ;
#8362 = CARTESIAN_POINT ( 'NONE',  ( -0.1903310637586541898, -0.1613436678481215414, 0.4399999999999998357 ) ) ;
#8363 = CARTESIAN_POINT ( 'NONE',  ( 0.4678521266564511505, -0.1116311698845204592, 0.4389999999999998903 ) ) ;
#8364 = CARTESIAN_POINT ( 'NONE',  ( 0.8491482004940921202, 0.04046345444142675912, 0.4400000000000001688 ) ) ;
#8365 = VECTOR ( 'NONE', #3576, 1000.000000000000000 ) ;
#8366 = CARTESIAN_POINT ( 'NONE',  ( -0.4153565415565217411, 0.1906278572401061133, 0.4399999999999999467 ) ) ;
#8367 = EDGE_CURVE ( 'NONE', #1833, #8032, #6910, .T. ) ;
#8368 = EDGE_CURVE ( 'NONE', #469, #3278, #2811, .T. ) ;
#8369 = EDGE_LOOP ( 'NONE', ( #4890, #1782, #8962, #8530, #5558, #3668, #452, #454, #406, #2691, #6461, #6298, #5635, #1932 ) ) ;
#8370 = PRESENTATION_LAYER_ASSIGNMENT (  '', '', ( #1770 ) ) ;
#8371 = ORIENTED_EDGE ( 'NONE', *, *, #5286, .T. ) ;
#8372 = CARTESIAN_POINT ( 'NONE',  ( -0.5153417410849171487, 0.1153979140725332753, 0.4390000000000000013 ) ) ;
#8373 = CARTESIAN_POINT ( 'NONE',  ( -0.4500362720890284107, -0.1797512195323873185, 0.4390000000000000013 ) ) ;
#8374 = ORIENTED_EDGE ( 'NONE', *, *, #9186, .F. ) ;
#8375 = DIRECTION ( 'NONE',  ( 0.000000000000000000, -1.000000000000000000, 4.536031363684370659E-13 ) ) ;
#8376 = DIRECTION ( 'NONE',  ( 0.000000000000000000, 0.000000000000000000, -1.000000000000000000 ) ) ;
#8377 = CARTESIAN_POINT ( 'NONE',  ( -0.4630862928910556287, 0.01232639400175632692, 0.4390000000000000013 ) ) ;
#8378 = B_SPLINE_CURVE_WITH_KNOTS ( 'NONE', 3,
 ( #555, #7913, #4122, #9161, #1273, #4834, #2001, #4939, #9363, #4988, #3491, #8533, #4782, #4076, #4213 ),
 .UNSPECIFIED., .F., .F.,
 ( 4, 1, 1, 1, 1, 1, 1, 1, 1, 1, 1, 1, 4 ),
 ( 0.000000000000000000, 0.09025424934267663180, 0.1785397915286852100, 0.2660930338538204931, 0.3546309779571730769, 0.4418861533505630823, 0.5257469151636487981, 0.6081136336036366830, 0.6901972728278826796, 0.7708214843303353714, 0.8483261812554112602, 0.9240117400247433999, 1.000000000000000000 ),
 .UNSPECIFIED. ) ;
#8379 = CARTESIAN_POINT ( 'NONE',  ( -0.5480250247509184103, 0.1955097817523506476, 0.4399999999999998912 ) ) ;
#8380 = CARTESIAN_POINT ( 'NONE',  ( 0.9817118975665680702, -0.1230544497265110976, 0.4390000000000002234 ) ) ;
#8381 = UNCERTAINTY_MEASURE_WITH_UNIT (LENGTH_MEASURE( 1.000000000000000082E-05 ), #3770, 'distance_accuracy_value', 'NONE');
#8382 = CARTESIAN_POINT ( 'NONE',  ( -0.03471016364904737361, 0.1508023092454242042, 0.4390000000000000013 ) ) ;
#8383 = CARTESIAN_POINT ( 'NONE',  ( 1.018794716724329197, 0.1708900959248332574, 0.4390000000000000013 ) ) ;
#8384 = ADVANCED_FACE ( 'NONE', ( #2160 ), #8745, .T. ) ;
#8385 = CARTESIAN_POINT ( 'NONE',  ( 0.8209673079695651854, -0.2034613254343790867, 0.4400000000000000022 ) ) ;
#8386 = CARTESIAN_POINT ( 'NONE',  ( 0.1365233447297343750, 0.1308672872600150638, 0.4389999999999998903 ) ) ;
#8387 = CARTESIAN_POINT ( 'NONE',  ( -0.4886071987957602003, 0.08282648340288363553, 0.4400000000000000577 ) ) ;
#8388 = CARTESIAN_POINT ( 'NONE',  ( 0.7913334033398727874, 0.1699861994883433980, 0.4399999999999998912 ) ) ;
#8389 = CARTESIAN_POINT ( 'NONE',  ( -0.5194378383096575069, -0.1504965273467367137, 0.4390000000000001679 ) ) ;
#8390 = AXIS2_PLACEMENT_3D ( 'NONE', #3126, #2506, #3218 ) ;
#8391 = CARTESIAN_POINT ( 'NONE',  ( -0.8358326871218247911, 0.2009081247709871010, 0.4399999999999999467 ) ) ;
#8392 = ORIENTED_EDGE ( 'NONE', *, *, #9170, .T. ) ;
#8393 = EDGE_LOOP ( 'NONE', ( #6983, #1470, #2723, #5111 ) ) ;
#8394 = EDGE_CURVE ( 'NONE', #4320, #6319, #7307, .T. ) ;
#8395 = B_SPLINE_CURVE_WITH_KNOTS ( 'NONE', 3,
 ( #5157, #770, #7277, #9535, #2944, #4431, #5872, #4385, #2359, #725, #3708, #8812, #8076, #7369, #1493, #9490, #2898, #2224, #6638 ),
 .UNSPECIFIED., .F., .F.,
 ( 4, 1, 1, 1, 1, 1, 1, 1, 1, 1, 1, 1, 1, 1, 1, 1, 4 ),
 ( 0.000000000000000000, 0.07607173695556525284, 0.1487517145745121117, 0.2184027938458451001, 0.2857595810623854149, 0.3505980236748792445, 0.4149640445981286896, 0.4780693385717818544, 0.5417606760069071381, 0.6043498585387176991, 0.6640750210708963319, 0.7214636230801990679, 0.7775871282364449355, 0.8326444469271312432, 0.8878435110684599341, 0.9434603426519471148, 1.000000000000000000 ),
 .UNSPECIFIED. ) ;
#8396 = CARTESIAN_POINT ( 'NONE',  ( 0.7886302791245830557, -0.1730172428030497256, 0.4389999999999998903 ) ) ;
#8397 = CARTESIAN_POINT ( 'NONE',  ( -1.053494343455116500, -0.09372377004575838111, 0.4389999999999999458 ) ) ;
#8398 = EDGE_CURVE ( 'NONE', #6450, #8272, #3644, .T. ) ;
#8399 = SURFACE_SIDE_STYLE ('',( #2451 ) ) ;
#8400 = FACE_OUTER_BOUND ( 'NONE', #9193, .T. ) ;
#8401 = B_SPLINE_CURVE_WITH_KNOTS ( 'NONE', 3,
 ( #4203, #8415, #4925, #5694, #5595, #3429, #7847, #5545, #6992, #2617, #1115 ),
 .UNSPECIFIED., .F., .F.,
 ( 4, 1, 1, 1, 1, 1, 1, 1, 4 ),
 ( 0.000000000000000000, 0.1281355097972534940, 0.2541727119019793202, 0.3781116451390013067, 0.5017122630072842204, 0.6239863093684844264, 0.7470956136177407947, 0.8728746366500617082, 1.000000000000000000 ),
 .UNSPECIFIED. ) ;
#8402 = CARTESIAN_POINT ( 'NONE',  ( -0.5008517995059078576, 0.04046345444142675218, 0.4389999999999999458 ) ) ;
#8403 = CARTESIAN_POINT ( 'NONE',  ( -1.600999999999999979, -1.100003333370371150, 0.1500000000000000222 ) ) ;
#8404 = CARTESIAN_POINT ( 'NONE',  ( -0.03747184313136745631, 0.1571868848495242277, 0.4390000000000000568 ) ) ;
#8405 = DIRECTION ( 'NONE',  ( -0.000000000000000000, -0.000000000000000000, 1.000000000000000000 ) ) ;
#8406 = VERTEX_POINT ( 'NONE', #5183 ) ;
#8407 = EDGE_LOOP ( 'NONE', ( #1215, #8574, #5307, #5690 ) ) ;
#8408 = DIRECTION ( 'NONE',  ( 0.000000000000000000, 1.000000000000000000, 0.000000000000000000 ) ) ;
#8409 = CARTESIAN_POINT ( 'NONE',  ( 0.3719915753157277405, 0.09459518340317842056, 0.4390000000000000013 ) ) ;
#8410 = CARTESIAN_POINT ( 'NONE',  ( 0.3784101013397135338, -0.2144764906136282789, 0.4390000000000000013 ) ) ;
#8411 = CARTESIAN_POINT ( 'NONE',  ( -0.5215898986602862664, 0.1439369709248332352, 0.4400000000000000022 ) ) ;
#8412 = VERTEX_POINT ( 'NONE', #6575 ) ;
#8413 = CARTESIAN_POINT ( 'NONE',  ( -0.1516174532619641580, -0.2241821447565081338, 0.4399999999999999467 ) ) ;
#8414 = CARTESIAN_POINT ( 'NONE',  ( 0.4988321107795884446, -0.1579228251335826894, 0.4390000000000000568 ) ) ;
#8415 = CARTESIAN_POINT ( 'NONE',  ( 0.007558589861986532606, -0.003799231754521214741, 0.4390000000000001124 ) ) ;
#8416 = ORIENTED_EDGE ( 'NONE', *, *, #7689, .F. ) ;
#8417 = FACE_OUTER_BOUND ( 'NONE', #4774, .T. ) ;
#8418 = ORIENTED_EDGE ( 'NONE', *, *, #2247, .T. ) ;
#8419 = AXIS2_PLACEMENT_3D ( 'NONE', #8601, #9471, #2882 ) ;
#8420 = SURFACE_STYLE_FILL_AREA ( #7047 ) ;
#8421 = DIRECTION ( 'NONE',  ( -1.000000000000000000, -3.367432691575075263E-16, 0.000000000000000000 ) ) ;
#8422 = CARTESIAN_POINT ( 'NONE',  ( -0.4409488848192905652, -0.2257380525320007159, 0.4390000000000000013 ) ) ;
#8423 = ORIENTED_EDGE ( 'NONE', *, *, #3002, .T. ) ;
#8424 = CARTESIAN_POINT ( 'NONE',  ( -0.008128360198747823159, -0.08466879830593596057, 0.4400000000000000022 ) ) ;
#8425 = CARTESIAN_POINT ( 'NONE',  ( -0.3819564851987478638, -0.05942841369055133771, 0.4400000000000000022 ) ) ;
#8426 = ORIENTED_EDGE ( 'NONE', *, *, #5650, .F. ) ;
#8427 = ORIENTED_EDGE ( 'NONE', *, *, #1351, .F. ) ;
#8428 = CARTESIAN_POINT ( 'NONE',  ( 0.9193007442549017139, -0.1774401233779249465, 0.4399999999999995026 ) ) ;
#8429 = CARTESIAN_POINT ( 'NONE',  ( -0.4088357959020309518, 0.1864051138167852062, 0.4389999999999998348 ) ) ;
#8430 = CARTESIAN_POINT ( 'NONE',  ( 0.4754842894507785300, 0.01235642191299135897, 0.4390000000000000568 ) ) ;
#8431 = CARTESIAN_POINT ( 'NONE',  ( -1.034896698438085405, 0.02326314556866143635, 0.4390000000000000568 ) ) ;
#8432 = CARTESIAN_POINT ( 'NONE',  ( -0.5113759163343173375, 0.1082629250515281943, 0.4400000000000001132 ) ) ;
#8433 = EDGE_CURVE ( 'NONE', #7566, #9078, #8883, .T. ) ;
#8434 = CARTESIAN_POINT ( 'NONE',  ( 0.5485483952028857857, -0.2257513832812517995, 0.4399999999999999467 ) ) ;
#8435 = CARTESIAN_POINT ( 'NONE',  ( 0.7880254859550982482, 0.1420439420786794582, 0.4390000000000000568 ) ) ;
#8436 = CARTESIAN_POINT ( 'NONE',  ( -0.1301176470816354513, 0.05695688315929639534, 0.4389999999999999458 ) ) ;
#8437 = CARTESIAN_POINT ( 'NONE',  ( -0.6878955216399444961, 0.1432604372033308704, 0.4389999999999998348 ) ) ;
#8438 = VECTOR ( 'NONE', #7447, 1000.000000000000000 ) ;
#8439 = VERTEX_POINT ( 'NONE', #7440 ) ;
#8440 = ORIENTED_EDGE ( 'NONE', *, *, #815, .F. ) ;
#8441 = CARTESIAN_POINT ( 'NONE',  ( 0.8660839948886300821, -0.2230301033092251251, 0.4390000000000000568 ) ) ;
#8442 = CARTESIAN_POINT ( 'NONE',  ( -0.03136456552196564829, 0.1373503930806933560, 0.4400000000000000577 ) ) ;
#8443 = CARTESIAN_POINT ( 'NONE',  ( 0.3322562551858673774, 0.1096821632325255536, 0.4399999999999999467 ) ) ;
#8444 = CARTESIAN_POINT ( 'NONE',  ( 0.8111863990957086656, 0.07618303143246119014, 0.4390000000000000013 ) ) ;
#8445 = VECTOR ( 'NONE', #4375, 1000.000000000000000 ) ;
#8446 = CARTESIAN_POINT ( 'NONE',  ( 0.2891296242053444376, 0.1858706252945560022, 0.4389999999999996683 ) ) ;
#8447 = CARTESIAN_POINT ( 'NONE',  ( 0.6739182504981262589, -0.1000959803068868503, 0.4400000000000000022 ) ) ;
#8448 = LINE ( 'NONE', #2792, #4479 ) ;
#8449 = VECTOR ( 'NONE', #2661, 1000.000000000000000 ) ;
#8450 = CARTESIAN_POINT ( 'NONE',  ( -0.1377004320408649896, -0.2256836791960692701, 0.4400000000000000022 ) ) ;
#8451 = ADVANCED_FACE ( 'NONE', ( #1380 ), #29, .T. ) ;
#8452 = EDGE_CURVE ( 'NONE', #2508, #7670, #8143, .T. ) ;
#8453 = CARTESIAN_POINT ( 'NONE',  ( -0.4819449053564440755, 0.1971707674838827640, 0.4390000000000000013 ) ) ;
#8454 = STYLED_ITEM ( 'NONE', ( #2425 ), #7789 ) ;
#8455 = ORIENTED_EDGE ( 'NONE', *, *, #1558, .F. ) ;
#8456 = VERTEX_POINT ( 'NONE', #3055 ) ;
#8457 = CARTESIAN_POINT ( 'NONE',  ( 0.8317856348324998983, 0.1224593890083548603, 0.4400000000000000577 ) ) ;
#8458 = VECTOR ( 'NONE', #6049, 1000.000000000000000 ) ;
#8459 = DIRECTION ( 'NONE',  ( -0.000000000000000000, -0.000000000000000000, 1.000000000000000000 ) ) ;
#8460 = CARTESIAN_POINT ( 'NONE',  ( -0.5535670556340700488, -0.1820700295209825847, 0.4389999999999999458 ) ) ;
#8461 = CARTESIAN_POINT ( 'NONE',  ( 1.010138281506324232, -0.1609387839971297973, 0.4399999999999998912 ) ) ;
#8462 = CARTESIAN_POINT ( 'NONE',  ( -1.071500386544141259, 0.06052787754343282728, 0.4390000000000002234 ) ) ;
#8463 = EDGE_CURVE ( 'NONE', #2341, #4845, #1844, .T. ) ;
#8464 = DIRECTION ( 'NONE',  ( 0.6837766319733932230, 0.7296913851534241324, 0.000000000000000000 ) ) ;
#8465 = EDGE_LOOP ( 'NONE', ( #6241, #3128, #5591, #771 ) ) ;
#8466 = CARTESIAN_POINT ( 'NONE',  ( -0.4171047632171534514, 0.03055675664746094339, 0.4400000000000000577 ) ) ;
#8467 = VERTEX_POINT ( 'NONE', #3973 ) ;
#8468 = UNCERTAINTY_MEASURE_WITH_UNIT (LENGTH_MEASURE( 1.000000000000000082E-05 ), #269, 'distance_accuracy_value', 'NONE');
#8469 = CARTESIAN_POINT ( 'NONE',  ( 0.2416376943817127865, 0.2469464550961354143, 0.4390000000000000013 ) ) ;
#8470 = DIRECTION ( 'NONE',  ( 0.000000000000000000, 0.000000000000000000, -1.000000000000000000 ) ) ;
#8471 = CARTESIAN_POINT ( 'NONE',  ( -0.3346773124316884673, -0.1503001716521155939, 0.4400000000000001132 ) ) ;
#8472 = ORIENTED_EDGE ( 'NONE', *, *, #1294, .F. ) ;
#8473 = LINE ( 'NONE', #7805, #4990 ) ;
#8474 = SURFACE_SIDE_STYLE ('',( #5556 ) ) ;
#8475 =( LENGTH_UNIT ( ) NAMED_UNIT ( * ) SI_UNIT ( .MILLI., .METRE. ) );
#8476 = ORIENTED_EDGE ( 'NONE', *, *, #8146, .F. ) ;
#8477 = ORIENTED_EDGE ( 'NONE', *, *, #3173, .F. ) ;
#8478 = DIRECTION ( 'NONE',  ( -0.000000000000000000, -0.000000000000000000, 1.000000000000000000 ) ) ;
#8479 = CARTESIAN_POINT ( 'NONE',  ( 0.4771699069139127558, -0.1335462425285452448, 0.4399999999999998912 ) ) ;
#8480 = CARTESIAN_POINT ( 'NONE',  ( 0.5932106075757761499, 0.03207335141847994509, 0.4399999999999999467 ) ) ;
#8481 = VECTOR ( 'NONE', #9097, 1000.000000000000114 ) ;
#8482 = CARTESIAN_POINT ( 'NONE',  ( -0.8403433970370205452, 0.2008561867340076523, 0.4389999999999999458 ) ) ;
#8483 = CARTESIAN_POINT ( 'NONE',  ( -0.1335967028264364864, 0.009796593744061062037, 0.4399999999999998357 ) ) ;
#8484 = CARTESIAN_POINT ( 'NONE',  ( 0.2595706017017250788, -0.01528333215332233937, 0.4399999999999998912 ) ) ;
#8485 = SURFACE_STYLE_USAGE ( .BOTH. , #5566 ) ;
#8486 = CARTESIAN_POINT ( 'NONE',  ( -0.05123524144701534222, 0.08607587997480868613, 0.4390000000000001124 ) ) ;
#8487 = VERTEX_POINT ( 'NONE', #1603 ) ;
#8488 = CARTESIAN_POINT ( 'NONE',  ( -0.6723110525064401877, 0.1259081247709871176, 0.4399999999999999467 ) ) ;
#8489 = ORIENTED_EDGE ( 'NONE', *, *, #8338, .F. ) ;
#8490 = ORIENTED_EDGE ( 'NONE', *, *, #8394, .T. ) ;
#8491 = CIRCLE ( 'NONE', #3593, 0.1499999999999999667 ) ;
#8492 = CARTESIAN_POINT ( 'NONE',  ( 0.8125877712370631611, -0.1972824725619164998, 0.4399999999999997247 ) ) ;
#8493 = EDGE_CURVE ( 'NONE', #4886, #7242, #2384, .T. ) ;
#8494 = EDGE_CURVE ( 'NONE', #915, #2721, #1648, .T. ) ;
#8495 = CARTESIAN_POINT ( 'NONE',  ( -0.1465898986602864051, 0.05667735554021788302, 0.4390000000000000013 ) ) ;
#8496 = CARTESIAN_POINT ( 'NONE',  ( 1.449999999999999956, -0.9000000000000000222, 0.4149999999999999800 ) ) ;
#8497 = B_SPLINE_CURVE_WITH_KNOTS ( 'NONE', 3,
 ( #1022, #201, #5977, #5943, #8191, #8921, #3871, #6896, #4536, #6020, #1690, #5397, #8323, #3146, #151, #6075, #4631, #3054, #299 ),
 .UNSPECIFIED., .F., .F.,
 ( 4, 1, 1, 1, 1, 1, 1, 1, 1, 1, 1, 1, 1, 1, 1, 1, 4 ),
 ( 0.000000000000000000, 0.06580764581069488417, 0.1293942736680551153, 0.1908940606321900268, 0.2512810689298353162, 0.3108149644652733468, 0.3703709874482448150, 0.4307682625897265027, 0.4928812506175024866, 0.5551039481552503263, 0.6160670509938430683, 0.6772560331746541040, 0.7382598051991168253, 0.8007621343762960642, 0.8647775815744848105, 0.9310452949994038052, 1.000000000000000000 ),
 .UNSPECIFIED. ) ;
#8498 = CARTESIAN_POINT ( 'NONE',  ( -0.3540770705936452933, 0.1996228732683026641, 0.4400000000000000577 ) ) ;
#8499 = FACE_OUTER_BOUND ( 'NONE', #2950, .T. ) ;
#8500 = CARTESIAN_POINT ( 'NONE',  ( -0.6723110525064401877, -0.1048611059982436505, 0.4390000000000000013 ) ) ;
#8501 = CARTESIAN_POINT ( 'NONE',  ( 1.607071067811865595, -1.257071067811865506, 0.1500000000000000222 ) ) ;
#8502 = VECTOR ( 'NONE', #7180, 1000.000000000000000 ) ;
#8503 = CARTESIAN_POINT ( 'NONE',  ( -0.1512694545630138832, 0.1973194353215878272, 0.4390000000000000568 ) ) ;
#8504 = DIRECTION ( 'NONE',  ( 0.000000000000000000, 0.000000000000000000, 1.000000000000000000 ) ) ;
#8505 = PRESENTATION_LAYER_ASSIGNMENT (  '', '', ( #5277 ) ) ;
#8506 = B_SPLINE_CURVE_WITH_KNOTS ( 'NONE', 3,
 ( #4354, #7511, #146, #5298, #1779, #3813, #8227, #5437, #1637, #4575, #4714, #7644, #6736, #9099, #287 ),
 .UNSPECIFIED., .F., .F.,
 ( 4, 1, 1, 1, 1, 1, 1, 1, 1, 1, 1, 1, 4 ),
 ( 0.000000000000000000, 0.09697231038151658822, 0.1877734389628682998, 0.2723961390136936389, 0.3513209973752882687, 0.4243347744514676667, 0.4919087840005274548, 0.5542332197967998475, 0.6112676582441556317, 0.7163478449915537949, 0.8145400858216160778, 0.9084954561491854763, 1.000000000000000000 ),
 .UNSPECIFIED. ) ;
#8507 = CARTESIAN_POINT ( 'NONE',  ( 0.5698764474935598123, 0.03360043246329480482, 0.4390000000000000013 ) ) ;
#8508 = CARTESIAN_POINT ( 'NONE',  ( -0.5209327884180856572, 0.1554134560710995761, 0.4390000000000000013 ) ) ;
#8509 = COLOUR_RGB ( '',0.9686274509803921573, 0.8784313725490195957, 0.5999999999999999778 ) ;
#8510 = ORIENTED_EDGE ( 'NONE', *, *, #1038, .F. ) ;
#8511 = EDGE_LOOP ( 'NONE', ( #3602, #7639, #9304, #3008, #3292, #3456, #8843, #3384 ) ) ;
#8512 = CARTESIAN_POINT ( 'NONE',  ( -0.01216185360982169859, -0.1845536318974221324, 0.4399999999999996692 ) ) ;
#8513 = AXIS2_PLACEMENT_3D ( 'NONE', #1836, #5445, #7700 ) ;
#8514 = CARTESIAN_POINT ( 'NONE',  ( 0.7591793321089442825, -0.1276675963828590443, 0.4390000000000000013 ) ) ;
#8515 = EDGE_CURVE ( 'NONE', #664, #7837, #2543, .T. ) ;
#8516 = CARTESIAN_POINT ( 'NONE',  ( -0.4814527808999908287, -0.1754815206903647951, 0.4399999999999998912 ) ) ;
#8517 = B_SPLINE_CURVE_WITH_KNOTS ( 'NONE', 3,
 ( #3076, #7329, #5243, #6682, #3845, #4387, #2270, #8079, #8993, #4474, #4433, #1534, #3665, #1581, #6768, #3711, #1495, #8121, #2947 ),
 .UNSPECIFIED., .F., .F.,
 ( 4, 1, 1, 1, 1, 1, 1, 1, 1, 1, 1, 1, 1, 1, 1, 1, 4 ),
 ( 0.000000000000000000, 0.06167423887742596450, 0.1230530616348057410, 0.1834750007317020315, 0.2437265005106117599, 0.3042789165122537498, 0.3648629209606826795, 0.4259462039686190971, 0.4873912299654076796, 0.5492203840754760202, 0.6111435886926026573, 0.6735285303101514742, 0.7369614566573037262, 0.8007852828728398986, 0.8660125956416142579, 0.9321007477905788319, 1.000000000000000000 ),
 .UNSPECIFIED. ) ;
#8518 = CARTESIAN_POINT ( 'NONE',  ( -0.1735096629778327681, -0.1705831519174466904, 0.4400000000000000577 ) ) ;
#8519 = ORIENTED_EDGE ( 'NONE', *, *, #3353, .T. ) ;
#8520 = LINE ( 'NONE', #4111, #7168 ) ;
#8521 = CARTESIAN_POINT ( 'NONE',  ( -0.8829610118971543686, 0.2432169572126103019, 0.4389999999999999458 ) ) ;
#8522 = B_SPLINE_CURVE_WITH_KNOTS ( 'NONE', 3,
 ( #9436, #6442, #2850, #5776, #7317, #2216, #8154 ),
 .UNSPECIFIED., .F., .F.,
 ( 4, 1, 1, 1, 4 ),
 ( 0.000000000000000000, 0.2538796003266569068, 0.5030089172783624996, 0.7502910806899736329, 1.000000000000000000 ),
 .UNSPECIFIED. ) ;
#8523 = CARTESIAN_POINT ( 'NONE',  ( 0.9302633470659543713, 0.2433528029795972436, 0.4400000000000000022 ) ) ;
#8524 = CARTESIAN_POINT ( 'NONE',  ( -0.6723110525064401877, 0.1259081247709871176, 0.4390000000000000013 ) ) ;
#8525 = ORIENTED_EDGE ( 'NONE', *, *, #7754, .F. ) ;
#8526 = CARTESIAN_POINT ( 'NONE',  ( 0.3036791538387479394, 0.2316757823123642146, 0.4400000000000000022 ) ) ;
#8527 = CARTESIAN_POINT ( 'NONE',  ( -0.4422144012686691217, -0.1795333693557046306, 0.4399999999999998912 ) ) ;
#8528 = EDGE_CURVE ( 'NONE', #4065, #7876, #1691, .T. ) ;
#8529 = CARTESIAN_POINT ( 'NONE',  ( -0.2331283601987478582, -0.09332264445978211143, 0.4400000000000000022 ) ) ;
#8530 = ORIENTED_EDGE ( 'NONE', *, *, #7884, .T. ) ;
#8531 = CARTESIAN_POINT ( 'NONE',  ( 0.6065401267041337086, 0.07737813640799008630, 0.4390000000000000568 ) ) ;
#8532 = ORIENTED_EDGE ( 'NONE', *, *, #5286, .F. ) ;
#8533 = CARTESIAN_POINT ( 'NONE',  ( 0.005244296862478821722, 0.1595741943993543022, 0.4389999999999999458 ) ) ;
#8534 = PRESENTATION_STYLE_ASSIGNMENT (( #7960 ) ) ;
#8535 = VECTOR ( 'NONE', #4483, 1000.000000000000000 ) ;
#8536 = VERTEX_POINT ( 'NONE', #4680 ) ;
#8537 = EDGE_LOOP ( 'NONE', ( #2927, #6839, #7961, #7695 ) ) ;
#8538 = CARTESIAN_POINT ( 'NONE',  ( 0.4771699069139127558, -0.1335462425285452448, 0.4389999999999998903 ) ) ;
#8539 = CARTESIAN_POINT ( 'NONE',  ( 0.5602511911860172944, -0.1797530963719979336, 0.4400000000000000022 ) ) ;
#8540 = CARTESIAN_POINT ( 'NONE',  ( 0.6040256031674129389, 0.02989176614735302578, 0.4389999999999998903 ) ) ;
#8541 = SURFACE_SIDE_STYLE ('',( #1188 ) ) ;
#8542 = CARTESIAN_POINT ( 'NONE',  ( -1.425000000000000044, -0.9000000000000000222, 0.4400000000000000022 ) ) ;
#8543 = CARTESIAN_POINT ( 'NONE',  ( 0.2514091153578663085, -0.02380301328814790271, 0.4400000000000000022 ) ) ;
#8544 = CARTESIAN_POINT ( 'NONE',  ( 0.1365233447297343750, 0.1308672872600150638, 0.4399999999999997247 ) ) ;
#8545 = FACE_OUTER_BOUND ( 'NONE', #4205, .T. ) ;
#8546 = VERTEX_POINT ( 'NONE', #4537 ) ;
#8547 = CARTESIAN_POINT ( 'NONE',  ( -0.7237464665025887811, 0.1712883670256704904, 0.4389999999999998348 ) ) ;
#8548 = EDGE_LOOP ( 'NONE', ( #4242, #1893, #3502, #8703 ) ) ;
#8549 = ORIENTED_EDGE ( 'NONE', *, *, #925, .T. ) ;
#8550 = CARTESIAN_POINT ( 'NONE',  ( 0.7809323034281235865, -0.1630737750070507808, 0.4399999999999997247 ) ) ;
#8551 = DIRECTION ( 'NONE',  ( -1.212843670024533951E-16, -1.000000000000000000, 0.000000000000000000 ) ) ;
#8552 =( NAMED_UNIT ( * ) SI_UNIT ( $, .STERADIAN. ) SOLID_ANGLE_UNIT ( ) );
#8553 = CARTESIAN_POINT ( 'NONE',  ( -0.1953624061290305802, -0.1574646637615456091, 0.4400000000000000577 ) ) ;
#8554 = DIRECTION ( 'NONE',  ( -1.000000000000000000, 0.000000000000000000, 0.000000000000000000 ) ) ;
#8555 = CARTESIAN_POINT ( 'NONE',  ( 0.8580675532627902724, 0.08579394207867938049, 0.4400000000000000022 ) ) ;
#8556 = SURFACE_STYLE_USAGE ( .BOTH. , #7830 ) ;
#8557 = VECTOR ( 'NONE', #4864, 1000.000000000000000 ) ;
#8558 = CARTESIAN_POINT ( 'NONE',  ( -0.004439850092750635691, 0.01132403424277880592, 0.4390000000000000013 ) ) ;
#8559 = DIRECTION ( 'NONE',  ( 0.000000000000000000, 0.000000000000000000, -1.000000000000000000 ) ) ;
#8560 = ADVANCED_FACE ( 'NONE', ( #923 ), #4633, .T. ) ;
#8561 = LINE ( 'NONE', #7783, #1472 ) ;
#8562 = CARTESIAN_POINT ( 'NONE',  ( -0.2158206678910555287, 0.1316773555402178664, 0.4390000000000000013 ) ) ;
#8563 = VERTEX_POINT ( 'NONE', #6950 ) ;
#8564 = ORIENTED_EDGE ( 'NONE', *, *, #8772, .F. ) ;
#8565 = CARTESIAN_POINT ( 'NONE',  ( -1.600999999999999979, 0.000000000000000000, -0.1549999999999999711 ) ) ;
#8566 = CARTESIAN_POINT ( 'NONE',  ( 1.018794716724329197, 0.1708900959248332574, 0.4400000000000000022 ) ) ;
#8567 = CARTESIAN_POINT ( 'NONE',  ( -1.425000000000000044, 0.9000000000000000222, 0.4400000000000000022 ) ) ;
#8568 = CARTESIAN_POINT ( 'NONE',  ( -0.4641354102593537312, -0.2258186098252275287, 0.4399999999999996692 ) ) ;
#8569 = EDGE_CURVE ( 'NONE', #3344, #1219, #3923, .T. ) ;
#8570 = LINE ( 'NONE', #4666, #2523 ) ;
#8571 = ORIENTED_EDGE ( 'NONE', *, *, #1510, .T. ) ;
#8572 = CARTESIAN_POINT ( 'NONE',  ( -0.2401916700982698882, -0.1735083917194085446, 0.4390000000000000013 ) ) ;
#8573 = CARTESIAN_POINT ( 'NONE',  ( -0.4741266293573327406, -0.2246638737709479861, 0.4390000000000000013 ) ) ;
#8574 = ORIENTED_EDGE ( 'NONE', *, *, #1940, .T. ) ;
#8575 = CARTESIAN_POINT ( 'NONE',  ( 0.9959229294063546289, 0.1996228732683024976, 0.4400000000000000577 ) ) ;
#8576 = DIRECTION ( 'NONE',  ( 0.000000000000000000, 1.000000000000000000, 0.000000000000000000 ) ) ;
#8577 = ORIENTED_EDGE ( 'NONE', *, *, #1468, .F. ) ;
#8578 = ADVANCED_FACE ( 'NONE', ( #975 ), #203, .T. ) ;
#8579 = CARTESIAN_POINT ( 'NONE',  ( 0.007558589861986532606, -0.003799231754521214741, 0.4400000000000001132 ) ) ;
#8580 = EDGE_LOOP ( 'NONE', ( #4303, #1827, #6953, #2022 ) ) ;
#8581 = CARTESIAN_POINT ( 'NONE',  ( -0.4945850662947478549, 0.08840110533652516256, 0.4400000000000000577 ) ) ;
#8582 = CARTESIAN_POINT ( 'NONE',  ( 0.3113990670688952522, 0.04600149554948095715, 0.4399999999999999467 ) ) ;
#8583 = CARTESIAN_POINT ( 'NONE',  ( -0.4539817255833632492, -0.2260149521520898042, 0.4390000000000000013 ) ) ;
#8584 = ORIENTED_EDGE ( 'NONE', *, *, #2231, .F. ) ;
#8585 = CARTESIAN_POINT ( 'NONE',  ( 0.6203400701178919396, 0.07414586166981460003, 0.4390000000000000013 ) ) ;
#8586 = ORIENTED_EDGE ( 'NONE', *, *, #4471, .T. ) ;
#8587 = DIRECTION ( 'NONE',  ( -1.000000000000000000, 0.000000000000000000, 0.000000000000000000 ) ) ;
#8588 = CARTESIAN_POINT ( 'NONE',  ( 0.8386240836656831954, 0.1082629250515282915, 0.4400000000000000022 ) ) ;
#8589 = EDGE_CURVE ( 'NONE', #3838, #5428, #6459, .T. ) ;
#8590 = PRESENTATION_LAYER_ASSIGNMENT (  '', '', ( #5503 ) ) ;
#8591 = ADVANCED_FACE ( 'NONE', ( #1127 ), #6270, .F. ) ;
#8592 = EDGE_CURVE ( 'NONE', #5320, #7278, #2867, .T. ) ;
#8593 = ORIENTED_EDGE ( 'NONE', *, *, #2300, .F. ) ;
#8594 = DIRECTION ( 'NONE',  ( 0.000000000000000000, 0.000000000000000000, 1.000000000000000000 ) ) ;
#8595 = CARTESIAN_POINT ( 'NONE',  ( -0.4036628078857932289, 0.1824482515472025113, 0.4400000000000002243 ) ) ;
#8596 = CARTESIAN_POINT ( 'NONE',  ( 0.6784101013397136892, -0.06573850984439749690, 0.4399999999999998357 ) ) ;
#8598 =( GEOMETRIC_REPRESENTATION_CONTEXT ( 3 ) GLOBAL_UNCERTAINTY_ASSIGNED_CONTEXT ( ( #8352 ) ) GLOBAL_UNIT_ASSIGNED_CONTEXT ( ( #8475, #4311, #503 ) ) REPRESENTATION_CONTEXT ( 'NONE', 'WORKASPACE' ) );
#8597 = PRESENTATION_STYLE_ASSIGNMENT (( #7012 ) ) ;
#8599 = CARTESIAN_POINT ( 'NONE',  ( 0.5289376491987458628, 0.07232560889384448410, 0.4399999999999999467 ) ) ;
#8600 = CARTESIAN_POINT ( 'NONE',  ( -0.9286770327004195691, 0.2306172593781228852, 0.4390000000000002234 ) ) ;
#8601 = CARTESIAN_POINT ( 'NONE',  ( 0.000000000000000000, 0.000000000000000000, 0.1500000000000000222 ) ) ;
#8602 = CARTESIAN_POINT ( 'NONE',  ( 0.1303331782627906443, 0.09706197092483324906, 0.4400000000000000022 ) ) ;
#8603 = ORIENTED_EDGE ( 'NONE', *, *, #4223, .F. ) ;
#8604 = CARTESIAN_POINT ( 'NONE',  ( -0.008330760432336582755, -0.09401494849638236673, 0.4400000000000000577 ) ) ;
#8605 = ORIENTED_EDGE ( 'NONE', *, *, #5608, .T. ) ;
#8606 = ORIENTED_EDGE ( 'NONE', *, *, #6806, .F. ) ;
#8607 = CARTESIAN_POINT ( 'NONE',  ( 0.8858645897406461911, -0.2258186098252275842, 0.4399999999999997802 ) ) ;
#8608 = FACE_OUTER_BOUND ( 'NONE', #470, .T. ) ;
#8609 = CARTESIAN_POINT ( 'NONE',  ( 0.002104913779166286969, 0.003231407439605372880, 0.4390000000000000568 ) ) ;
#8610 = CARTESIAN_POINT ( 'NONE',  ( -0.3615265839501090039, 0.2075745984083954832, 0.4390000000000001679 ) ) ;
#8611 = LINE ( 'NONE', #2027, #9074 ) ;
#8612 = DIRECTION ( 'NONE',  ( 0.000000000000000000, 0.000000000000000000, -1.000000000000000000 ) ) ;
#8613 = CARTESIAN_POINT ( 'NONE',  ( -0.2074940280727327335, 0.1490375732591638913, 0.4390000000000001679 ) ) ;
#8614 = STYLED_ITEM ( 'NONE', ( #5892 ), #6454 ) ;
#8615 = DIRECTION ( 'NONE',  ( -1.000000000000000000, 0.000000000000000000, 0.000000000000000000 ) ) ;
#8616 = CARTESIAN_POINT ( 'NONE',  ( -0.5614746631663233289, 0.1562250927172158799, 0.4390000000000000568 ) ) ;
#8617 = ORIENTED_EDGE ( 'NONE', *, *, #5450, .F. ) ;
#8618 = CARTESIAN_POINT ( 'NONE',  ( -0.04405940382909182690, -0.2074919103476830229, 0.4399999999999995026 ) ) ;
#8619 = CARTESIAN_POINT ( 'NONE',  ( -1.002951278849201655, -0.09691371442206218878, 0.4400000000000001132 ) ) ;
#8620 = CARTESIAN_POINT ( 'NONE',  ( 0.6765463766553443392, -0.08910297207043255119, 0.4400000000000000577 ) ) ;
#8621 = DIRECTION ( 'NONE',  ( 0.000000000000000000, 0.000000000000000000, -1.000000000000000000 ) ) ;
#8622 = CARTESIAN_POINT ( 'NONE',  ( 0.7073724647488419670, -0.1301840188398758758, 0.4399999999999996692 ) ) ;
#8623 = CARTESIAN_POINT ( 'NONE',  ( -0.2703938584693748592, -0.1089786182920703395, 0.4400000000000000022 ) ) ;
#8624 = CARTESIAN_POINT ( 'NONE',  ( -0.9699870068123322975, 0.2094397864377395835, 0.4399999999999996692 ) ) ;
#8625 = ORIENTED_EDGE ( 'NONE', *, *, #7063, .T. ) ;
#8626 = CARTESIAN_POINT ( 'NONE',  ( 1.449999999999999956, -1.100000000000000089, 0.4400000000000000022 ) ) ;
#8627 = AXIS2_PLACEMENT_3D ( 'NONE', #4451, #8058, #5217 ) ;
#8628 = CARTESIAN_POINT ( 'NONE',  ( -0.05555698775277442131, 0.2312578549932547967, 0.4390000000000000013 ) ) ;
#8629 = ORIENTED_EDGE ( 'NONE', *, *, #8885, .F. ) ;
#8630 = CARTESIAN_POINT ( 'NONE',  ( -1.075271996032883148, 0.005436630691729054700, 0.4389999999999998903 ) ) ;
#8631 = EDGE_CURVE ( 'NONE', #4230, #1206, #8378, .T. ) ;
#8632 = B_SPLINE_SURFACE_WITH_KNOTS ( 'NONE', 3, 1, ( 
 ( #9364, #2106 ),
 ( #6321, #9415 ),
 ( #2781, #5707 ),
 ( #2054, #2831 ),
 ( #5607, #5755 ),
 ( #8690, #5039 ),
 ( #3771, #8134 ),
 ( #828, #6697 ),
 ( #8181, #4447 ),
 ( #5936, #7387 ),
 ( #1594, #106 ),
 ( #8787, #2328 ),
 ( #698, #5843 ),
 ( #8832, #742 ),
 ( #9461, #2286 ),
 ( #2965, #3048 ),
 ( #5214, #6524 ),
 ( #5890, #5971 ),
 ( #1467, #7297 ) ),
 .UNSPECIFIED., .F., .F., .F.,
 ( 4, 1, 1, 1, 1, 1, 1, 1, 1, 1, 1, 1, 1, 1, 1, 1, 4 ),
 ( 2, 2 ),
 ( 0.000000000000000000, 0.06966280089907743445, 0.1377495622582724510, 0.2039167435177824950, 0.2687798623293362610, 0.3324137064772234584, 0.3947535404471388953, 0.4561800316591683724, 0.5169956491967192536, 0.5773959379659514557, 0.6371983435092747339, 0.6969991842614543520, 0.7567561942255589535, 0.8165539052726074054, 0.8769479965978697056, 0.9381317879205949284, 1.000000000000000000 ),
 ( 0.000000000000000000, 1.000000000000000000 ),
 .UNSPECIFIED. ) ;
#8633 = ORIENTED_EDGE ( 'NONE', *, *, #9090, .T. ) ;
#8634 = CARTESIAN_POINT ( 'NONE',  ( 0.3705306605954249988, 0.1394338578758100577, 0.4399999999999998912 ) ) ;
#8635 = CARTESIAN_POINT ( 'NONE',  ( 0.2514091153578663085, -0.02380301328814790271, 0.4400000000000000022 ) ) ;
#8636 = STYLED_ITEM ( 'NONE', ( #836 ), #8451 ) ;
#8637 = CARTESIAN_POINT ( 'NONE',  ( 0.03202553201921038567, -0.08709384624979106537, 0.4400000000000000022 ) ) ;
#8638 = CARTESIAN_POINT ( 'NONE',  ( 0.7187947167243290414, -0.06745125022901288236, 0.4399999999999998357 ) ) ;
#8639 = ORIENTED_EDGE ( 'NONE', *, *, #5685, .T. ) ;
#8640 = CARTESIAN_POINT ( 'NONE',  ( 0.8503907464029266672, 0.09333919625044159729, 0.4399999999999998912 ) ) ;
#8641 = ORIENTED_EDGE ( 'NONE', *, *, #9172, .F. ) ;
#8642 = ORIENTED_EDGE ( 'NONE', *, *, #3091, .F. ) ;
#8643 = CARTESIAN_POINT ( 'NONE',  ( 0.4988321107795884446, -0.1579228251335826894, 0.4390000000000000568 ) ) ;
#8644 = CARTESIAN_POINT ( 'NONE',  ( 0.4649485628781752644, -0.09909187522901288792, 0.4400000000000000022 ) ) ;
#8645 = CARTESIAN_POINT ( 'NONE',  ( 0.6711819722357826867, -0.02567352826553056730, 0.4390000000000000013 ) ) ;
#8646 = CARTESIAN_POINT ( 'NONE',  ( -0.8757265778202306672, 0.1974716067333730507, 0.4390000000000000013 ) ) ;
#8647 = CARTESIAN_POINT ( 'NONE',  ( -0.06349790021163555231, -0.004160628328262715170, 0.4390000000000000568 ) ) ;
#8648 = CARTESIAN_POINT ( 'NONE',  ( 1.449999999999999956, 0.9000000000000000222, 0.3049999999999999933 ) ) ;
#8649 = EDGE_CURVE ( 'NONE', #1833, #9013, #6423, .T. ) ;
#8650 = CARTESIAN_POINT ( 'NONE',  ( -0.1185224161363863937, 0.2008343725616066056, 0.4389999999999999458 ) ) ;
#8651 = CARTESIAN_POINT ( 'NONE',  ( 0.1402205048832330381, 0.1408384875437377615, 0.4390000000000000013 ) ) ;
#8652 = PLANE ( 'NONE',  #3911 ) ;
#8653 = ORIENTED_EDGE ( 'NONE', *, *, #330, .T. ) ;
#8654 = CARTESIAN_POINT ( 'NONE',  ( 0.2815951974935598789, -0.04816038484439750383, 0.4390000000000000013 ) ) ;
#8655 = ORIENTED_EDGE ( 'NONE', *, *, #1276, .F. ) ;
#8656 = CARTESIAN_POINT ( 'NONE',  ( 0.8758733706426670151, -0.2246638737709479028, 0.4389999999999998903 ) ) ;
#8657 = CARTESIAN_POINT ( 'NONE',  ( 0.6686634352254459124, 0.04821769398486541042, 0.4400000000000001132 ) ) ;
#8658 = FILL_AREA_STYLE_COLOUR ( '', #8509 ) ;
#8659 = FACE_OUTER_BOUND ( 'NONE', #5882, .T. ) ;
#8660 = CARTESIAN_POINT ( 'NONE',  ( 0.3555912295927282640, 0.04440789404199624313, 0.4400000000000000577 ) ) ;
#8661 = LINE ( 'NONE', #3367, #6758 ) ;
#8662 = CARTESIAN_POINT ( 'NONE',  ( 6.064218350122669755E-17, 0.5000000000000000000, 0.1500000000000000222 ) ) ;
#8663 = ADVANCED_FACE ( 'NONE', ( #5706 ), #9017, .T. ) ;
#8664 = CARTESIAN_POINT ( 'NONE',  ( -0.1932272004231346263, 0.1702452821604417688, 0.4399999999999999467 ) ) ;
#8665 = DIRECTION ( 'NONE',  ( -1.000000000000000000, 0.000000000000000000, 0.000000000000000000 ) ) ;
#8666 = CARTESIAN_POINT ( 'NONE',  ( -0.08176846789097030888, -0.2216316001385321699, 0.4389999999999998903 ) ) ;
#8667 = AXIS2_PLACEMENT_3D ( 'NONE', #4126, #8594, #9164 ) ;
#8668 = CARTESIAN_POINT ( 'NONE',  ( -0.1368418223894737051, 0.2003798227651711616, 0.4390000000000000013 ) ) ;
#8669 = ORIENTED_EDGE ( 'NONE', *, *, #6166, .F. ) ;
#8670 = CARTESIAN_POINT ( 'NONE',  ( -0.6452273267045570693, 0.1638394540097807828, 0.4400000000000001132 ) ) ;
#8671 = B_SPLINE_CURVE_WITH_KNOTS ( 'NONE', 3,
 ( #6629, #5194, #3745, #8894, #2303, #7450, #6753, #164, #5231, #8202, #5819 ),
 .UNSPECIFIED., .F., .F.,
 ( 4, 1, 1, 1, 1, 1, 1, 1, 4 ),
 ( 0.000000000000000000, 0.1280675485958902848, 0.2506083188676682116, 0.3706301659145023186, 0.4900722467299482576, 0.6103747641546194425, 0.7343130699115245630, 0.8632165042449886361, 0.9999999999999998890 ),
 .UNSPECIFIED. ) ;
#8672 = AXIS2_PLACEMENT_3D ( 'NONE', #9511, #7393, #3014 ) ;
#8674 = EDGE_LOOP ( 'NONE', ( #7347, #928, #5467, #922, #5634, #2070, #4647, #242, #2784, #6688, #4826, #6509, #6164, #4577, #3347, #8086, #2566 ) ) ;
#8673 = VECTOR ( 'NONE', #1740, 1000.000000000000000 ) ;
#8675 = DIRECTION ( 'NONE',  ( -1.000000000000000000, 0.000000000000000000, 0.000000000000000000 ) ) ;
#8676 = CARTESIAN_POINT ( 'NONE',  ( 0.6078548803599513883, -0.1717992486800066776, 0.4389999999999999458 ) ) ;
#8677 = CARTESIAN_POINT ( 'NONE',  ( 0.6653827266519712902, -0.1205583430249479865, 0.4390000000000000568 ) ) ;
#8678 = VERTEX_POINT ( 'NONE', #7296 ) ;
#8679 = CARTESIAN_POINT ( 'NONE',  ( 0.8897469825249444408, 0.2007523347771729971, 0.4390000000000000568 ) ) ;
#8680 = CARTESIAN_POINT ( 'NONE',  ( -1.074842703104793795, 0.03715694069197519184, 0.4389999999999998348 ) ) ;
#8681 = VECTOR ( 'NONE', #389, 1000.000000000000000 ) ;
#8682 = CARTESIAN_POINT ( 'NONE',  ( -0.3819564851987478638, -0.05942841369055133771, 0.4390000000000000013 ) ) ;
#8683 = ORIENTED_EDGE ( 'NONE', *, *, #5336, .F. ) ;
#8684 = CARTESIAN_POINT ( 'NONE',  ( -1.022930765736633996, -0.1417208858297782093, 0.4389999999999999458 ) ) ;
#8685 = CARTESIAN_POINT ( 'NONE',  ( 0.3149192595674212836, 0.2247589559134592907, 0.4400000000000000022 ) ) ;
#8686 = CARTESIAN_POINT ( 'NONE',  ( 0.2907413248594515887, 0.01931254561775797018, 0.4400000000000000022 ) ) ;
#8687 = CARTESIAN_POINT ( 'NONE',  ( -0.9631845509159012719, -0.1384131306795296223, 0.4390000000000000568 ) ) ;
#8688 = CARTESIAN_POINT ( 'NONE',  ( -0.6745995809851816905, -0.1716687742771789982, 0.4389999999999999458 ) ) ;
#8689 = CARTESIAN_POINT ( 'NONE',  ( 0.3213008290413915669, 0.1524054065913092171, 0.4400000000000000022 ) ) ;
#8690 = CARTESIAN_POINT ( 'NONE',  ( -0.8884060809744461773, -0.2211469696951000041, 0.4389999999999998903 ) ) ;
#8691 = EDGE_CURVE ( 'NONE', #3000, #1361, #217, .T. ) ;
#8692 = ORIENTED_EDGE ( 'NONE', *, *, #2165, .T. ) ;
#8693 = CARTESIAN_POINT ( 'NONE',  ( -0.4518988765535731367, 0.2007656540982750981, 0.4400000000000001688 ) ) ;
#8694 = CIRCLE ( 'NONE', #384, 0.02500000000000001180 ) ;
#8695 = CARTESIAN_POINT ( 'NONE',  ( 0.9008108466239040935, 0.002313255838004935148, 0.4390000000000000013 ) ) ;
#8696 = FILL_AREA_STYLE_COLOUR ( '', #6351 ) ;
#8697 = CARTESIAN_POINT ( 'NONE',  ( -0.4422144012686691217, -0.1795333693557046306, 0.4399999999999999467 ) ) ;
#8698 = CARTESIAN_POINT ( 'NONE',  ( -0.1122517648783276922, 0.2006892905162383500, 0.4389999999999999458 ) ) ;
#8699 = CARTESIAN_POINT ( 'NONE',  ( 0.005393274416636787555, -0.0008346636905513685027, 0.4400000000000000022 ) ) ;
#8700 = DIRECTION ( 'NONE',  ( -1.000000000000000000, 0.000000000000000000, 0.000000000000000000 ) ) ;
#8701 = ORIENTED_EDGE ( 'NONE', *, *, #6288, .T. ) ;
#8702 = CARTESIAN_POINT ( 'NONE',  ( -0.008196196009503737417, -0.08780122391816941319, 0.4400000000000000577 ) ) ;
#8703 = ORIENTED_EDGE ( 'NONE', *, *, #5532, .T. ) ;
#8704 = VECTOR ( 'NONE', #2365, 1000.000000000000000 ) ;
#8705 = ORIENTED_EDGE ( 'NONE', *, *, #1236, .F. ) ;
#8706 = CARTESIAN_POINT ( 'NONE',  ( 1.023686181712794241, -0.08696345887389277107, 0.4390000000000000568 ) ) ;
#8707 = DIRECTION ( 'NONE',  ( 0.000000000000000000, -0.000000000000000000, -1.000000000000000000 ) ) ;
#8708 = EDGE_CURVE ( 'NONE', #2859, #1874, #3811, .T. ) ;
#8709 = CARTESIAN_POINT ( 'NONE',  ( 0.3163542516234147395, 0.1599445111889150895, 0.4389999999999998903 ) ) ;
#8710 = CIRCLE ( 'NONE', #5931, 0.2000000000000000944 ) ;
#8711 = CARTESIAN_POINT ( 'NONE',  ( -0.3689474767138055666, 0.2146279300473576679, 0.4389999999999998348 ) ) ;
#8712 = CARTESIAN_POINT ( 'NONE',  ( -0.2485112347419136114, 0.1577151744390777321, 0.4400000000000001132 ) ) ;
#8713 = CARTESIAN_POINT ( 'NONE',  ( -0.5307574541001883750, 0.2171842847642392604, 0.4399999999999998912 ) ) ;
#8714 = LINE ( 'NONE', #2126, #5752 ) ;
#8715 = DIRECTION ( 'NONE',  ( -0.000000000000000000, -0.000000000000000000, 1.000000000000000000 ) ) ;
#8716 = LINE ( 'NONE', #7320, #7580 ) ;
#8717 = CARTESIAN_POINT ( 'NONE',  ( 0.8695154382545348115, 0.2439641121042239735, 0.4390000000000000013 ) ) ;
#8718 = ADVANCED_FACE ( 'NONE', ( #2200 ), #697, .T. ) ;
#8719 = CARTESIAN_POINT ( 'NONE',  ( -0.3663955581797810335, -0.09223595177155924363, 0.4399999999999999467 ) ) ;
#8720 = EDGE_CURVE ( 'NONE', #7992, #7231, #9506, .T. ) ;
#8721 = ORIENTED_EDGE ( 'NONE', *, *, #8869, .F. ) ;
#8722 = LINE ( 'NONE', #5585, #6692 ) ;
#8723 = ORIENTED_EDGE ( 'NONE', *, *, #5463, .F. ) ;
#8724 = CARTESIAN_POINT ( 'NONE',  ( 0.8467576887710553946, 0.1847640311179727934, 0.4390000000000000013 ) ) ;
#8725 = B_SPLINE_SURFACE_WITH_KNOTS ( 'NONE', 3, 1, ( 
 ( #459, #5455 ),
 ( #9222, #1185 ),
 ( #6373, #1952 ),
 ( #4731, #8428 ),
 ( #7812, #4029 ),
 ( #2007, #4942 ),
 ( #3494, #4891 ),
 ( #7865, #6227 ),
 ( #6954, #1848 ),
 ( #4217, #7710 ),
 ( #9321, #1278 ),
 ( #8380, #1079 ),
 ( #7156, #6324 ),
 ( #4081, #3398 ),
 ( #412, #560 ) ),
 .UNSPECIFIED., .F., .F., .F.,
 ( 4, 1, 1, 1, 1, 1, 1, 1, 1, 1, 1, 1, 4 ),
 ( 2, 2 ),
 ( 0.000000000000000000, 0.09126360489662588282, 0.1809303110850801199, 0.2700882198317218763, 0.3601561333877259519, 0.4483425324981543669, 0.5326658421383313469, 0.6138337041070477396, 0.6939815272835583304, 0.7727159770890047463, 0.8493351720622465129, 0.9239673265752321729, 1.000000000000000000 ),
 ( 0.000000000000000000, 1.000000000000000000 ),
 .UNSPECIFIED. ) ;
#8726 = CARTESIAN_POINT ( 'NONE',  ( 0.6780896270748646426, -0.07759133175817745087, 0.4389999999999999458 ) ) ;
#8727 = CARTESIAN_POINT ( 'NONE',  ( -0.6723110525064401877, 0.1259081247709871176, 0.4400000000000000022 ) ) ;
#8728 = ORIENTED_EDGE ( 'NONE', *, *, #4964, .T. ) ;
#8729 = CARTESIAN_POINT ( 'NONE',  ( 0.02861545661295655796, -0.04878100694224937056, 0.4400000000000000577 ) ) ;
#8730 = CIRCLE ( 'NONE', #6707, 0.2249999999999999500 ) ;
#8731 = CARTESIAN_POINT ( 'NONE',  ( -0.1047585881073525710, 0.2465338501894342726, 0.4389999999999997793 ) ) ;
#8732 = ORIENTED_EDGE ( 'NONE', *, *, #8691, .T. ) ;
#8733 = CARTESIAN_POINT ( 'NONE',  ( -0.5586665966601269684, 0.1699861994883434257, 0.4390000000000000568 ) ) ;
#8734 = CARTESIAN_POINT ( 'NONE',  ( -1.449999999999999956, 1.250000000000000000, 0.1500000000000000222 ) ) ;
#8735 = CARTESIAN_POINT ( 'NONE',  ( 0.7137793682747064494, -0.1101730459691180192, 0.4400000000000001132 ) ) ;
#8736 = CARTESIAN_POINT ( 'NONE',  ( -1.031735892743649519, -0.02876472087919649395, 0.4390000000000000568 ) ) ;
#8737 = CARTESIAN_POINT ( 'NONE',  ( 0.7135015086710025933, -0.02233098196293319126, 0.4390000000000000013 ) ) ;
#8738 = DIRECTION ( 'NONE',  ( 1.000000000000000000, 0.000000000000000000, 0.000000000000000000 ) ) ;
#8739 = CARTESIAN_POINT ( 'NONE',  ( 0.5999999999999999778, -2.020459614945045158E-16, 0.1500000000000000222 ) ) ;
#8740 = ORIENTED_EDGE ( 'NONE', *, *, #2281, .F. ) ;
#8741 = CARTESIAN_POINT ( 'NONE',  ( -0.1646819403630819800, 0.1924365388724420811, 0.4400000000000001132 ) ) ;
#8742 = CARTESIAN_POINT ( 'NONE',  ( -1.500000000000000000, 0.5000000000000011102, -0.1499999999999999667 ) ) ;
#8743 = DIRECTION ( 'NONE',  ( -1.000000000000000000, 0.000000000000000000, 0.000000000000000000 ) ) ;
#8744 = LINE ( 'NONE', #5092, #6361 ) ;
#8745 = PLANE ( 'NONE',  #5722 ) ;
#8746 = CARTESIAN_POINT ( 'NONE',  ( 0.2140532681597647757, 0.1993727374275171271, 0.4399999999999998357 ) ) ;
#8747 = B_SPLINE_CURVE_WITH_KNOTS ( 'NONE', 3,
 ( #127, #7533, #2308, #8986, #5958, #939, #5236, #4646, #8160, #216, #5362, #4512, #7454, #3111, #850 ),
 .UNSPECIFIED., .F., .F.,
 ( 4, 1, 1, 1, 1, 1, 1, 1, 1, 1, 1, 1, 4 ),
 ( 0.000000000000000000, 0.1072327993600885321, 0.2132518127818489317, 0.3188304473075871948, 0.4267935306342749424, 0.4836459507827183257, 0.5436038220211421024, 0.6083076495640832304, 0.6771267602600403723, 0.7506856360204958722, 0.8287134184432873862, 0.9121903482234525740, 1.000000000000000000 ),
 .UNSPECIFIED. ) ;
#8748 = FILL_AREA_STYLE_COLOUR ( '', #2710 ) ;
#8749 = ORIENTED_EDGE ( 'NONE', *, *, #3009, .F. ) ;
#8750 = ORIENTED_EDGE ( 'NONE', *, *, #7413, .T. ) ;
#8751 = CARTESIAN_POINT ( 'NONE',  ( 0.000000000000000000, -1.074999999999999956, 0.4149999999999999800 ) ) ;
#8752 = CARTESIAN_POINT ( 'NONE',  ( 0.8580675532627902724, 0.08579394207867938049, 0.4390000000000000013 ) ) ;
#8753 = AXIS2_PLACEMENT_3D ( 'NONE', #4438, #6511, #5119 ) ;
#8754 = EDGE_CURVE ( 'NONE', #8546, #8322, #8694, .T. ) ;
#8755 = CARTESIAN_POINT ( 'NONE',  ( 0.5663884423613051444, 0.03352578502874850597, 0.4400000000000000022 ) ) ;
#8756 = EDGE_CURVE ( 'NONE', #8456, #6788, #8050, .T. ) ;
#8757 = VERTEX_POINT ( 'NONE', #5038 ) ;
#8758 = LINE ( 'NONE', #5861, #8445 ) ;
#8759 = CARTESIAN_POINT ( 'NONE',  ( 0.000000000000000000, 0.000000000000000000, -0.1549999999999999711 ) ) ;
#8760 = LINE ( 'NONE', #5195, #2685 ) ;
#8761 = CARTESIAN_POINT ( 'NONE',  ( 1.250000000000000000, -0.9000000000000000222, 0.3049999999999999933 ) ) ;
#8762 = DIRECTION ( 'NONE',  ( 0.000000000000000000, 0.000000000000000000, -1.000000000000000000 ) ) ;
#8763 = PLANE ( 'NONE',  #5188 ) ;
#8764 = VERTEX_POINT ( 'NONE', #4310 ) ;
#8765 = PLANE ( 'NONE',  #3908 ) ;
#8766 = VERTEX_POINT ( 'NONE', #8831 ) ;
#8767 = DIRECTION ( 'NONE',  ( 0.000000000000000000, 1.000000000000000000, 0.000000000000000000 ) ) ;
#8768 = CARTESIAN_POINT ( 'NONE',  ( 0.5867948506649522944, -0.1779484892031849841, 0.4389999999999998903 ) ) ;
#8769 = CARTESIAN_POINT ( 'NONE',  ( 0.6702342549352169332, -0.1105975090869727451, 0.4390000000000000013 ) ) ;
#8770 = EDGE_CURVE ( 'NONE', #1638, #1217, #2915, .T. ) ;
#8771 = ORIENTED_EDGE ( 'NONE', *, *, #4830, .T. ) ;
#8772 = EDGE_CURVE ( 'NONE', #5342, #8023, #1043, .T. ) ;
#8773 = CARTESIAN_POINT ( 'NONE',  ( -0.5113759163343173375, 0.1082629250515281943, 0.4390000000000001124 ) ) ;
#8774 = DIRECTION ( 'NONE',  ( 0.000000000000000000, -1.000000000000000000, 0.000000000000000000 ) ) ;
#8775 = CARTESIAN_POINT ( 'NONE',  ( -0.9591758537126224837, 0.1616609599619874549, 0.4400000000000002798 ) ) ;
#8776 = VECTOR ( 'NONE', #1554, 1000.000000000000000 ) ;
#8777 = ORIENTED_EDGE ( 'NONE', *, *, #7754, .T. ) ;
#8778 = CARTESIAN_POINT ( 'NONE',  ( -0.3398617184936751912, -0.1609387839971299916, 0.4399999999999998912 ) ) ;
#8779 = VECTOR ( 'NONE', #3519, 1000.000000000000000 ) ;
#8780 = CARTESIAN_POINT ( 'NONE',  ( -0.5527798025064402099, -0.1048611059982436505, 0.4390000000000000013 ) ) ;
#8781 = LINE ( 'NONE', #4208, #1843 ) ;
#8782 = CARTESIAN_POINT ( 'NONE',  ( 0.3784101013397135338, -0.1683226444597820948, 0.4390000000000000013 ) ) ;
#8783 = EDGE_CURVE ( 'NONE', #6322, #1105, #8267, .T. ) ;
#8784 = VECTOR ( 'NONE', #9238, 1000.000000000000000 ) ;
#8785 = CARTESIAN_POINT ( 'NONE',  ( 0.7164781937223492214, -0.03676088543393593588, 0.4389999999999999458 ) ) ;
#8786 = CARTESIAN_POINT ( 'NONE',  ( 1.600000000000000089, -1.250000000000000000, 0.1500000000000000222 ) ) ;
#8787 = CARTESIAN_POINT ( 'NONE',  ( -0.9604746894859819140, -0.1953841493647250072, 0.4390000000000000568 ) ) ;
#8788 = EDGE_LOOP ( 'NONE', ( #8324, #952, #5948, #1530 ) ) ;
#8789 = VECTOR ( 'NONE', #5135, 1000.000000000000000 ) ;
#8790 =( NAMED_UNIT ( * ) PLANE_ANGLE_UNIT ( ) SI_UNIT ( $, .RADIAN. ) );
#8791 = CARTESIAN_POINT ( 'NONE',  ( -0.2703938584693748592, -0.1089786182920703395, 0.4390000000000000013 ) ) ;
#8792 = CARTESIAN_POINT ( 'NONE',  ( 1.600000000000000089, 1.250000000000000000, -0.1549999999999999711 ) ) ;
#8794 = CARTESIAN_POINT ( 'NONE',  ( 0.4524618635602426497, -0.1717700367338756973, 0.4399999999999999467 ) ) ;
#8793 = B_SPLINE_SURFACE_WITH_KNOTS ( 'NONE', 3, 1, ( 
 ( #6466, #5702 ),
 ( #4350, #8635 ),
 ( #7855, #2050 ),
 ( #6419, #694 ),
 ( #5750, #9411 ),
 ( #4983, #8686 ),
 ( #2102, #7956 ),
 ( #1321, #1463 ),
 ( #3630, #8582 ),
 ( #6562, #9503 ),
 ( #2912, #3488 ),
 ( #7340, #5839 ),
 ( #1369, #738 ),
 ( #7909, #7246 ),
 ( #1269, #2869 ) ),
 .UNSPECIFIED., .F., .F., .F.,
 ( 4, 1, 1, 1, 1, 1, 1, 1, 1, 1, 1, 1, 4 ),
 ( 2, 2 ),
 ( 0.000000000000000000, 0.1108026438013179904, 0.2128292023477703632, 0.3061013098231107343, 0.3906473211160099157, 0.4669244693608516905, 0.5344810392840304569, 0.5935869409656723272, 0.6445570045087172240, 0.7362004526293730589, 0.8250240256188644539, 0.9119855848297583334, 1.000000000000000000 ),
 ( 0.000000000000000000, 1.000000000000000000 ),
 .UNSPECIFIED. ) ;
#8795 = CARTESIAN_POINT ( 'NONE',  ( -0.9913005811880895024, -0.1118815584306892402, 0.4389999999999999458 ) ) ;
#8796 = CARTESIAN_POINT ( 'NONE',  ( -0.02575135401754740164, -0.1367013409790240330, 0.4400000000000001132 ) ) ;
#8797 = ORIENTED_EDGE ( 'NONE', *, *, #4528, .T. ) ;
#8798 = CARTESIAN_POINT ( 'NONE',  ( 1.019191537040066597, -0.06976107480999689525, 0.4390000000000001124 ) ) ;
#8799 =( NAMED_UNIT ( * ) PLANE_ANGLE_UNIT ( ) SI_UNIT ( $, .RADIAN. ) );
#8800 = UNCERTAINTY_MEASURE_WITH_UNIT (LENGTH_MEASURE( 1.000000000000000082E-05 ), #2895, 'distance_accuracy_value', 'NONE');
#8801 = CARTESIAN_POINT ( 'NONE',  ( 0.3305917224421061618, 0.1276760956627630283, 0.4400000000000001132 ) ) ;
#8802 = CARTESIAN_POINT ( 'NONE',  ( -0.2436513305026071219, 0.1696881986178840063, 0.4400000000000000022 ) ) ;
#8803 = CARTESIAN_POINT ( 'NONE',  ( -1.474999999999999867, 1.100000000000000089, 0.3049999999999999933 ) ) ;
#8804 = CARTESIAN_POINT ( 'NONE',  ( -0.9889279971694914240, 0.1955789888129549070, 0.4400000000000001132 ) ) ;
#8805 = CARTESIAN_POINT ( 'NONE',  ( -0.3379366567718652403, -0.05262530128274746366, 0.4389999999999998348 ) ) ;
#8806 = CARTESIAN_POINT ( 'NONE',  ( 0.5656123416766530854, -0.2259808974453771657, 0.4390000000000000568 ) ) ;
#8807 = CARTESIAN_POINT ( 'NONE',  ( 0.02745036191896608330, -0.1182420135539905687, 0.4390000000000000013 ) ) ;
#8808 = ADVANCED_FACE ( 'NONE', ( #6735 ), #7554, .T. ) ;
#8809 = ADVANCED_FACE ( 'NONE', ( #8226 ), #6013, .F. ) ;
#8810 = CARTESIAN_POINT ( 'NONE',  ( -0.3660102221238223374, -0.09985240609080048291, 0.4399999999999999467 ) ) ;
#8811 =( LENGTH_UNIT ( ) NAMED_UNIT ( * ) SI_UNIT ( .MILLI., .METRE. ) );
#8812 = CARTESIAN_POINT ( 'NONE',  ( -0.02575135401754740164, -0.1367013409790240330, 0.4390000000000001124 ) ) ;
#8813 = EDGE_LOOP ( 'NONE', ( #6949, #9394, #7905, #5396 ) ) ;
#8814 = CARTESIAN_POINT ( 'NONE',  ( 3.112264208245613817E-16, 1.150000000000000355, -0.1549999999999999711 ) ) ;
#8815 = LINE ( 'NONE', #8860, #5421 ) ;
#8816 = CARTESIAN_POINT ( 'NONE',  ( 1.250000000000000000, 0.9000000000000000222, 0.4400000000000000022 ) ) ;
#8817 = CLOSED_SHELL ( 'NONE', ( #4799, #1794, #3044, #2753, #4050, #1921, #1582, #3866, #4411, #3268, #1881, #7158, #1032, #5008, #2783, #7789, #7244, #3466, #6580, #2656, #8718, #231, #4185, #47, #9113, #4108, #3942, #3997, #8591, #6025, #3224, #6454, #3814, #8809, #2875, #3739, #3872, #2782, #9358, #8808, #1979, #2045, #3058, #8578, #5055, #8451, #5229, #141, #7473, #5923, #2837, #926, #3636, #6732, #9000, #335, #1586 ) ) ;
#8818 = EDGE_LOOP ( 'NONE', ( #3853, #4796, #4583, #8692 ) ) ;
#8819 = CARTESIAN_POINT ( 'NONE',  ( 0.02571310230536117888, -0.03861447660962753770, 0.4399999999999998912 ) ) ;
#8820 = LINE ( 'NONE', #3577, #4912 ) ;
#8821 = CARTESIAN_POINT ( 'NONE',  ( -0.4630862928910556287, 0.01232639400175632692, 0.4390000000000000013 ) ) ;
#8822 = MECHANICAL_DESIGN_GEOMETRIC_PRESENTATION_REPRESENTATION (  '', ( #8185 ), #4985 ) ;
#8823 = ORIENTED_EDGE ( 'NONE', *, *, #7550, .T. ) ;
#8824 = DIRECTION ( 'NONE',  ( -1.000000000000000000, 0.000000000000000000, 0.000000000000000000 ) ) ;
#8825 = EDGE_CURVE ( 'NONE', #8678, #1341, #5290, .T. ) ;
#8826 = LINE ( 'NONE', #7955, #5370 ) ;
#8827 = CARTESIAN_POINT ( 'NONE',  ( 0.009029727545750272644, 0.1253868871549935204, 0.4390000000000000013 ) ) ;
#8828 = CARTESIAN_POINT ( 'NONE',  ( -0.8541788984826920172, -0.1794665589616718515, 0.4390000000000000568 ) ) ;
#8829 = AXIS2_PLACEMENT_3D ( 'NONE', #7078, #5475, #274 ) ;
#8830 = CARTESIAN_POINT ( 'NONE',  ( 0.009179332108944296409, 0.1301449036171409557, 0.4400000000000000022 ) ) ;
#8831 = CARTESIAN_POINT ( 'NONE',  ( 1.600000000000000089, 1.027500000000000080, -0.1499999999999999667 ) ) ;
#8832 = CARTESIAN_POINT ( 'NONE',  ( -0.9814104706186701499, -0.1818665511395196055, 0.4389999999999998903 ) ) ;
#8833 = VECTOR ( 'NONE', #1855, 1000.000000000000000 ) ;
#8834 = ORIENTED_EDGE ( 'NONE', *, *, #3394, .T. ) ;
#8835 = EDGE_CURVE ( 'NONE', #2695, #356, #7586, .T. ) ;
#8836 = CIRCLE ( 'NONE', #205, 0.1571850217640345937 ) ;
#8837 = CARTESIAN_POINT ( 'NONE',  ( 0.8869137071089443491, 0.01232639400175632692, 0.4390000000000000013 ) ) ;
#8838 = CARTESIAN_POINT ( 'NONE',  ( 0.4252733638653468096, -0.1036731255757048081, 0.4390000000000000568 ) ) ;
#8839 = CARTESIAN_POINT ( 'NONE',  ( 0.9144942530010076176, 0.04387185497709501780, 0.4400000000000001132 ) ) ;
#8840 =( NAMED_UNIT ( * ) SI_UNIT ( $, .STERADIAN. ) SOLID_ANGLE_UNIT ( ) );
#8841 = CARTESIAN_POINT ( 'NONE',  ( -0.5455018746395041696, -0.1900858801627209327, 0.4400000000000001688 ) ) ;
#8842 = CARTESIAN_POINT ( 'NONE',  ( 0.8731271634684708571, 0.02214612041285969612, 0.4390000000000000568 ) ) ;
#8843 = ORIENTED_EDGE ( 'NONE', *, *, #5462, .T. ) ;
#8844 = ORIENTED_EDGE ( 'NONE', *, *, #5132, .F. ) ;
#8845 = FILL_AREA_STYLE ('',( #7220 ) ) ;
#8846 = CARTESIAN_POINT ( 'NONE',  ( -0.6369745140449016851, -0.1316339425367051841, 0.4390000000000000013 ) ) ;
#8847 = VECTOR ( 'NONE', #3006, 1000.000000000000000 ) ;
#8848 = CARTESIAN_POINT ( 'NONE',  ( 0.3321745168902279222, 0.1127526287424868712, 0.4399999999999999467 ) ) ;
#8849 = CARTESIAN_POINT ( 'NONE',  ( -0.5265303454980744258, 0.06221446878101595523, 0.4400000000000001688 ) ) ;
#8850 = CARTESIAN_POINT ( 'NONE',  ( 0.5517911893582442273, 0.07770314798463084927, 0.4390000000000001124 ) ) ;
#8851 = SURFACE_STYLE_FILL_AREA ( #4423 ) ;
#8852 = DIRECTION ( 'NONE',  ( 0.000000000000000000, 0.000000000000000000, -1.000000000000000000 ) ) ;
#8853 = CARTESIAN_POINT ( 'NONE',  ( -0.3308084629599340465, -0.06976107480999699240, 0.4390000000000000568 ) ) ;
#8854 = CARTESIAN_POINT ( 'NONE',  ( 0.09314947668762069144, 0.1282836534773490467, 0.4400000000000001688 ) ) ;
#8855 = CARTESIAN_POINT ( 'NONE',  ( 0.3725071682336180690, 0.1177398250202561641, 0.4400000000000000022 ) ) ;
#8856 = CIRCLE ( 'NONE', #4685, 0.2225000000000002531 ) ;
#8857 = CARTESIAN_POINT ( 'NONE',  ( 0.09314947668762069144, 0.1282836534773490467, 0.4390000000000001679 ) ) ;
#8858 = CARTESIAN_POINT ( 'NONE',  ( 1.022388574597140609, -0.1279876310926764682, 0.4390000000000000013 ) ) ;
#8859 = EDGE_CURVE ( 'NONE', #9180, #7837, #4059, .T. ) ;
#8860 = CARTESIAN_POINT ( 'NONE',  ( 1.401238207896990495, -1.149999999999999911, 0.1500000000000000222 ) ) ;
#8861 = CARTESIAN_POINT ( 'NONE',  ( -0.2075529409347492971, 0.2172198091219535998, 0.4400000000000000022 ) ) ;
#8862 = VERTEX_POINT ( 'NONE', #5487 ) ;
#8863 = CARTESIAN_POINT ( 'NONE',  ( 0.01715547369540095998, -0.01913450435572660799, 0.4399999999999998357 ) ) ;
#8864 = CARTESIAN_POINT ( 'NONE',  ( -1.600999999999999979, 1.027502247202359387, 0.1500000000000000222 ) ) ;
#8865 = CARTESIAN_POINT ( 'NONE',  ( -1.020722339218697927, 0.08467175235797767818, 0.4400000000000003353 ) ) ;
#8866 = VERTEX_POINT ( 'NONE', #1166 ) ;
#8867 = LINE ( 'NONE', #3673, #708 ) ;
#8868 = DIRECTION ( 'NONE',  ( -0.2007054744631346366, -0.9796516281416205452, 0.000000000000000000 ) ) ;
#8869 = EDGE_CURVE ( 'NONE', #1337, #914, #8520, .T. ) ;
#8870 = ADVANCED_FACE ( 'NONE', ( #391 ), #2335, .T. ) ;
#8871 = CARTESIAN_POINT ( 'NONE',  ( 1.022388574597140609, -0.1279876310926764682, 0.4390000000000000013 ) ) ;
#8872 = VECTOR ( 'NONE', #2034, 1000.000000000000114 ) ;
#8873 = CARTESIAN_POINT ( 'NONE',  ( -0.8403433970370205452, 0.2008561867340076523, 0.4399999999999999467 ) ) ;
#8874 = CARTESIAN_POINT ( 'NONE',  ( 1.250000000000000000, 0.9000000000000000222, 0.4149999999999999800 ) ) ;
#8875 = LINE ( 'NONE', #4488, #9524 ) ;
#8876 = EDGE_CURVE ( 'NONE', #4058, #515, #3526, .T. ) ;
#8877 = ORIENTED_EDGE ( 'NONE', *, *, #1980, .F. ) ;
#8878 = CARTESIAN_POINT ( 'NONE',  ( -0.1879145633710806174, 0.1758295023454945760, 0.4400000000000001132 ) ) ;
#8879 = DIRECTION ( 'NONE',  ( 0.000000000000000000, -1.000000000000000000, -0.000000000000000000 ) ) ;
#8880 = CARTESIAN_POINT ( 'NONE',  ( 0.5999999999999999778, -0.5000000000000000000, 0.1500000000000000222 ) ) ;
#8881 = CARTESIAN_POINT ( 'NONE',  ( -0.5209327884180856572, 0.1554134560710995761, 0.4400000000000000022 ) ) ;
#8882 = CARTESIAN_POINT ( 'NONE',  ( 0.4649485628781752644, -0.09909187522901288792, 0.4390000000000000013 ) ) ;
#8883 = LINE ( 'NONE', #5045, #3246 ) ;
#8884 = CARTESIAN_POINT ( 'NONE',  ( -0.5690676965718763913, -0.1630737750070507253, 0.4399999999999999467 ) ) ;
#8885 = EDGE_CURVE ( 'NONE', #2756, #8406, #91, .T. ) ;
#8886 = EDGE_CURVE ( 'NONE', #1277, #3710, #4602, .T. ) ;
#8887 = CARTESIAN_POINT ( 'NONE',  ( -0.6541323224681914184, 0.1741423742585807843, 0.4399999999999999467 ) ) ;
#8888 = EDGE_LOOP ( 'NONE', ( #4833, #7583, #4579, #1077 ) ) ;
#8889 = B_SPLINE_CURVE_WITH_KNOTS ( 'NONE', 3,
 ( #8644, #6325, #9270, #7866, #8479, #5611, #2786, #2633, #7010, #4127, #4994, #7917, #413, #8539, #4892 ),
 .UNSPECIFIED., .F., .F.,
 ( 4, 1, 1, 1, 1, 1, 1, 1, 1, 1, 1, 1, 4 ),
 ( 0.000000000000000000, 0.09468725186755362622, 0.1819941557072746741, 0.2643769486105120858, 0.3421798619477716130, 0.4186176108621460501, 0.4965090753719084704, 0.5773690916117321104, 0.6615105924541984095, 0.7467325508291970948, 0.8312579843277420055, 0.9152056162136537054, 1.000000000000000000 ),
 .UNSPECIFIED. ) ;
#8890 = SURFACE_STYLE_USAGE ( .BOTH. , #7264 ) ;
#8891 = CARTESIAN_POINT ( 'NONE',  ( 1.401238207896990495, 1.149999999999999911, 0.1500000000000000222 ) ) ;
#8892 = CARTESIAN_POINT ( 'NONE',  ( -0.5368242736602863996, 0.07353432669406401168, 0.4400000000000000022 ) ) ;
#8893 = CARTESIAN_POINT ( 'NONE',  ( -0.4539817255833632492, -0.2260149521520898042, 0.4390000000000000013 ) ) ;
#8894 = CARTESIAN_POINT ( 'NONE',  ( 0.006251212487734848083, 0.1024834233776862613, 0.4390000000000000568 ) ) ;
#8895 = CARTESIAN_POINT ( 'NONE',  ( 1.449999999999999956, -0.9000000000000000222, 0.4400000000000000022 ) ) ;
#8896 = CARTESIAN_POINT ( 'NONE',  ( 0.7137793682747064494, -0.1101730459691180192, 0.4399999999999997802 ) ) ;
#8897 = CARTESIAN_POINT ( 'NONE',  ( 1.600000000000000089, -1.250000000000000000, 0.2799999999999999711 ) ) ;
#8898 = VECTOR ( 'NONE', #9529, 1000.000000000000000 ) ;
#8899 = DIRECTION ( 'NONE',  ( 0.000000000000000000, 0.000000000000000000, 1.000000000000000000 ) ) ;
#8900 = CARTESIAN_POINT ( 'NONE',  ( -0.3308084629599340465, -0.06976107480999699240, 0.4400000000000000577 ) ) ;
#8901 = DIRECTION ( 'NONE',  ( -1.000000000000000000, -4.872818752743839266E-14, 0.000000000000000000 ) ) ;
#8902 = CARTESIAN_POINT ( 'NONE',  ( 1.015322687568312121, -0.1503001716521157327, 0.4400000000000001688 ) ) ;
#8903 = DIRECTION ( 'NONE',  ( -0.2007054744631346366, -0.9796516281416205452, 0.000000000000000000 ) ) ;
#8904 = CARTESIAN_POINT ( 'NONE',  ( -0.3615265839501090039, 0.2075745984083954832, 0.4400000000000001688 ) ) ;
#8905 =( NAMED_UNIT ( * ) SI_UNIT ( $, .STERADIAN. ) SOLID_ANGLE_UNIT ( ) );
#8906 = CARTESIAN_POINT ( 'NONE',  ( -0.9372114490132834597, 0.1755390623851807719, 0.4390000000000000568 ) ) ;
#8907 = ORIENTED_EDGE ( 'NONE', *, *, #4528, .F. ) ;
#8908 = LINE ( 'NONE', #8044, #3155 ) ;
#8909 = CARTESIAN_POINT ( 'NONE',  ( -0.8471779863383854803, -0.2259146599588756910, 0.4400000000000001132 ) ) ;
#8910 = CARTESIAN_POINT ( 'NONE',  ( -1.474999999999999867, -0.9000000000000000222, 0.2799999999999999711 ) ) ;
#8911 = CARTESIAN_POINT ( 'NONE',  ( -1.025222997787992529, 0.07308693911112600083, 0.4400000000000001132 ) ) ;
#8912 = CARTESIAN_POINT ( 'NONE',  ( 0.8554092693338621878, -0.1695412337551230886, 0.4390000000000001124 ) ) ;
#8913 = VECTOR ( 'NONE', #6669, 1000.000000000000000 ) ;
#8914 = EDGE_CURVE ( 'NONE', #7187, #9281, #2863, .T. ) ;
#8915 = FACE_OUTER_BOUND ( 'NONE', #5050, .T. ) ;
#8916 = SURFACE_STYLE_FILL_AREA ( #670 ) ;
#8917 = AXIS2_PLACEMENT_3D ( 'NONE', #2736, #7011, #4857 ) ;
#8918 = CARTESIAN_POINT ( 'NONE',  ( -0.3255205416938062868, -0.1082644576094349553, 0.4390000000000000013 ) ) ;
#8919 = CARTESIAN_POINT ( 'NONE',  ( 0.4299715921335652280, -0.1257942917064105992, 0.4390000000000000013 ) ) ;
#8920 = VECTOR ( 'NONE', #1056, 1000.000000000000000 ) ;
#8921 = CARTESIAN_POINT ( 'NONE',  ( 0.6334546605691365739, 0.06963036601795415115, 0.4390000000000000013 ) ) ;
#8922 = DIRECTION ( 'NONE',  ( -0.000000000000000000, -0.000000000000000000, 1.000000000000000000 ) ) ;
#8923 = FILL_AREA_STYLE ('',( #660 ) ) ;
#8924 = EDGE_LOOP ( 'NONE', ( #3707, #4406, #5815, #7218 ) ) ;
#8925 = CIRCLE ( 'NONE', #1694, 0.1571850217640345937 ) ;
#8926 = ORIENTED_EDGE ( 'NONE', *, *, #5260, .F. ) ;
#8927 = B_SPLINE_CURVE_WITH_KNOTS ( 'NONE', 3,
 ( #3022, #2298, #5225, #1484, #621, #9431, #2886, #5813, #2166, #8021, #1436, #4372, #3650, #9522, #2930 ),
 .UNSPECIFIED., .F., .F.,
 ( 4, 1, 1, 1, 1, 1, 1, 1, 1, 1, 1, 1, 4 ),
 ( 0.000000000000000000, 0.09846943102555762162, 0.1896291011376318170, 0.2741840894379701798, 0.3521831609671542407, 0.4231988731834701589, 0.4885509460005326154, 0.5484733460279377359, 0.6014401636178720034, 0.7011980824257663114, 0.7995918021381838159, 0.8985450984822276332, 1.000000000000000000 ),
 .UNSPECIFIED. ) ;
#8928 = CARTESIAN_POINT ( 'NONE',  ( -0.1465898986602864051, 0.01052350938637172661, 0.4390000000000000013 ) ) ;
#8929 = DIRECTION ( 'NONE',  ( 0.000000000000000000, 0.000000000000000000, -1.000000000000000000 ) ) ;
#8930 = CARTESIAN_POINT ( 'NONE',  ( 0.7591793321089442825, -0.1276675963828590443, 0.4390000000000000013 ) ) ;
#8931 = CARTESIAN_POINT ( 'NONE',  ( -0.1222509563525940868, 0.2470619709248332851, 0.4400000000000000577 ) ) ;
#8932 = ADVANCED_FACE ( 'NONE', ( #7948 ), #249, .T. ) ;
#8933 = CARTESIAN_POINT ( 'NONE',  ( 0.7591793321089442825, -0.1276675963828590443, 0.4400000000000000022 ) ) ;
#8934 = CARTESIAN_POINT ( 'NONE',  ( -0.03410732890295964381, 0.1114384346979328810, 0.4389999999999999458 ) ) ;
#8935 = CARTESIAN_POINT ( 'NONE',  ( 1.450003333370371239, 1.250999999999999890, 0.1500000000000000222 ) ) ;
#8936 = SURFACE_STYLE_FILL_AREA ( #88 ) ;
#8937 = LINE ( 'NONE', #1755, #9125 ) ;
#8938 = DIRECTION ( 'NONE',  ( 1.000000000000000000, 0.000000000000000000, 0.000000000000000000 ) ) ;
#8939 = B_SPLINE_SURFACE_WITH_KNOTS ( 'NONE', 3, 1, ( 
 ( #4366, #8019 ),
 ( #5139, #1239 ),
 ( #6212, #8105 ),
 ( #1518, #1480 ),
 ( #9100, #6939 ),
 ( #8061, #6886 ),
 ( #6833, #8312 ),
 ( #1062, #5438 ),
 ( #2257, #4498 ),
 ( #8147, #6113 ),
 ( #5900, #7354 ),
 ( #340, #4013 ),
 ( #753, #9146 ),
 ( #9052, #839 ),
 ( #4415, #2517 ),
 ( #240, #8887 ),
 ( #6162, #3282 ),
 ( #5221, #1563 ),
 ( #3690, #2296 ) ),
 .UNSPECIFIED., .F., .F., .F.,
 ( 4, 1, 1, 1, 1, 1, 1, 1, 1, 1, 1, 1, 1, 1, 1, 1, 4 ),
 ( 2, 2 ),
 ( 0.000000000000000000, 0.06854753670890327555, 0.1356829456230481401, 0.2012149895263287414, 0.2656822347546965446, 0.3292668348172593795, 0.3923954278443286259, 0.4550697616521438005, 0.5171268500645064270, 0.5787900352866528486, 0.6397398633435418258, 0.7001915036663083347, 0.7598062425966704003, 0.8196283192750081215, 0.8793547910462765627, 0.9395116077646616937, 1.000000000000000000 ),
 ( 0.000000000000000000, 1.000000000000000000 ),
 .UNSPECIFIED. ) ;
#8940 = ORIENTED_EDGE ( 'NONE', *, *, #3238, .T. ) ;
#8941 = CARTESIAN_POINT ( 'NONE',  ( 0.8383384184055377997, -0.2134143259298674211, 0.4390000000000001124 ) ) ;
#8942 = SURFACE_STYLE_FILL_AREA ( #173 ) ;
#8943 = SURFACE_STYLE_FILL_AREA ( #5998 ) ;
#8944 = EDGE_CURVE ( 'NONE', #1219, #8487, #7238, .T. ) ;
#8945 = CARTESIAN_POINT ( 'NONE',  ( 0.9674992007865188537, -0.2057938901442452895, 0.4400000000000000022 ) ) ;
#8946 = CARTESIAN_POINT ( 'NONE',  ( 0.6783254396946698517, -0.06212877035024352845, 0.4400000000000000022 ) ) ;
#8947 = PLANE ( 'NONE',  #6038 ) ;
#8948 = CARTESIAN_POINT ( 'NONE',  ( -0.1459164276888661183, 0.2453228877635587057, 0.4400000000000002243 ) ) ;
#8949 = CARTESIAN_POINT ( 'NONE',  ( -1.500000000000000000, 0.5000000000000006661, 0.1500000000000000222 ) ) ;
#8950 = CARTESIAN_POINT ( 'NONE',  ( -0.3659735818046087608, -0.1068828600102106896, 0.4390000000000000568 ) ) ;
#8951 = VERTEX_POINT ( 'NONE', #9450 ) ;
#8952 = CARTESIAN_POINT ( 'NONE',  ( -0.4160475183123390486, -0.2210878065262956160, 0.4400000000000001688 ) ) ;
#8953 = CARTESIAN_POINT ( 'NONE',  ( -0.9912587313768872477, -0.1741551837561768623, 0.4400000000000001688 ) ) ;
#8954 = EDGE_CURVE ( 'NONE', #3186, #2421, #1512, .T. ) ;
#8955 = CARTESIAN_POINT ( 'NONE',  ( 0.03225625518586748564, -0.08079259638285905820, 0.4390000000000000013 ) ) ;
#8956 = CYLINDRICAL_SURFACE ( 'NONE', #9445, 0.02500000000000001180 ) ;
#8957 = CARTESIAN_POINT ( 'NONE',  ( 0.000000000000000000, 1.250999999999999890, 0.1500000000000000222 ) ) ;
#8958 = CARTESIAN_POINT ( 'NONE',  ( 0.5184702332720471096, -0.1697511261153486217, 0.4390000000000000013 ) ) ;
#8959 = MECHANICAL_DESIGN_GEOMETRIC_PRESENTATION_REPRESENTATION (  '', ( #1443 ), #1726 ) ;
#8960 = AXIS2_PLACEMENT_3D ( 'NONE', #3605, #1342, #6535 ) ;
#8961 = B_SPLINE_CURVE_WITH_KNOTS ( 'NONE', 3,
 ( #565, #8543, #8484, #4948, #7162, #1905, #417, #1957, #1189, #6330, #9171, #7665, #7062, #1139, #5565 ),
 .UNSPECIFIED., .F., .F.,
 ( 4, 1, 1, 1, 1, 1, 1, 1, 1, 1, 1, 1, 4 ),
 ( 0.000000000000000000, 0.1108026438013179904, 0.2128292023477703632, 0.3061013098231107343, 0.3906473211160099157, 0.4669244693608516905, 0.5344810392840304569, 0.5935869409656723272, 0.6445570045087172240, 0.7362004526293730589, 0.8250240256188644539, 0.9119855848297583334, 1.000000000000000000 ),
 .UNSPECIFIED. ) ;
#8962 = ORIENTED_EDGE ( 'NONE', *, *, #7194, .T. ) ;
#8963 = CARTESIAN_POINT ( 'NONE',  ( 0.1235260821441032525, 0.1941835466055862880, 0.4400000000000000022 ) ) ;
#8964 = CARTESIAN_POINT ( 'NONE',  ( 0.7977205984555734153, 0.09786825203988663846, 0.4399999999999998912 ) ) ;
#8965 = MECHANICAL_DESIGN_GEOMETRIC_PRESENTATION_REPRESENTATION (  '', ( #8340 ), #3902 ) ;
#8966 = DIRECTION ( 'NONE',  ( 0.000000000000000000, 0.000000000000000000, -1.000000000000000000 ) ) ;
#8967 = VECTOR ( 'NONE', #7351, 1000.000000000000000 ) ;
#8968 = CARTESIAN_POINT ( 'NONE',  ( 1.011257350684835243, 0.1812413703688389721, 0.4390000000000000568 ) ) ;
#8969 = EDGE_CURVE ( 'NONE', #3072, #3454, #7148, .T. ) ;
#8970 = DIRECTION ( 'NONE',  ( -0.000000000000000000, -0.000000000000000000, 1.000000000000000000 ) ) ;
#8971 = EDGE_LOOP ( 'NONE', ( #571, #1807, #4256, #1405 ) ) ;
#8972 = SURFACE_STYLE_FILL_AREA ( #6743 ) ;
#8973 = CARTESIAN_POINT ( 'NONE',  ( -0.4491891533760959954, 0.002313255838004773385, 0.4400000000000000577 ) ) ;
#8974 = ORIENTED_EDGE ( 'NONE', *, *, #5775, .T. ) ;
#8975 =( GEOMETRIC_REPRESENTATION_CONTEXT ( 3 ) GLOBAL_UNCERTAINTY_ASSIGNED_CONTEXT ( ( #2621 ) ) GLOBAL_UNIT_ASSIGNED_CONTEXT ( ( #5435, #4008, #9303 ) ) REPRESENTATION_CONTEXT ( 'NONE', 'WORKASPACE' ) );
#8976 = CARTESIAN_POINT ( 'NONE',  ( 0.9680435148012520585, -0.05942841369055133771, 0.4390000000000000013 ) ) ;
#8977 = CARTESIAN_POINT ( 'NONE',  ( 0.5168716398012520585, 0.2355235093863717322, 0.4390000000000000013 ) ) ;
#8978 = CARTESIAN_POINT ( 'NONE',  ( 1.250000000000000000, 1.100000000000000089, 0.3049999999999999933 ) ) ;
#8979 = CARTESIAN_POINT ( 'NONE',  ( -0.7248815616298556197, -0.1508305672092106475, 0.4399999999999997802 ) ) ;
#8980 = CARTESIAN_POINT ( 'NONE',  ( 1.018794716724329197, 0.1708900959248332574, 0.4390000000000000013 ) ) ;
#8981 = LINE ( 'NONE', #2394, #5267 ) ;
#8982 = CARTESIAN_POINT ( 'NONE',  ( 1.600000000000000089, 1.250000000000000000, -0.1549999999999999711 ) ) ;
#8983 = EDGE_CURVE ( 'NONE', #2618, #2048, #3805, .T. ) ;
#8984 = DIRECTION ( 'NONE',  ( -3.367432691575075263E-16, -1.000000000000000000, 0.000000000000000000 ) ) ;
#8985 = DIRECTION ( 'NONE',  ( -1.000000000000000000, 0.000000000000000000, 0.000000000000000000 ) ) ;
#8986 = CARTESIAN_POINT ( 'NONE',  ( -0.4197366529340452179, 0.2433528029795972436, 0.4390000000000000013 ) ) ;
#8987 = EDGE_CURVE ( 'NONE', #2383, #4230, #7272, .T. ) ;
#8988 = VERTEX_POINT ( 'NONE', #862 ) ;
#8989 = ORIENTED_EDGE ( 'NONE', *, *, #4007, .F. ) ;
#8990 = CARTESIAN_POINT ( 'NONE',  ( 0.8660839948886300821, -0.2230301033092251251, 0.4390000000000000568 ) ) ;
#8991 = DIRECTION ( 'NONE',  ( -0.000000000000000000, 0.000000000000000000, 1.000000000000000000 ) ) ;
#8992 = CARTESIAN_POINT ( 'NONE',  ( 0.2815951974935598789, -0.04816038484439750383, 0.4390000000000000013 ) ) ;
#8993 = CARTESIAN_POINT ( 'NONE',  ( -0.7084214699559889805, -0.1950362689981247344, 0.4400000000000002798 ) ) ;
#8994 = CARTESIAN_POINT ( 'NONE',  ( 0.2367033705704829349, 0.2470619709248332851, 0.4390000000000000013 ) ) ;
#8995 = AXIS2_PLACEMENT_3D ( 'NONE', #4669, #5187, #3020 ) ;
#8996 = CARTESIAN_POINT ( 'NONE',  ( 0.6078548803599513883, -0.1717992486800066776, 0.4399999999999999467 ) ) ;
#8997 = CARTESIAN_POINT ( 'NONE',  ( -0.2314501772294943471, 0.1911461241586373261, 0.4399999999999999467 ) ) ;
#8998 = CARTESIAN_POINT ( 'NONE',  ( -0.1342211205312683620, 0.2468388881625582509, 0.4389999999999998348 ) ) ;
#8999 = COLOUR_RGB ( '',0.9686274509803921573, 0.8784313725490195957, 0.5999999999999999778 ) ;
#9000 = ADVANCED_FACE ( 'NONE', ( #950 ), #1585, .F. ) ;
#9001 = CARTESIAN_POINT ( 'NONE',  ( -1.031603195435085496, 0.04882629139616166680, 0.4390000000000000568 ) ) ;
#9002 = VERTEX_POINT ( 'NONE', #5330 ) ;
#9003 = VECTOR ( 'NONE', #9191, 1000.000000000000000 ) ;
#9004 = CARTESIAN_POINT ( 'NONE',  ( -0.8327677832756710252, -0.2260149521520898042, 0.4390000000000000013 ) ) ;
#9005 = CARTESIAN_POINT ( 'NONE',  ( -0.8327677832756710252, -0.2260149521520898042, 0.4400000000000000022 ) ) ;
#9006 = CARTESIAN_POINT ( 'NONE',  ( 0.9339524816876615398, -0.2210878065262956715, 0.4390000000000001679 ) ) ;
#9007 = CARTESIAN_POINT ( 'NONE',  ( -0.9591758537126224837, 0.1616609599619874549, 0.4399999999999999467 ) ) ;
#9008 = SURFACE_STYLE_USAGE ( .BOTH. , #5436 ) ;
#9009 = CARTESIAN_POINT ( 'NONE',  ( 1.600999999999999979, 0.000000000000000000, 0.1500000000000000222 ) ) ;
#9010 = CARTESIAN_POINT ( 'NONE',  ( -1.449999999999999956, 1.100000000000000089, 0.4400000000000000022 ) ) ;
#9011 = ORIENTED_EDGE ( 'NONE', *, *, #9186, .T. ) ;
#9012 = ORIENTED_EDGE ( 'NONE', *, *, #7422, .F. ) ;
#9013 = VERTEX_POINT ( 'NONE', #2457 ) ;
#9014 = CARTESIAN_POINT ( 'NONE',  ( 0.2217994345681539858, 0.2467330553487200873, 0.4390000000000000568 ) ) ;
#9015 = CARTESIAN_POINT ( 'NONE',  ( 0.9008108466239040935, 0.002313255838004935148, 0.4400000000000000022 ) ) ;
#9016 = CYLINDRICAL_SURFACE ( 'NONE', #7131, 0.1499999999999999667 ) ;
#9018 = CARTESIAN_POINT ( 'NONE',  ( 0.7880254859550981372, 0.1420439420786794305, 0.4390000000000000013 ) ) ;
#9017 = B_SPLINE_SURFACE_WITH_KNOTS ( 'NONE', 3, 1, ( 
 ( #7759, #1178 ),
 ( #1324, #7052 ),
 ( #4264, #455 ),
 ( #7207, #3538 ),
 ( #5085, #7386 ),
 ( #2964, #650 ),
 ( #7250, #3585 ),
 ( #4446, #1423 ),
 ( #4487, #5889 ),
 ( #8133, #788 ),
 ( #1373, #8095 ) ),
 .UNSPECIFIED., .F., .F., .F.,
 ( 4, 1, 1, 1, 1, 1, 1, 1, 4 ),
 ( 2, 2 ),
 ( 0.000000000000000000, 0.1335067689985182660, 0.2625589787303695966, 0.3882644471488782001, 0.5126673546814279891, 0.6337222699657596436, 0.7553938601370938644, 0.8775529450912777918, 1.000000000000000000 ),
 ( 0.000000000000000000, 1.000000000000000000 ),
 .UNSPECIFIED. ) ;
#9019 = VERTEX_POINT ( 'NONE', #137 ) ;
#9020 = CARTESIAN_POINT ( 'NONE',  ( -1.500000000000000000, 0.000000000000000000, 0.1500000000000000222 ) ) ;
#9021 = CARTESIAN_POINT ( 'NONE',  ( 0.08994856287817512563, 0.09706197092483324906, 0.4390000000000000013 ) ) ;
#9022 = CARTESIAN_POINT ( 'NONE',  ( -0.7333762960323784164, -0.2073205196242556558, 0.4390000000000000013 ) ) ;
#9023 = CARTESIAN_POINT ( 'NONE',  ( 0.9517522404031014682, 0.1777477113840580381, 0.4390000000000000013 ) ) ;
#9024 = FACE_OUTER_BOUND ( 'NONE', #8393, .T. ) ;
#9025 = CARTESIAN_POINT ( 'NONE',  ( -0.3663955581797810335, -0.09223595177155924363, 0.4400000000000000022 ) ) ;
#9026 = DIRECTION ( 'NONE',  ( 0.000000000000000000, -1.000000000000000000, 0.000000000000000000 ) ) ;
#9027 = DIRECTION ( 'NONE',  ( 0.000000000000000000, 0.000000000000000000, -1.000000000000000000 ) ) ;
#9028 = CARTESIAN_POINT ( 'NONE',  ( -0.4718053655626447407, 0.06997160733539463384, 0.4399999999999997802 ) ) ;
#9029 = DIRECTION ( 'NONE',  ( 0.000000000000000000, 0.000000000000000000, -1.000000000000000000 ) ) ;
#9030 = CARTESIAN_POINT ( 'NONE',  ( 0.3149192595674212836, 0.2247589559134592907, 0.4400000000000000022 ) ) ;
#9031 = EDGE_LOOP ( 'NONE', ( #4955, #8055, #6026, #4673 ) ) ;
#9032 = CARTESIAN_POINT ( 'NONE',  ( 0.2367033705704829349, 0.2470619709248332851, 0.4390000000000000013 ) ) ;
#9033 = EDGE_CURVE ( 'NONE', #7594, #7289, #8302, .T. ) ;
#9034 = CARTESIAN_POINT ( 'NONE',  ( -1.072126895471015029, -0.03198854899053876072, 0.4400000000000001688 ) ) ;
#9035 = CARTESIAN_POINT ( 'NONE',  ( 1.500000000000000000, 1.051238207896990406, -0.1549999999999999711 ) ) ;
#9036 = CARTESIAN_POINT ( 'NONE',  ( -0.7142500781026853707, 0.1650820823615800070, 0.4390000000000000013 ) ) ;
#9037 = FILL_AREA_STYLE_COLOUR ( '', #3162 ) ;
#9038 = CARTESIAN_POINT ( 'NONE',  ( -1.250000000000000000, -0.9000000000000000222, 0.4149999999999999800 ) ) ;
#9039 = CARTESIAN_POINT ( 'NONE',  ( -0.4895317971189194761, 0.03171495692889661489, 0.4400000000000001132 ) ) ;
#9040 = LINE ( 'NONE', #7678, #7730 ) ;
#9041 = CARTESIAN_POINT ( 'NONE',  ( 1.600000000000000089, 1.100000000000000089, 0.2799999999999999711 ) ) ;
#9042 = CARTESIAN_POINT ( 'NONE',  ( -1.034999578325322078, 0.01449337680394994533, 0.4400000000000003908 ) ) ;
#9043 = VERTEX_POINT ( 'NONE', #5288 ) ;
#9044 = CARTESIAN_POINT ( 'NONE',  ( -0.9014079920518486277, -0.2185312688310292184, 0.4390000000000001124 ) ) ;
#9045 = AXIS2_PLACEMENT_3D ( 'NONE', #651, #1895, #7914 ) ;
#9046 = DIRECTION ( 'NONE',  ( -0.000000000000000000, -0.000000000000000000, 1.000000000000000000 ) ) ;
#9047 = ADVANCED_FACE ( 'NONE', ( #7681 ), #328, .T. ) ;
#9048 = CARTESIAN_POINT ( 'NONE',  ( 0.9264511803733536111, 0.1948136934114322871, 0.4390000000000002234 ) ) ;
#9049 = CARTESIAN_POINT ( 'NONE',  ( -1.035051437121824902, 0.01007278823252557957, 0.4400000000000000577 ) ) ;
#9050 = FILL_AREA_STYLE ('',( #7643 ) ) ;
#9051 = CARTESIAN_POINT ( 'NONE',  ( -0.06349790021163555231, -0.004160628328262715170, 0.4390000000000000568 ) ) ;
#9052 = CARTESIAN_POINT ( 'NONE',  ( -0.6738137397039245524, 0.1927333085074621477, 0.4389999999999999458 ) ) ;
#9053 = CARTESIAN_POINT ( 'NONE',  ( -0.4314456678910555398, 0.04099225938637172939, 0.4390000000000000013 ) ) ;
#9054 = ORIENTED_EDGE ( 'NONE', *, *, #6277, .T. ) ;
#9055 = ORIENTED_EDGE ( 'NONE', *, *, #65, .F. ) ;
#9056 = CARTESIAN_POINT ( 'NONE',  ( 0.1675137544115314903, 0.2307363173822501445, 0.4399999999999996136 ) ) ;
#9057 = EDGE_CURVE ( 'NONE', #8951, #1875, #2906, .T. ) ;
#9058 = CARTESIAN_POINT ( 'NONE',  ( 0.8869137071089443491, 0.01232639400175632692, 0.4400000000000000022 ) ) ;
#9059 = CARTESIAN_POINT ( 'NONE',  ( 0.9841793321089444824, -0.1035990867674744242, 0.4390000000000000013 ) ) ;
#9060 = AXIS2_PLACEMENT_3D ( 'NONE', #7245, #1462, #5838 ) ;
#9061 = CARTESIAN_POINT ( 'NONE',  ( -0.4819449053564440755, 0.1971707674838827640, 0.4390000000000000013 ) ) ;
#9062 = ORIENTED_EDGE ( 'NONE', *, *, #7661, .F. ) ;
#9063 = CARTESIAN_POINT ( 'NONE',  ( 1.377502247202359031, -1.250999999999999890, -0.1549999999999999711 ) ) ;
#9064 = CARTESIAN_POINT ( 'NONE',  ( -0.4630862928910556287, 0.01232639400175632692, 0.4400000000000000022 ) ) ;
#9065 = PRESENTATION_LAYER_ASSIGNMENT (  '', '', ( #5993 ) ) ;
#9066 = CARTESIAN_POINT ( 'NONE',  ( -0.5999999999999999778, 1.143933982822019635, -0.1499999999999999667 ) ) ;
#9067 = CARTESIAN_POINT ( 'NONE',  ( -0.2320762227278549139, -0.09678751759432140112, 0.4389999999999999458 ) ) ;
#9068 = CARTESIAN_POINT ( 'NONE',  ( 0.4754842894507785300, 0.01235642191299135897, 0.4400000000000000577 ) ) ;
#9069 = CARTESIAN_POINT ( 'NONE',  ( 0.2043736681924109289, 0.1971939865193397257, 0.4399999999999999467 ) ) ;
#9070 = DIRECTION ( 'NONE',  ( -0.000000000000000000, -0.000000000000000000, 1.000000000000000000 ) ) ;
#9071 = CARTESIAN_POINT ( 'NONE',  ( -1.377499999999999725, 1.250000000000000000, -0.1499999999999999667 ) ) ;
#9072 = PLANE ( 'NONE',  #9198 ) ;
#9073 = FACE_OUTER_BOUND ( 'NONE', #4902, .T. ) ;
#9074 = VECTOR ( 'NONE', #7224, 1000.000000000000000 ) ;
#9075 = UNCERTAINTY_MEASURE_WITH_UNIT (LENGTH_MEASURE( 1.000000000000000082E-05 ), #5670, 'distance_accuracy_value', 'NONE');
#9076 = CARTESIAN_POINT ( 'NONE',  ( 0.000000000000000000, -1.250999999999999890, 0.1500000000000000222 ) ) ;
#9077 = ORIENTED_EDGE ( 'NONE', *, *, #3752, .F. ) ;
#9078 = VERTEX_POINT ( 'NONE', #3269 ) ;
#9079 = LINE ( 'NONE', #2497, #5041 ) ;
#9080 = B_SPLINE_CURVE_WITH_KNOTS ( 'NONE', 3,
 ( #5727, #1965, #8442, #2746, #575, #4094, #1913, #425, #7020, #4041, #1147, #4852, #4138, #7776, #472, #6970, #9234, #9381, #7825 ),
 .UNSPECIFIED., .F., .F.,
 ( 4, 1, 1, 1, 1, 1, 1, 1, 1, 1, 1, 1, 1, 1, 1, 1, 4 ),
 ( 0.000000000000000000, 0.05527454908752623547, 0.1099660938819834594, 0.1632474428518063680, 0.2180761854823605184, 0.2733008743735928503, 0.3309093000114340377, 0.3909945233652105112, 0.4541759534308248414, 0.5188615408488250758, 0.5833105320111674486, 0.6485166818638248287, 0.7150308870971823216, 0.7825020728543324866, 0.8523226850768549356, 0.9249284897844280984, 1.000000000000000000 ),
 .UNSPECIFIED. ) ;
#9081 = CARTESIAN_POINT ( 'NONE',  ( -1.043575372071065877, -0.1125553969012208777, 0.4399999999999999467 ) ) ;
#9082 =( NAMED_UNIT ( * ) SI_UNIT ( $, .STERADIAN. ) SOLID_ANGLE_UNIT ( ) );
#9083 = AXIS2_PLACEMENT_3D ( 'NONE', #1331, #2635, #2687 ) ;
#9084 = CARTESIAN_POINT ( 'NONE',  ( 0.7880880443658273560, 0.1390052152411147823, 0.4400000000000000022 ) ) ;
#9085 = CARTESIAN_POINT ( 'NONE',  ( 0.8960182744166367286, -0.2260149521520898042, 0.4390000000000000013 ) ) ;
#9086 = CARTESIAN_POINT ( 'NONE',  ( -0.5322310171246468213, 0.06804949803551910148, 0.4399999999999998912 ) ) ;
#9087 = CARTESIAN_POINT ( 'NONE',  ( 1.600000000000000089, 1.250000000000000000, 0.1500000000000000222 ) ) ;
#9088 = CARTESIAN_POINT ( 'NONE',  ( -0.06337661223698048962, 0.1849905923792568851, 0.4400000000000000022 ) ) ;
#9089 = EDGE_CURVE ( 'NONE', #8357, #4599, #6295, .T. ) ;
#9090 = EDGE_CURVE ( 'NONE', #6989, #491, #4043, .T. ) ;
#9091 = CARTESIAN_POINT ( 'NONE',  ( -0.2485112347419136114, 0.1577151744390777321, 0.4390000000000000568 ) ) ;
#9092 = ORIENTED_EDGE ( 'NONE', *, *, #7303, .F. ) ;
#9093 = ORIENTED_EDGE ( 'NONE', *, *, #8770, .T. ) ;
#9094 = CARTESIAN_POINT ( 'NONE',  ( 0.8299728639664920582, 0.1295708469336070701, 0.4400000000000000577 ) ) ;
#9095 = CARTESIAN_POINT ( 'NONE',  ( -0.8330382159679786680, -0.1798611059982436478, 0.4390000000000000013 ) ) ;
#9096 = CARTESIAN_POINT ( 'NONE',  ( -0.4741266293573327406, -0.2246638737709479861, 0.4399999999999997247 ) ) ;
#9097 = DIRECTION ( 'NONE',  ( 0.7970624896273534876, -0.6038968352533775619, 0.000000000000000000 ) ) ;
#9098 = CARTESIAN_POINT ( 'NONE',  ( 0.5698764474935598123, 0.03360043246329480482, 0.4400000000000000022 ) ) ;
#9099 = CARTESIAN_POINT ( 'NONE',  ( 1.024273947982617949, -0.09852548070640008981, 0.4400000000000000022 ) ) ;
#9100 = CARTESIAN_POINT ( 'NONE',  ( -0.7880245124121235678, 0.2436861698571761436, 0.4389999999999999458 ) ) ;
#9101 = CARTESIAN_POINT ( 'NONE',  ( 0.8939054648236415268, 0.2468765150104014483, 0.4399999999999999467 ) ) ;
#9102 = ORIENTED_EDGE ( 'NONE', *, *, #5708, .T. ) ;
#9103 = EDGE_CURVE ( 'NONE', #3243, #5428, #8561, .T. ) ;
#9104 = ORIENTED_EDGE ( 'NONE', *, *, #2668, .F. ) ;
#9105 = CARTESIAN_POINT ( 'NONE',  ( 0.1934286067361547790, 0.2413333143782125378, 0.4399999999999997247 ) ) ;
#9106 = CARTESIAN_POINT ( 'NONE',  ( -0.4539817255833633047, -0.1798611059982436755, 0.4390000000000000568 ) ) ;
#9107 = CARTESIAN_POINT ( 'NONE',  ( 0.9256754517713827735, -0.01716143980300430943, 0.4399999999999998357 ) ) ;
#9108 = CARTESIAN_POINT ( 'NONE',  ( 0.9147513050641558063, 0.2465153427207062986, 0.4390000000000000568 ) ) ;
#9109 = CARTESIAN_POINT ( 'NONE',  ( 0.4707177936474059021, 0.01052350938637172661, 0.4400000000000000022 ) ) ;
#9110 =( NAMED_UNIT ( * ) PLANE_ANGLE_UNIT ( ) SI_UNIT ( $, .RADIAN. ) );
#9111 = CARTESIAN_POINT ( 'NONE',  ( -0.4583562315126945563, 0.008918299979704537306, 0.4390000000000000013 ) ) ;
#9112 = AXIS2_PLACEMENT_3D ( 'NONE', #7403, #3556, #5145 ) ;
#9113 = ADVANCED_FACE ( 'NONE', ( #1817 ), #1203, .F. ) ;
#9114 = CARTESIAN_POINT ( 'NONE',  ( 0.07264087057048279616, -0.2144764906136282789, 0.4400000000000000022 ) ) ;
#9115 = FACE_OUTER_BOUND ( 'NONE', #6187, .T. ) ;
#9116 = CARTESIAN_POINT ( 'NONE',  ( -0.08946124733889718184, 0.003878389640053187416, 0.4399999999999999467 ) ) ;
#9117 = STYLED_ITEM ( 'NONE', ( #4594 ), #926 ) ;
#9118 = CARTESIAN_POINT ( 'NONE',  ( 0.5117245112440322874, 0.02459239930974119887, 0.4390000000000000013 ) ) ;
#9119 = CARTESIAN_POINT ( 'NONE',  ( 0.1365233447297343750, 0.1308672872600150638, 0.4399999999999998912 ) ) ;
#9120 = CARTESIAN_POINT ( 'NONE',  ( -0.05308105990736528695, -0.009443455579521376972, 0.4390000000000000013 ) ) ;
#9121 = LINE ( 'NONE', #3108, #3751 ) ;
#9122 = CARTESIAN_POINT ( 'NONE',  ( 0.7957656325240215489, 0.1831244531306015499, 0.4399999999999998912 ) ) ;
#9123 = CARTESIAN_POINT ( 'NONE',  ( -0.6723110525064401877, -0.1048611059982436505, 0.4400000000000000022 ) ) ;
#9124 = CARTESIAN_POINT ( 'NONE',  ( 1.024273947982617949, -0.09852548070640008981, 0.4400000000000000022 ) ) ;
#9125 = VECTOR ( 'NONE', #2540, 1000.000000000000000 ) ;
#9126 = ORIENTED_EDGE ( 'NONE', *, *, #1479, .F. ) ;
#9127 = CARTESIAN_POINT ( 'NONE',  ( 0.3515747075538961375, 0.1865521645402074546, 0.4389999999999999458 ) ) ;
#9128 = CARTESIAN_POINT ( 'NONE',  ( -1.061514104698023653, -0.07399835063140197677, 0.4390000000000001124 ) ) ;
#9129 = CARTESIAN_POINT ( 'NONE',  ( 0.008965441723621511011, 0.1350891478982569616, 0.4400000000000000022 ) ) ;
#9130 = CARTESIAN_POINT ( 'NONE',  ( 0.7894333365235415290, 0.1239145142156437285, 0.4390000000000000013 ) ) ;
#9131 = CARTESIAN_POINT ( 'NONE',  ( 0.6711819722357826867, -0.02567352826553056730, 0.4400000000000000022 ) ) ;
#9132 = CARTESIAN_POINT ( 'NONE',  ( 0.4453732608369581625, -0.1612619656085203246, 0.4389999999999998903 ) ) ;
#9133 = CARTESIAN_POINT ( 'NONE',  ( -1.031735892743649519, -0.02876472087919649395, 0.4390000000000000568 ) ) ;
#9134 = CARTESIAN_POINT ( 'NONE',  ( 0.1690050532627905000, -0.1683226444597820948, 0.4390000000000000013 ) ) ;
#9135 = SURFACE_SIDE_STYLE ('',( #4567 ) ) ;
#9136 = ORIENTED_EDGE ( 'NONE', *, *, #8102, .T. ) ;
#9137 = ORIENTED_EDGE ( 'NONE', *, *, #663, .T. ) ;
#9138 = CARTESIAN_POINT ( 'NONE',  ( 0.8131757263397135782, 0.07353432669406401168, 0.4400000000000000022 ) ) ;
#9139 = VECTOR ( 'NONE', #7519, 1000.000000000000114 ) ;
#9140 = CARTESIAN_POINT ( 'NONE',  ( 1.425000000000000044, 0.000000000000000000, 0.4149999999999999800 ) ) ;
#9141 = CARTESIAN_POINT ( 'NONE',  ( -0.4573805553952030589, -0.2259492288038511820, 0.4389999999999999458 ) ) ;
#9142 = DIRECTION ( 'NONE',  ( 0.000000000000000000, 0.000000000000000000, -1.000000000000000000 ) ) ;
#9143 = VERTEX_POINT ( 'NONE', #8029 ) ;
#9144 = CARTESIAN_POINT ( 'NONE',  ( -0.2479907863336816565, -0.1625801540724172989, 0.4390000000000000568 ) ) ;
#9145 = CARTESIAN_POINT ( 'NONE',  ( 0.5523982578750389338, -0.1795381556974996184, 0.4390000000000000568 ) ) ;
#9146 = CARTESIAN_POINT ( 'NONE',  ( -0.6845480202171965178, 0.2010471453458448354, 0.4400000000000000577 ) ) ;
#9147 = VECTOR ( 'NONE', #6210, 1000.000000000000000 ) ;
#9148 = CARTESIAN_POINT ( 'NONE',  ( -0.3308084629599340465, -0.06976107480999699240, 0.4390000000000000568 ) ) ;
#9149 = ORIENTED_EDGE ( 'NONE', *, *, #2511, .F. ) ;
#9150 = VECTOR ( 'NONE', #6709, 1000.000000000000000 ) ;
#9151 = EDGE_CURVE ( 'NONE', #7837, #8456, #3513, .T. ) ;
#9152 = UNCERTAINTY_MEASURE_WITH_UNIT (LENGTH_MEASURE( 1.000000000000000082E-05 ), #8139, 'distance_accuracy_value', 'NONE');
#9153 = EDGE_CURVE ( 'NONE', #6015, #6863, #6446, .T. ) ;
#9154 = CARTESIAN_POINT ( 'NONE',  ( 0.3036791538387479394, 0.2316757823123642146, 0.4390000000000000013 ) ) ;
#9155 = CARTESIAN_POINT ( 'NONE',  ( -0.3254360525064402543, -0.1042300963828590582, 0.4390000000000000568 ) ) ;
#9156 = CARTESIAN_POINT ( 'NONE',  ( -0.2138482929164211566, -0.1377544960891711190, 0.4399999999999998912 ) ) ;
#9157 = VERTEX_POINT ( 'NONE', #5867 ) ;
#9158 = CARTESIAN_POINT ( 'NONE',  ( -0.03951942811453033888, -0.1515429280607745455, 0.4400000000000001132 ) ) ;
#9159 = EDGE_CURVE ( 'NONE', #3505, #699, #7888, .T. ) ;
#9160 = ORIENTED_EDGE ( 'NONE', *, *, #6517, .T. ) ;
#9161 = CARTESIAN_POINT ( 'NONE',  ( -0.08768905349943229011, 0.2433305654992666267, 0.4390000000000001679 ) ) ;
#9162 = CARTESIAN_POINT ( 'NONE',  ( -0.4786790771425248336, 0.07518997659643909814, 0.4390000000000000013 ) ) ;
#9163 = ORIENTED_EDGE ( 'NONE', *, *, #2951, .T. ) ;
#9164 = DIRECTION ( 'NONE',  ( 1.000000000000000000, 0.000000000000000000, 0.000000000000000000 ) ) ;
#9165 = UNCERTAINTY_MEASURE_WITH_UNIT (LENGTH_MEASURE( 1.000000000000000082E-05 ), #7727, 'distance_accuracy_value', 'NONE');
#9166 = CARTESIAN_POINT ( 'NONE',  ( -1.600000000000000089, -1.250000000000000000, -0.1499999999999999667 ) ) ;
#9167 = CARTESIAN_POINT ( 'NONE',  ( 1.377499999999999947, 1.250000000000000000, -0.1549999999999999711 ) ) ;
#9168 = LINE ( 'NONE', #3545, #4180 ) ;
#9169 = CARTESIAN_POINT ( 'NONE',  ( 0.1303331782627906443, 0.09706197092483324906, 0.4390000000000000013 ) ) ;
#9170 = EDGE_CURVE ( 'NONE', #8866, #1, #2754, .T. ) ;
#9171 = CARTESIAN_POINT ( 'NONE',  ( 0.3234757012656535036, 0.06677258668918469031, 0.4400000000000000022 ) ) ;
#9172 = EDGE_CURVE ( 'NONE', #7992, #7709, #5640, .T. ) ;
#9173 = CARTESIAN_POINT ( 'NONE',  ( -1.018374754429517193, -0.1473190386905513238, 0.4400000000000000022 ) ) ;
#9174 = CARTESIAN_POINT ( 'NONE',  ( 1.500000000000000000, 1.051238207896990406, -0.1499999999999999667 ) ) ;
#9175 = VERTEX_POINT ( 'NONE', #4333 ) ;
#9176 = VECTOR ( 'NONE', #896, 1000.000000000000000 ) ;
#9177 = CARTESIAN_POINT ( 'NONE',  ( -0.7473971524835625324, 0.1835966029760452145, 0.4390000000000000013 ) ) ;
#9178 = B_SPLINE_SURFACE_WITH_KNOTS ( 'NONE', 3, 1, ( 
 ( #4545, #3608 ),
 ( #671, #8755 ),
 ( #5101, #6538 ),
 ( #362, #6180 ),
 ( #5406, #6084 ),
 ( #8333, #7573 ),
 ( #9118, #4591 ),
 ( #162, #7526 ),
 ( #8241, #7662 ),
 ( #8430, #9068 ),
 ( #887, #7619 ) ),
 .UNSPECIFIED., .F., .F., .F.,
 ( 4, 1, 1, 1, 1, 1, 1, 1, 4 ),
 ( 2, 2 ),
 ( 0.000000000000000000, 0.1022030370352197404, 0.2110233423738746839, 0.3250996615652086419, 0.4465020971348885315, 0.5737877176488557218, 0.7089007097660661172, 0.8503578712934012351, 1.000000000000000000 ),
 ( 0.000000000000000000, 1.000000000000000000 ),
 .UNSPECIFIED. ) ;
#9179 = EDGE_LOOP ( 'NONE', ( #1924, #7638, #4322, #3554 ) ) ;
#9180 = VERTEX_POINT ( 'NONE', #2221 ) ;
#9181 = CARTESIAN_POINT ( 'NONE',  ( 0.6930658229311720264, -0.1582535414206601987, 0.4390000000000000568 ) ) ;
#9182 = CARTESIAN_POINT ( 'NONE',  ( -1.449999999999999956, -1.100000000000000089, 0.4400000000000000022 ) ) ;
#9183 =( NAMED_UNIT ( * ) PLANE_ANGLE_UNIT ( ) SI_UNIT ( $, .RADIAN. ) );
#9184 = CARTESIAN_POINT ( 'NONE',  ( 0.7977205984555734153, 0.09786825203988663846, 0.4399999999999998912 ) ) ;
#9185 = PRESENTATION_STYLE_ASSIGNMENT (( #6098 ) ) ;
#9186 = EDGE_CURVE ( 'NONE', #1229, #7751, #3916, .T. ) ;
#9187 = CARTESIAN_POINT ( 'NONE',  ( -0.1646819403630819800, 0.1924365388724420811, 0.4400000000000001132 ) ) ;
#9188 = B_SPLINE_SURFACE_WITH_KNOTS ( 'NONE', 3, 1, ( 
 ( #7757, #4166 ),
 ( #1177, #9264 ),
 ( #5655, #2678 ),
 ( #8531, #1227 ),
 ( #8585, #1271 ),
 ( #6522, #3490 ),
 ( #5888, #4352 ),
 ( #6422, #3632 ),
 ( #9505, #1372 ),
 ( #9413, #5799 ),
 ( #2243, #5127 ),
 ( #8049, #8005 ),
 ( #9459, #7343 ),
 ( #649, #1422 ),
 ( #8737, #2829 ),
 ( #8785, #1507 ),
 ( #3584, #2914 ),
 ( #9361, #4262 ),
 ( #5841, #8638 ) ),
 .UNSPECIFIED., .F., .F., .F.,
 ( 4, 1, 1, 1, 1, 1, 1, 1, 1, 1, 1, 1, 1, 1, 1, 1, 4 ),
 ( 2, 2 ),
 ( 0.000000000000000000, 0.06580764581069488417, 0.1293942736680551153, 0.1908940606321900268, 0.2512810689298353162, 0.3108149644652733468, 0.3703709874482448150, 0.4307682625897265027, 0.4928812506175024866, 0.5551039481552503263, 0.6160670509938430683, 0.6772560331746541040, 0.7382598051991168253, 0.8007621343762960642, 0.8647775815744848105, 0.9310452949994038052, 1.000000000000000000 ),
 ( 0.000000000000000000, 1.000000000000000000 ),
 .UNSPECIFIED. ) ;
#9189 = CARTESIAN_POINT ( 'NONE',  ( 0.5485483952028857857, -0.2257513832812517995, 0.4389999999999999458 ) ) ;
#9190 = CARTESIAN_POINT ( 'NONE',  ( 0.8075370412208330295, -0.1221310734225945910, 0.4390000000000000568 ) ) ;
#9191 = DIRECTION ( 'NONE',  ( 0.000000000000000000, 0.000000000000000000, -1.000000000000000000 ) ) ;
#9192 = CYLINDRICAL_SURFACE ( 'NONE', #8390, 0.2225000000000000311 ) ;
#9193 = EDGE_LOOP ( 'NONE', ( #585, #8777, #6092, #5669 ) ) ;
#9194 = ORIENTED_EDGE ( 'NONE', *, *, #1684, .F. ) ;
#9195 = DIRECTION ( 'NONE',  ( 0.000000000000000000, 0.000000000000000000, -1.000000000000000000 ) ) ;
#9196 = CARTESIAN_POINT ( 'NONE',  ( 0.2367033705704829349, 0.2470619709248332851, 0.4400000000000000022 ) ) ;
#9197 = CARTESIAN_POINT ( 'NONE',  ( -0.5116615815944626222, -0.2134143259298673934, 0.4390000000000000013 ) ) ;
#9198 = AXIS2_PLACEMENT_3D ( 'NONE', #3884, #2493, #9228 ) ;
#9199 = B_SPLINE_CURVE_WITH_KNOTS ( 'NONE', 3,
 ( #2603, #7634, #9190, #3548, #3267, #2504, #3948, #6432, #5529, #5764, #1768 ),
 .UNSPECIFIED., .F., .F.,
 ( 4, 1, 1, 1, 1, 1, 1, 1, 4 ),
 ( 0.000000000000000000, 0.1590042985173776291, 0.3046460998968142930, 0.4385469045795918897, 0.5623222987759289859, 0.6774325425257308186, 0.7868973929387557131, 0.8936108891042671143, 1.000000000000000000 ),
 .UNSPECIFIED. ) ;
#9200 = DIRECTION ( 'NONE',  ( 0.000000000000000000, 1.000000000000000000, 0.000000000000000000 ) ) ;
#9201 = ORIENTED_EDGE ( 'NONE', *, *, #9220, .F. ) ;
#9202 = CARTESIAN_POINT ( 'NONE',  ( 0.9674992007865188537, -0.2057938901442452895, 0.4399999999999999467 ) ) ;
#9203 = FACE_OUTER_BOUND ( 'NONE', #5812, .T. ) ;
#9204 = ORIENTED_EDGE ( 'NONE', *, *, #4167, .F. ) ;
#9205 = CARTESIAN_POINT ( 'NONE',  ( 1.016240246986480633, 0.1743982202718302454, 0.4390000000000000568 ) ) ;
#9206 = ORIENTED_EDGE ( 'NONE', *, *, #1360, .T. ) ;
#9207 = EDGE_LOOP ( 'NONE', ( #5164, #3219, #1772, #4277 ) ) ;
#9208 = CARTESIAN_POINT ( 'NONE',  ( -0.4445793525047700978, 0.2004842256966973546, 0.4400000000000001688 ) ) ;
#9209 = ORIENTED_EDGE ( 'NONE', *, *, #8589, .T. ) ;
#9210 = CARTESIAN_POINT ( 'NONE',  ( -0.4919324467372094278, 0.08579394207867938049, 0.4400000000000000022 ) ) ;
#9211 = CARTESIAN_POINT ( 'NONE',  ( -0.5999999999999999778, -1.149999999999999911, -0.1549999999999999711 ) ) ;
#9212 = CARTESIAN_POINT ( 'NONE',  ( -0.3276114254028590911, -0.1279876310926765237, 0.4389999999999998903 ) ) ;
#9213 = ORIENTED_EDGE ( 'NONE', *, *, #6474, .F. ) ;
#9214 = CARTESIAN_POINT ( 'NONE',  ( 1.449999999999999956, 0.9000000000000000222, 0.4149999999999999800 ) ) ;
#9215 = ORIENTED_EDGE ( 'NONE', *, *, #5967, .F. ) ;
#9216 = DIRECTION ( 'NONE',  ( 0.000000000000000000, 0.000000000000000000, -1.000000000000000000 ) ) ;
#9217 = CARTESIAN_POINT ( 'NONE',  ( -0.4540050475505740257, 0.05710738349925728596, 0.4390000000000000013 ) ) ;
#9218 = B_SPLINE_CURVE_WITH_KNOTS ( 'NONE', 3,
 ( #4880, #8684, #7800, #497, #4257, #4206, #548, #2868, #3485, #8630, #1220 ),
 .UNSPECIFIED., .F., .F.,
 ( 4, 1, 1, 1, 1, 1, 1, 1, 4 ),
 ( 0.000000000000000000, 0.1243285095938497231, 0.2471560163611861705, 0.3687797492913392761, 0.4907338624016475137, 0.6136137718478436032, 0.7389575757222153207, 0.8673105751912625339, 1.000000000000000000 ),
 .UNSPECIFIED. ) ;
#9219 = EDGE_CURVE ( 'NONE', #989, #3601, #2894, .T. ) ;
#9220 = EDGE_CURVE ( 'NONE', #6273, #3782, #6087, .T. ) ;
#9221 = ORIENTED_EDGE ( 'NONE', *, *, #152, .F. ) ;
#9222 = CARTESIAN_POINT ( 'NONE',  ( 0.8999637279109713450, -0.1797512195323872908, 0.4389999999999998903 ) ) ;
#9223 = LINE ( 'NONE', #9166, #3222 ) ;
#9224 = CARTESIAN_POINT ( 'NONE',  ( 0.6328840292197368544, 0.01825185253956158188, 0.4399999999999997802 ) ) ;
#9225 = PLANE ( 'NONE',  #9083 ) ;
#9226 = FACE_OUTER_BOUND ( 'NONE', #8888, .T. ) ;
#9227 = CARTESIAN_POINT ( 'NONE',  ( 0.5771781301858674995, 0.07975427861714096123, 0.4390000000000000013 ) ) ;
#9228 = DIRECTION ( 'NONE',  ( 0.8576722029112566759, 0.5141968420297349240, 0.000000000000000000 ) ) ;
#9229 = CARTESIAN_POINT ( 'NONE',  ( -0.06059101752509325756, 0.07895112650023176915, 0.4399999999999998912 ) ) ;
#9230 = ORIENTED_EDGE ( 'NONE', *, *, #653, .T. ) ;
#9231 = FACE_OUTER_BOUND ( 'NONE', #4875, .T. ) ;
#9232 = ORIENTED_EDGE ( 'NONE', *, *, #2016, .F. ) ;
#9233 = CARTESIAN_POINT ( 'NONE',  ( 0.8044981253604959193, -0.1900858801627209049, 0.4389999999999999458 ) ) ;
#9234 = CARTESIAN_POINT ( 'NONE',  ( -0.1122517648783276922, 0.2006892905162383500, 0.4399999999999999467 ) ) ;
#9235 = EDGE_CURVE ( 'NONE', #6476, #1386, #4099, .T. ) ;
#9236 = PRESENTATION_STYLE_ASSIGNMENT (( #4958 ) ) ;
#9237 = CARTESIAN_POINT ( 'NONE',  ( -0.3540770705936452933, 0.1996228732683026641, 0.4390000000000000013 ) ) ;
#9238 = DIRECTION ( 'NONE',  ( 0.000000000000000000, 0.000000000000000000, -1.000000000000000000 ) ) ;
#9239 = FACE_OUTER_BOUND ( 'NONE', #7684, .T. ) ;
#9240 = SURFACE_STYLE_FILL_AREA ( #1866 ) ;
#9241 = CIRCLE ( 'NONE', #6143, 0.2225000000000000311 ) ;
#9242 = CARTESIAN_POINT ( 'NONE',  ( -0.1268338768540779316, 0.2007292353705875942, 0.4389999999999999458 ) ) ;
#9243 = DIRECTION ( 'NONE',  ( -0.000000000000000000, -0.000000000000000000, 1.000000000000000000 ) ) ;
#9244 = VECTOR ( 'NONE', #4005, 1000.000000000000000 ) ;
#9245 = CARTESIAN_POINT ( 'NONE',  ( -0.1649016717516869346, -0.2214397155116480387, 0.4399999999999999467 ) ) ;
#9246 = CARTESIAN_POINT ( 'NONE',  ( 1.450000000000000178, -1.250000000000000000, 0.1500000000000000222 ) ) ;
#9247 = ADVANCED_FACE ( 'NONE', ( #988 ), #8205, .F. ) ;
#9248 = ORIENTED_EDGE ( 'NONE', *, *, #2258, .F. ) ;
#9249 = ORIENTED_EDGE ( 'NONE', *, *, #1878, .T. ) ;
#9250 = CARTESIAN_POINT ( 'NONE',  ( -0.01216185360982169859, -0.1845536318974221324, 0.4389999999999999458 ) ) ;
#9251 = LINE ( 'NONE', #9095, #9244 ) ;
#9252 = CARTESIAN_POINT ( 'NONE',  ( -0.5194378383096575069, -0.1504965273467367137, 0.4400000000000001688 ) ) ;
#9253 = CARTESIAN_POINT ( 'NONE',  ( -0.1978819659679786902, -0.1555221636905513571, 0.4400000000000000022 ) ) ;
#9254 = CARTESIAN_POINT ( 'NONE',  ( -0.2316091769829676239, -0.1835188358581114065, 0.4400000000000000577 ) ) ;
#9255 = CARTESIAN_POINT ( 'NONE',  ( -1.066123684176664366, 0.08291877168170867785, 0.4399999999999995581 ) ) ;
#9256 = ORIENTED_EDGE ( 'NONE', *, *, #5178, .F. ) ;
#9257 = LINE ( 'NONE', #444, #5929 ) ;
#9258 = EDGE_LOOP ( 'NONE', ( #5742, #4016, #6386, #3815 ) ) ;
#9259 = CARTESIAN_POINT ( 'NONE',  ( -0.0001668082991985494871, 0.1738199288897193107, 0.4399999999999997802 ) ) ;
#9260 = ORIENTED_EDGE ( 'NONE', *, *, #8062, .T. ) ;
#9261 = CARTESIAN_POINT ( 'NONE',  ( -0.4500362720890284107, -0.1797512195323873185, 0.4399999999999999467 ) ) ;
#9262 = FACE_OUTER_BOUND ( 'NONE', #6363, .T. ) ;
#9263 = ORIENTED_EDGE ( 'NONE', *, *, #3572, .F. ) ;
#9264 = CARTESIAN_POINT ( 'NONE',  ( 0.5822031824345789142, 0.07964551545640148611, 0.4399999999999997247 ) ) ;
#9265 = ORIENTED_EDGE ( 'NONE', *, *, #5083, .F. ) ;
#9266 = CARTESIAN_POINT ( 'NONE',  ( -1.031987784185918855, -0.1305921659201645935, 0.4399999999999998912 ) ) ;
#9267 = CARTESIAN_POINT ( 'NONE',  ( 0.8554149337052519009, 0.08840110533652517644, 0.4389999999999999458 ) ) ;
#9268 = ORIENTED_EDGE ( 'NONE', *, *, #963, .F. ) ;
#9269 = LINE ( 'NONE', #7105, #354 ) ;
#9270 = CARTESIAN_POINT ( 'NONE',  ( 0.4678521266564511505, -0.1116311698845204592, 0.4399999999999998912 ) ) ;
#9271 = EDGE_CURVE ( 'NONE', #2400, #8467, #14, .T. ) ;
#9272 = CARTESIAN_POINT ( 'NONE',  ( 0.6670317498128910394, -0.01690194282078355884, 0.4390000000000000013 ) ) ;
#9273 =( NAMED_UNIT ( * ) SI_UNIT ( $, .STERADIAN. ) SOLID_ANGLE_UNIT ( ) );
#9274 = PRESENTATION_LAYER_ASSIGNMENT (  '', '', ( #8316 ) ) ;
#9275 = CARTESIAN_POINT ( 'NONE',  ( -0.1465898986602864051, 0.01052350938637172661, 0.4390000000000000013 ) ) ;
#9276 = CARTESIAN_POINT ( 'NONE',  ( -1.036844260124392347, 0.1441413012102837898, 0.4390000000000001124 ) ) ;
#9277 = CARTESIAN_POINT ( 'NONE',  ( 0.1559628064745924303, 0.1665915927018306875, 0.4390000000000000013 ) ) ;
#9278 = DIRECTION ( 'NONE',  ( 1.000000000000000000, 0.000000000000000000, 0.000000000000000000 ) ) ;
#9279 = CARTESIAN_POINT ( 'NONE',  ( 0.5999999999999999778, 1.150000000000000133, -0.1499999999999999667 ) ) ;
#9280 = VECTOR ( 'NONE', #5921, 1000.000000000000000 ) ;
#9281 = VERTEX_POINT ( 'NONE', #90 ) ;
#9282 = CARTESIAN_POINT ( 'NONE',  ( 0.8960182744166368396, -0.2260149521520898319, 0.4390000000000000568 ) ) ;
#9283 = DIRECTION ( 'NONE',  ( -1.000000000000000000, 0.000000000000000000, 0.000000000000000000 ) ) ;
#9284 =( NAMED_UNIT ( * ) PLANE_ANGLE_UNIT ( ) SI_UNIT ( $, .RADIAN. ) );
#9285 = CARTESIAN_POINT ( 'NONE',  ( -0.3689474767138055666, 0.2146279300473576679, 0.4399999999999998912 ) ) ;
#9286 = CARTESIAN_POINT ( 'NONE',  ( 0.3726408705704829516, 0.1132879324632948131, 0.4400000000000000022 ) ) ;
#9287 = EDGE_CURVE ( 'NONE', #5854, #6514, #8747, .T. ) ;
#9288 =( NAMED_UNIT ( * ) SI_UNIT ( $, .STERADIAN. ) SOLID_ANGLE_UNIT ( ) );
#9289 =( NAMED_UNIT ( * ) SI_UNIT ( $, .STERADIAN. ) SOLID_ANGLE_UNIT ( ) );
#9290 = CARTESIAN_POINT ( 'NONE',  ( 0.005393274416636787555, -0.0008346636905513685027, 0.4390000000000000013 ) ) ;
#9291 = FACE_OUTER_BOUND ( 'NONE', #9454, .T. ) ;
#9292 = ADVANCED_FACE ( 'NONE', ( #2266 ), #5250, .T. ) ;
#9293 = CARTESIAN_POINT ( 'NONE',  ( -1.250000000000000000, 0.9000000000000000222, 0.4149999999999999800 ) ) ;
#9294 = VECTOR ( 'NONE', #8031, 1000.000000000000000 ) ;
#9295 = ORIENTED_EDGE ( 'NONE', *, *, #4295, .T. ) ;
#9296 = ORIENTED_EDGE ( 'NONE', *, *, #6475, .F. ) ;
#9297 = CARTESIAN_POINT ( 'NONE',  ( -0.1234228313525939508, -0.2260149521520898042, 0.4399999999999997247 ) ) ;
#9298 = VECTOR ( 'NONE', #7097, 1000.000000000000000 ) ;
#9299 = ADVANCED_FACE ( 'NONE', ( #9231 ), #1021, .T. ) ;
#9300 = CARTESIAN_POINT ( 'NONE',  ( 0.8326350898814631751, 0.1663140506916825911, 0.4399999999999996692 ) ) ;
#9301 = CARTESIAN_POINT ( 'NONE',  ( 0.9185543321089444380, 0.04099225938637173633, 0.4390000000000000568 ) ) ;
#9302 = EDGE_CURVE ( 'NONE', #2823, #5320, #2542, .T. ) ;
#9303 =( NAMED_UNIT ( * ) SI_UNIT ( $, .STERADIAN. ) SOLID_ANGLE_UNIT ( ) );
#9304 = ORIENTED_EDGE ( 'NONE', *, *, #5074, .T. ) ;
#9305 = CARTESIAN_POINT ( 'NONE',  ( 1.024312120654391700, -0.1162548354935480088, 0.4399999999999999467 ) ) ;
#9306 = CARTESIAN_POINT ( 'NONE',  ( -1.058486941357307920, 0.1042878245572932266, 0.4400000000000000022 ) ) ;
#9307 = CARTESIAN_POINT ( 'NONE',  ( 0.9810525232861944112, 0.2146279300473576401, 0.4400000000000000577 ) ) ;
#9308 = CARTESIAN_POINT ( 'NONE',  ( -0.1222509563525940868, 0.2470619709248332851, 0.4390000000000000013 ) ) ;
#9309 = ORIENTED_EDGE ( 'NONE', *, *, #6862, .F. ) ;
#9310 =( GEOMETRIC_REPRESENTATION_CONTEXT ( 3 ) GLOBAL_UNCERTAINTY_ASSIGNED_CONTEXT ( ( #2532 ) ) GLOBAL_UNIT_ASSIGNED_CONTEXT ( ( #2577, #1228, #3439 ) ) REPRESENTATION_CONTEXT ( 'NONE', 'WORKASPACE' ) );
#9311 = LINE ( 'NONE', #4979, #4689 ) ;
#9312 = EDGE_LOOP ( 'NONE', ( #8176, #3235, #6708, #1911, #5657, #8532, #1663, #3438, #5878, #5855 ) ) ;
#9313 = CARTESIAN_POINT ( 'NONE',  ( 0.2513334644089655345, 0.2467194706191512821, 0.4399999999999998912 ) ) ;
#9314 = CARTESIAN_POINT ( 'NONE',  ( -0.5908206678910555842, -0.1276675963828590443, 0.4390000000000000013 ) ) ;
#9315 = CARTESIAN_POINT ( 'NONE',  ( -1.600000000000000089, -1.100000000000000089, 0.2799999999999999711 ) ) ;
#9316 = CARTESIAN_POINT ( 'NONE',  ( -1.377499999999999725, 1.250000000000000000, 0.1500000000000000222 ) ) ;
#9317 = VECTOR ( 'NONE', #5003, 1000.000000000000000 ) ;
#9318 = CARTESIAN_POINT ( 'NONE',  ( 0.8346582589150829401, 0.1153979140725332336, 0.4390000000000001124 ) ) ;
#9319 = CIRCLE ( 'NONE', #6392, 0.2225000000000000311 ) ;
#9320 = EDGE_LOOP ( 'NONE', ( #3435, #5584, #8926, #4696, #5097, #5002, #3965, #9012, #5279, #8374, #4878, #2576, #8564, #5265, #2682, #3375, #1460 ) ) ;
#9321 = CARTESIAN_POINT ( 'NONE',  ( 0.9780872030562978159, -0.1323342148985770794, 0.4389999999999999458 ) ) ;
#9322 = CARTESIAN_POINT ( 'NONE',  ( -0.3982477595968986206, 0.1777477113840579548, 0.4400000000000002243 ) ) ;
#9323 = PLANE ( 'NONE',  #8917 ) ;
#9324 = CARTESIAN_POINT ( 'NONE',  ( -1.009569717579972714, 0.1068648346245563707, 0.4389999999999999458 ) ) ;
#9325 = CARTESIAN_POINT ( 'NONE',  ( -0.1097253343086152244, 0.007379855027035813961, 0.4389999999999998903 ) ) ;
#9326 = CARTESIAN_POINT ( 'NONE',  ( 0.5573697877219568886, -0.2259261301255548193, 0.4400000000000000022 ) ) ;
#9327 = LINE ( 'NONE', #5811, #3522 ) ;
#9328 = LINE ( 'NONE', #5567, #5759 ) ;
#9329 = CARTESIAN_POINT ( 'NONE',  ( -0.03219786286287534827, -0.1442887358360806505, 0.4399999999999998912 ) ) ;
#9330 = VERTEX_POINT ( 'NONE', #9279 ) ;
#9331 = ORIENTED_EDGE ( 'NONE', *, *, #7360, .T. ) ;
#9332 = CARTESIAN_POINT ( 'NONE',  ( 0.8960182744166368396, -0.2260149521520898319, 0.4399999999999997802 ) ) ;
#9333 = PLANE ( 'NONE',  #7291 ) ;
#9334 = PRESENTATION_STYLE_ASSIGNMENT (( #4234 ) ) ;
#9335 = CARTESIAN_POINT ( 'NONE',  ( -0.4352486949358444490, 0.2465153427207062431, 0.4399999999999999467 ) ) ;
#9336 = CARTESIAN_POINT ( 'NONE',  ( -1.600000000000000089, -1.250000000000000000, 0.1500000000000000222 ) ) ;
#9337 = LINE ( 'NONE', #8500, #8289 ) ;
#9338 = FILL_AREA_STYLE ('',( #7178 ) ) ;
#9339 = AXIS2_PLACEMENT_3D ( 'NONE', #9293, #1204, #2755 ) ;
#9340 = CARTESIAN_POINT ( 'NONE',  ( -1.449999999999999956, -1.250000000000000000, 0.2799999999999999711 ) ) ;
#9341 = DIRECTION ( 'NONE',  ( 0.000000000000000000, 1.000000000000000000, 0.000000000000000000 ) ) ;
#9342 = ADVANCED_FACE ( 'NONE', ( #5465 ), #1877, .T. ) ;
#9343 = DIRECTION ( 'NONE',  ( -1.000000000000000000, -1.212843670024533951E-16, 0.000000000000000000 ) ) ;
#9344 = ORIENTED_EDGE ( 'NONE', *, *, #7629, .F. ) ;
#9345 = CARTESIAN_POINT ( 'NONE',  ( -0.8999999999999998002, 0.5000000000000000000, -0.1549999999999999711 ) ) ;
#9346 = CARTESIAN_POINT ( 'NONE',  ( 0.8284101013397137114, 0.1439369709248332352, 0.4390000000000000013 ) ) ;
#9347 = CARTESIAN_POINT ( 'NONE',  ( -1.600999999999999979, 0.000000000000000000, 0.1500000000000000222 ) ) ;
#9348 = CARTESIAN_POINT ( 'NONE',  ( 0.3726408705704829516, 0.1132879324632948131, 0.4390000000000000013 ) ) ;
#9349 = CARTESIAN_POINT ( 'NONE',  ( 0.7160123613737980897, -0.09981116701842709937, 0.4390000000000000013 ) ) ;
#9350 = CARTESIAN_POINT ( 'NONE',  ( 1.015322687568312121, -0.1503001716521157327, 0.4400000000000001132 ) ) ;
#9351 = CARTESIAN_POINT ( 'NONE',  ( -1.036844260124392347, 0.1441413012102837898, 0.4390000000000001124 ) ) ;
#9352 = EDGE_LOOP ( 'NONE', ( #280, #1662, #895, #6578 ) ) ;
#9353 = CARTESIAN_POINT ( 'NONE',  ( 1.600000000000000089, -1.250000000000000000, -0.1549999999999999711 ) ) ;
#9354 = CARTESIAN_POINT ( 'NONE',  ( -0.1227016775064402876, -0.1798611059982436478, 0.4400000000000000022 ) ) ;
#9355 = ORIENTED_EDGE ( 'NONE', *, *, #7500, .T. ) ;
#9356 = CARTESIAN_POINT ( 'NONE',  ( -1.600000000000000089, 1.250000000000000000, -0.1549999999999999711 ) ) ;
#9357 = VERTEX_POINT ( 'NONE', #3551 ) ;
#9358 = ADVANCED_FACE ( 'NONE', ( #4229 ), #6435, .T. ) ;
#9359 = FACE_OUTER_BOUND ( 'NONE', #7875, .T. ) ;
#9360 = CARTESIAN_POINT ( 'NONE',  ( -0.04405940382909182690, -0.2074919103476830229, 0.4399999999999997802 ) ) ;
#9361 = CARTESIAN_POINT ( 'NONE',  ( 0.7186817916870329448, -0.06218623130272184218, 0.4390000000000000013 ) ) ;
#9362 = ORIENTED_EDGE ( 'NONE', *, *, #2458, .T. ) ;
#9363 = CARTESIAN_POINT ( 'NONE',  ( -0.01687715673383100717, 0.2006126812232858214, 0.4390000000000000568 ) ) ;
#9364 = CARTESIAN_POINT ( 'NONE',  ( -0.8327677832756711362, -0.2260149521520898319, 0.4390000000000000568 ) ) ;
#9365 = MECHANICAL_DESIGN_GEOMETRIC_PRESENTATION_REPRESENTATION (  '', ( #1818 ), #122 ) ;
#9366 = VERTEX_POINT ( 'NONE', #8654 ) ;
#9367 = ORIENTED_EDGE ( 'NONE', *, *, #1109, .T. ) ;
#9368 = EDGE_CURVE ( 'NONE', #7751, #1454, #5094, .T. ) ;
#9369 = CARTESIAN_POINT ( 'NONE',  ( 0.4649485628781752644, -0.09909187522901288792, 0.4390000000000000013 ) ) ;
#9370 = CARTESIAN_POINT ( 'NONE',  ( -0.1465898986602864051, 0.01052350938637172661, 0.4400000000000000022 ) ) ;
#9371 = CARTESIAN_POINT ( 'NONE',  ( 0.6040256031674129389, 0.02989176614735302578, 0.4399999999999997247 ) ) ;
#9372 = CARTESIAN_POINT ( 'NONE',  ( -0.06349790021163555231, -0.004160628328262715170, 0.4399999999999998912 ) ) ;
#9373 = LINE ( 'NONE', #512, #528 ) ;
#9374 = CARTESIAN_POINT ( 'NONE',  ( -1.250000000000000000, -1.100000000000000089, 0.3049999999999999933 ) ) ;
#9375 = CARTESIAN_POINT ( 'NONE',  ( 0.1499910652919597964, 0.1586703117360805659, 0.4399999999999997802 ) ) ;
#9376 = CARTESIAN_POINT ( 'NONE',  ( 0.2346300532627904334, 0.2009081247709871010, 0.4400000000000000577 ) ) ;
#9377 = CARTESIAN_POINT ( 'NONE',  ( 0.000000000000000000, -1.250999999999999890, 0.1500000000000000222 ) ) ;
#9378 = ORIENTED_EDGE ( 'NONE', *, *, #9153, .F. ) ;
#9379 = ORIENTED_EDGE ( 'NONE', *, *, #6155, .F. ) ;
#9380 = CARTESIAN_POINT ( 'NONE',  ( 0.5656123416766530854, -0.2259808974453771657, 0.4390000000000000568 ) ) ;
#9381 = CARTESIAN_POINT ( 'NONE',  ( -0.1185224161363863937, 0.2008343725616066056, 0.4399999999999999467 ) ) ;
#9382 = CARTESIAN_POINT ( 'NONE',  ( -0.1953624061290305802, -0.1574646637615456091, 0.4390000000000000568 ) ) ;
#9383 = CARTESIAN_POINT ( 'NONE',  ( -0.2562052832756709364, 0.1316773555402178664, 0.4390000000000000013 ) ) ;
#9384 = CARTESIAN_POINT ( 'NONE',  ( 0.8613928012042399995, 0.08282648340288355227, 0.4400000000000001132 ) ) ;
#9385 =( NAMED_UNIT ( * ) SI_UNIT ( $, .STERADIAN. ) SOLID_ANGLE_UNIT ( ) );
#9386 = CARTESIAN_POINT ( 'NONE',  ( 0.2636036061682475173, 0.1972823667599888364, 0.4390000000000000013 ) ) ;
#9387 = DIRECTION ( 'NONE',  ( 0.000000000000000000, 0.000000000000000000, -1.000000000000000000 ) ) ;
#9388 = STYLED_ITEM ( 'NONE', ( #9334 ), #6025 ) ;
#9389 = CARTESIAN_POINT ( 'NONE',  ( 0.5641973609550983149, -0.1798611059982436478, 0.4390000000000000013 ) ) ;
#9390 = CARTESIAN_POINT ( 'NONE',  ( -0.4630862928910556287, 0.01232639400175632692, 0.4400000000000000022 ) ) ;
#9391 = ORIENTED_EDGE ( 'NONE', *, *, #8433, .T. ) ;
#9392 = CARTESIAN_POINT ( 'NONE',  ( -0.6738137397039245524, 0.1927333085074621477, 0.4399999999999999467 ) ) ;
#9393 = AXIS2_PLACEMENT_3D ( 'NONE', #8992, #5325, #7540 ) ;
#9394 = ORIENTED_EDGE ( 'NONE', *, *, #1951, .F. ) ;
#9395 = CIRCLE ( 'NONE', #783, 0.2249999999999999500 ) ;
#9396 = CARTESIAN_POINT ( 'NONE',  ( 0.9185543321089444380, 0.04099225938637173633, 0.4390000000000000568 ) ) ;
#9397 = EDGE_CURVE ( 'NONE', #9357, #6226, #2399, .T. ) ;
#9398 = CARTESIAN_POINT ( 'NONE',  ( 0.9597098120946573330, -0.1573164160509513132, 0.4390000000000000568 ) ) ;
#9399 = LINE ( 'NONE', #9348, #642 ) ;
#9400 = ORIENTED_EDGE ( 'NONE', *, *, #5501, .F. ) ;
#9401 = CARTESIAN_POINT ( 'NONE',  ( 0.8326350898814631751, 0.1663140506916825911, 0.4389999999999997793 ) ) ;
#9402 = CARTESIAN_POINT ( 'NONE',  ( -1.074842703104793795, 0.03715694069197519184, 0.4399999999999995581 ) ) ;
#9403 = AXIS2_PLACEMENT_3D ( 'NONE', #563, #6429, #2789 ) ;
#9404 = B_SPLINE_CURVE_WITH_KNOTS ( 'NONE', 3,
 ( #763, #5105, #6631, #1571, #1490, #4425, #1395, #2853, #5232, #41, #2983 ),
 .UNSPECIFIED., .F., .F.,
 ( 4, 1, 1, 1, 1, 1, 1, 1, 4 ),
 ( 0.000000000000000000, 0.1285151895116616039, 0.2529486363526582404, 0.3747547340060044530, 0.4959397538670496930, 0.6171806414298925958, 0.7409094692781371672, 0.8678111481862027521, 1.000000000000000000 ),
 .UNSPECIFIED. ) ;
#9405 = CARTESIAN_POINT ( 'NONE',  ( -0.0001668082991985494871, 0.1738199288897193107, 0.4389999999999999458 ) ) ;
#9406 = EDGE_LOOP ( 'NONE', ( #8128, #7947, #2676, #735 ) ) ;
#9407 = CARTESIAN_POINT ( 'NONE',  ( -0.1222509563525940868, 0.2470619709248332851, 0.4390000000000000013 ) ) ;
#9408 = B_SPLINE_SURFACE_WITH_KNOTS ( 'NONE', 3, 1, ( 
 ( #1811, #4042 ),
 ( #7630, #1622 ),
 ( #4650, #3943 ),
 ( #222, #6867 ),
 ( #944, #1666 ),
 ( #6244, #2597 ),
 ( #5417, #8347 ) ),
 .UNSPECIFIED., .F., .F., .F.,
 ( 4, 1, 1, 1, 4 ),
 ( 2, 2 ),
 ( 0.000000000000000000, 0.2347233736739013366, 0.4771583189289866911, 0.7285562842030531838, 0.9999999999999998890 ),
 ( 0.000000000000000000, 1.000000000000000000 ),
 .UNSPECIFIED. ) ;
#9409 = EDGE_LOOP ( 'NONE', ( #6448, #2707, #4215, #99 ) ) ;
#9410 = CARTESIAN_POINT ( 'NONE',  ( 0.3635062445566181744, 0.1639419161735108099, 0.4400000000000000022 ) ) ;
#9411 = CARTESIAN_POINT ( 'NONE',  ( 0.2814819457887888232, 0.008694275103467258639, 0.4400000000000000022 ) ) ;
#9412 = CARTESIAN_POINT ( 'NONE',  ( 1.425000000000000044, 0.9000000000000000222, 0.4400000000000000022 ) ) ;
#9413 = CARTESIAN_POINT ( 'NONE',  ( 0.6789417687338398233, 0.03853047816148598426, 0.4389999999999999458 ) ) ;
#9414 = CARTESIAN_POINT ( 'NONE',  ( 0.3106469577554035744, 0.1672330924289254506, 0.4400000000000002798 ) ) ;
#9415 = CARTESIAN_POINT ( 'NONE',  ( -0.8376076833259473720, -0.2259812673949169459, 0.4400000000000000022 ) ) ;
#9416 = EDGE_CURVE ( 'NONE', #1157, #1494, #7972, .T. ) ;
#9417 = ORIENTED_EDGE ( 'NONE', *, *, #4068, .F. ) ;
#9418 = SURFACE_SIDE_STYLE ('',( #3639 ) ) ;
#9419 = ADVANCED_FACE ( 'NONE', ( #5852 ), #8939, .T. ) ;
#9420 = DIRECTION ( 'NONE',  ( 0.000000000000000000, 0.000000000000000000, -1.000000000000000000 ) ) ;
#9421 = DIRECTION ( 'NONE',  ( 1.000000000000000000, 1.212843670024533951E-16, 0.000000000000000000 ) ) ;
#9422 = CARTESIAN_POINT ( 'NONE',  ( 0.9144942530010076176, 0.04387185497709501780, 0.4390000000000001124 ) ) ;
#9423 = ORIENTED_EDGE ( 'NONE', *, *, #1941, .T. ) ;
#9424 = CARTESIAN_POINT ( 'NONE',  ( -1.035051437121824902, 0.01007278823252557957, 0.4390000000000000568 ) ) ;
#9425 = CARTESIAN_POINT ( 'NONE',  ( 0.1779875282606008524, 0.1857090906480110826, 0.4390000000000001679 ) ) ;
#9426 = EDGE_CURVE ( 'NONE', #8764, #3000, #3634, .T. ) ;
#9427 = CARTESIAN_POINT ( 'NONE',  ( 0.5999999999999997558, 1.150000000000000133, 0.1500000000000000222 ) ) ;
#9428 = ORIENTED_EDGE ( 'NONE', *, *, #8199, .T. ) ;
#9429 = CARTESIAN_POINT ( 'NONE',  ( 1.250000000000000000, 0.9000000000000000222, 0.3049999999999999933 ) ) ;
#9430 = ORIENTED_EDGE ( 'NONE', *, *, #2988, .F. ) ;
#9431 = CARTESIAN_POINT ( 'NONE',  ( -0.3926685784084237851, 0.1722574370977585367, 0.4389999999999998348 ) ) ;
#9432 = FACE_OUTER_BOUND ( 'NONE', #6864, .T. ) ;
#9433 =( GEOMETRIC_REPRESENTATION_CONTEXT ( 3 ) GLOBAL_UNCERTAINTY_ASSIGNED_CONTEXT ( ( #8468 ) ) GLOBAL_UNIT_ASSIGNED_CONTEXT ( ( #269, #3116, #4699 ) ) REPRESENTATION_CONTEXT ( 'NONE', 'WORKASPACE' ) );
#9434 = CARTESIAN_POINT ( 'NONE',  ( -0.3464883410193962954, 0.1908272132656882170, 0.4389999999999998903 ) ) ;
#9435 = CARTESIAN_POINT ( 'NONE',  ( 0.3485876296419409548, 0.03293501627323498077, 0.4400000000000000022 ) ) ;
#9436 = CARTESIAN_POINT ( 'NONE',  ( -0.04337475442951722882, 0.03756677861714095151, 0.4400000000000000022 ) ) ;
#9437 = CARTESIAN_POINT ( 'NONE',  ( -1.066123684176664366, 0.08291877168170867785, 0.4399999999999998357 ) ) ;
#9438 =( NAMED_UNIT ( * ) PLANE_ANGLE_UNIT ( ) SI_UNIT ( $, .RADIAN. ) );
#9439 = CARTESIAN_POINT ( 'NONE',  ( -0.01216185360982169859, -0.1845536318974221324, 0.4389999999999999458 ) ) ;
#9440 = CIRCLE ( 'NONE', #1129, 0.2225000000000002531 ) ;
#9441 = EDGE_CURVE ( 'NONE', #8020, #6625, #701, .T. ) ;
#9442 = CARTESIAN_POINT ( 'NONE',  ( -0.4510971101987478749, 0.2470619709248333407, 0.4390000000000000568 ) ) ;
#9443 = CARTESIAN_POINT ( 'NONE',  ( -0.3619052919854413575, -0.01836882851375162481, 0.4400000000000000022 ) ) ;
#9444 = CARTESIAN_POINT ( 'NONE',  ( 0.02107151668687825413, -0.1363995781323537604, 0.4389999999999999458 ) ) ;
#9446 = ORIENTED_EDGE ( 'NONE', *, *, #4688, .T. ) ;
#9445 = AXIS2_PLACEMENT_3D ( 'NONE', #2374, #2465, #5934 ) ;
#9447 = DIRECTION ( 'NONE',  ( 0.000000000000000000, 0.000000000000000000, -1.000000000000000000 ) ) ;
#9448 = CARTESIAN_POINT ( 'NONE',  ( 0.6739182504981262589, -0.1000959803068868503, 0.4390000000000000013 ) ) ;
#9449 = DIRECTION ( 'NONE',  ( -1.000000000000000000, 0.000000000000000000, 0.000000000000000000 ) ) ;
#9450 = CARTESIAN_POINT ( 'NONE',  ( -0.1234228313525939508, -0.2260149521520898042, 0.4400000000000000022 ) ) ;
#9451 = FACE_OUTER_BOUND ( 'NONE', #485, .T. ) ;
#9452 = VECTOR ( 'NONE', #1555, 1000.000000000000000 ) ;
#9453 = DIRECTION ( 'NONE',  ( 0.000000000000000000, 0.000000000000000000, 1.000000000000000000 ) ) ;
#9454 = EDGE_LOOP ( 'NONE', ( #4992, #1647, #4254, #7785 ) ) ;
#9455 = CARTESIAN_POINT ( 'NONE',  ( -1.075436052506440143, 0.01313769207867942004, 0.4400000000000000022 ) ) ;
#9456 = FACE_OUTER_BOUND ( 'NONE', #2118, .T. ) ;
#9457 = DIRECTION ( 'NONE',  ( 0.000000000000000000, 0.000000000000000000, -1.000000000000000000 ) ) ;
#9458 = CARTESIAN_POINT ( 'NONE',  ( -0.9474026765681113904, -0.1495667768738417336, 0.4399999999999997802 ) ) ;
#9459 = CARTESIAN_POINT ( 'NONE',  ( 0.7034285686371269941, 0.004252416027599812375, 0.4390000000000000568 ) ) ;
#9460 = CARTESIAN_POINT ( 'NONE',  ( 0.3253645527666494952, 0.1445052513256578353, 0.4400000000000000022 ) ) ;
#9461 = CARTESIAN_POINT ( 'NONE',  ( -0.9912587313768872477, -0.1741551837561768623, 0.4390000000000001679 ) ) ;
#9462 = ADVANCED_FACE ( 'NONE', ( #1011 ), #3031, .T. ) ;
#9463 = EDGE_CURVE ( 'NONE', #7043, #7088, #78, .T. ) ;
#9464 = EDGE_LOOP ( 'NONE', ( #6382, #9296, #9446, #4556 ) ) ;
#9465 = LINE ( 'NONE', #8138, #8776 ) ;
#9466 = VECTOR ( 'NONE', #2780, 1000.000000000000000 ) ;
#9467 = CARTESIAN_POINT ( 'NONE',  ( -0.2119174959878634135, -0.2003893265448239702, 0.4389999999999999458 ) ) ;
#9468 = CARTESIAN_POINT ( 'NONE',  ( 0.4299715921335652280, -0.1257942917064105992, 0.4399999999999997802 ) ) ;
#9469 = CARTESIAN_POINT ( 'NONE',  ( -0.4539817255833632492, -0.1798611059982436478, 0.4400000000000000022 ) ) ;
#9470 = CARTESIAN_POINT ( 'NONE',  ( -0.8179038669006991613, 0.2468772803582587327, 0.4389999999999998348 ) ) ;
#9471 = DIRECTION ( 'NONE',  ( 0.000000000000000000, 0.000000000000000000, -1.000000000000000000 ) ) ;
#9472 = CARTESIAN_POINT ( 'NONE',  ( -0.01585029463161944860, -0.1205792616384902954, 0.4390000000000000013 ) ) ;
#9473 = ORIENTED_EDGE ( 'NONE', *, *, #3653, .F. ) ;
#9474 = AXIS2_PLACEMENT_3D ( 'NONE', #7546, #4522, #6726 ) ;
#9475 = ORIENTED_EDGE ( 'NONE', *, *, #5074, .F. ) ;
#9476 = B_SPLINE_CURVE_WITH_KNOTS ( 'NONE', 3,
 ( #7463, #5287, #2363, #6823, #5963, #813, #3079, #949, #54, #8123, #8215, #2456, #2272, #8256, #5373 ),
 .UNSPECIFIED., .F., .F.,
 ( 4, 1, 1, 1, 1, 1, 1, 1, 1, 1, 1, 1, 4 ),
 ( 0.000000000000000000, 0.1072327993600885876, 0.2132518127818483211, 0.3188304473075866396, 0.4267935306342744428, 0.4836459507827178261, 0.5436038220211416583, 0.6083076495640822312, 0.6771267602600405944, 0.7506856360204946510, 0.8287134184432866091, 0.9121903482234512417, 1.000000000000000000 ),
 .UNSPECIFIED. ) ;
#9477 = LINE ( 'NONE', #4371, #3474 ) ;
#9478 = PRESENTATION_STYLE_ASSIGNMENT (( #5950 ) ) ;
#9479 = CARTESIAN_POINT ( 'NONE',  ( 0.3284432288013840462, 0.1362344288676504700, 0.4400000000000000577 ) ) ;
#9480 = ADVANCED_FACE ( 'NONE', ( #5489 ), #5319, .T. ) ;
#9481 = CARTESIAN_POINT ( 'NONE',  ( 0.7880254859550981372, 0.1420439420786794305, 0.4400000000000000022 ) ) ;
#9482 = CARTESIAN_POINT ( 'NONE',  ( -0.1887090904701243799, 0.2303151673925487308, 0.4400000000000000022 ) ) ;
#9483 = EDGE_CURVE ( 'NONE', #171, #7992, #8401, .T. ) ;
#9484 = ORIENTED_EDGE ( 'NONE', *, *, #866, .F. ) ;
#9485 = CARTESIAN_POINT ( 'NONE',  ( 0.5289376491987458628, 0.07232560889384448410, 0.4389999999999999458 ) ) ;
#9486 = CYLINDRICAL_SURFACE ( 'NONE', #5143, 0.02500000000000001180 ) ;
#9487 = LINE ( 'NONE', #6498, #2368 ) ;
#9488 = DIRECTION ( 'NONE',  ( 0.000000000000000000, 0.000000000000000000, -1.000000000000000000 ) ) ;
#9489 = DIRECTION ( 'NONE',  ( 0.000000000000000000, 0.000000000000000000, 1.000000000000000000 ) ) ;
#9490 = CARTESIAN_POINT ( 'NONE',  ( -0.009983098091257944923, -0.1031560255797583370, 0.4389999999999999458 ) ) ;
#9491 = EDGE_CURVE ( 'NONE', #8235, #4063, #8856, .T. ) ;
#9492 = VERTEX_POINT ( 'NONE', #7139 ) ;
#9493 = CARTESIAN_POINT ( 'NONE',  ( -0.8330382159679786680, -0.1798611059982436478, 0.4400000000000000022 ) ) ;
#9494 = CARTESIAN_POINT ( 'NONE',  ( 0.5756333866615663819, -0.1795477907575949716, 0.4400000000000001132 ) ) ;
#9495 = CARTESIAN_POINT ( 'NONE',  ( 0.5365304402859306654, 0.03040605528188880524, 0.4390000000000001124 ) ) ;
#9496 = EDGE_LOOP ( 'NONE', ( #1551, #4914, #4835, #4092, #6878, #7658 ) ) ;
#9497 = CARTESIAN_POINT ( 'NONE',  ( 0.02861545661295655796, -0.04878100694224937056, 0.4390000000000001124 ) ) ;
#9498 = DIRECTION ( 'NONE',  ( -1.000000000000000000, 0.000000000000000000, 0.000000000000000000 ) ) ;
#9499 = CARTESIAN_POINT ( 'NONE',  ( -0.8626491855319117219, 0.1993887623105310702, 0.4389999999999998903 ) ) ;
#9500 = EDGE_LOOP ( 'NONE', ( #5598, #1616, #9093, #1023 ) ) ;
#9501 = DIRECTION ( 'NONE',  ( -1.000000000000000000, -1.949127501097533734E-15, 0.000000000000000000 ) ) ;
#9502 = CARTESIAN_POINT ( 'NONE',  ( 0.3726408705704829516, 0.1132879324632948131, 0.4400000000000000022 ) ) ;
#9503 = CARTESIAN_POINT ( 'NONE',  ( 0.3175339036573100460, 0.05535386019537760771, 0.4400000000000000577 ) ) ;
#9504 = CARTESIAN_POINT ( 'NONE',  ( -1.035051437121824680, 0.01007278823252557784, 0.4399999999999998912 ) ) ;
#9505 = CARTESIAN_POINT ( 'NONE',  ( 0.6686634352254459124, 0.04821769398486541042, 0.4390000000000001124 ) ) ;
#9506 = LINE ( 'NONE', #827, #8847 ) ;
#9507 = CARTESIAN_POINT ( 'NONE',  ( 0.8305621616903422488, -0.1504965273467367692, 0.4389999999999999458 ) ) ;
#9508 = ORIENTED_EDGE ( 'NONE', *, *, #1050, .T. ) ;
#9509 =( NAMED_UNIT ( * ) SI_UNIT ( $, .STERADIAN. ) SOLID_ANGLE_UNIT ( ) );
#9510 = CARTESIAN_POINT ( 'NONE',  ( -0.1775710486189740200, -0.2177492905360075004, 0.4389999999999999458 ) ) ;
#9511 = CARTESIAN_POINT ( 'NONE',  ( 1.607071067811865595, 1.257071067811865506, -0.1549999999999999711 ) ) ;
#9512 = EDGE_CURVE ( 'NONE', #7219, #7103, #9257, .T. ) ;
#9513 = ADVANCED_FACE ( 'NONE', ( #2769 ), #2669, .F. ) ;
#9514 = CARTESIAN_POINT ( 'NONE',  ( 0.8007582565686282017, -0.1107836697771575341, 0.4400000000000000022 ) ) ;
#9515 = CARTESIAN_POINT ( 'NONE',  ( -0.8746824407291315939, -0.1767354214634639098, 0.4389999999999999458 ) ) ;
#9516 = CARTESIAN_POINT ( 'NONE',  ( -0.4839160051113700067, -0.2230301033092250973, 0.4400000000000000577 ) ) ;
#9517 = AXIS2_PLACEMENT_3D ( 'NONE', #8761, #8028, #1442 ) ;
#9518 =( NAMED_UNIT ( * ) PLANE_ANGLE_UNIT ( ) SI_UNIT ( $, .RADIAN. ) );
#9519 = VERTEX_POINT ( 'NONE', #1096 ) ;
#9520 = ORIENTED_EDGE ( 'NONE', *, *, #8944, .T. ) ;
#9521 = DIRECTION ( 'NONE',  ( -1.000000000000000000, 0.000000000000000000, 0.000000000000000000 ) ) ;
#9522 = CARTESIAN_POINT ( 'NONE',  ( -0.4518988765535731367, 0.2007656540982750981, 0.4390000000000000568 ) ) ;
#9523 = CARTESIAN_POINT ( 'NONE',  ( 0.8781946344373550151, 0.06997160733539459221, 0.4390000000000000568 ) ) ;
#9524 = VECTOR ( 'NONE', #7431, 1000.000000000000000 ) ;
#9525 = CARTESIAN_POINT ( 'NONE',  ( -0.1222509563525940868, 0.2470619709248332851, 0.4390000000000000013 ) ) ;
#9526 = CARTESIAN_POINT ( 'NONE',  ( -0.5400205079471455116, 0.2068196935808351566, 0.4400000000000000022 ) ) ;
#9527 = CARTESIAN_POINT ( 'NONE',  ( -0.5215898986602862664, 0.1439369709248332352, 0.4400000000000000022 ) ) ;
#9528 = CARTESIAN_POINT ( 'NONE',  ( -0.8333086486602864218, 0.2470619709248333407, 0.4399999999999999467 ) ) ;
#9529 = DIRECTION ( 'NONE',  ( 0.8576722029112566759, 0.5141968420297349240, 0.000000000000000000 ) ) ;
#9530 = CARTESIAN_POINT ( 'NONE',  ( 0.5840309294399756990, -0.2248365095912656930, 0.4390000000000000013 ) ) ;
#9531 = DIRECTION ( 'NONE',  ( -0.000000000000000000, -0.000000000000000000, 1.000000000000000000 ) ) ;
#9532 = EDGE_CURVE ( 'NONE', #2383, #2136, #7541, .T. ) ;
#9533 = SURFACE_SIDE_STYLE ('',( #5110 ) ) ;
#9534 = DIRECTION ( 'NONE',  ( -0.000000000000000000, -0.000000000000000000, 1.000000000000000000 ) ) ;
#9535 = CARTESIAN_POINT ( 'NONE',  ( -0.09824031921962461666, -0.1782030537880537613, 0.4390000000000000568 ) ) ;
ENDSEC;
END-ISO-10303-21;
