ISO-10303-21;
HEADER;
FILE_DESCRIPTION (( 'STEP AP214' ),
    '1' );
FILE_NAME ('EEV337M016S9MAA.STEP',
    '2025-04-27T19:33:27',
    ( '' ),
    ( '' ),
    'SwSTEP 2.0',
    'SolidWorks 2021',
    '' );
FILE_SCHEMA (( 'AUTOMOTIVE_DESIGN' ));
ENDSEC;

DATA;
#1 = DIRECTION ( 'NONE',  ( 1.000000000000000000, -3.293174969631799092E-17, 0.000000000000000000 ) ) ;
#2 = LINE ( 'NONE', #133, #1549 ) ;
#3 = CARTESIAN_POINT ( 'NONE',  ( 4.150000000000001243, 0.2999999999999999889, -0.8500000000000000888 ) ) ;
#4 = AXIS2_PLACEMENT_3D ( 'NONE', #1299, #1577, #233 ) ;
#5 = CARTESIAN_POINT ( 'NONE',  ( 4.200000000000000178, 2.351466525115396333, 0.000000000000000000 ) ) ;
#6 = VECTOR ( 'NONE', #1468, 1000.000000000000000 ) ;
#7 = DIRECTION ( 'NONE',  ( 0.000000000000000000, 0.000000000000000000, -1.000000000000000000 ) ) ;
#8 = CARTESIAN_POINT ( 'NONE',  ( 4.150000000000001243, 0.09999999999999996392, 0.8500000000000000888 ) ) ;
#9 = LINE ( 'NONE', #922, #1142 ) ;
#10 = DIRECTION ( 'NONE',  ( -3.293174969631799092E-17, -1.000000000000000000, -0.000000000000000000 ) ) ;
#11 = EDGE_CURVE ( 'NONE', #1222, #425, #464, .T. ) ;
#12 = AXIS2_PLACEMENT_3D ( 'NONE', #251, #369, #1429 ) ;
#13 = VERTEX_POINT ( 'NONE', #1521 ) ;
#14 = LINE ( 'NONE', #813, #785 ) ;
#15 = CARTESIAN_POINT ( 'NONE',  ( 3.800000000000001155, 2.798680120615355094, 0.000000000000000000 ) ) ;
#16 = CARTESIAN_POINT ( 'NONE',  ( -2.100000000000000089, 0.2999999999999999889, 0.000000000000000000 ) ) ;
#17 = ORIENTED_EDGE ( 'NONE', *, *, #444, .F. ) ;
#18 = EDGE_CURVE ( 'NONE', #926, #1098, #1592, .T. ) ;
#19 = AXIS2_PLACEMENT_3D ( 'NONE', #254, #1158, #893 ) ;
#20 = CARTESIAN_POINT ( 'NONE',  ( -4.150000000000000355, 1.100000000000000089, 2.649999999999998579 ) ) ;
#21 = PLANE ( 'NONE',  #788 ) ;
#22 = FACE_OUTER_BOUND ( 'NONE', #730, .T. ) ;
#23 = VERTEX_POINT ( 'NONE', #206 ) ;
#24 = CIRCLE ( 'NONE', #1621, 4.000000000000000888 ) ;
#25 = VERTEX_POINT ( 'NONE', #1491 ) ;
#26 = ORIENTED_EDGE ( 'NONE', *, *, #411, .F. ) ;
#27 = CARTESIAN_POINT ( 'NONE',  ( 2.000000000000001332, 10.47406667419889992, 3.284280185507140182 ) ) ;
#28 = EDGE_CURVE ( 'NONE', #939, #239, #960, .T. ) ;
#29 = CARTESIAN_POINT ( 'NONE',  ( 4.150000000000001243, 0.09999999999999996392, -0.8500000000000000888 ) ) ;
#30 = VERTEX_POINT ( 'NONE', #1483 ) ;
#31 = LINE ( 'NONE', #284, #1208 ) ;
#32 = LINE ( 'NONE', #1453, #111 ) ;
#33 = DIRECTION ( 'NONE',  ( -0.000000000000000000, -1.000000000000000000, -0.000000000000000000 ) ) ;
#34 = DIRECTION ( 'NONE',  ( -3.293174969631799092E-17, -1.000000000000000000, -0.000000000000000000 ) ) ;
#35 = ORIENTED_EDGE ( 'NONE', *, *, #1371, .T. ) ;
#36 = DIRECTION ( 'NONE',  ( 0.000000000000000000, 0.000000000000000000, -1.000000000000000000 ) ) ;
#37 = VERTEX_POINT ( 'NONE', #319 ) ;
#38 = AXIS2_PLACEMENT_3D ( 'NONE', #1382, #1656, #1395 ) ;
#39 = ORIENTED_EDGE ( 'NONE', *, *, #632, .F. ) ;
#40 = DIRECTION ( 'NONE',  ( 1.000000000000000000, 0.000000000000000000, -1.224646799147353207E-16 ) ) ;
#41 = LINE ( 'NONE', #920, #515 ) ;
#42 = CARTESIAN_POINT ( 'NONE',  ( -4.150000000000000355, 0.6999999999999999556, 2.649999999999999023 ) ) ;
#43 = ORIENTED_EDGE ( 'NONE', *, *, #368, .F. ) ;
#44 = CARTESIAN_POINT ( 'NONE',  ( 4.456733144508497742E-17, 2.053324128115425307, 0.000000000000000000 ) ) ;
#45 = CYLINDRICAL_SURFACE ( 'NONE', #895, 0.2999999999999999334 ) ;
#46 = ORIENTED_EDGE ( 'NONE', *, *, #64, .T. ) ;
#47 = AXIS2_PLACEMENT_3D ( 'NONE', #1357, #400, #277 ) ;
#48 = VERTEX_POINT ( 'NONE', #53 ) ;
#49 = LINE ( 'NONE', #835, #1411 ) ;
#50 = DIRECTION ( 'NONE',  ( 0.000000000000000000, 1.000000000000000000, -0.000000000000000000 ) ) ;
#51 = CARTESIAN_POINT ( 'NONE',  ( 5.000000000000000000, 0.2999999999999999889, -0.4500000000000000111 ) ) ;
#52 = ORIENTED_EDGE ( 'NONE', *, *, #508, .T. ) ;
#53 = CARTESIAN_POINT ( 'NONE',  ( 4.000000000000000888, 1.904252929615439127, 0.000000000000000000 ) ) ;
#54 = ADVANCED_FACE ( 'NONE', ( #1124 ), #175, .T. ) ;
#55 = ORIENTED_EDGE ( 'NONE', *, *, #1200, .F. ) ;
#56 = CARTESIAN_POINT ( 'NONE',  ( 0.000000000000000000, 0.000000000000000000, 0.4500000000000000111 ) ) ;
#57 = DIRECTION ( 'NONE',  ( -1.000000000000000000, 0.000000000000000000, 0.000000000000000000 ) ) ;
#58 = EDGE_LOOP ( 'NONE', ( #264, #528, #1131, #1151 ) ) ;
#59 = EDGE_CURVE ( 'NONE', #401, #1280, #904, .T. ) ;
#60 = FILL_AREA_STYLE ('',( #492 ) ) ;
#61 = UNCERTAINTY_MEASURE_WITH_UNIT (LENGTH_MEASURE( 1.000000000000000082E-05 ), #90, 'distance_accuracy_value', 'NONE');
#62 = ORIENTED_EDGE ( 'NONE', *, *, #493, .F. ) ;
#63 = FACE_OUTER_BOUND ( 'NONE', #818, .T. ) ;
#64 = EDGE_CURVE ( 'NONE', #1610, #949, #381, .T. ) ;
#65 = CIRCLE ( 'NONE', #1036, 3.933333333333335347 ) ;
#66 = CARTESIAN_POINT ( 'NONE',  ( 0.000000000000000000, 0.2999999999999999889, -0.4500000000000000111 ) ) ;
#67 = SURFACE_SIDE_STYLE ('',( #451 ) ) ;
#68 = EDGE_CURVE ( 'NONE', #1552, #1617, #1439, .T. ) ;
#69 = FACE_OUTER_BOUND ( 'NONE', #665, .T. ) ;
#70 = AXIS2_PLACEMENT_3D ( 'NONE', #1421, #245, #1673 ) ;
#71 = CARTESIAN_POINT ( 'NONE',  ( 0.000000000000000000, 0.2999999999999999889, 0.000000000000000000 ) ) ;
#72 = VERTEX_POINT ( 'NONE', #1160 ) ;
#73 = ORIENTED_EDGE ( 'NONE', *, *, #576, .T. ) ;
#74 = CARTESIAN_POINT ( 'NONE',  ( -2.649999999999999911, 0.09999999999999996392, 4.149999999999999467 ) ) ;
#75 = DIRECTION ( 'NONE',  ( -0.000000000000000000, -1.000000000000000000, -0.000000000000000000 ) ) ;
#76 = ADVANCED_FACE ( 'NONE', ( #1039 ), #255, .T. ) ;
#77 = EDGE_LOOP ( 'NONE', ( #1485, #875, #1471, #1473, #131, #1309, #848, #362 ) ) ;
#78 = AXIS2_PLACEMENT_3D ( 'NONE', #653, #7, #906 ) ;
#79 = ORIENTED_EDGE ( 'NONE', *, *, #1154, .T. ) ;
#80 = ORIENTED_EDGE ( 'NONE', *, *, #384, .T. ) ;
#81 = DIRECTION ( 'NONE',  ( 0.000000000000000000, 0.000000000000000000, -1.000000000000000000 ) ) ;
#82 = VECTOR ( 'NONE', #1664, 1000.000000000000000 ) ;
#83 = CARTESIAN_POINT ( 'NONE',  ( 3.799999999999999822, 1.904252929615439127, 0.000000000000000000 ) ) ;
#84 = TOROIDAL_SURFACE ( 'NONE', #1451, 4.200000000000000178, 0.3999999999999994116 ) ;
#85 = EDGE_CURVE ( 'NONE', #1188, #1348, #1436, .T. ) ;
#86 = FACE_OUTER_BOUND ( 'NONE', #763, .T. ) ;
#87 = ORIENTED_EDGE ( 'NONE', *, *, #1206, .T. ) ;
#88 = CARTESIAN_POINT ( 'NONE',  ( -4.150000000000000355, 0.09999999999999996392, 2.649999999999999023 ) ) ;
#89 = CARTESIAN_POINT ( 'NONE',  ( 0.000000000000000000, 0.000000000000000000, -0.4500000000000000111 ) ) ;
#90 =( LENGTH_UNIT ( ) NAMED_UNIT ( * ) SI_UNIT ( .MILLI., .METRE. ) );
#91 =( GEOMETRIC_REPRESENTATION_CONTEXT ( 3 ) GLOBAL_UNCERTAINTY_ASSIGNED_CONTEXT ( ( #1317 ) ) GLOBAL_UNIT_ASSIGNED_CONTEXT ( ( #146, #525, #421 ) ) REPRESENTATION_CONTEXT ( 'NONE', 'WORKASPACE' ) );
#92 = DIRECTION ( 'NONE',  ( -0.000000000000000000, -1.000000000000000000, -0.000000000000000000 ) ) ;
#93 = DIRECTION ( 'NONE',  ( 0.000000000000000000, 1.000000000000000000, -0.000000000000000000 ) ) ;
#94 = CARTESIAN_POINT ( 'NONE',  ( 2.000000000000001332, 10.36878127950387452, -3.417954014648772798 ) ) ;
#95 = EDGE_CURVE ( 'NONE', #1098, #1156, #506, .T. ) ;
#96 = CARTESIAN_POINT ( 'NONE',  ( 0.000000000000000000, 0.000000000000000000, 0.000000000000000000 ) ) ;
#97 = VERTEX_POINT ( 'NONE', #519 ) ;
#98 = ORIENTED_EDGE ( 'NONE', *, *, #910, .F. ) ;
#99 = ORIENTED_EDGE ( 'NONE', *, *, #844, .T. ) ;
#100 = DIRECTION ( 'NONE',  ( 1.000000000000000000, 0.000000000000000000, 0.000000000000000000 ) ) ;
#101 = CARTESIAN_POINT ( 'NONE',  ( 4.150000000000001243, 0.2999999999999999889, 0.8500000000000000888 ) ) ;
#102 = DIRECTION ( 'NONE',  ( 0.000000000000000000, 0.000000000000000000, -1.000000000000000000 ) ) ;
#103 = MECHANICAL_DESIGN_GEOMETRIC_PRESENTATION_REPRESENTATION (  '', ( #313 ), #1242 ) ;
#104 = CARTESIAN_POINT ( 'NONE',  ( 0.000000000000000000, 0.000000000000000000, -0.4500000000000000111 ) ) ;
#105 = VECTOR ( 'NONE', #1547, 1000.000000000000000 ) ;
#106 = DIRECTION ( 'NONE',  ( -3.293174969631799092E-17, -1.000000000000000000, -0.000000000000000000 ) ) ;
#107 = VERTEX_POINT ( 'NONE', #377 ) ;
#108 = ORIENTED_EDGE ( 'NONE', *, *, #416, .F. ) ;
#109 = ADVANCED_FACE ( 'NONE', ( #1312 ), #84, .F. ) ;
#110 = CIRCLE ( 'NONE', #1198, 3.999999999999999112 ) ;
#111 = VECTOR ( 'NONE', #154, 1000.000000000000000 ) ;
#112 = CARTESIAN_POINT ( 'NONE',  ( 4.150000000000001243, 0.6999999999999999556, -1.125833024919773440 ) ) ;
#113 = CARTESIAN_POINT ( 'NONE',  ( 2.000000000000001332, 10.20000000000000107, -3.464101615137753054 ) ) ;
#114 = DIRECTION ( 'NONE',  ( 4.928191693115926948E-17, 1.000000000000000000, 0.000000000000000000 ) ) ;
#115 = AXIS2_PLACEMENT_3D ( 'NONE', #1504, #1231, #36 ) ;
#116 = EDGE_CURVE ( 'NONE', #496, #706, #1264, .T. ) ;
#117 = LINE ( 'NONE', #1038, #1645 ) ;
#118 = CARTESIAN_POINT ( 'NONE',  ( -2.649999999999999911, 0.09999999999999996392, 4.149999999999999467 ) ) ;
#119 = DIRECTION ( 'NONE',  ( 1.000000000000000000, -0.000000000000000000, 0.000000000000000000 ) ) ;
#120 = CIRCLE ( 'NONE', #1075, 0.2000000000000005107 ) ;
#121 = DIRECTION ( 'NONE',  ( -1.000000000000000000, -0.000000000000000000, -1.275531967630005245E-16 ) ) ;
#122 = DIRECTION ( 'NONE',  ( 1.000000000000000000, 0.000000000000000000, -0.000000000000000000 ) ) ;
#123 = ADVANCED_FACE ( 'NONE', ( #514 ), #1047, .T. ) ;
#124 = CIRCLE ( 'NONE', #1078, 4.000000000000000888 ) ;
#125 =( NAMED_UNIT ( * ) SI_UNIT ( $, .STERADIAN. ) SOLID_ANGLE_UNIT ( ) );
#126 = ADVANCED_FACE ( 'NONE', ( #1065 ), #1313, .T. ) ;
#127 = DIRECTION ( 'NONE',  ( -3.293174969631799092E-17, -1.000000000000000000, -0.000000000000000000 ) ) ;
#128 = CARTESIAN_POINT ( 'NONE',  ( -3.800000000000001155, 2.351466525115396333, 4.653657836759943716E-16 ) ) ;
#129 = DIRECTION ( 'NONE',  ( 1.000000000000000000, -5.421010862427520937E-17, 0.000000000000000000 ) ) ;
#130 = AXIS2_PLACEMENT_3D ( 'NONE', #678, #1347, #173 ) ;
#131 = ORIENTED_EDGE ( 'NONE', *, *, #1113, .F. ) ;
#132 = DIRECTION ( 'NONE',  ( 1.000000000000000000, -0.000000000000000000, 0.000000000000000000 ) ) ;
#133 = CARTESIAN_POINT ( 'NONE',  ( 4.150000000000001243, 0.09999999999999996392, 4.150000000000000355 ) ) ;
#134 = CARTESIAN_POINT ( 'NONE',  ( -4.150000000000000355, 0.09999999999999996392, 2.649999999999999023 ) ) ;
#135 = APPLICATION_CONTEXT ( 'automotive_design' ) ;
#136 = AXIS2_PLACEMENT_3D ( 'NONE', #517, #923, #1448 ) ;
#137 = DIRECTION ( 'NONE',  ( -0.7071067811865477948, 0.000000000000000000, 0.7071067811865473507 ) ) ;
#138 = AXIS2_PLACEMENT_3D ( 'NONE', #219, #712, #81 ) ;
#139 = ORIENTED_EDGE ( 'NONE', *, *, #773, .F. ) ;
#140 = CARTESIAN_POINT ( 'NONE',  ( 6.911320842474331013E-17, 2.798680120615355094, 0.000000000000000000 ) ) ;
#141 = DIRECTION ( 'NONE',  ( -3.293174969631799092E-17, -1.000000000000000000, -0.000000000000000000 ) ) ;
#142 = CARTESIAN_POINT ( 'NONE',  ( -2.400000000000000355, 0.2999999999999999889, 0.4500000000000000111 ) ) ;
#143 = CARTESIAN_POINT ( 'NONE',  ( -3.400000000000000355, 1.100000000000000089, -3.400000000000002576 ) ) ;
#144 = ORIENTED_EDGE ( 'NONE', *, *, #910, .T. ) ;
#145 = EDGE_CURVE ( 'NONE', #555, #935, #469, .T. ) ;
#146 =( LENGTH_UNIT ( ) NAMED_UNIT ( * ) SI_UNIT ( .MILLI., .METRE. ) );
#147 = DIRECTION ( 'NONE',  ( -0.000000000000000000, -1.000000000000000000, -0.000000000000000000 ) ) ;
#148 = ADVANCED_FACE ( 'NONE', ( #63 ), #856, .F. ) ;
#149 = CARTESIAN_POINT ( 'NONE',  ( -2.100000000000000089, 0.2999999999999999889, 0.8500000000000000888 ) ) ;
#150 = ORIENTED_EDGE ( 'NONE', *, *, #1428, .T. ) ;
#151 = VECTOR ( 'NONE', #132, 1000.000000000000000 ) ;
#152 = EDGE_CURVE ( 'NONE', #1280, #1272, #878, .T. ) ;
#153 = LINE ( 'NONE', #819, #1674 ) ;
#154 = DIRECTION ( 'NONE',  ( -0.000000000000000000, -1.000000000000000000, -0.000000000000000000 ) ) ;
#155 = CIRCLE ( 'NONE', #376, 4.000000000000000000 ) ;
#156 = DIRECTION ( 'NONE',  ( -1.000000000000000000, 4.928191693115926948E-17, 0.000000000000000000 ) ) ;
#157 = DIRECTION ( 'NONE',  ( -1.000000000000000000, 0.000000000000000000, -0.000000000000000000 ) ) ;
#158 = ORIENTED_EDGE ( 'NONE', *, *, #1391, .F. ) ;
#159 = PRODUCT_DEFINITION_SHAPE ( 'NONE', 'NONE',  #275 ) ;
#160 = VECTOR ( 'NONE', #999, 1000.000000000000000 ) ;
#161 = MANIFOLD_SOLID_BREP ( 'Positive Pin', #1370 ) ;
#162 = ADVANCED_FACE ( 'NONE', ( #849 ), #1261, .T. ) ;
#163 = CARTESIAN_POINT ( 'NONE',  ( 0.000000000000000000, 1.100000000000000089, 0.000000000000000000 ) ) ;
#164 = MANIFOLD_SOLID_BREP ( 'Housing ', #1450 ) ;
#165 = DIRECTION ( 'NONE',  ( 1.000000000000000000, 0.000000000000000000, 1.275531967630004999E-16 ) ) ;
#166 = ORIENTED_EDGE ( 'NONE', *, *, #497, .T. ) ;
#167 = ORIENTED_EDGE ( 'NONE', *, *, #1219, .T. ) ;
#168 = PLANE ( 'NONE',  #584 ) ;
#169 = ORIENTED_EDGE ( 'NONE', *, *, #637, .T. ) ;
#170 = VERTEX_POINT ( 'NONE', #1232 ) ;
#171 = LINE ( 'NONE', #1614, #200 ) ;
#172 = FACE_OUTER_BOUND ( 'NONE', #1588, .T. ) ;
#173 = DIRECTION ( 'NONE',  ( 1.000000000000000000, 0.000000000000000000, 0.000000000000000000 ) ) ;
#174 = ORIENTED_EDGE ( 'NONE', *, *, #766, .F. ) ;
#175 = PLANE ( 'NONE',  #1290 ) ;
#176 = SURFACE_STYLE_FILL_AREA ( #186 ) ;
#177 = ORIENTED_EDGE ( 'NONE', *, *, #399, .F. ) ;
#178 = EDGE_LOOP ( 'NONE', ( #427, #764, #26, #671, #805, #559, #1527, #185, #696, #726, #410, #545, #611, #582 ) ) ;
#179 = AXIS2_PLACEMENT_3D ( 'NONE', #1285, #114, #1153 ) ;
#180 = PLANE ( 'NONE',  #652 ) ;
#181 = APPLICATION_PROTOCOL_DEFINITION ( 'draft international standard', 'automotive_design', 1998, #326 ) ;
#182 = VECTOR ( 'NONE', #1121, 1000.000000000000000 ) ;
#183 = DIRECTION ( 'NONE',  ( 1.000000000000000000, -3.293174969631799092E-17, 0.000000000000000000 ) ) ;
#184 = ORIENTED_EDGE ( 'NONE', *, *, #1544, .T. ) ;
#185 = ORIENTED_EDGE ( 'NONE', *, *, #1318, .F. ) ;
#186 = FILL_AREA_STYLE ('',( #1350 ) ) ;
#187 = EDGE_CURVE ( 'NONE', #1280, #401, #1642, .T. ) ;
#188 = VERTEX_POINT ( 'NONE', #432 ) ;
#189 = ORIENTED_EDGE ( 'NONE', *, *, #1332, .F. ) ;
#190 = AXIS2_PLACEMENT_3D ( 'NONE', #1339, #557, #413 ) ;
#191 = DIRECTION ( 'NONE',  ( -3.293174969631799092E-17, -1.000000000000000000, -0.000000000000000000 ) ) ;
#192 = EDGE_CURVE ( 'NONE', #1188, #1099, #1493, .T. ) ;
#193 = LINE ( 'NONE', #1605, #1252 ) ;
#194 = DIRECTION ( 'NONE',  ( 0.000000000000000000, 1.000000000000000000, -0.000000000000000000 ) ) ;
#195 = ORIENTED_EDGE ( 'NONE', *, *, #1282, .F. ) ;
#196 = CARTESIAN_POINT ( 'NONE',  ( -4.150000000000001243, 0.2999999999999999889, 0.8500000000000000888 ) ) ;
#197 =( NAMED_UNIT ( * ) SI_UNIT ( $, .STERADIAN. ) SOLID_ANGLE_UNIT ( ) );
#198 = ADVANCED_FACE ( 'NONE', ( #593 ), #718, .F. ) ;
#199 = ORIENTED_EDGE ( 'NONE', *, *, #1590, .F. ) ;
#200 = VECTOR ( 'NONE', #412, 1000.000000000000000 ) ;
#201 = LINE ( 'NONE', #994, #417 ) ;
#202 = SURFACE_STYLE_USAGE ( .BOTH. , #67 ) ;
#203 = DIRECTION ( 'NONE',  ( 1.275531967630005245E-16, 0.000000000000000000, -1.000000000000000000 ) ) ;
#204 = EDGE_CURVE ( 'NONE', #1214, #1526, #341, .T. ) ;
#205 = ORIENTED_EDGE ( 'NONE', *, *, #1248, .F. ) ;
#206 = CARTESIAN_POINT ( 'NONE',  ( -4.150000000000001243, 0.09999999999999996392, -2.650000000000000355 ) ) ;
#207 = LINE ( 'NONE', #592, #393 ) ;
#208 = EDGE_CURVE ( 'NONE', #485, #867, #587, .T. ) ;
#209 = VERTEX_POINT ( 'NONE', #631 ) ;
#210 = AXIS2_PLACEMENT_3D ( 'NONE', #1139, #1671, #214 ) ;
#211 = DIRECTION ( 'NONE',  ( 1.000000000000000000, -2.710505431213760469E-17, 0.000000000000000000 ) ) ;
#212 = EDGE_CURVE ( 'NONE', #591, #1199, #887, .T. ) ;
#213 = AXIS2_PLACEMENT_3D ( 'NONE', #1373, #306, #824 ) ;
#214 = DIRECTION ( 'NONE',  ( 1.000000000000000000, -2.710505431213759852E-17, 0.000000000000000000 ) ) ;
#215 = FACE_OUTER_BOUND ( 'NONE', #1455, .T. ) ;
#216 = AXIS2_PLACEMENT_3D ( 'NONE', #380, #1041, #489 ) ;
#217 = ORIENTED_EDGE ( 'NONE', *, *, #208, .T. ) ;
#218 = ORIENTED_EDGE ( 'NONE', *, *, #830, .F. ) ;
#219 = CARTESIAN_POINT ( 'NONE',  ( -5.000000000000000000, 0.2999999999999999889, 0.000000000000000000 ) ) ;
#220 = APPLICATION_PROTOCOL_DEFINITION ( 'draft international standard', 'automotive_design', 1998, #135 ) ;
#221 = VECTOR ( 'NONE', #1694, 1000.000000000000114 ) ;
#222 = CARTESIAN_POINT ( 'NONE',  ( -2.649999999999999911, 0.09999999999999996392, 4.149999999999999467 ) ) ;
#223 = CARTESIAN_POINT ( 'NONE',  ( 2.000000000000001776, 10.49999999999999822, -3.199046357084015302 ) ) ;
#224 = LINE ( 'NONE', #1407, #1014 ) ;
#225 = ORIENTED_EDGE ( 'NONE', *, *, #1288, .T. ) ;
#226 = ORIENTED_EDGE ( 'NONE', *, *, #436, .F. ) ;
#227 = CARTESIAN_POINT ( 'NONE',  ( 2.000000000000001332, 10.20000000000000107, 3.464101615137753054 ) ) ;
#228 = CARTESIAN_POINT ( 'NONE',  ( 0.000000000000000000, 0.2999999999999999889, 0.000000000000000000 ) ) ;
#229 = CARTESIAN_POINT ( 'NONE',  ( -4.150000000000001243, 0.09999999999999996392, -2.650000000000000355 ) ) ;
#230 = DIRECTION ( 'NONE',  ( 0.000000000000000000, 1.000000000000000000, -0.000000000000000000 ) ) ;
#231 = EDGE_CURVE ( 'NONE', #441, #554, #1141, .T. ) ;
#232 = ORIENTED_EDGE ( 'NONE', *, *, #562, .F. ) ;
#233 = DIRECTION ( 'NONE',  ( 1.000000000000000000, -3.293174969631799092E-17, 0.000000000000000000 ) ) ;
#234 = FACE_OUTER_BOUND ( 'NONE', #1007, .T. ) ;
#235 = TOROIDAL_SURFACE ( 'NONE', #1358, 3.800000000000001155, 0.2000000000000006217 ) ;
#236 =( NAMED_UNIT ( * ) PLANE_ANGLE_UNIT ( ) SI_UNIT ( $, .RADIAN. ) );
#237 = LINE ( 'NONE', #1155, #833 ) ;
#238 = ORIENTED_EDGE ( 'NONE', *, *, #766, .T. ) ;
#239 = VERTEX_POINT ( 'NONE', #1554 ) ;
#240 = VECTOR ( 'NONE', #308, 1000.000000000000000 ) ;
#241 = AXIS2_PLACEMENT_3D ( 'NONE', #713, #1119, #349 ) ;
#242 = EDGE_CURVE ( 'NONE', #188, #1240, #759, .T. ) ;
#243 = CARTESIAN_POINT ( 'NONE',  ( -1.125833024919782321, 1.100000000000000089, 4.149999999999999467 ) ) ;
#244 = CARTESIAN_POINT ( 'NONE',  ( 0.000000000000000000, 1.500000000000000000, 0.000000000000000000 ) ) ;
#245 = DIRECTION ( 'NONE',  ( 0.000000000000000000, 1.000000000000000000, -0.000000000000000000 ) ) ;
#246 = LINE ( 'NONE', #792, #854 ) ;
#247 = EDGE_CURVE ( 'NONE', #107, #188, #371, .T. ) ;
#248 = ORIENTED_EDGE ( 'NONE', *, *, #812, .T. ) ;
#249 = LINE ( 'NONE', #1435, #151 ) ;
#250 = CARTESIAN_POINT ( 'NONE',  ( -4.150000000000001243, 0.09999999999999996392, 0.8500000000000000888 ) ) ;
#251 = CARTESIAN_POINT ( 'NONE',  ( 6.420403302881163989E-17, 2.649608922115368692, 0.000000000000000000 ) ) ;
#252 = DIRECTION ( 'NONE',  ( 1.000000000000000000, 0.000000000000000000, 0.000000000000000000 ) ) ;
#253 = STYLED_ITEM ( 'NONE', ( #1388 ), #739 ) ;
#254 = CARTESIAN_POINT ( 'NONE',  ( 3.276361971943686902E-16, 10.50000000000000000, 0.000000000000000000 ) ) ;
#255 = PLANE ( 'NONE',  #959 ) ;
#256 = CARTESIAN_POINT ( 'NONE',  ( 2.100000000000000089, 0.2999999999999999889, 0.000000000000000000 ) ) ;
#257 = CARTESIAN_POINT ( 'NONE',  ( 0.000000000000000000, 0.2999999999999999889, -0.4500000000000000111 ) ) ;
#258 = EDGE_CURVE ( 'NONE', #30, #209, #1026, .T. ) ;
#259 = CARTESIAN_POINT ( 'NONE',  ( -5.000000000000000000, 0.2999999999999999889, 0.000000000000000000 ) ) ;
#260 = VECTOR ( 'NONE', #1017, 1000.000000000000000 ) ;
#261 = AXIS2_PLACEMENT_3D ( 'NONE', #989, #1125, #1515 ) ;
#262 = COLOUR_RGB ( '',0.2509803921568627416, 0.2509803921568627416, 0.2509803921568627416 ) ;
#263 = VECTOR ( 'NONE', #570, 1000.000000000000000 ) ;
#264 = ORIENTED_EDGE ( 'NONE', *, *, #378, .F. ) ;
#265 = SURFACE_SIDE_STYLE ('',( #505 ) ) ;
#266 = ORIENTED_EDGE ( 'NONE', *, *, #889, .T. ) ;
#267 = CARTESIAN_POINT ( 'NONE',  ( -3.933333333333334014, 2.053324128115425307, 4.816944076646255472E-16 ) ) ;
#268 = CARTESIAN_POINT ( 'NONE',  ( 2.000000000000001332, 10.47383312611264117, 3.284583649241945569 ) ) ;
#269 = EDGE_CURVE ( 'NONE', #738, #862, #1430, .T. ) ;
#270 = VECTOR ( 'NONE', #1478, 1000.000000000000000 ) ;
#271 = CIRCLE ( 'NONE', #1260, 0.2999999999999999334 ) ;
#272 = UNCERTAINTY_MEASURE_WITH_UNIT (LENGTH_MEASURE( 1.000000000000000082E-05 ), #1136, 'distance_accuracy_value', 'NONE');
#273 = DIRECTION ( 'NONE',  ( 1.224646799147353207E-16, -4.032976185591765034E-33, 1.000000000000000000 ) ) ;
#274 = DIRECTION ( 'NONE',  ( -0.000000000000000000, -1.000000000000000000, -0.000000000000000000 ) ) ;
#275 = PRODUCT_DEFINITION ( 'UNKNOWN', '', #1149, #851 ) ;
#276 = DIRECTION ( 'NONE',  ( -1.000000000000000000, 0.000000000000000000, -0.000000000000000000 ) ) ;
#277 = DIRECTION ( 'NONE',  ( 1.000000000000000000, -2.710505431213760469E-17, 0.000000000000000000 ) ) ;
#278 = ORIENTED_EDGE ( 'NONE', *, *, #493, .T. ) ;
#279 = AXIS2_PLACEMENT_3D ( 'NONE', #1602, #273, #929 ) ;
#280 = CIRCLE ( 'NONE', #363, 0.2999999999999999334 ) ;
#281 = CIRCLE ( 'NONE', #1157, 0.8500000000000000888 ) ;
#282 = ADVANCED_FACE ( 'NONE', ( #234 ), #921, .T. ) ;
#283 = ORIENTED_EDGE ( 'NONE', *, *, #1206, .F. ) ;
#284 = CARTESIAN_POINT ( 'NONE',  ( -5.293457665664521300E-16, 1.500000000000000000, 4.149999999999999467 ) ) ;
#285 = PLANE ( 'NONE',  #1093 ) ;
#286 = CYLINDRICAL_SURFACE ( 'NONE', #1364, 0.8500000000000000888 ) ;
#287 = ORIENTED_EDGE ( 'NONE', *, *, #1005, .T. ) ;
#288 = CIRCLE ( 'NONE', #1700, 0.2999999999999999334 ) ;
#289 = ADVANCED_FACE ( 'NONE', ( #609 ), #501, .T. ) ;
#290 = ORIENTED_EDGE ( 'NONE', *, *, #436, .T. ) ;
#291 = ORIENTED_EDGE ( 'NONE', *, *, #1170, .T. ) ;
#292 = ORIENTED_EDGE ( 'NONE', *, *, #59, .F. ) ;
#293 = SURFACE_STYLE_FILL_AREA ( #954 ) ;
#294 = CARTESIAN_POINT ( 'NONE',  ( 2.000000000000001332, 10.50000000000000000, 3.198884478099989437 ) ) ;
#295 = AXIS2_PLACEMENT_3D ( 'NONE', #479, #715, #735 ) ;
#296 = DIRECTION ( 'NONE',  ( 0.000000000000000000, 0.000000000000000000, 1.000000000000000000 ) ) ;
#297 = ORIENTED_EDGE ( 'NONE', *, *, #1600, .F. ) ;
#298 = CIRCLE ( 'NONE', #1405, 4.300000000000001599 ) ;
#299 = AXIS2_PLACEMENT_3D ( 'NONE', #1582, #1622, #565 ) ;
#300 = LINE ( 'NONE', #1192, #1443 ) ;
#301 = CARTESIAN_POINT ( 'NONE',  ( 2.000000000000001332, 10.50000000000000000, 3.112876483254675364 ) ) ;
#302 = CARTESIAN_POINT ( 'NONE',  ( 0.000000000000000000, 0.6999999999999999556, 0.000000000000000000 ) ) ;
#303 = PLANE ( 'NONE',  #1531 ) ;
#304 = ORIENTED_EDGE ( 'NONE', *, *, #1297, .T. ) ;
#305 = DIRECTION ( 'NONE',  ( 0.000000000000000000, -0.000000000000000000, -1.000000000000000000 ) ) ;
#306 = DIRECTION ( 'NONE',  ( 4.928191693115926948E-17, 1.000000000000000000, 0.000000000000000000 ) ) ;
#307 = ORIENTED_EDGE ( 'NONE', *, *, #1356, .T. ) ;
#308 = DIRECTION ( 'NONE',  ( -1.636531581110195656E-16, 0.000000000000000000, -1.000000000000000000 ) ) ;
#309 = ORIENTED_EDGE ( 'NONE', *, *, #1337, .F. ) ;
#310 = DIRECTION ( 'NONE',  ( -3.293174969631799092E-17, -1.000000000000000000, -0.000000000000000000 ) ) ;
#311 = ORIENTED_EDGE ( 'NONE', *, *, #899, .F. ) ;
#312 = VECTOR ( 'NONE', #1270, 1000.000000000000000 ) ;
#313 = STYLED_ITEM ( 'NONE', ( #1027 ), #737 ) ;
#314 = ORIENTED_EDGE ( 'NONE', *, *, #889, .F. ) ;
#315 = DIRECTION ( 'NONE',  ( 1.000000000000000000, 0.000000000000000000, -0.000000000000000000 ) ) ;
#316 = LINE ( 'NONE', #575, #1311 ) ;
#317 = EDGE_CURVE ( 'NONE', #612, #1006, #1032, .T. ) ;
#318 = EDGE_LOOP ( 'NONE', ( #1550, #17, #1256, #278 ) ) ;
#319 = CARTESIAN_POINT ( 'NONE',  ( 2.100000000000000089, 0.2999999999999999889, 0.8500000000000000888 ) ) ;
#320 =( LENGTH_UNIT ( ) NAMED_UNIT ( * ) SI_UNIT ( .MILLI., .METRE. ) );
#321 = ORIENTED_EDGE ( 'NONE', *, *, #905, .F. ) ;
#322 = CIRCLE ( 'NONE', #1338, 4.300000000000001599 ) ;
#323 = EDGE_LOOP ( 'NONE', ( #1663, #1568, #602, #578 ) ) ;
#324 = CARTESIAN_POINT ( 'NONE',  ( 0.000000000000000000, 0.6999999999999999556, 0.000000000000000000 ) ) ;
#325 = CYLINDRICAL_SURFACE ( 'NONE', #673, 4.300000000000001599 ) ;
#326 = APPLICATION_CONTEXT ( 'automotive_design' ) ;
#327 = ORIENTED_EDGE ( 'NONE', *, *, #1170, .F. ) ;
#328 = ADVANCED_FACE ( 'NONE', ( #642 ), #1162, .F. ) ;
#329 = EDGE_LOOP ( 'NONE', ( #692, #590, #596, #1628 ) ) ;
#330 = DIRECTION ( 'NONE',  ( 1.000000000000000000, 0.000000000000000000, 0.000000000000000000 ) ) ;
#331 = SURFACE_STYLE_USAGE ( .BOTH. , #978 ) ;
#332 = SURFACE_STYLE_USAGE ( .BOTH. , #850 ) ;
#333 = ORIENTED_EDGE ( 'NONE', *, *, #1031, .F. ) ;
#334 = CARTESIAN_POINT ( 'NONE',  ( -5.000000000000000000, 0.2999999999999999889, 0.4500000000000000111 ) ) ;
#335 = EDGE_CURVE ( 'NONE', #23, #441, #1414, .T. ) ;
#336 = ORIENTED_EDGE ( 'NONE', *, *, #1200, .T. ) ;
#337 = COLOUR_RGB ( '',0.7921568627450980005, 0.8196078431372548767, 0.9333333333333333481 ) ;
#338 = DIRECTION ( 'NONE',  ( -3.293174969631799092E-17, -1.000000000000000000, -0.000000000000000000 ) ) ;
#339 = MECHANICAL_DESIGN_GEOMETRIC_PRESENTATION_REPRESENTATION (  '', ( #253 ), #847 ) ;
#340 = DIRECTION ( 'NONE',  ( -3.293174969631799092E-17, -1.000000000000000000, -0.000000000000000000 ) ) ;
#341 = LINE ( 'NONE', #1396, #831 ) ;
#342 = LINE ( 'NONE', #873, #1355 ) ;
#343 = VERTEX_POINT ( 'NONE', #758 ) ;
#344 = EDGE_CURVE ( 'NONE', #634, #738, #360, .T. ) ;
#345 = ORIENTED_EDGE ( 'NONE', *, *, #1301, .T. ) ;
#346 = ORIENTED_EDGE ( 'NONE', *, *, #732, .T. ) ;
#347 = AXIS2_PLACEMENT_3D ( 'NONE', #863, #1399, #1263 ) ;
#348 = DIRECTION ( 'NONE',  ( -0.000000000000000000, 0.000000000000000000, -1.000000000000000000 ) ) ;
#349 = DIRECTION ( 'NONE',  ( 1.000000000000000000, 0.000000000000000000, 0.000000000000000000 ) ) ;
#350 = COLOUR_RGB ( '',0.2509803921568627416, 0.2509803921568627416, 0.2509803921568627416 ) ;
#351 = FACE_OUTER_BOUND ( 'NONE', #801, .T. ) ;
#352 = LINE ( 'NONE', #439, #615 ) ;
#353 = CARTESIAN_POINT ( 'NONE',  ( 2.000000000000001332, 10.50000000000000000, -3.112876483254674476 ) ) ;
#354 = CARTESIAN_POINT ( 'NONE',  ( 3.227311470239163406E-16, 10.50000000000000000, 0.000000000000000000 ) ) ;
#355 = ORIENTED_EDGE ( 'NONE', *, *, #1288, .F. ) ;
#356 = DIRECTION ( 'NONE',  ( 4.928191693115926948E-17, 1.000000000000000000, 0.000000000000000000 ) ) ;
#357 = AXIS2_PLACEMENT_3D ( 'NONE', #142, #1624, #1330 ) ;
#358 = DIRECTION ( 'NONE',  ( -0.000000000000000000, 0.000000000000000000, 1.000000000000000000 ) ) ;
#359 = FACE_OUTER_BOUND ( 'NONE', #1482, .T. ) ;
#360 = LINE ( 'NONE', #257, #1281 ) ;
#361 = CARTESIAN_POINT ( 'NONE',  ( 4.150000000000001243, 1.500000000000000000, 0.000000000000000000 ) ) ;
#362 = ORIENTED_EDGE ( 'NONE', *, *, #993, .F. ) ;
#363 = AXIS2_PLACEMENT_3D ( 'NONE', #1168, #1695, #1307 ) ;
#364 = CARTESIAN_POINT ( 'NONE',  ( 4.150000000000001243, 0.2999999999999999889, 0.8500000000000000888 ) ) ;
#365 = DIRECTION ( 'NONE',  ( -0.000000000000000000, 1.000000000000000000, -0.000000000000000000 ) ) ;
#366 = LINE ( 'NONE', #1522, #699 ) ;
#367 = ORIENTED_EDGE ( 'NONE', *, *, #1025, .T. ) ;
#368 = EDGE_CURVE ( 'NONE', #1104, #1306, #807, .T. ) ;
#369 = DIRECTION ( 'NONE',  ( -3.293174969631799092E-17, -1.000000000000000000, -0.000000000000000000 ) ) ;
#370 = CARTESIAN_POINT ( 'NONE',  ( 0.000000000000000000, 1.500000000000000000, 0.000000000000000000 ) ) ;
#371 = CIRCLE ( 'NONE', #581, 3.999999999999999112 ) ;
#372 = CARTESIAN_POINT ( 'NONE',  ( 2.000000000000001332, 10.28666964915528403, -3.464101615137754830 ) ) ;
#373 = ADVANCED_FACE ( 'NONE', ( #1564 ), #775, .T. ) ;
#374 = AXIS2_PLACEMENT_3D ( 'NONE', #1269, #93, #769 ) ;
#375 = FACE_OUTER_BOUND ( 'NONE', #1586, .T. ) ;
#376 = AXIS2_PLACEMENT_3D ( 'NONE', #1563, #757, #1680 ) ;
#377 = CARTESIAN_POINT ( 'NONE',  ( 3.999999999999999112, 10.20000000000000107, 0.000000000000000000 ) ) ;
#378 = EDGE_CURVE ( 'NONE', #1410, #457, #1140, .T. ) ;
#379 = CIRCLE ( 'NONE', #815, 4.300000000000001599 ) ;
#380 = CARTESIAN_POINT ( 'NONE',  ( 0.000000000000000000, 2.351466525115396333, 0.000000000000000000 ) ) ;
#381 = CIRCLE ( 'NONE', #1046, 4.300000000000001599 ) ;
#382 = CYLINDRICAL_SURFACE ( 'NONE', #640, 4.000000000000001776 ) ;
#383 = ORIENTED_EDGE ( 'NONE', *, *, #1005, .F. ) ;
#384 = EDGE_CURVE ( 'NONE', #555, #612, #480, .T. ) ;
#385 = DIRECTION ( 'NONE',  ( 0.000000000000000000, 0.000000000000000000, 1.000000000000000000 ) ) ;
#386 = CARTESIAN_POINT ( 'NONE',  ( -4.150000000000000355, 0.6999999999999999556, -1.125833024919776104 ) ) ;
#387 = ORIENTED_EDGE ( 'NONE', *, *, #1669, .F. ) ;
#388 = EDGE_CURVE ( 'NONE', #1214, #188, #963, .T. ) ;
#389 = DIRECTION ( 'NONE',  ( 0.000000000000000000, 0.000000000000000000, 1.000000000000000000 ) ) ;
#390 = CARTESIAN_POINT ( 'NONE',  ( 4.150000000000001243, 0.2999999999999999889, -0.8500000000000000888 ) ) ;
#391 = PLANE ( 'NONE',  #136 ) ;
#392 = PRESENTATION_LAYER_ASSIGNMENT (  '', '', ( #1397 ) ) ;
#393 = VECTOR ( 'NONE', #1097, 1000.000000000000000 ) ;
#394 = VECTOR ( 'NONE', #102, 1000.000000000000000 ) ;
#395 = ORIENTED_EDGE ( 'NONE', *, *, #258, .F. ) ;
#396 = CARTESIAN_POINT ( 'NONE',  ( 1.613190474236703550E-33, 2.351466525115396333, 0.000000000000000000 ) ) ;
#397 = DIRECTION ( 'NONE',  ( 0.000000000000000000, 0.000000000000000000, -1.000000000000000000 ) ) ;
#398 = CARTESIAN_POINT ( 'NONE',  ( 4.150000000000001243, 0.09999999999999996392, 4.150000000000000355 ) ) ;
#399 = EDGE_CURVE ( 'NONE', #1463, #701, #490, .T. ) ;
#400 = DIRECTION ( 'NONE',  ( -3.293174969631799092E-17, -1.000000000000000000, -0.000000000000000000 ) ) ;
#401 = VERTEX_POINT ( 'NONE', #1570 ) ;
#402 = EDGE_LOOP ( 'NONE', ( #232, #1245, #1620, #841 ) ) ;
#403 = DIRECTION ( 'NONE',  ( 0.000000000000000000, 0.000000000000000000, -1.000000000000000000 ) ) ;
#404 = CARTESIAN_POINT ( 'NONE',  ( 2.000000000000001776, 10.20000000000000107, 3.464101615137753942 ) ) ;
#405 = VECTOR ( 'NONE', #137, 1000.000000000000000 ) ;
#406 = EDGE_CURVE ( 'NONE', #1626, #701, #630, .T. ) ;
#407 = CARTESIAN_POINT ( 'NONE',  ( -5.000000000000000000, 0.000000000000000000, 0.4500000000000000111 ) ) ;
#408 = ORIENTED_EDGE ( 'NONE', *, *, #1590, .T. ) ;
#409 = EDGE_LOOP ( 'NONE', ( #1321, #728 ) ) ;
#410 = ORIENTED_EDGE ( 'NONE', *, *, #1277, .T. ) ;
#411 = EDGE_CURVE ( 'NONE', #1081, #926, #1419, .T. ) ;
#412 = DIRECTION ( 'NONE',  ( -3.293174969631799092E-17, -1.000000000000000000, -0.000000000000000000 ) ) ;
#413 = DIRECTION ( 'NONE',  ( -1.000000000000000000, 0.000000000000000000, 0.000000000000000000 ) ) ;
#414 = CARTESIAN_POINT ( 'NONE',  ( -4.150000000000000355, 0.6999999999999999556, 1.125833024919773884 ) ) ;
#415 = FACE_OUTER_BOUND ( 'NONE', #402, .T. ) ;
#416 = EDGE_CURVE ( 'NONE', #1463, #914, #1444, .T. ) ;
#417 = VECTOR ( 'NONE', #741, 1000.000000000000000 ) ;
#418 = VECTOR ( 'NONE', #719, 1000.000000000000000 ) ;
#419 = ORIENTED_EDGE ( 'NONE', *, *, #116, .F. ) ;
#420 = ORIENTED_EDGE ( 'NONE', *, *, #497, .F. ) ;
#421 =( NAMED_UNIT ( * ) SI_UNIT ( $, .STERADIAN. ) SOLID_ANGLE_UNIT ( ) );
#422 = DIRECTION ( 'NONE',  ( -1.000000000000000000, 0.000000000000000000, -0.000000000000000000 ) ) ;
#423 = CARTESIAN_POINT ( 'NONE',  ( 2.000000000000001332, 10.20000000000000107, -3.464101615137753054 ) ) ;
#424 = EDGE_LOOP ( 'NONE', ( #287, #1205, #419, #1123, #98 ) ) ;
#425 = VERTEX_POINT ( 'NONE', #781 ) ;
#426 = AXIS2_PLACEMENT_3D ( 'NONE', #693, #1345, #1218 ) ;
#427 = ORIENTED_EDGE ( 'NONE', *, *, #95, .F. ) ;
#428 = DIRECTION ( 'NONE',  ( 4.928191693115926948E-17, 1.000000000000000000, 0.000000000000000000 ) ) ;
#429 = DIRECTION ( 'NONE',  ( -0.000000000000000000, -1.000000000000000000, -0.000000000000000000 ) ) ;
#430 = ORIENTED_EDGE ( 'NONE', *, *, #1447, .F. ) ;
#431 = ORIENTED_EDGE ( 'NONE', *, *, #905, .T. ) ;
#432 = CARTESIAN_POINT ( 'NONE',  ( 2.000000000000001332, 10.20000000000000107, -3.464101615137753054 ) ) ;
#433 = VERTEX_POINT ( 'NONE', #8 ) ;
#434 = VECTOR ( 'NONE', #141, 1000.000000000000000 ) ;
#435 = ORIENTED_EDGE ( 'NONE', *, *, #1297, .F. ) ;
#436 = EDGE_CURVE ( 'NONE', #1348, #1349, #1308, .T. ) ;
#437 = CARTESIAN_POINT ( 'NONE',  ( -2.650000000000000355, 0.6999999999999999556, -4.150000000000000355 ) ) ;
#438 = CARTESIAN_POINT ( 'NONE',  ( -4.000000000000000000, 10.20000000000000107, 4.898587196589413815E-16 ) ) ;
#439 = CARTESIAN_POINT ( 'NONE',  ( -4.150000000000001243, 0.2999999999999999889, -0.8500000000000000888 ) ) ;
#440 = ORIENTED_EDGE ( 'NONE', *, *, #916, .T. ) ;
#441 = VERTEX_POINT ( 'NONE', #909 ) ;
#442 = PRESENTATION_STYLE_ASSIGNMENT (( #331 ) ) ;
#443 = CARTESIAN_POINT ( 'NONE',  ( -5.000000000000000000, 0.000000000000000000, -0.4500000000000000111 ) ) ;
#444 = EDGE_CURVE ( 'NONE', #1617, #926, #237, .T. ) ;
#445 = ORIENTED_EDGE ( 'NONE', *, *, #95, .T. ) ;
#446 = TOROIDAL_SURFACE ( 'NONE', #1584, 3.799999999999999822, 0.2000000000000006217 ) ;
#447 = ORIENTED_EDGE ( 'NONE', *, *, #212, .T. ) ;
#448 = CARTESIAN_POINT ( 'NONE',  ( -4.200000000000000178, 2.351466525115396333, 5.143516556418883914E-16 ) ) ;
#449 = AXIS2_PLACEMENT_3D ( 'NONE', #736, #1530, #1103 ) ;
#450 = CARTESIAN_POINT ( 'NONE',  ( -4.150000000000001243, 0.2999999999999999889, 0.8500000000000000888 ) ) ;
#451 = SURFACE_STYLE_FILL_AREA ( #1101 ) ;
#452 = CARTESIAN_POINT ( 'NONE',  ( -2.649999999999999911, 1.100000000000000089, 4.149999999999999467 ) ) ;
#453 = ORIENTED_EDGE ( 'NONE', *, *, #145, .T. ) ;
#454 = CARTESIAN_POINT ( 'NONE',  ( 6.420403302881163989E-17, 2.649608922115368692, 0.000000000000000000 ) ) ;
#455 = ADVANCED_FACE ( 'NONE', ( #925 ), #235, .T. ) ;
#456 = CARTESIAN_POINT ( 'NONE',  ( 0.000000000000000000, 1.904252929615439349, 0.000000000000000000 ) ) ;
#457 = VERTEX_POINT ( 'NONE', #620 ) ;
#458 = EDGE_LOOP ( 'NONE', ( #1051, #1593, #46, #307 ) ) ;
#459 = CLOSED_SHELL ( 'NONE', ( #109, #1037, #694, #1210, #455, #1523, #586, #791, #487, #198, #126, #951, #972, #1167, #1126, #985, #1648 ) ) ;
#460 = DIRECTION ( 'NONE',  ( -1.000000000000000000, 0.000000000000000000, 0.000000000000000000 ) ) ;
#461 =( NAMED_UNIT ( * ) SI_UNIT ( $, .STERADIAN. ) SOLID_ANGLE_UNIT ( ) );
#462 = FACE_OUTER_BOUND ( 'NONE', #329, .T. ) ;
#463 = ORIENTED_EDGE ( 'NONE', *, *, #576, .F. ) ;
#464 = LINE ( 'NONE', #707, #160 ) ;
#465 = ADVANCED_FACE ( 'NONE', ( #725 ), #1250, .T. ) ;
#466 = DIRECTION ( 'NONE',  ( -3.293174969631799092E-17, -1.000000000000000000, 0.000000000000000000 ) ) ;
#467 = DIRECTION ( 'NONE',  ( 0.000000000000000000, 0.000000000000000000, 1.000000000000000000 ) ) ;
#468 = VERTEX_POINT ( 'NONE', #51 ) ;
#469 = LINE ( 'NONE', #1023, #1408 ) ;
#470 = FACE_OUTER_BOUND ( 'NONE', #424, .T. ) ;
#471 = LINE ( 'NONE', #1010, #1329 ) ;
#472 = PLANE ( 'NONE',  #449 ) ;
#473 =( NAMED_UNIT ( * ) PLANE_ANGLE_UNIT ( ) SI_UNIT ( $, .RADIAN. ) );
#474 = EDGE_LOOP ( 'NONE', ( #942, #1129, #1650, #346, #1015 ) ) ;
#475 = EDGE_LOOP ( 'NONE', ( #440, #834 ) ) ;
#476 = AXIS2_PLACEMENT_3D ( 'NONE', #228, #194, #1520 ) ;
#477 = DIRECTION ( 'NONE',  ( 0.000000000000000000, -1.000000000000000000, 0.000000000000000000 ) ) ;
#478 = VECTOR ( 'NONE', #961, 1000.000000000000000 ) ;
#479 = CARTESIAN_POINT ( 'NONE',  ( 2.100000000000000089, 0.2999999999999999889, 0.000000000000000000 ) ) ;
#480 = LINE ( 'NONE', #3, #1675 ) ;
#481 = DIRECTION ( 'NONE',  ( 4.928191693115926948E-17, 1.000000000000000000, 0.000000000000000000 ) ) ;
#482 = CARTESIAN_POINT ( 'NONE',  ( -2.650000000000000355, 0.09999999999999996392, -4.150000000000000355 ) ) ;
#483 = ORIENTED_EDGE ( 'NONE', *, *, #600, .T. ) ;
#484 = VERTEX_POINT ( 'NONE', #1122 ) ;
#485 = VERTEX_POINT ( 'NONE', #568 ) ;
#486 = CIRCLE ( 'NONE', #561, 4.000000000000001776 ) ;
#487 = ADVANCED_FACE ( 'NONE', ( #997 ), #472, .F. ) ;
#488 = CARTESIAN_POINT ( 'NONE',  ( 2.400000000000000355, 0.2999999999999999889, 0.4500000000000000111 ) ) ;
#489 = DIRECTION ( 'NONE',  ( 1.000000000000000000, -3.293174969631799092E-17, 0.000000000000000000 ) ) ;
#490 = LINE ( 'NONE', #647, #394 ) ;
#491 = CARTESIAN_POINT ( 'NONE',  ( 2.000000000000001332, 10.20000000000000107, -3.464101615137753054 ) ) ;
#492 = FILL_AREA_STYLE_COLOUR ( '', #500 ) ;
#493 = EDGE_CURVE ( 'NONE', #1552, #1081, #352, .T. ) ;
#494 = ORIENTED_EDGE ( 'NONE', *, *, #1332, .T. ) ;
#495 = EDGE_LOOP ( 'NONE', ( #976, #1056 ) ) ;
#496 = VERTEX_POINT ( 'NONE', #1502 ) ;
#497 = EDGE_CURVE ( 'NONE', #239, #1156, #1368, .T. ) ;
#498 = DIRECTION ( 'NONE',  ( -0.000000000000000000, -1.000000000000000000, -0.000000000000000000 ) ) ;
#499 = DIRECTION ( 'NONE',  ( 1.000000000000000000, 0.000000000000000000, 0.000000000000000000 ) ) ;
#500 = COLOUR_RGB ( '',0.7921568627450980005, 0.8196078431372548767, 0.9333333333333333481 ) ;
#501 = PLANE ( 'NONE',  #70 ) ;
#502 = DIRECTION ( 'NONE',  ( -3.293174969631799092E-17, -1.000000000000000000, -0.000000000000000000 ) ) ;
#503 = EDGE_LOOP ( 'NONE', ( #1495, #569, #1279, #1089 ) ) ;
#504 = ORIENTED_EDGE ( 'NONE', *, *, #637, .F. ) ;
#505 = SURFACE_STYLE_FILL_AREA ( #1441 ) ;
#506 = LINE ( 'NONE', #250, #1173 ) ;
#507 = CARTESIAN_POINT ( 'NONE',  ( 2.100000000000000089, 0.09999999999999996392, 0.8500000000000000888 ) ) ;
#508 = EDGE_CURVE ( 'NONE', #468, #457, #1071, .T. ) ;
#509 = ORIENTED_EDGE ( 'NONE', *, *, #1337, .T. ) ;
#510 = VECTOR ( 'NONE', #616, 1000.000000000000000 ) ;
#511 = ORIENTED_EDGE ( 'NONE', *, *, #1239, .F. ) ;
#512 = ORIENTED_EDGE ( 'NONE', *, *, #368, .T. ) ;
#513 = AXIS2_PLACEMENT_3D ( 'NONE', #1553, #886, #1048 ) ;
#514 = FACE_OUTER_BOUND ( 'NONE', #573, .T. ) ;
#515 = VECTOR ( 'NONE', #1247, 1000.000000000000000 ) ;
#516 = LINE ( 'NONE', #243, #900 ) ;
#517 = CARTESIAN_POINT ( 'NONE',  ( 2.000000000000001332, 10.20000000000000107, -3.464101615137753054 ) ) ;
#518 = AXIS2_PLACEMENT_3D ( 'NONE', #448, #1116, #1651 ) ;
#519 = CARTESIAN_POINT ( 'NONE',  ( -2.400000000000000355, 0.000000000000000000, 0.4500000000000000111 ) ) ;
#520 = LINE ( 'NONE', #364, #811 ) ;
#521 = CIRCLE ( 'NONE', #1000, 3.800000000000001155 ) ;
#522 = DIRECTION ( 'NONE',  ( -1.000000000000000000, 0.000000000000000000, 0.000000000000000000 ) ) ;
#523 = ORIENTED_EDGE ( 'NONE', *, *, #1696, .F. ) ;
#524 = ADVANCED_FACE ( 'NONE', ( #940 ), #1492, .F. ) ;
#525 =( NAMED_UNIT ( * ) PLANE_ANGLE_UNIT ( ) SI_UNIT ( $, .RADIAN. ) );
#526 = CARTESIAN_POINT ( 'NONE',  ( 4.150000000000001243, 0.09999999999999996392, 4.150000000000000355 ) ) ;
#527 = DIRECTION ( 'NONE',  ( 0.000000000000000000, 0.000000000000000000, -1.000000000000000000 ) ) ;
#528 = ORIENTED_EDGE ( 'NONE', *, *, #668, .T. ) ;
#529 = AXIS2_PLACEMENT_3D ( 'NONE', #71, #589, #1666 ) ;
#530 = ORIENTED_EDGE ( 'NONE', *, *, #1640, .T. ) ;
#531 = ORIENTED_EDGE ( 'NONE', *, *, #384, .F. ) ;
#532 = CARTESIAN_POINT ( 'NONE',  ( 0.000000000000000000, 1.100000000000000089, 0.000000000000000000 ) ) ;
#533 = DIRECTION ( 'NONE',  ( 0.000000000000000000, 0.000000000000000000, -1.000000000000000000 ) ) ;
#534 = VECTOR ( 'NONE', #771, 1000.000000000000000 ) ;
#535 = DIRECTION ( 'NONE',  ( -3.293174969631799092E-17, -1.000000000000000000, -0.000000000000000000 ) ) ;
#536 = EDGE_LOOP ( 'NONE', ( #144, #1225, #808 ) ) ;
#537 = ADVANCED_FACE ( 'NONE', ( #544 ), #45, .T. ) ;
#538 = ORIENTED_EDGE ( 'NONE', *, *, #680, .T. ) ;
#539 = CARTESIAN_POINT ( 'NONE',  ( 3.128516221150208891E-16, 10.20000000000000107, 0.000000000000000000 ) ) ;
#540 = DIRECTION ( 'NONE',  ( 0.000000000000000000, 0.000000000000000000, -1.000000000000000000 ) ) ;
#541 = EDGE_CURVE ( 'NONE', #1610, #484, #560, .T. ) ;
#542 = CARTESIAN_POINT ( 'NONE',  ( 2.000000000000001332, 10.50000000000000000, -3.464101615137753054 ) ) ;
#543 = PRESENTATION_LAYER_ASSIGNMENT (  '', '', ( #1296 ) ) ;
#544 = FACE_OUTER_BOUND ( 'NONE', #1543, .T. ) ;
#545 = ORIENTED_EDGE ( 'NONE', *, *, #899, .T. ) ;
#546 = ADVANCED_FACE ( 'NONE', ( #415 ), #168, .F. ) ;
#547 = DIRECTION ( 'NONE',  ( 1.000000000000000000, 0.000000000000000000, 1.275531967630005245E-16 ) ) ;
#548 = PLANE ( 'NONE',  #765 ) ;
#549 = EDGE_CURVE ( 'NONE', #969, #485, #979, .T. ) ;
#550 = DIRECTION ( 'NONE',  ( 0.000000000000000000, 0.000000000000000000, 1.000000000000000000 ) ) ;
#551 = ORIENTED_EDGE ( 'NONE', *, *, #1318, .T. ) ;
#552 = CIRCLE ( 'NONE', #1465, 0.8500000000000000888 ) ;
#553 = EDGE_CURVE ( 'NONE', #701, #914, #117, .T. ) ;
#554 = VERTEX_POINT ( 'NONE', #903 ) ;
#555 = VERTEX_POINT ( 'NONE', #777 ) ;
#556 = LINE ( 'NONE', #1091, #1052 ) ;
#557 = DIRECTION ( 'NONE',  ( 0.000000000000000000, 0.000000000000000000, -1.000000000000000000 ) ) ;
#558 = DIRECTION ( 'NONE',  ( -1.000000000000000000, -0.000000000000000000, -1.275531967630005245E-16 ) ) ;
#559 = ORIENTED_EDGE ( 'NONE', *, *, #683, .T. ) ;
#560 = LINE ( 'NONE', #1096, #756 ) ;
#561 = AXIS2_PLACEMENT_3D ( 'NONE', #1653, #1109, #1394 ) ;
#562 = EDGE_CURVE ( 'NONE', #1629, #425, #249, .T. ) ;
#563 = MECHANICAL_DESIGN_GEOMETRIC_PRESENTATION_REPRESENTATION (  '', ( #710 ), #948 ) ;
#564 = ORIENTED_EDGE ( 'NONE', *, *, #344, .T. ) ;
#565 = DIRECTION ( 'NONE',  ( 1.000000000000000000, 0.000000000000000000, -0.000000000000000000 ) ) ;
#566 = CARTESIAN_POINT ( 'NONE',  ( 0.000000000000000000, 0.6999999999999999556, 0.000000000000000000 ) ) ;
#567 = LINE ( 'NONE', #542, #1432 ) ;
#568 = CARTESIAN_POINT ( 'NONE',  ( 2.000000000000001332, 10.50000000000000000, -3.112876483254674476 ) ) ;
#569 = ORIENTED_EDGE ( 'NONE', *, *, #641, .F. ) ;
#570 = DIRECTION ( 'NONE',  ( -0.000000000000000000, 1.000000000000000000, -0.000000000000000000 ) ) ;
#571 = EDGE_LOOP ( 'NONE', ( #108, #1334, #1150 ) ) ;
#572 = ADVANCED_FACE ( 'NONE', ( #1298 ), #1381, .T. ) ;
#573 = EDGE_LOOP ( 'NONE', ( #1171, #1044, #1372, #483 ) ) ;
#574 = DIRECTION ( 'NONE',  ( -3.293174969631799092E-17, -1.000000000000000000, -0.000000000000000000 ) ) ;
#575 = CARTESIAN_POINT ( 'NONE',  ( 4.150000000000001243, 0.6999999999999999556, 4.150000000000000355 ) ) ;
#576 = EDGE_CURVE ( 'NONE', #468, #1222, #193, .T. ) ;
#577 = PLANE ( 'NONE',  #1641 ) ;
#578 = ORIENTED_EDGE ( 'NONE', *, *, #837, .T. ) ;
#579 = SURFACE_STYLE_FILL_AREA ( #60 ) ;
#580 = EDGE_LOOP ( 'NONE', ( #987, #345, #1685, #810 ) ) ;
#581 = AXIS2_PLACEMENT_3D ( 'NONE', #897, #481, #749 ) ;
#582 = ORIENTED_EDGE ( 'NONE', *, *, #1159, .T. ) ;
#583 = DIRECTION ( 'NONE',  ( -0.7071067811865474617, 0.000000000000000000, -0.7071067811865474617 ) ) ;
#584 = AXIS2_PLACEMENT_3D ( 'NONE', #1627, #754, #1442 ) ;
#585 = DIRECTION ( 'NONE',  ( -0.000000000000000000, -0.000000000000000000, 1.000000000000000000 ) ) ;
#586 = ADVANCED_FACE ( 'NONE', ( #1480 ), #714, .T. ) ;
#587 = B_SPLINE_CURVE_WITH_KNOTS ( 'NONE', 3,
 ( #353, #223, #1683, #94, #372, #872 ),
 .UNSPECIFIED., .F., .F.,
 ( 4, 2, 4 ),
 ( 0.000000000000000000, 0.0002540483238889874526, 0.0005080966477779749052 ),
 .UNSPECIFIED. ) ;
#588 = CARTESIAN_POINT ( 'NONE',  ( 4.150000000000001243, 0.2999999999999999889, 0.8500000000000000888 ) ) ;
#589 = DIRECTION ( 'NONE',  ( 0.000000000000000000, 1.000000000000000000, -0.000000000000000000 ) ) ;
#590 = ORIENTED_EDGE ( 'NONE', *, *, #1113, .T. ) ;
#591 = VERTEX_POINT ( 'NONE', #443 ) ;
#592 = CARTESIAN_POINT ( 'NONE',  ( 2.400000000000000355, 0.000000000000000000, -0.000000000000000000 ) ) ;
#593 = FACE_OUTER_BOUND ( 'NONE', #495, .T. ) ;
#594 = SURFACE_STYLE_FILL_AREA ( #1112 ) ;
#595 = UNCERTAINTY_MEASURE_WITH_UNIT (LENGTH_MEASURE( 1.000000000000000082E-05 ), #1631, 'distance_accuracy_value', 'NONE');
#596 = ORIENTED_EDGE ( 'NONE', *, *, #740, .T. ) ;
#597 = CIRCLE ( 'NONE', #876, 0.2000000000000005107 ) ;
#598 = VERTEX_POINT ( 'NONE', #1087 ) ;
#599 = CARTESIAN_POINT ( 'NONE',  ( 3.128516221150208891E-16, 10.20000000000000107, 0.000000000000000000 ) ) ;
#600 = EDGE_CURVE ( 'NONE', #598, #998, #1390, .T. ) ;
#601 = LINE ( 'NONE', #1110, #892 ) ;
#602 = ORIENTED_EDGE ( 'NONE', *, *, #344, .F. ) ;
#603 = ORIENTED_EDGE ( 'NONE', *, *, #1558, .F. ) ;
#604 = MECHANICAL_DESIGN_GEOMETRIC_PRESENTATION_REPRESENTATION (  '', ( #1296 ), #91 ) ;
#605 = FACE_OUTER_BOUND ( 'NONE', #846, .T. ) ;
#606 = FACE_OUTER_BOUND ( 'NONE', #323, .T. ) ;
#607 = DIRECTION ( 'NONE',  ( 0.000000000000000000, 0.000000000000000000, 1.000000000000000000 ) ) ;
#608 = ADVANCED_FACE ( 'NONE', ( #1004 ), #1525, .F. ) ;
#609 = FACE_OUTER_BOUND ( 'NONE', #571, .T. ) ;
#610 = DIRECTION ( 'NONE',  ( 1.000000000000000000, -3.293174969631799092E-17, 0.000000000000000000 ) ) ;
#611 = ORIENTED_EDGE ( 'NONE', *, *, #85, .T. ) ;
#612 = VERTEX_POINT ( 'NONE', #390 ) ;
#613 = PRESENTATION_LAYER_ASSIGNMENT (  '', '', ( #313 ) ) ;
#614 = DIRECTION ( 'NONE',  ( 1.224646799147353207E-16, -4.032976185591765034E-33, 1.000000000000000000 ) ) ;
#615 = VECTOR ( 'NONE', #975, 1000.000000000000000 ) ;
#616 = DIRECTION ( 'NONE',  ( -1.000000000000000000, 0.000000000000000000, -1.275531967630004999E-16 ) ) ;
#617 = CARTESIAN_POINT ( 'NONE',  ( 4.150000000000001243, 0.09999999999999996392, -4.149999999999999467 ) ) ;
#618 = DIRECTION ( 'NONE',  ( 0.000000000000000000, 0.000000000000000000, 1.000000000000000000 ) ) ;
#619 = FILL_AREA_STYLE_COLOUR ( '', #262 ) ;
#620 = CARTESIAN_POINT ( 'NONE',  ( 5.000000000000000000, 0.2999999999999999889, 0.4500000000000000111 ) ) ;
#621 = EDGE_CURVE ( 'NONE', #1199, #97, #9, .T. ) ;
#622 = ORIENTED_EDGE ( 'NONE', *, *, #1696, .T. ) ;
#623 = ORIENTED_EDGE ( 'NONE', *, *, #152, .F. ) ;
#624 = FILL_AREA_STYLE_COLOUR ( '', #657 ) ;
#625 = ORIENTED_EDGE ( 'NONE', *, *, #916, .F. ) ;
#626 = AXIS2_PLACEMENT_3D ( 'NONE', #1274, #614, #1412 ) ;
#627 = STYLED_ITEM ( 'NONE', ( #995 ), #1557 ) ;
#628 = CLOSED_SHELL ( 'NONE', ( #870, #1462, #162, #282 ) ) ;
#629 = LINE ( 'NONE', #256, #1472 ) ;
#630 = LINE ( 'NONE', #617, #1501 ) ;
#631 = CARTESIAN_POINT ( 'NONE',  ( -1.125833024919782321, 0.6999999999999999556, 4.149999999999999467 ) ) ;
#632 = EDGE_CURVE ( 'NONE', #37, #1265, #1049, .T. ) ;
#633 = CARTESIAN_POINT ( 'NONE',  ( 0.000000000000000000, 0.6999999999999999556, 0.000000000000000000 ) ) ;
#634 = VERTEX_POINT ( 'NONE', #1253 ) ;
#635 = CIRCLE ( 'NONE', #1235, 3.699999999999999734 ) ;
#636 = ORIENTED_EDGE ( 'NONE', *, *, #852, .F. ) ;
#637 = EDGE_CURVE ( 'NONE', #1295, #1095, #65, .T. ) ;
#638 = DIRECTION ( 'NONE',  ( -0.000000000000000000, -1.000000000000000000, -0.000000000000000000 ) ) ;
#639 = DIRECTION ( 'NONE',  ( 0.000000000000000000, 1.000000000000000000, -0.000000000000000000 ) ) ;
#640 = AXIS2_PLACEMENT_3D ( 'NONE', #633, #10, #783 ) ;
#641 = EDGE_CURVE ( 'NONE', #1629, #13, #207, .T. ) ;
#642 = FACE_OUTER_BOUND ( 'NONE', #1661, .T. ) ;
#643 = FACE_OUTER_BOUND ( 'NONE', #1186, .T. ) ;
#644 = CARTESIAN_POINT ( 'NONE',  ( 0.000000000000000000, 2.351466525115396333, 0.000000000000000000 ) ) ;
#645 = CARTESIAN_POINT ( 'NONE',  ( 0.000000000000000000, 1.100000000000000089, 0.000000000000000000 ) ) ;
#646 = ADVANCED_FACE ( 'NONE', ( #967 ), #1187, .F. ) ;
#647 = CARTESIAN_POINT ( 'NONE',  ( 4.150000000000001243, 1.500000000000000000, 0.000000000000000000 ) ) ;
#648 = CARTESIAN_POINT ( 'NONE',  ( 2.100000000000000089, 0.09999999999999996392, 0.000000000000000000 ) ) ;
#649 = ORIENTED_EDGE ( 'NONE', *, *, #1428, .F. ) ;
#650 = VECTOR ( 'NONE', #296, 1000.000000000000000 ) ;
#651 = CARTESIAN_POINT ( 'NONE',  ( -4.150000000000000355, 0.09999999999999996392, 2.649999999999999023 ) ) ;
#652 = AXIS2_PLACEMENT_3D ( 'NONE', #1236, #477, #970 ) ;
#653 = CARTESIAN_POINT ( 'NONE',  ( 0.000000000000000000, 0.2999999999999999889, -0.4500000000000000111 ) ) ;
#654 = DIRECTION ( 'NONE',  ( 0.000000000000000000, 0.000000000000000000, 1.000000000000000000 ) ) ;
#655 = DIRECTION ( 'NONE',  ( -0.000000000000000000, -1.000000000000000000, -0.000000000000000000 ) ) ;
#656 = DIRECTION ( 'NONE',  ( 1.000000000000000000, 0.000000000000000000, 0.000000000000000000 ) ) ;
#657 = COLOUR_RGB ( '',0.7921568627450980005, 0.8196078431372548767, 0.9333333333333333481 ) ;
#658 = SURFACE_STYLE_USAGE ( .BOTH. , #265 ) ;
#659 = ORIENTED_EDGE ( 'NONE', *, *, #1282, .T. ) ;
#660 = ORIENTED_EDGE ( 'NONE', *, *, #1689, .F. ) ;
#661 = CYLINDRICAL_SURFACE ( 'NONE', #1606, 4.300000000000001599 ) ;
#662 = CARTESIAN_POINT ( 'NONE',  ( 2.000000000000001776, 10.28537115759769982, 3.464101615137774814 ) ) ;
#663 = CARTESIAN_POINT ( 'NONE',  ( -2.100000000000000089, 0.2999999999999999889, 0.4500000000000000111 ) ) ;
#664 = EDGE_LOOP ( 'NONE', ( #1517, #828, #1389, #73 ) ) ;
#665 = EDGE_LOOP ( 'NONE', ( #314, #297, #622, #291 ) ) ;
#666 = DIRECTION ( 'NONE',  ( -0.000000000000000000, 1.000000000000000000, -0.000000000000000000 ) ) ;
#667 = DIRECTION ( 'NONE',  ( -1.000000000000000000, 0.000000000000000000, -0.000000000000000000 ) ) ;
#668 = EDGE_CURVE ( 'NONE', #1410, #1629, #288, .T. ) ;
#669 = CARTESIAN_POINT ( 'NONE',  ( -2.650000000000000355, 0.09999999999999996392, -4.150000000000000355 ) ) ;
#670 = AXIS2_PLACEMENT_3D ( 'NONE', #1647, #75, #1243 ) ;
#671 = ORIENTED_EDGE ( 'NONE', *, *, #721, .T. ) ;
#672 = AXIS2_PLACEMENT_3D ( 'NONE', #370, #1300, #607 ) ;
#673 = AXIS2_PLACEMENT_3D ( 'NONE', #1275, #92, #1500 ) ;
#674 = EDGE_CURVE ( 'NONE', #1598, #1433, #1262, .T. ) ;
#675 = LINE ( 'NONE', #1537, #858 ) ;
#676 = CARTESIAN_POINT ( 'NONE',  ( -1.125833024919782321, 1.100000000000000089, 4.149999999999999467 ) ) ;
#677 = VECTOR ( 'NONE', #191, 1000.000000000000000 ) ;
#678 = CARTESIAN_POINT ( 'NONE',  ( 3.128516221150209384E-16, 10.20000000000000107, 0.000000000000000000 ) ) ;
#679 = ORIENTED_EDGE ( 'NONE', *, *, #800, .T. ) ;
#680 = EDGE_CURVE ( 'NONE', #1433, #1306, #1660, .T. ) ;
#681 = ORIENTED_EDGE ( 'NONE', *, *, #192, .T. ) ;
#682 = EDGE_LOOP ( 'NONE', ( #839, #1409, #1034, #1115 ) ) ;
#683 = EDGE_CURVE ( 'NONE', #441, #1626, #883, .T. ) ;
#684 = LINE ( 'NONE', #936, #270 ) ;
#685 = LINE ( 'NONE', #1459, #1172 ) ;
#686 = DIRECTION ( 'NONE',  ( -0.000000000000000000, 0.000000000000000000, 1.000000000000000000 ) ) ;
#687 = ADVANCED_FACE ( 'NONE', ( #86 ), #1374, .F. ) ;
#688 = DIRECTION ( 'NONE',  ( -0.000000000000000000, -1.000000000000000000, -0.000000000000000000 ) ) ;
#689 = ORIENTED_EDGE ( 'NONE', *, *, #1164, .T. ) ;
#690 = ORIENTED_EDGE ( 'NONE', *, *, #85, .F. ) ;
#691 = CARTESIAN_POINT ( 'NONE',  ( -4.150000000000001243, 0.2999999999999999889, 0.8500000000000000888 ) ) ;
#692 = ORIENTED_EDGE ( 'NONE', *, *, #64, .F. ) ;
#693 = CARTESIAN_POINT ( 'NONE',  ( 3.128516221150208891E-16, 10.20000000000000107, 0.000000000000000000 ) ) ;
#694 = ADVANCED_FACE ( 'NONE', ( #1254 ), #1643, .T. ) ;
#695 = LINE ( 'NONE', #423, #650 ) ;
#696 = ORIENTED_EDGE ( 'NONE', *, *, #844, .F. ) ;
#697 = DIRECTION ( 'NONE',  ( 0.000000000000000000, 1.000000000000000000, -0.000000000000000000 ) ) ;
#698 = DIRECTION ( 'NONE',  ( 0.000000000000000000, 0.000000000000000000, -1.000000000000000000 ) ) ;
#699 = VECTOR ( 'NONE', #1278, 1000.000000000000000 ) ;
#700 = AXIS2_PLACEMENT_3D ( 'NONE', #1335, #698, #157 ) ;
#701 = VERTEX_POINT ( 'NONE', #1415 ) ;
#702 = ORIENTED_EDGE ( 'NONE', *, *, #740, .F. ) ;
#703 = DIRECTION ( 'NONE',  ( 0.000000000000000000, 0.000000000000000000, 1.000000000000000000 ) ) ;
#704 = DIRECTION ( 'NONE',  ( -0.000000000000000000, -0.000000000000000000, 1.000000000000000000 ) ) ;
#705 = AXIS2_PLACEMENT_3D ( 'NONE', #1286, #898, #1316 ) ;
#706 = VERTEX_POINT ( 'NONE', #990 ) ;
#707 = CARTESIAN_POINT ( 'NONE',  ( 5.000000000000000000, 0.000000000000000000, -0.000000000000000000 ) ) ;
#708 = ORIENTED_EDGE ( 'NONE', *, *, #727, .F. ) ;
#709 = ADVANCED_FACE ( 'NONE', ( #215 ), #861, .F. ) ;
#710 = STYLED_ITEM ( 'NONE', ( #1180 ), #161 ) ;
#711 = VERTEX_POINT ( 'NONE', #751 ) ;
#712 = DIRECTION ( 'NONE',  ( 1.000000000000000000, 0.000000000000000000, 0.000000000000000000 ) ) ;
#713 = CARTESIAN_POINT ( 'NONE',  ( 0.000000000000000000, 0.000000000000000000, 0.000000000000000000 ) ) ;
#714 = CYLINDRICAL_SURFACE ( 'NONE', #1556, 4.000000000000001776 ) ;
#715 = DIRECTION ( 'NONE',  ( -0.000000000000000000, -1.000000000000000000, -0.000000000000000000 ) ) ;
#716 = ORIENTED_EDGE ( 'NONE', *, *, #1117, .T. ) ;
#717 = DIRECTION ( 'NONE',  ( -1.000000000000000000, -0.000000000000000000, -0.000000000000000000 ) ) ;
#718 = PLANE ( 'NONE',  #1221 ) ;
#719 = DIRECTION ( 'NONE',  ( 0.000000000000000000, 0.000000000000000000, -1.000000000000000000 ) ) ;
#720 = ORIENTED_EDGE ( 'NONE', *, *, #1596, .T. ) ;
#721 = EDGE_CURVE ( 'NONE', #1081, #23, #366, .T. ) ;
#722 = ORIENTED_EDGE ( 'NONE', *, *, #204, .T. ) ;
#723 = CARTESIAN_POINT ( 'NONE',  ( 0.000000000000000000, 0.6999999999999999556, 0.000000000000000000 ) ) ;
#724 = DIRECTION ( 'NONE',  ( -1.636531581110195656E-16, 0.000000000000000000, -1.000000000000000000 ) ) ;
#725 = FACE_OUTER_BOUND ( 'NONE', #884, .T. ) ;
#726 = ORIENTED_EDGE ( 'NONE', *, *, #812, .F. ) ;
#727 = EDGE_CURVE ( 'NONE', #944, #949, #342, .T. ) ;
#728 = ORIENTED_EDGE ( 'NONE', *, *, #1678, .T. ) ;
#729 = CIRCLE ( 'NONE', #130, 4.000000000000000000 ) ;
#730 = EDGE_LOOP ( 'NONE', ( #1377, #1474, #1304, #504 ) ) ;
#731 = CARTESIAN_POINT ( 'NONE',  ( 4.336808689942017736E-16, 10.20000000000000107, 0.000000000000000000 ) ) ;
#732 = EDGE_CURVE ( 'NONE', #107, #496, #224, .T. ) ;
#733 = DIRECTION ( 'NONE',  ( 0.000000000000000000, -0.000000000000000000, 1.000000000000000000 ) ) ;
#734 = B_SPLINE_CURVE_WITH_KNOTS ( 'NONE', 3,
 ( #227, #746, #930, #268, #294, #1615 ),
 .UNSPECIFIED., .F., .F.,
 ( 4, 2, 4 ),
 ( 0.000000000000000000, 0.0002551246924830006483, 0.0005102493849660012966 ),
 .UNSPECIFIED. ) ;
#735 = DIRECTION ( 'NONE',  ( 0.000000000000000000, 0.000000000000000000, -1.000000000000000000 ) ) ;
#736 = CARTESIAN_POINT ( 'NONE',  ( 4.000000000000001776, 0.6999999999999998446, 0.000000000000000000 ) ) ;
#737 = MANIFOLD_SOLID_BREP ( 'Pin 1 Mark', #628 ) ;
#738 = VERTEX_POINT ( 'NONE', #1534 ) ;
#739 = MANIFOLD_SOLID_BREP ( 'Negative Pin', #1203 ) ;
#740 = EDGE_CURVE ( 'NONE', #554, #944, #1002, .T. ) ;
#741 = DIRECTION ( 'NONE',  ( -1.000000000000000000, 0.000000000000000000, 0.000000000000000000 ) ) ;
#742 = DIRECTION ( 'NONE',  ( -1.000000000000000000, 0.000000000000000000, -1.275531967630005245E-16 ) ) ;
#743 = DIRECTION ( 'NONE',  ( 0.000000000000000000, 0.000000000000000000, 1.000000000000000000 ) ) ;
#744 = ORIENTED_EDGE ( 'NONE', *, *, #231, .F. ) ;
#745 = ORIENTED_EDGE ( 'NONE', *, *, #674, .T. ) ;
#746 = CARTESIAN_POINT ( 'NONE',  ( 2.000000000000001776, 10.28634776047115906, 3.464101615137753054 ) ) ;
#747 = FACE_OUTER_BOUND ( 'NONE', #1503, .T. ) ;
#748 = CARTESIAN_POINT ( 'NONE',  ( 2.000000000000001332, 10.28533964112806665, -3.464101615137784584 ) ) ;
#749 = DIRECTION ( 'NONE',  ( -1.000000000000000000, 0.000000000000000000, 0.000000000000000000 ) ) ;
#750 = EDGE_CURVE ( 'NONE', #1526, #1214, #635, .T. ) ;
#751 = CARTESIAN_POINT ( 'NONE',  ( 4.150000000000001243, 0.6999999999999999556, 1.125833024919773440 ) ) ;
#752 = DIRECTION ( 'NONE',  ( -0.000000000000000000, -1.000000000000000000, -0.000000000000000000 ) ) ;
#753 = AXIS2_PLACEMENT_3D ( 'NONE', #83, #1633, #57 ) ;
#754 = DIRECTION ( 'NONE',  ( 0.000000000000000000, 1.000000000000000000, -0.000000000000000000 ) ) ;
#755 =( GEOMETRIC_REPRESENTATION_CONTEXT ( 3 ) GLOBAL_UNCERTAINTY_ASSIGNED_CONTEXT ( ( #924 ) ) GLOBAL_UNIT_ASSIGNED_CONTEXT ( ( #320, #1386, #197 ) ) REPRESENTATION_CONTEXT ( 'NONE', 'WORKASPACE' ) );
#756 = VECTOR ( 'NONE', #1608, 1000.000000000000000 ) ;
#757 = DIRECTION ( 'NONE',  ( -3.293174969631799092E-17, -1.000000000000000000, -0.000000000000000000 ) ) ;
#758 = CARTESIAN_POINT ( 'NONE',  ( 4.000000000000001776, 0.6999999999999999556, 0.000000000000000000 ) ) ;
#759 = LINE ( 'NONE', #491, #894 ) ;
#760 = PLANE ( 'NONE',  #705 ) ;
#761 = ORIENTED_EDGE ( 'NONE', *, *, #750, .T. ) ;
#762 = CIRCLE ( 'NONE', #1619, 0.3999999999999993006 ) ;
#763 = EDGE_LOOP ( 'NONE', ( #649, #1230, #512, #825 ) ) ;
#764 = ORIENTED_EDGE ( 'NONE', *, *, #18, .F. ) ;
#765 = AXIS2_PLACEMENT_3D ( 'NONE', #1083, #1595, #667 ) ;
#766 = EDGE_CURVE ( 'NONE', #1646, #1349, #1698, .T. ) ;
#767 = DIRECTION ( 'NONE',  ( -1.000000000000000000, 0.000000000000000000, -1.275531967630004999E-16 ) ) ;
#768 = CARTESIAN_POINT ( 'NONE',  ( 5.000000000000000000, 0.000000000000000000, -0.4500000000000000111 ) ) ;
#769 = DIRECTION ( 'NONE',  ( 0.000000000000000000, 0.000000000000000000, 1.000000000000000000 ) ) ;
#770 = CARTESIAN_POINT ( 'NONE',  ( 4.150000000000001243, 0.2999999999999999889, -0.8500000000000000888 ) ) ;
#771 = DIRECTION ( 'NONE',  ( 0.000000000000000000, 0.000000000000000000, 1.000000000000000000 ) ) ;
#772 = ORIENTED_EDGE ( 'NONE', *, *, #1514, .T. ) ;
#773 = EDGE_CURVE ( 'NONE', #1617, #939, #281, .T. ) ;
#774 = FACE_OUTER_BOUND ( 'NONE', #1181, .T. ) ;
#775 = PLANE ( 'NONE',  #672 ) ;
#776 = ORIENTED_EDGE ( 'NONE', *, *, #335, .F. ) ;
#777 = CARTESIAN_POINT ( 'NONE',  ( 2.100000000000000089, 0.2999999999999999889, -0.8500000000000000888 ) ) ;
#778 = DIRECTION ( 'NONE',  ( 0.000000000000000000, -0.000000000000000000, -1.000000000000000000 ) ) ;
#779 = AXIS2_PLACEMENT_3D ( 'NONE', #96, #230, #467 ) ;
#780 = CARTESIAN_POINT ( 'NONE',  ( 2.000000000000001776, 10.20000000000000107, 3.464101615137753942 ) ) ;
#781 = CARTESIAN_POINT ( 'NONE',  ( 5.000000000000000000, 0.000000000000000000, 0.4500000000000000111 ) ) ;
#782 = DIRECTION ( 'NONE',  ( -0.000000000000000000, 0.000000000000000000, 1.000000000000000000 ) ) ;
#783 = DIRECTION ( 'NONE',  ( 1.000000000000000000, -2.710505431213759852E-17, 0.000000000000000000 ) ) ;
#784 = EDGE_LOOP ( 'NONE', ( #248, #39, #1618, #336 ) ) ;
#785 = VECTOR ( 'NONE', #666, 1000.000000000000000 ) ;
#786 = ORIENTED_EDGE ( 'NONE', *, *, #258, .T. ) ;
#787 = DIRECTION ( 'NONE',  ( 0.000000000000000000, 0.000000000000000000, 1.000000000000000000 ) ) ;
#788 = AXIS2_PLACEMENT_3D ( 'NONE', #1315, #1060, #1193 ) ;
#789 = LINE ( 'NONE', #1314, #434 ) ;
#790 = CARTESIAN_POINT ( 'NONE',  ( -4.150000000000001243, 0.2999999999999999889, -0.8500000000000000888 ) ) ;
#791 = ADVANCED_FACE ( 'NONE', ( #375 ), #382, .T. ) ;
#792 = CARTESIAN_POINT ( 'NONE',  ( 4.150000000000001243, 0.09999999999999996392, 0.8500000000000000888 ) ) ;
#793 = AXIS2_PLACEMENT_3D ( 'NONE', #140, #127, #1058 ) ;
#794 = ORIENTED_EDGE ( 'NONE', *, *, #187, .T. ) ;
#795 = ORIENTED_EDGE ( 'NONE', *, *, #152, .T. ) ;
#796 = CARTESIAN_POINT ( 'NONE',  ( -3.799999999999999822, 1.904252929615439571, 4.653657836759942730E-16 ) ) ;
#797 = CARTESIAN_POINT ( 'NONE',  ( -4.000000000000001776, 0.7000000000000001776, 4.898587196589415787E-16 ) ) ;
#798 = CARTESIAN_POINT ( 'NONE',  ( 2.000000000000001332, 10.50000000000000000, 3.112876483254674476 ) ) ;
#799 = ORIENTED_EDGE ( 'NONE', *, *, #416, .T. ) ;
#800 = EDGE_CURVE ( 'NONE', #1272, #25, #1387, .T. ) ;
#801 = EDGE_LOOP ( 'NONE', ( #795, #679, #636, #1328 ) ) ;
#802 = FILL_AREA_STYLE_COLOUR ( '', #337 ) ;
#803 = LINE ( 'NONE', #945, #6 ) ;
#804 = CYLINDRICAL_SURFACE ( 'NONE', #47, 4.000000000000000888 ) ;
#805 = ORIENTED_EDGE ( 'NONE', *, *, #335, .T. ) ;
#806 = DIRECTION ( 'NONE',  ( 0.000000000000000000, 0.000000000000000000, 1.000000000000000000 ) ) ;
#807 = CIRCLE ( 'NONE', #374, 4.300000000000001599 ) ;
#808 = ORIENTED_EDGE ( 'NONE', *, *, #242, .T. ) ;
#809 = VERTEX_POINT ( 'NONE', #386 ) ;
#810 = ORIENTED_EDGE ( 'NONE', *, *, #1117, .F. ) ;
#811 = VECTOR ( 'NONE', #638, 1000.000000000000000 ) ;
#812 = EDGE_CURVE ( 'NONE', #433, #1265, #246, .T. ) ;
#813 = CARTESIAN_POINT ( 'NONE',  ( -4.150000000000001243, 0.09999999999999996392, -2.650000000000000355 ) ) ;
#814 = CYLINDRICAL_SURFACE ( 'NONE', #1589, 4.300000000000001599 ) ;
#815 = AXIS2_PLACEMENT_3D ( 'NONE', #1163, #50, #1616 ) ;
#816 = DIRECTION ( 'NONE',  ( -1.000000000000000000, 0.000000000000000000, 0.000000000000000000 ) ) ;
#817 = ORIENTED_EDGE ( 'NONE', *, *, #1159, .F. ) ;
#818 = EDGE_LOOP ( 'NONE', ( #681, #355, #226, #690 ) ) ;
#819 = CARTESIAN_POINT ( 'NONE',  ( -5.293457665664521300E-16, 1.100000000000000089, 4.149999999999999467 ) ) ;
#820 = FACE_OUTER_BOUND ( 'NONE', #536, .T. ) ;
#821 = DIRECTION ( 'NONE',  ( -3.293174969631799092E-17, -1.000000000000000000, -0.000000000000000000 ) ) ;
#822 = DIRECTION ( 'NONE',  ( -4.928191693115926948E-17, -1.000000000000000000, 0.000000000000000000 ) ) ;
#823 = EDGE_LOOP ( 'NONE', ( #494, #1063, #890, #991 ) ) ;
#824 = DIRECTION ( 'NONE',  ( -1.000000000000000000, 4.928191693115926948E-17, 0.000000000000000000 ) ) ;
#825 = ORIENTED_EDGE ( 'NONE', *, *, #1391, .T. ) ;
#826 = DIRECTION ( 'NONE',  ( 1.000000000000000000, 0.000000000000000000, 1.275531967630005245E-16 ) ) ;
#827 = CARTESIAN_POINT ( 'NONE',  ( -4.150000000000000355, 1.100000000000000089, -1.125833024919773884 ) ) ;
#828 = ORIENTED_EDGE ( 'NONE', *, *, #1536, .T. ) ;
#829 = DIRECTION ( 'NONE',  ( 1.000000000000000000, 0.000000000000000000, 0.000000000000000000 ) ) ;
#830 = EDGE_CURVE ( 'NONE', #72, #48, #124, .T. ) ;
#831 = VECTOR ( 'NONE', #743, 1000.000000000000000 ) ;
#832 = VECTOR ( 'NONE', #1011, 1000.000000000000000 ) ;
#833 = VECTOR ( 'NONE', #1578, 1000.000000000000000 ) ;
#834 = ORIENTED_EDGE ( 'NONE', *, *, #549, .T. ) ;
#835 = CARTESIAN_POINT ( 'NONE',  ( 4.150000000000001243, 0.09999999999999996392, 4.150000000000000355 ) ) ;
#836 = FACE_OUTER_BOUND ( 'NONE', #1535, .T. ) ;
#837 = EDGE_CURVE ( 'NONE', #634, #598, #1440, .T. ) ;
#838 = MECHANICAL_DESIGN_GEOMETRIC_PRESENTATION_REPRESENTATION (  '', ( #627 ), #988 ) ;
#839 = ORIENTED_EDGE ( 'NONE', *, *, #1447, .T. ) ;
#840 = ORIENTED_EDGE ( 'NONE', *, *, #208, .F. ) ;
#841 = ORIENTED_EDGE ( 'NONE', *, *, #11, .T. ) ;
#842 = FACE_OUTER_BOUND ( 'NONE', #823, .T. ) ;
#843 = DIRECTION ( 'NONE',  ( -0.000000000000000000, -1.000000000000000000, -0.000000000000000000 ) ) ;
#844 = EDGE_CURVE ( 'NONE', #1265, #935, #927, .T. ) ;
#845 = DIRECTION ( 'NONE',  ( -1.636531581110195656E-16, 0.000000000000000000, -1.000000000000000000 ) ) ;
#846 = EDGE_LOOP ( 'NONE', ( #395, #150, #387, #87, #1507, #1251, #321, #266 ) ) ;
#847 =( GEOMETRIC_REPRESENTATION_CONTEXT ( 3 ) GLOBAL_UNCERTAINTY_ASSIGNED_CONTEXT ( ( #1375 ) ) GLOBAL_UNIT_ASSIGNED_CONTEXT ( ( #1062, #236, #908 ) ) REPRESENTATION_CONTEXT ( 'NONE', 'WORKASPACE' ) );
#848 = ORIENTED_EDGE ( 'NONE', *, *, #1476, .T. ) ;
#849 = FACE_OUTER_BOUND ( 'NONE', #475, .T. ) ;
#850 = SURFACE_SIDE_STYLE ('',( #579 ) ) ;
#851 = PRODUCT_DEFINITION_CONTEXT ( 'detailed design', #135, 'design' ) ;
#852 = EDGE_CURVE ( 'NONE', #401, #25, #762, .T. ) ;
#853 = EDGE_LOOP ( 'NONE', ( #309, #408, #1320, #1106 ) ) ;
#854 = VECTOR ( 'NONE', #888, 1000.000000000000000 ) ;
#855 = ORIENTED_EDGE ( 'NONE', *, *, #192, .F. ) ;
#856 = PLANE ( 'NONE',  #1340 ) ;
#857 = LINE ( 'NONE', #437, #1475 ) ;
#858 = VECTOR ( 'NONE', #1630, 1000.000000000000000 ) ;
#859 = PLANE ( 'NONE',  #476 ) ;
#860 = ADVANCED_FACE ( 'NONE', ( #1294 ), #1050, .F. ) ;
#861 = PLANE ( 'NONE',  #779 ) ;
#862 = VERTEX_POINT ( 'NONE', #663 ) ;
#863 = CARTESIAN_POINT ( 'NONE',  ( 2.100000000000000089, 0.2999999999999999889, 0.000000000000000000 ) ) ;
#864 = PRODUCT_RELATED_PRODUCT_CATEGORY ( 'part', '', ( #1215 ) ) ;
#865 = VECTOR ( 'NONE', #1542, 1000.000000000000000 ) ;
#866 = ORIENTED_EDGE ( 'NONE', *, *, #406, .T. ) ;
#867 = VERTEX_POINT ( 'NONE', #1555 ) ;
#868 = PLANE ( 'NONE',  #928 ) ;
#869 = PRODUCT_CONTEXT ( 'NONE', #326, 'mechanical' ) ;
#870 = ADVANCED_FACE ( 'NONE', ( #643 ), #391, .T. ) ;
#871 = CARTESIAN_POINT ( 'NONE',  ( 5.293457665664521300E-16, 1.100000000000000089, -4.150000000000000355 ) ) ;
#872 = CARTESIAN_POINT ( 'NONE',  ( 2.000000000000001332, 10.20000000000000107, -3.464101615137753054 ) ) ;
#873 = CARTESIAN_POINT ( 'NONE',  ( -4.150000000000000355, 1.100000000000000089, 6.791606061607311836E-16 ) ) ;
#874 = VECTOR ( 'NONE', #558, 1000.000000000000000 ) ;
#875 = ORIENTED_EDGE ( 'NONE', *, *, #406, .F. ) ;
#876 = AXIS2_PLACEMENT_3D ( 'NONE', #15, #533, #1202 ) ;
#877 = EDGE_LOOP ( 'NONE', ( #992, #1490, #1289, #55, #333, #1111, #1244, #866, #177, #952, #901, #158 ) ) ;
#878 = CIRCLE ( 'NONE', #518, 0.3999999999999993006 ) ;
#879 = CARTESIAN_POINT ( 'NONE',  ( 4.150000000000001243, 1.500000000000000000, -1.125833024919773440 ) ) ;
#880 = ADVANCED_FACE ( 'NONE', ( #1572 ), #760, .F. ) ;
#881 = CARTESIAN_POINT ( 'NONE',  ( 1.125833024919782321, 1.500000000000000000, 4.149999999999999467 ) ) ;
#882 = DIRECTION ( 'NONE',  ( 0.7071067811865477948, 0.000000000000000000, -0.7071067811865473507 ) ) ;
#883 = LINE ( 'NONE', #482, #865 ) ;
#884 = EDGE_LOOP ( 'NONE', ( #167, #1003, #1310, #1657 ) ) ;
#885 = VERTEX_POINT ( 'NONE', #1185 ) ;
#886 = DIRECTION ( 'NONE',  ( 0.000000000000000000, 1.000000000000000000, -0.000000000000000000 ) ) ;
#887 = LINE ( 'NONE', #104, #312 ) ;
#888 = DIRECTION ( 'NONE',  ( -1.000000000000000000, 0.000000000000000000, 0.000000000000000000 ) ) ;
#889 = EDGE_CURVE ( 'NONE', #1022, #209, #379, .T. ) ;
#890 = ORIENTED_EDGE ( 'NONE', *, *, #837, .F. ) ;
#891 = ORIENTED_EDGE ( 'NONE', *, *, #18, .T. ) ;
#892 = VECTOR ( 'NONE', #986, 1000.000000000000000 ) ;
#893 = DIRECTION ( 'NONE',  ( -1.000000000000000000, 0.000000000000000000, 0.000000000000000000 ) ) ;
#894 = VECTOR ( 'NONE', #618, 1000.000000000000000 ) ;
#895 = AXIS2_PLACEMENT_3D ( 'NONE', #1080, #305, #1343 ) ;
#896 = CARTESIAN_POINT ( 'NONE',  ( 5.000000000000000000, 0.2999999999999999889, 0.000000000000000000 ) ) ;
#897 = CARTESIAN_POINT ( 'NONE',  ( 3.128516221150208891E-16, 10.20000000000000107, 0.000000000000000000 ) ) ;
#898 = DIRECTION ( 'NONE',  ( 0.000000000000000000, -0.000000000000000000, 1.000000000000000000 ) ) ;
#899 = EDGE_CURVE ( 'NONE', #1598, #1188, #1625, .T. ) ;
#900 = VECTOR ( 'NONE', #1418, 1000.000000000000000 ) ;
#901 = ORIENTED_EDGE ( 'NONE', *, *, #1669, .T. ) ;
#902 = CIRCLE ( 'NONE', #357, 0.2999999999999999334 ) ;
#903 = CARTESIAN_POINT ( 'NONE',  ( -2.650000000000002576, 1.100000000000000089, -4.150000000000000355 ) ) ;
#904 = CIRCLE ( 'NONE', #1128, 3.933333333333334014 ) ;
#905 = EDGE_CURVE ( 'NONE', #1022, #809, #1460, .T. ) ;
#906 = DIRECTION ( 'NONE',  ( -1.000000000000000000, 0.000000000000000000, -0.000000000000000000 ) ) ;
#907 = CARTESIAN_POINT ( 'NONE',  ( 0.000000000000000000, 0.2999999999999999889, 0.4500000000000000111 ) ) ;
#908 =( NAMED_UNIT ( * ) SI_UNIT ( $, .STERADIAN. ) SOLID_ANGLE_UNIT ( ) );
#909 = CARTESIAN_POINT ( 'NONE',  ( -2.650000000000000355, 0.09999999999999996392, -4.150000000000000355 ) ) ;
#910 = EDGE_CURVE ( 'NONE', #1240, #107, #110, .T. ) ;
#911 = FACE_OUTER_BOUND ( 'NONE', #853, .T. ) ;
#912 = DIRECTION ( 'NONE',  ( 0.000000000000000000, 0.000000000000000000, 1.000000000000000000 ) ) ;
#913 = ORIENTED_EDGE ( 'NONE', *, *, #1179, .F. ) ;
#914 = VERTEX_POINT ( 'NONE', #932 ) ;
#915 = ORIENTED_EDGE ( 'NONE', *, *, #1057, .F. ) ;
#916 = EDGE_CURVE ( 'NONE', #485, #969, #567, .T. ) ;
#917 = EDGE_LOOP ( 'NONE', ( #722, #1196, #1070, #1359 ) ) ;
#918 = EDGE_LOOP ( 'NONE', ( #43, #1484, #538 ) ) ;
#919 = LINE ( 'NONE', #1030, #1649 ) ;
#920 = CARTESIAN_POINT ( 'NONE',  ( 0.000000000000000000, 0.2999999999999999889, 0.4500000000000000111 ) ) ;
#921 = TOROIDAL_SURFACE ( 'NONE', #179, 3.699999999999999289, 0.2999999999999999889 ) ;
#922 = CARTESIAN_POINT ( 'NONE',  ( -2.400000000000000355, 0.000000000000000000, 0.4500000000000000111 ) ) ;
#923 = DIRECTION ( 'NONE',  ( -1.000000000000000000, 4.928191693115926948E-17, 0.000000000000000000 ) ) ;
#924 = UNCERTAINTY_MEASURE_WITH_UNIT (LENGTH_MEASURE( 1.000000000000000082E-05 ), #320, 'distance_accuracy_value', 'NONE');
#925 = FACE_OUTER_BOUND ( 'NONE', #1560, .T. ) ;
#926 = VERTEX_POINT ( 'NONE', #957 ) ;
#927 = CIRCLE ( 'NONE', #1508, 0.8500000000000000888 ) ;
#928 = AXIS2_PLACEMENT_3D ( 'NONE', #599, #356, #1393 ) ;
#929 = DIRECTION ( 'NONE',  ( 1.000000000000000000, 0.000000000000000000, -1.224646799147353207E-16 ) ) ;
#930 = CARTESIAN_POINT ( 'NONE',  ( 2.000000000000001332, 10.36780642235721039, 3.418841903527991555 ) ) ;
#931 = ADVANCED_FACE ( 'NONE', ( #1454 ), #286, .F. ) ;
#932 = CARTESIAN_POINT ( 'NONE',  ( 1.125833024919773440, 1.500000000000000000, -4.150000000000000355 ) ) ;
#933 = ORIENTED_EDGE ( 'NONE', *, *, #632, .T. ) ;
#934 = EDGE_CURVE ( 'NONE', #867, #885, #695, .T. ) ;
#935 = VERTEX_POINT ( 'NONE', #938 ) ;
#936 = CARTESIAN_POINT ( 'NONE',  ( -5.000000000000000000, 0.000000000000000000, 0.000000000000000000 ) ) ;
#937 = CARTESIAN_POINT ( 'NONE',  ( 2.000000000000001332, 10.36759584173306337, 3.419116282626419867 ) ) ;
#938 = CARTESIAN_POINT ( 'NONE',  ( 2.100000000000000089, 0.09999999999999996392, -0.8500000000000000888 ) ) ;
#939 = VERTEX_POINT ( 'NONE', #149 ) ;
#940 = FACE_OUTER_BOUND ( 'NONE', #58, .T. ) ;
#941 = ADVANCED_FACE ( 'NONE', ( #1481 ), #1102, .F. ) ;
#942 = ORIENTED_EDGE ( 'NONE', *, *, #1505, .F. ) ;
#943 = ORIENTED_EDGE ( 'NONE', *, *, #1327, .F. ) ;
#944 = VERTEX_POINT ( 'NONE', #1325 ) ;
#945 = CARTESIAN_POINT ( 'NONE',  ( 5.000000000000000000, 0.2999999999999999889, 0.4500000000000000111 ) ) ;
#946 = TOROIDAL_SURFACE ( 'NONE', #38, 4.200000000000000178, 0.3999999999999994116 ) ;
#947 = CARTESIAN_POINT ( 'NONE',  ( 2.100000000000000089, 0.2999999999999999889, 0.000000000000000000 ) ) ;
#948 =( GEOMETRIC_REPRESENTATION_CONTEXT ( 3 ) GLOBAL_UNCERTAINTY_ASSIGNED_CONTEXT ( ( #1635 ) ) GLOBAL_UNIT_ASSIGNED_CONTEXT ( ( #1029, #1426, #125 ) ) REPRESENTATION_CONTEXT ( 'NONE', 'WORKASPACE' ) );
#949 = VERTEX_POINT ( 'NONE', #827 ) ;
#950 = DIRECTION ( 'NONE',  ( 1.000000000000000000, -2.710505431213759852E-17, 0.000000000000000000 ) ) ;
#951 = ADVANCED_FACE ( 'NONE', ( #1204 ), #804, .T. ) ;
#952 = ORIENTED_EDGE ( 'NONE', *, *, #1239, .T. ) ;
#953 = AXIS2_PLACEMENT_3D ( 'NONE', #896, #1161, #1437 ) ;
#954 = FILL_AREA_STYLE ('',( #802 ) ) ;
#955 = FACE_OUTER_BOUND ( 'NONE', #682, .T. ) ;
#956 = VECTOR ( 'NONE', #1652, 1000.000000000000000 ) ;
#957 = CARTESIAN_POINT ( 'NONE',  ( -2.100000000000000089, 0.09999999999999996392, -0.8500000000000000888 ) ) ;
#958 = ORIENTED_EDGE ( 'NONE', *, *, #1551, .T. ) ;
#959 = AXIS2_PLACEMENT_3D ( 'NONE', #1569, #1562, #778 ) ;
#960 = LINE ( 'NONE', #196, #1658 ) ;
#961 = DIRECTION ( 'NONE',  ( -0.000000000000000000, -1.000000000000000000, -0.000000000000000000 ) ) ;
#962 = EDGE_LOOP ( 'NONE', ( #1575, #463, #52, #720 ) ) ;
#963 = B_SPLINE_CURVE_WITH_KNOTS ( 'NONE', 3,
 ( #1539, #1697, #1546, #1438, #748, #113 ),
 .UNSPECIFIED., .F., .F.,
 ( 4, 2, 4 ),
 ( 0.001661964429707304611, 0.001917346878878888831, 0.002172729328050473051 ),
 .UNSPECIFIED. ) ;
#964 = DIRECTION ( 'NONE',  ( -1.000000000000000000, 0.000000000000000000, 0.000000000000000000 ) ) ;
#965 = CARTESIAN_POINT ( 'NONE',  ( 3.128516221150208891E-16, 10.20000000000000107, 0.000000000000000000 ) ) ;
#966 = ORIENTED_EDGE ( 'NONE', *, *, #1025, .F. ) ;
#967 = FACE_OUTER_BOUND ( 'NONE', #877, .T. ) ;
#968 = EDGE_LOOP ( 'NONE', ( #523, #238, #225, #35 ) ) ;
#969 = VERTEX_POINT ( 'NONE', #798 ) ;
#970 = DIRECTION ( 'NONE',  ( 0.000000000000000000, -0.000000000000000000, -1.000000000000000000 ) ) ;
#971 = DIRECTION ( 'NONE',  ( 0.000000000000000000, 0.000000000000000000, 1.000000000000000000 ) ) ;
#972 = ADVANCED_FACE ( 'NONE', ( #22 ), #1538, .T. ) ;
#973 = DIRECTION ( 'NONE',  ( 1.000000000000000000, 0.000000000000000000, 0.000000000000000000 ) ) ;
#974 = CARTESIAN_POINT ( 'NONE',  ( 0.000000000000000000, 1.904252929615439349, 0.000000000000000000 ) ) ;
#975 = DIRECTION ( 'NONE',  ( -0.000000000000000000, -1.000000000000000000, -0.000000000000000000 ) ) ;
#976 = ORIENTED_EDGE ( 'NONE', *, *, #750, .F. ) ;
#977 = ORIENTED_EDGE ( 'NONE', *, *, #1346, .F. ) ;
#978 = SURFACE_SIDE_STYLE ('',( #176 ) ) ;
#979 = CIRCLE ( 'NONE', #19, 3.699999999999999289 ) ;
#980 = ORIENTED_EDGE ( 'NONE', *, *, #1632, .F. ) ;
#981 = EDGE_CURVE ( 'NONE', #706, #496, #1611, .T. ) ;
#982 = ORIENTED_EDGE ( 'NONE', *, *, #145, .F. ) ;
#983 = AXIS2_PLACEMENT_3D ( 'NONE', #1529, #1259, #845 ) ;
#984 = PLANE ( 'NONE',  #1287 ) ;
#985 = ADVANCED_FACE ( 'NONE', ( #1607 ), #303, .F. ) ;
#986 = DIRECTION ( 'NONE',  ( -0.000000000000000000, -1.000000000000000000, -0.000000000000000000 ) ) ;
#987 = ORIENTED_EDGE ( 'NONE', *, *, #59, .T. ) ;
#988 =( GEOMETRIC_REPRESENTATION_CONTEXT ( 3 ) GLOBAL_UNCERTAINTY_ASSIGNED_CONTEXT ( ( #61 ) ) GLOBAL_UNIT_ASSIGNED_CONTEXT ( ( #90, #1497, #461 ) ) REPRESENTATION_CONTEXT ( 'NONE', 'WORKASPACE' ) );
#989 = CARTESIAN_POINT ( 'NONE',  ( 4.456733144508497742E-17, 2.053324128115425307, 0.000000000000000000 ) ) ;
#990 = CARTESIAN_POINT ( 'NONE',  ( -4.000000000000001776, 2.798680120615355094, 4.898587196589414801E-16 ) ) ;
#991 = ORIENTED_EDGE ( 'NONE', *, *, #1689, .T. ) ;
#992 = ORIENTED_EDGE ( 'NONE', *, *, #680, .F. ) ;
#993 = EDGE_CURVE ( 'NONE', #914, #170, #1597, .T. ) ;
#994 = CARTESIAN_POINT ( 'NONE',  ( 0.000000000000000000, 0.2999999999999999889, -0.4500000000000000111 ) ) ;
#995 = PRESENTATION_STYLE_ASSIGNMENT (( #202 ) ) ;
#996 = FACE_OUTER_BOUND ( 'NONE', #1677, .T. ) ;
#997 = FACE_OUTER_BOUND ( 'NONE', #409, .T. ) ;
#998 = VERTEX_POINT ( 'NONE', #407 ) ;
#999 = DIRECTION ( 'NONE',  ( 0.000000000000000000, 0.000000000000000000, 1.000000000000000000 ) ) ;
#1000 = AXIS2_PLACEMENT_3D ( 'NONE', #396, #1201, #1059 ) ;
#1001 = DIRECTION ( 'NONE',  ( 1.000000000000000000, -3.293174969631799092E-17, 0.000000000000000000 ) ) ;
#1002 = LINE ( 'NONE', #143, #405 ) ;
#1003 = ORIENTED_EDGE ( 'NONE', *, *, #378, .T. ) ;
#1004 = FACE_OUTER_BOUND ( 'NONE', #1668, .T. ) ;
#1005 = EDGE_CURVE ( 'NONE', #1240, #1028, #729, .T. ) ;
#1006 = VERTEX_POINT ( 'NONE', #29 ) ;
#1007 = EDGE_LOOP ( 'NONE', ( #1342, #1035, #840, #1464 ) ) ;
#1008 = CARTESIAN_POINT ( 'NONE',  ( 2.000000000000001332, 10.50000000000000000, 3.112876483254675364 ) ) ;
#1009 = B_SPLINE_CURVE_WITH_KNOTS ( 'NONE', 3,
 ( #404, #662, #937, #27, #1479, #301 ),
 .UNSPECIFIED., .F., .F.,
 ( 4, 2, 4 ),
 ( 0.001091721675339718750, 0.001346499644985959523, 0.001601277614632200296 ),
 .UNSPECIFIED. ) ;
#1010 = CARTESIAN_POINT ( 'NONE',  ( -4.150000000000000355, 0.09999999999999996392, 2.649999999999999023 ) ) ;
#1011 = DIRECTION ( 'NONE',  ( -0.000000000000000000, 1.000000000000000000, -0.000000000000000000 ) ) ;
#1012 = ORIENTED_EDGE ( 'NONE', *, *, #1678, .F. ) ;
#1013 = AXIS2_PLACEMENT_3D ( 'NONE', #1229, #535, #1470 ) ;
#1014 = VECTOR ( 'NONE', #106, 1000.000000000000000 ) ;
#1015 = ORIENTED_EDGE ( 'NONE', *, *, #981, .F. ) ;
#1016 = CARTESIAN_POINT ( 'NONE',  ( 2.100000000000000089, 0.2999999999999999889, -0.4500000000000000111 ) ) ;
#1017 = DIRECTION ( 'NONE',  ( -0.000000000000000000, -0.000000000000000000, 1.000000000000000000 ) ) ;
#1018 = DIRECTION ( 'NONE',  ( -0.000000000000000000, 1.000000000000000000, -0.000000000000000000 ) ) ;
#1019 = CIRCLE ( 'NONE', #1148, 3.999999999999999112 ) ;
#1020 = AXIS2_PLACEMENT_3D ( 'NONE', #1055, #912, #122 ) ;
#1021 = AXIS2_PLACEMENT_3D ( 'NONE', #723, #338, #211 ) ;
#1022 = VERTEX_POINT ( 'NONE', #414 ) ;
#1023 = CARTESIAN_POINT ( 'NONE',  ( 2.100000000000000089, 0.2999999999999999889, -0.8500000000000000888 ) ) ;
#1024 = PLANE ( 'NONE',  #78 ) ;
#1025 = EDGE_CURVE ( 'NONE', #37, #555, #552, .T. ) ;
#1026 = LINE ( 'NONE', #1276, #1559 ) ;
#1027 = PRESENTATION_STYLE_ASSIGNMENT (( #1398 ) ) ;
#1028 = VERTEX_POINT ( 'NONE', #438 ) ;
#1029 =( LENGTH_UNIT ( ) NAMED_UNIT ( * ) SI_UNIT ( .MILLI., .METRE. ) );
#1030 = CARTESIAN_POINT ( 'NONE',  ( 4.150000000000001243, 1.100000000000000089, -1.125833024919773440 ) ) ;
#1031 = EDGE_CURVE ( 'NONE', #612, #1385, #1367, .T. ) ;
#1032 = LINE ( 'NONE', #770, #1143 ) ;
#1033 = DIRECTION ( 'NONE',  ( 0.000000000000000000, -1.000000000000000000, 0.000000000000000000 ) ) ;
#1034 = ORIENTED_EDGE ( 'NONE', *, *, #773, .T. ) ;
#1035 = ORIENTED_EDGE ( 'NONE', *, *, #1327, .T. ) ;
#1036 = AXIS2_PLACEMENT_3D ( 'NONE', #454, #1513, #330 ) ;
#1037 = ADVANCED_FACE ( 'NONE', ( #351 ), #946, .F. ) ;
#1038 = CARTESIAN_POINT ( 'NONE',  ( 5.293457665664521300E-16, 1.500000000000000000, -4.150000000000000355 ) ) ;
#1039 = FACE_OUTER_BOUND ( 'NONE', #178, .T. ) ;
#1040 = VECTOR ( 'NONE', #1146, 1000.000000000000000 ) ;
#1041 = DIRECTION ( 'NONE',  ( -3.293174969631799092E-17, -1.000000000000000000, -0.000000000000000000 ) ) ;
#1042 = ADVANCED_FACE ( 'NONE', ( #606 ), #859, .T. ) ;
#1043 = DIRECTION ( 'NONE',  ( -3.293174969631799092E-17, -1.000000000000000000, -0.000000000000000000 ) ) ;
#1044 = ORIENTED_EDGE ( 'NONE', *, *, #1632, .T. ) ;
#1045 = CIRCLE ( 'NONE', #626, 0.3999999999999993006 ) ;
#1046 = AXIS2_PLACEMENT_3D ( 'NONE', #1360, #1189, #787 ) ;
#1047 = PLANE ( 'NONE',  #299 ) ;
#1048 = DIRECTION ( 'NONE',  ( 0.000000000000000000, 0.000000000000000000, 1.000000000000000000 ) ) ;
#1049 = LINE ( 'NONE', #1571, #1499 ) ;
#1050 = PLANE ( 'NONE',  #1020 ) ;
#1051 = ORIENTED_EDGE ( 'NONE', *, *, #1466, .F. ) ;
#1052 = VECTOR ( 'NONE', #1323, 1000.000000000000000 ) ;
#1053 = CARTESIAN_POINT ( 'NONE',  ( -4.150000000000001243, 0.2999999999999999889, -0.8500000000000000888 ) ) ;
#1054 = FACE_OUTER_BOUND ( 'NONE', #1662, .T. ) ;
#1055 = CARTESIAN_POINT ( 'NONE',  ( -4.150000000000001243, 0.2999999999999999889, 0.8500000000000000888 ) ) ;
#1056 = ORIENTED_EDGE ( 'NONE', *, *, #204, .F. ) ;
#1057 = EDGE_CURVE ( 'NONE', #343, #1634, #1699, .T. ) ;
#1058 = DIRECTION ( 'NONE',  ( 1.000000000000000000, 0.000000000000000000, 0.000000000000000000 ) ) ;
#1059 = DIRECTION ( 'NONE',  ( 1.000000000000000000, 0.000000000000000000, 0.000000000000000000 ) ) ;
#1060 = DIRECTION ( 'NONE',  ( 0.000000000000000000, -1.000000000000000000, 0.000000000000000000 ) ) ;
#1061 = VECTOR ( 'NONE', #499, 1000.000000000000000 ) ;
#1062 =( LENGTH_UNIT ( ) NAMED_UNIT ( * ) SI_UNIT ( .MILLI., .METRE. ) );
#1063 = ORIENTED_EDGE ( 'NONE', *, *, #600, .F. ) ;
#1064 = CIRCLE ( 'NONE', #1540, 4.300000000000001599 ) ;
#1065 = FACE_OUTER_BOUND ( 'NONE', #1687, .T. ) ;
#1066 = CARTESIAN_POINT ( 'NONE',  ( -3.933333333333335347, 2.649608922115368692, 4.857765636617836615E-16 ) ) ;
#1067 = CARTESIAN_POINT ( 'NONE',  ( 4.150000000000001243, 0.09999999999999996392, -4.149999999999999467 ) ) ;
#1068 = ADVANCED_FACE ( 'NONE', ( #359 ), #1135, .F. ) ;
#1069 = CARTESIAN_POINT ( 'NONE',  ( 2.000000000000001332, 10.20000000000000107, -3.464101615137753054 ) ) ;
#1070 = ORIENTED_EDGE ( 'NONE', *, *, #242, .F. ) ;
#1071 = LINE ( 'NONE', #1599, #1425 ) ;
#1072 = ORIENTED_EDGE ( 'NONE', *, *, #1248, .T. ) ;
#1073 = CARTESIAN_POINT ( 'NONE',  ( 4.150000000000001243, 1.500000000000000000, 1.125833024919773440 ) ) ;
#1074 = CARTESIAN_POINT ( 'NONE',  ( -4.150000000000001243, 0.2999999999999999889, -0.8500000000000000888 ) ) ;
#1075 = AXIS2_PLACEMENT_3D ( 'NONE', #796, #1183, #40 ) ;
#1076 = ADVANCED_FACE ( 'NONE', ( #69 ), #325, .F. ) ;
#1077 = CARTESIAN_POINT ( 'NONE',  ( 2.400000000000000355, 0.2999999999999999889, 0.000000000000000000 ) ) ;
#1078 = AXIS2_PLACEMENT_3D ( 'NONE', #1423, #502, #129 ) ;
#1079 = CARTESIAN_POINT ( 'NONE',  ( 0.000000000000000000, 2.798680120615355094, 0.000000000000000000 ) ) ;
#1080 = CARTESIAN_POINT ( 'NONE',  ( -2.400000000000000355, 0.2999999999999999889, -0.000000000000000000 ) ) ;
#1081 = VERTEX_POINT ( 'NONE', #1404 ) ;
#1082 = PRESENTATION_STYLE_ASSIGNMENT (( #1623 ) ) ;
#1083 = CARTESIAN_POINT ( 'NONE',  ( 4.150000000000001243, 0.2999999999999999889, -0.8500000000000000888 ) ) ;
#1084 = AXIS2_PLACEMENT_3D ( 'NONE', #398, #276, #358 ) ;
#1085 = CARTESIAN_POINT ( 'NONE',  ( 1.125833024919773440, 1.100000000000000089, -4.150000000000000355 ) ) ;
#1086 = EDGE_LOOP ( 'NONE', ( #445, #420, #1512, #1255 ) ) ;
#1087 = CARTESIAN_POINT ( 'NONE',  ( -5.000000000000000000, 0.2999999999999999889, 0.4500000000000000111 ) ) ;
#1088 = ORIENTED_EDGE ( 'NONE', *, *, #317, .F. ) ;
#1089 = ORIENTED_EDGE ( 'NONE', *, *, #1219, .F. ) ;
#1090 = AXIS2_PLACEMENT_3D ( 'NONE', #669, #1341, #165 ) ;
#1091 = CARTESIAN_POINT ( 'NONE',  ( 4.150000000000001243, 0.09999999999999996392, -0.8500000000000000888 ) ) ;
#1092 = CARTESIAN_POINT ( 'NONE',  ( 2.400000000000000355, 0.000000000000000000, 0.4500000000000000111 ) ) ;
#1093 = AXIS2_PLACEMENT_3D ( 'NONE', #790, #540, #422 ) ;
#1094 = DIRECTION ( 'NONE',  ( 0.000000000000000000, 0.000000000000000000, 1.000000000000000000 ) ) ;
#1095 = VERTEX_POINT ( 'NONE', #1665 ) ;
#1096 = CARTESIAN_POINT ( 'NONE',  ( -1.125833024919773440, 1.100000000000000089, -4.150000000000000355 ) ) ;
#1097 = DIRECTION ( 'NONE',  ( -0.000000000000000000, -0.000000000000000000, -1.000000000000000000 ) ) ;
#1098 = VERTEX_POINT ( 'NONE', #1238 ) ;
#1099 = VERTEX_POINT ( 'NONE', #452 ) ;
#1100 = FACE_OUTER_BOUND ( 'NONE', #664, .T. ) ;
#1101 = FILL_AREA_STYLE ('',( #1134 ) ) ;
#1102 = PLANE ( 'NONE',  #1090 ) ;
#1103 = DIRECTION ( 'NONE',  ( -1.000000000000000000, 3.293174969631799092E-17, 0.000000000000000000 ) ) ;
#1104 = VERTEX_POINT ( 'NONE', #881 ) ;
#1105 = CIRCLE ( 'NONE', #279, 0.2000000000000005107 ) ;
#1106 = ORIENTED_EDGE ( 'NONE', *, *, #1544, .F. ) ;
#1107 = ADVANCED_FACE ( 'NONE', ( #747 ), #1413, .F. ) ;
#1108 = CYLINDRICAL_SURFACE ( 'NONE', #1021, 4.000000000000000888 ) ;
#1109 = DIRECTION ( 'NONE',  ( -3.293174969631799092E-17, -1.000000000000000000, -0.000000000000000000 ) ) ;
#1110 = CARTESIAN_POINT ( 'NONE',  ( 1.125833024919782321, 1.100000000000000089, 4.149999999999999467 ) ) ;
#1111 = ORIENTED_EDGE ( 'NONE', *, *, #317, .T. ) ;
#1112 = FILL_AREA_STYLE ('',( #619 ) ) ;
#1113 = EDGE_CURVE ( 'NONE', #1610, #554, #1510, .T. ) ;
#1114 = AXIS2_PLACEMENT_3D ( 'NONE', #1533, #1541, #882 ) ;
#1115 = ORIENTED_EDGE ( 'NONE', *, *, #28, .T. ) ;
#1116 = DIRECTION ( 'NONE',  ( 1.224646799147353207E-16, -4.032976185591765034E-33, 1.000000000000000000 ) ) ;
#1117 = EDGE_CURVE ( 'NONE', #401, #48, #1498, .T. ) ;
#1118 = LINE ( 'NONE', #450, #82 ) ;
#1119 = DIRECTION ( 'NONE',  ( 0.000000000000000000, 0.000000000000000000, 1.000000000000000000 ) ) ;
#1120 = TOROIDAL_SURFACE ( 'NONE', #216, 4.200000000000000178, 0.3999999999999994116 ) ;
#1121 = DIRECTION ( 'NONE',  ( -1.000000000000000000, 0.000000000000000000, 0.000000000000000000 ) ) ;
#1122 = CARTESIAN_POINT ( 'NONE',  ( -1.125833024919773440, 0.6999999999999999556, -4.150000000000000355 ) ) ;
#1123 = ORIENTED_EDGE ( 'NONE', *, *, #732, .F. ) ;
#1124 = FACE_OUTER_BOUND ( 'NONE', #968, .T. ) ;
#1125 = DIRECTION ( 'NONE',  ( -3.293174969631799092E-17, -1.000000000000000000, -0.000000000000000000 ) ) ;
#1126 = ADVANCED_FACE ( 'NONE', ( #996 ), #446, .T. ) ;
#1127 = SURFACE_SIDE_STYLE ('',( #594 ) ) ;
#1128 = AXIS2_PLACEMENT_3D ( 'NONE', #44, #310, #829 ) ;
#1129 = ORIENTED_EDGE ( 'NONE', *, *, #1179, .T. ) ;
#1130 = DIRECTION ( 'NONE',  ( -0.000000000000000000, -1.000000000000000000, -0.000000000000000000 ) ) ;
#1131 = ORIENTED_EDGE ( 'NONE', *, *, #562, .T. ) ;
#1132 = DIRECTION ( 'NONE',  ( -3.293174969631799092E-17, -1.000000000000000000, -0.000000000000000000 ) ) ;
#1133 = LINE ( 'NONE', #56, #1654 ) ;
#1134 = FILL_AREA_STYLE_COLOUR ( '', #1366 ) ;
#1135 = CYLINDRICAL_SURFACE ( 'NONE', #295, 0.8500000000000000888 ) ;
#1136 =( LENGTH_UNIT ( ) NAMED_UNIT ( * ) SI_UNIT ( .MILLI., .METRE. ) );
#1137 = DIRECTION ( 'NONE',  ( 0.7071067811865475727, 0.000000000000000000, -0.7071067811865475727 ) ) ;
#1138 = DIRECTION ( 'NONE',  ( 1.000000000000000000, 0.000000000000000000, 1.275531967630004999E-16 ) ) ;
#1139 = CARTESIAN_POINT ( 'NONE',  ( 4.338000552243762528E-33, 0.7000000000000000666, 0.000000000000000000 ) ) ;
#1140 = LINE ( 'NONE', #907, #1331 ) ;
#1141 = LINE ( 'NONE', #1147, #1191 ) ;
#1142 = VECTOR ( 'NONE', #782, 1000.000000000000000 ) ;
#1143 = VECTOR ( 'NONE', #1292, 1000.000000000000000 ) ;
#1144 = ADVANCED_FACE ( 'NONE', ( #836 ), #577, .F. ) ;
#1145 = LINE ( 'NONE', #1467, #1182 ) ;
#1146 = DIRECTION ( 'NONE',  ( 0.7071067811865477948, 0.000000000000000000, -0.7071067811865473507 ) ) ;
#1147 = CARTESIAN_POINT ( 'NONE',  ( -2.650000000000000355, 0.09999999999999996392, -4.150000000000000355 ) ) ;
#1148 = AXIS2_PLACEMENT_3D ( 'NONE', #539, #428, #964 ) ;
#1149 = PRODUCT_DEFINITION_FORMATION_WITH_SPECIFIED_SOURCE ( 'ANY', '', #1215, .NOT_KNOWN. ) ;
#1150 = ORIENTED_EDGE ( 'NONE', *, *, #553, .T. ) ;
#1151 = ORIENTED_EDGE ( 'NONE', *, *, #1596, .F. ) ;
#1152 = FACE_OUTER_BOUND ( 'NONE', #962, .T. ) ;
#1153 = DIRECTION ( 'NONE',  ( -1.000000000000000000, 4.928191693115926948E-17, 0.000000000000000000 ) ) ;
#1154 = EDGE_CURVE ( 'NONE', #1104, #30, #601, .T. ) ;
#1155 = CARTESIAN_POINT ( 'NONE',  ( -2.100000000000000089, 0.2999999999999999889, -0.8500000000000000888 ) ) ;
#1156 = VERTEX_POINT ( 'NONE', #1268 ) ;
#1157 = AXIS2_PLACEMENT_3D ( 'NONE', #16, #1431, #527 ) ;
#1158 = DIRECTION ( 'NONE',  ( 4.928191693115926948E-17, 1.000000000000000000, 0.000000000000000000 ) ) ;
#1159 = EDGE_CURVE ( 'NONE', #1348, #1156, #471, .T. ) ;
#1160 = CARTESIAN_POINT ( 'NONE',  ( -4.000000000000000888, 1.904252929615439571, 4.898587196589414801E-16 ) ) ;
#1161 = DIRECTION ( 'NONE',  ( 1.000000000000000000, 0.000000000000000000, 0.000000000000000000 ) ) ;
#1162 = PLANE ( 'NONE',  #1114 ) ;
#1163 = CARTESIAN_POINT ( 'NONE',  ( 0.000000000000000000, 0.6999999999999999556, 0.000000000000000000 ) ) ;
#1164 = EDGE_CURVE ( 'NONE', #1385, #37, #1249, .T. ) ;
#1165 = ADVANCED_FACE ( 'NONE', ( #462 ), #1176, .T. ) ;
#1166 = DIRECTION ( 'NONE',  ( -3.293174969631799092E-17, -1.000000000000000000, -0.000000000000000000 ) ) ;
#1167 = ADVANCED_FACE ( 'NONE', ( #911 ), #1120, .F. ) ;
#1168 = CARTESIAN_POINT ( 'NONE',  ( -2.400000000000000355, 0.2999999999999999889, -0.4500000000000000111 ) ) ;
#1169 = DIRECTION ( 'NONE',  ( 0.000000000000000000, 0.000000000000000000, 1.000000000000000000 ) ) ;
#1170 = EDGE_CURVE ( 'NONE', #1613, #209, #516, .T. ) ;
#1171 = ORIENTED_EDGE ( 'NONE', *, *, #1514, .F. ) ;
#1172 = VECTOR ( 'NONE', #274, 1000.000000000000000 ) ;
#1173 = VECTOR ( 'NONE', #1576, 1000.000000000000000 ) ;
#1174 = DIRECTION ( 'NONE',  ( 1.000000000000000000, 0.000000000000000000, 0.000000000000000000 ) ) ;
#1175 = AXIS2_PLACEMENT_3D ( 'NONE', #731, #1132, #1400 ) ;
#1176 = PLANE ( 'NONE',  #1361 ) ;
#1177 = DIRECTION ( 'NONE',  ( -0.000000000000000000, 1.000000000000000000, -0.000000000000000000 ) ) ;
#1178 = DIRECTION ( 'NONE',  ( 0.000000000000000000, 0.000000000000000000, -1.000000000000000000 ) ) ;
#1179 = EDGE_CURVE ( 'NONE', #1028, #188, #155, .T. ) ;
#1180 = PRESENTATION_STYLE_ASSIGNMENT (( #658 ) ) ;
#1181 = EDGE_LOOP ( 'NONE', ( #564, #1072, #1363, #660 ) ) ;
#1182 = VECTOR ( 'NONE', #1217, 1000.000000000000114 ) ;
#1183 = DIRECTION ( 'NONE',  ( 1.224646799147353207E-16, -4.032976185591765034E-33, 1.000000000000000000 ) ) ;
#1184 = CARTESIAN_POINT ( 'NONE',  ( -4.150000000000000355, 1.100000000000000089, 1.125833024919773884 ) ) ;
#1185 = CARTESIAN_POINT ( 'NONE',  ( 2.000000000000001332, 10.20000000000000107, 3.464101615137753054 ) ) ;
#1186 = EDGE_LOOP ( 'NONE', ( #625, #217, #1351, #958 ) ) ;
#1187 = PLANE ( 'NONE',  #1084 ) ;
#1188 = VERTEX_POINT ( 'NONE', #118 ) ;
#1189 = DIRECTION ( 'NONE',  ( 0.000000000000000000, 1.000000000000000000, -0.000000000000000000 ) ) ;
#1190 = ADVANCED_FACE ( 'NONE', ( #774 ), #1024, .T. ) ;
#1191 = VECTOR ( 'NONE', #1018, 1000.000000000000000 ) ;
#1192 = CARTESIAN_POINT ( 'NONE',  ( -4.150000000000000355, 1.100000000000000089, -1.125833024919773884 ) ) ;
#1193 = DIRECTION ( 'NONE',  ( 0.000000000000000000, -0.000000000000000000, -1.000000000000000000 ) ) ;
#1194 = AXIS2_PLACEMENT_3D ( 'NONE', #244, #639, #654 ) ;
#1195 = DIRECTION ( 'NONE',  ( 4.928191693115926948E-17, 1.000000000000000000, 0.000000000000000000 ) ) ;
#1196 = ORIENTED_EDGE ( 'NONE', *, *, #1640, .F. ) ;
#1197 = DIRECTION ( 'NONE',  ( -0.000000000000000000, -0.000000000000000000, 1.000000000000000000 ) ) ;
#1198 = AXIS2_PLACEMENT_3D ( 'NONE', #965, #1195, #816 ) ;
#1199 = VERTEX_POINT ( 'NONE', #1545 ) ;
#1200 = EDGE_CURVE ( 'NONE', #1385, #433, #520, .T. ) ;
#1201 = DIRECTION ( 'NONE',  ( -3.293174969631799092E-17, -1.000000000000000000, -0.000000000000000000 ) ) ;
#1202 = DIRECTION ( 'NONE',  ( -1.000000000000000000, 0.000000000000000000, 0.000000000000000000 ) ) ;
#1203 = CLOSED_SHELL ( 'NONE', ( #524, #1233, #1434, #465, #546, #572 ) ) ;
#1204 = FACE_OUTER_BOUND ( 'NONE', #474, .T. ) ;
#1205 = ORIENTED_EDGE ( 'NONE', *, *, #1505, .T. ) ;
#1206 = EDGE_CURVE ( 'NONE', #1224, #170, #1565, .T. ) ;
#1207 = ORIENTED_EDGE ( 'NONE', *, *, #721, .F. ) ;
#1208 = VECTOR ( 'NONE', #547, 1000.000000000000000 ) ;
#1209 = CARTESIAN_POINT ( 'NONE',  ( -1.125833024919773440, 1.100000000000000089, -4.150000000000000355 ) ) ;
#1210 = ADVANCED_FACE ( 'NONE', ( #1054 ), #1403, .F. ) ;
#1211 = DIRECTION ( 'NONE',  ( 0.000000000000000000, -1.000000000000000000, 0.000000000000000000 ) ) ;
#1212 = EDGE_LOOP ( 'NONE', ( #1369, #509, #623, #292 ) ) ;
#1213 = ORIENTED_EDGE ( 'NONE', *, *, #1326, .T. ) ;
#1214 = VERTEX_POINT ( 'NONE', #1283 ) ;
#1215 = PRODUCT ( 'EEV337M016S9MAA', 'EEV337M016S9MAA', '', ( #869 ) ) ;
#1216 = ORIENTED_EDGE ( 'NONE', *, *, #116, .T. ) ;
#1217 = DIRECTION ( 'NONE',  ( 0.7071067811865474617, 0.000000000000000000, 0.7071067811865474617 ) ) ;
#1218 = DIRECTION ( 'NONE',  ( -1.000000000000000000, 4.928191693115926948E-17, 0.000000000000000000 ) ) ;
#1219 = EDGE_CURVE ( 'NONE', #1494, #1410, #629, .T. ) ;
#1220 = CARTESIAN_POINT ( 'NONE',  ( -2.649999999999999911, 0.09999999999999996392, 4.149999999999999467 ) ) ;
#1221 = AXIS2_PLACEMENT_3D ( 'NONE', #1241, #466, #1001 ) ;
#1222 = VERTEX_POINT ( 'NONE', #768 ) ;
#1223 = DIRECTION ( 'NONE',  ( 0.000000000000000000, 0.000000000000000000, 1.000000000000000000 ) ) ;
#1224 = VERTEX_POINT ( 'NONE', #112 ) ;
#1225 = ORIENTED_EDGE ( 'NONE', *, *, #247, .T. ) ;
#1226 = FACE_OUTER_BOUND ( 'NONE', #1319, .T. ) ;
#1227 = LINE ( 'NONE', #1353, #1449 ) ;
#1228 = CIRCLE ( 'NONE', #190, 0.3999999999999993006 ) ;
#1229 = CARTESIAN_POINT ( 'NONE',  ( 6.911320842474331013E-17, 2.798680120615355094, 0.000000000000000000 ) ) ;
#1230 = ORIENTED_EDGE ( 'NONE', *, *, #1154, .F. ) ;
#1231 = DIRECTION ( 'NONE',  ( 0.000000000000000000, -1.000000000000000000, 0.000000000000000000 ) ) ;
#1232 = CARTESIAN_POINT ( 'NONE',  ( 1.125833024919773440, 0.6999999999999999556, -4.150000000000000355 ) ) ;
#1233 = ADVANCED_FACE ( 'NONE', ( #1152 ), #1688, .T. ) ;
#1234 = ORIENTED_EDGE ( 'NONE', *, *, #830, .T. ) ;
#1235 = AXIS2_PLACEMENT_3D ( 'NONE', #354, #1043, #656 ) ;
#1236 = CARTESIAN_POINT ( 'NONE',  ( 0.000000000000000000, 0.6999999999999999556, 0.000000000000000000 ) ) ;
#1237 = SHAPE_DEFINITION_REPRESENTATION ( #159, #1557 ) ;
#1238 = CARTESIAN_POINT ( 'NONE',  ( -2.100000000000000089, 0.09999999999999996392, 0.8500000000000000888 ) ) ;
#1239 = EDGE_CURVE ( 'NONE', #1463, #1224, #919, .T. ) ;
#1240 = VERTEX_POINT ( 'NONE', #780 ) ;
#1241 = CARTESIAN_POINT ( 'NONE',  ( 3.227311470239163406E-16, 10.50000000000000000, 0.000000000000000000 ) ) ;
#1242 =( GEOMETRIC_REPRESENTATION_CONTEXT ( 3 ) GLOBAL_UNCERTAINTY_ASSIGNED_CONTEXT ( ( #272 ) ) GLOBAL_UNIT_ASSIGNED_CONTEXT ( ( #1136, #473, #1676 ) ) REPRESENTATION_CONTEXT ( 'NONE', 'WORKASPACE' ) );
#1243 = DIRECTION ( 'NONE',  ( 0.000000000000000000, 0.000000000000000000, -1.000000000000000000 ) ) ;
#1244 = ORIENTED_EDGE ( 'NONE', *, *, #1422, .F. ) ;
#1245 = ORIENTED_EDGE ( 'NONE', *, *, #641, .T. ) ;
#1246 = CARTESIAN_POINT ( 'NONE',  ( 3.965815604915329486E-17, 1.904252929615439349, 0.000000000000000000 ) ) ;
#1247 = DIRECTION ( 'NONE',  ( -1.000000000000000000, 0.000000000000000000, 0.000000000000000000 ) ) ;
#1248 = EDGE_CURVE ( 'NONE', #738, #1199, #280, .T. ) ;
#1249 = LINE ( 'NONE', #588, #182 ) ;
#1250 = PLANE ( 'NONE',  #529 ) ;
#1251 = ORIENTED_EDGE ( 'NONE', *, *, #1466, .T. ) ;
#1252 = VECTOR ( 'NONE', #33, 1000.000000000000000 ) ;
#1253 = CARTESIAN_POINT ( 'NONE',  ( -5.000000000000000000, 0.2999999999999999889, -0.4500000000000000111 ) ) ;
#1254 = FACE_OUTER_BOUND ( 'NONE', #580, .T. ) ;
#1255 = ORIENTED_EDGE ( 'NONE', *, *, #1581, .T. ) ;
#1256 = ORIENTED_EDGE ( 'NONE', *, *, #68, .F. ) ;
#1257 = PLANE ( 'NONE',  #138 ) ;
#1258 = EDGE_CURVE ( 'NONE', #1095, #1295, #1271, .T. ) ;
#1259 = DIRECTION ( 'NONE',  ( 1.000000000000000000, 0.000000000000000000, -1.636531581110195656E-16 ) ) ;
#1260 = AXIS2_PLACEMENT_3D ( 'NONE', #1528, #348, #100 ) ;
#1261 = PLANE ( 'NONE',  #213 ) ;
#1262 = LINE ( 'NONE', #1548, #832 ) ;
#1263 = DIRECTION ( 'NONE',  ( 0.000000000000000000, 0.000000000000000000, 1.000000000000000000 ) ) ;
#1264 = CIRCLE ( 'NONE', #793, 4.000000000000001776 ) ;
#1265 = VERTEX_POINT ( 'NONE', #507 ) ;
#1266 = CARTESIAN_POINT ( 'NONE',  ( 2.100000000000000089, 0.2999999999999999889, 0.4500000000000000111 ) ) ;
#1267 = DIRECTION ( 'NONE',  ( 0.000000000000000000, 1.000000000000000000, -0.000000000000000000 ) ) ;
#1268 = CARTESIAN_POINT ( 'NONE',  ( -4.150000000000001243, 0.09999999999999996392, 0.8500000000000000888 ) ) ;
#1269 = CARTESIAN_POINT ( 'NONE',  ( 0.000000000000000000, 1.500000000000000000, 0.000000000000000000 ) ) ;
#1270 = DIRECTION ( 'NONE',  ( 1.000000000000000000, -0.000000000000000000, 0.000000000000000000 ) ) ;
#1271 = CIRCLE ( 'NONE', #12, 3.933333333333335347 ) ;
#1272 = VERTEX_POINT ( 'NONE', #128 ) ;
#1273 = ORIENTED_EDGE ( 'NONE', *, *, #1326, .F. ) ;
#1274 = CARTESIAN_POINT ( 'NONE',  ( -4.200000000000000178, 2.351466525115396333, 5.143516556418883914E-16 ) ) ;
#1275 = CARTESIAN_POINT ( 'NONE',  ( 0.000000000000000000, 1.100000000000000089, 0.000000000000000000 ) ) ;
#1276 = CARTESIAN_POINT ( 'NONE',  ( -2.649999999999999911, 0.6999999999999999556, 4.149999999999999467 ) ) ;
#1277 = EDGE_CURVE ( 'NONE', #433, #1598, #2, .T. ) ;
#1278 = DIRECTION ( 'NONE',  ( -1.636531581110195656E-16, 0.000000000000000000, -1.000000000000000000 ) ) ;
#1279 = ORIENTED_EDGE ( 'NONE', *, *, #668, .F. ) ;
#1280 = VERTEX_POINT ( 'NONE', #267 ) ;
#1281 = VECTOR ( 'NONE', #119, 1000.000000000000000 ) ;
#1282 = EDGE_CURVE ( 'NONE', #72, #1634, #789, .T. ) ;
#1283 = CARTESIAN_POINT ( 'NONE',  ( 2.000000000000001332, 10.50000000000000000, -3.112876483254675364 ) ) ;
#1284 = CARTESIAN_POINT ( 'NONE',  ( -4.150000000000001243, 0.09999999999999996392, -0.8500000000000000888 ) ) ;
#1285 = CARTESIAN_POINT ( 'NONE',  ( 3.128516221150208891E-16, 10.20000000000000107, 0.000000000000000000 ) ) ;
#1286 = CARTESIAN_POINT ( 'NONE',  ( 4.150000000000001243, 0.2999999999999999889, 0.8500000000000000888 ) ) ;
#1287 = AXIS2_PLACEMENT_3D ( 'NONE', #66, #733, #315 ) ;
#1288 = EDGE_CURVE ( 'NONE', #1349, #1099, #1145, .T. ) ;
#1289 = ORIENTED_EDGE ( 'NONE', *, *, #1277, .F. ) ;
#1290 = AXIS2_PLACEMENT_3D ( 'NONE', #1659, #697, #1223 ) ;
#1291 = DIRECTION ( 'NONE',  ( 0.000000000000000000, 1.000000000000000000, -0.000000000000000000 ) ) ;
#1292 = DIRECTION ( 'NONE',  ( -0.000000000000000000, -1.000000000000000000, -0.000000000000000000 ) ) ;
#1293 = EDGE_CURVE ( 'NONE', #706, #1295, #1105, .T. ) ;
#1294 = FACE_OUTER_BOUND ( 'NONE', #1086, .T. ) ;
#1295 = VERTEX_POINT ( 'NONE', #1066 ) ;
#1296 = STYLED_ITEM ( 'NONE', ( #1082 ), #1302 ) ;
#1297 = EDGE_CURVE ( 'NONE', #48, #343, #171, .T. ) ;
#1298 = FACE_OUTER_BOUND ( 'NONE', #503, .T. ) ;
#1299 = CARTESIAN_POINT ( 'NONE',  ( 0.000000000000000000, 2.351466525115396333, 0.000000000000000000 ) ) ;
#1300 = DIRECTION ( 'NONE',  ( 0.000000000000000000, 1.000000000000000000, -0.000000000000000000 ) ) ;
#1301 = EDGE_CURVE ( 'NONE', #1280, #72, #120, .T. ) ;
#1302 = MANIFOLD_SOLID_BREP ( 'Shield', #459 ) ;
#1303 = DIRECTION ( 'NONE',  ( -3.293174969631799092E-17, -1.000000000000000000, -0.000000000000000000 ) ) ;
#1304 = ORIENTED_EDGE ( 'NONE', *, *, #1558, .T. ) ;
#1305 = VECTOR ( 'NONE', #688, 1000.000000000000000 ) ;
#1306 = VERTEX_POINT ( 'NONE', #1073 ) ;
#1307 = DIRECTION ( 'NONE',  ( -1.000000000000000000, 0.000000000000000000, 0.000000000000000000 ) ) ;
#1308 = LINE ( 'NONE', #134, #1580 ) ;
#1309 = ORIENTED_EDGE ( 'NONE', *, *, #541, .T. ) ;
#1310 = ORIENTED_EDGE ( 'NONE', *, *, #508, .F. ) ;
#1311 = VECTOR ( 'NONE', #704, 1000.000000000000000 ) ;
#1312 = FACE_OUTER_BOUND ( 'NONE', #1212, .T. ) ;
#1313 = TOROIDAL_SURFACE ( 'NONE', #1175, 3.700000000000000178, 0.2999999999999997113 ) ;
#1314 = CARTESIAN_POINT ( 'NONE',  ( -4.000000000000001776, 0.7000000000000000666, 4.898587196589415787E-16 ) ) ;
#1315 = CARTESIAN_POINT ( 'NONE',  ( -2.100000000000000089, 0.2999999999999999889, 0.000000000000000000 ) ) ;
#1316 = DIRECTION ( 'NONE',  ( 1.000000000000000000, 0.000000000000000000, -0.000000000000000000 ) ) ;
#1317 = UNCERTAINTY_MEASURE_WITH_UNIT (LENGTH_MEASURE( 1.000000000000000082E-05 ), #146, 'distance_accuracy_value', 'NONE');
#1318 = EDGE_CURVE ( 'NONE', #935, #1006, #556, .T. ) ;
#1319 = EDGE_LOOP ( 'NONE', ( #943, #1524 ) ) ;
#1320 = ORIENTED_EDGE ( 'NONE', *, *, #1258, .T. ) ;
#1321 = ORIENTED_EDGE ( 'NONE', *, *, #1057, .T. ) ;
#1322 = ORIENTED_EDGE ( 'NONE', *, *, #1293, .T. ) ;
#1323 = DIRECTION ( 'NONE',  ( 1.000000000000000000, -0.000000000000000000, -0.000000000000000000 ) ) ;
#1324 = FACE_OUTER_BOUND ( 'NONE', #1693, .T. ) ;
#1325 = CARTESIAN_POINT ( 'NONE',  ( -4.150000000000001243, 1.100000000000000089, -2.649999999999999911 ) ) ;
#1326 = EDGE_CURVE ( 'NONE', #23, #944, #14, .T. ) ;
#1327 = EDGE_CURVE ( 'NONE', #885, #867, #1019, .T. ) ;
#1328 = ORIENTED_EDGE ( 'NONE', *, *, #187, .F. ) ;
#1329 = VECTOR ( 'NONE', #724, 1000.000000000000000 ) ;
#1330 = DIRECTION ( 'NONE',  ( 1.000000000000000000, 0.000000000000000000, 0.000000000000000000 ) ) ;
#1331 = VECTOR ( 'NONE', #1672, 1000.000000000000000 ) ;
#1332 = EDGE_CURVE ( 'NONE', #591, #998, #684, .T. ) ;
#1333 = CARTESIAN_POINT ( 'NONE',  ( -2.100000000000000089, 0.2999999999999999889, 0.000000000000000000 ) ) ;
#1334 = ORIENTED_EDGE ( 'NONE', *, *, #399, .T. ) ;
#1335 = CARTESIAN_POINT ( 'NONE',  ( 0.000000000000000000, 0.2999999999999999889, 0.4500000000000000111 ) ) ;
#1336 = ORIENTED_EDGE ( 'NONE', *, *, #1031, .T. ) ;
#1337 = EDGE_CURVE ( 'NONE', #25, #1272, #521, .T. ) ;
#1338 = AXIS2_PLACEMENT_3D ( 'NONE', #324, #1670, #703 ) ;
#1339 = CARTESIAN_POINT ( 'NONE',  ( 4.200000000000000178, 2.351466525115396333, 0.000000000000000000 ) ) ;
#1340 = AXIS2_PLACEMENT_3D ( 'NONE', #88, #1137, #583 ) ;
#1341 = DIRECTION ( 'NONE',  ( -1.275531967630004999E-16, 0.000000000000000000, 1.000000000000000000 ) ) ;
#1342 = ORIENTED_EDGE ( 'NONE', *, *, #1551, .F. ) ;
#1343 = DIRECTION ( 'NONE',  ( -1.000000000000000000, 0.000000000000000000, 0.000000000000000000 ) ) ;
#1344 = SURFACE_SIDE_STYLE ('',( #293 ) ) ;
#1345 = DIRECTION ( 'NONE',  ( 4.928191693115926948E-17, 1.000000000000000000, 0.000000000000000000 ) ) ;
#1346 = EDGE_CURVE ( 'NONE', #1104, #1433, #31, .T. ) ;
#1347 = DIRECTION ( 'NONE',  ( -3.293174969631799092E-17, -1.000000000000000000, -0.000000000000000000 ) ) ;
#1348 = VERTEX_POINT ( 'NONE', #1452 ) ;
#1349 = VERTEX_POINT ( 'NONE', #20 ) ;
#1350 = FILL_AREA_STYLE_COLOUR ( '', #350 ) ;
#1351 = ORIENTED_EDGE ( 'NONE', *, *, #934, .T. ) ;
#1352 = FACE_OUTER_BOUND ( 'NONE', #458, .T. ) ;
#1353 = CARTESIAN_POINT ( 'NONE',  ( -5.000000000000000000, 0.2999999999999999889, -0.4500000000000000111 ) ) ;
#1354 = MECHANICAL_DESIGN_GEOMETRIC_PRESENTATION_REPRESENTATION (  '', ( #1397 ), #755 ) ;
#1355 = VECTOR ( 'NONE', #1516, 1000.000000000000000 ) ;
#1356 = EDGE_CURVE ( 'NONE', #949, #809, #300, .T. ) ;
#1357 = CARTESIAN_POINT ( 'NONE',  ( 0.000000000000000000, 0.6999999999999999556, 0.000000000000000000 ) ) ;
#1358 = AXIS2_PLACEMENT_3D ( 'NONE', #1691, #1511, #1383 ) ;
#1359 = ORIENTED_EDGE ( 'NONE', *, *, #388, .F. ) ;
#1360 = CARTESIAN_POINT ( 'NONE',  ( 0.000000000000000000, 1.100000000000000089, 0.000000000000000000 ) ) ;
#1361 = AXIS2_PLACEMENT_3D ( 'NONE', #645, #1291, #385 ) ;
#1362 = ORIENTED_EDGE ( 'NONE', *, *, #1519, .T. ) ;
#1363 = ORIENTED_EDGE ( 'NONE', *, *, #212, .F. ) ;
#1364 = AXIS2_PLACEMENT_3D ( 'NONE', #1333, #429, #1489 ) ;
#1365 = LINE ( 'NONE', #1509, #677 ) ;
#1366 = COLOUR_RGB ( '',0.7921568627450980005, 0.8196078431372548767, 0.9333333333333333481 ) ;
#1367 = LINE ( 'NONE', #101, #260 ) ;
#1368 = LINE ( 'NONE', #691, #478 ) ;
#1369 = ORIENTED_EDGE ( 'NONE', *, *, #852, .T. ) ;
#1370 = CLOSED_SHELL ( 'NONE', ( #123, #1190, #1469, #1042, #709, #537 ) ) ;
#1371 = EDGE_CURVE ( 'NONE', #1099, #1613, #153, .T. ) ;
#1372 = ORIENTED_EDGE ( 'NONE', *, *, #1655, .T. ) ;
#1373 = CARTESIAN_POINT ( 'NONE',  ( 3.276361971943686902E-16, 10.50000000000000000, 0.000000000000000000 ) ) ;
#1374 = CYLINDRICAL_SURFACE ( 'NONE', #670, 4.300000000000001599 ) ;
#1375 = UNCERTAINTY_MEASURE_WITH_UNIT (LENGTH_MEASURE( 1.000000000000000082E-05 ), #1062, 'distance_accuracy_value', 'NONE');
#1376 = ADVANCED_FACE ( 'NONE', ( #1352 ), #661, .F. ) ;
#1377 = ORIENTED_EDGE ( 'NONE', *, *, #1293, .F. ) ;
#1378 = PRESENTATION_LAYER_ASSIGNMENT (  '', '', ( #253 ) ) ;
#1379 = DIRECTION ( 'NONE',  ( 1.000000000000000000, -5.421010862427520937E-17, 0.000000000000000000 ) ) ;
#1380 =( NAMED_UNIT ( * ) PLANE_ANGLE_UNIT ( ) SI_UNIT ( $, .RADIAN. ) );
#1381 = CYLINDRICAL_SURFACE ( 'NONE', #1612, 0.2999999999999999334 ) ;
#1382 = CARTESIAN_POINT ( 'NONE',  ( 0.000000000000000000, 2.351466525115396333, 0.000000000000000000 ) ) ;
#1383 = DIRECTION ( 'NONE',  ( 1.000000000000000000, -3.293174969631799092E-17, 0.000000000000000000 ) ) ;
#1384 = ORIENTED_EDGE ( 'NONE', *, *, #1371, .F. ) ;
#1385 = VERTEX_POINT ( 'NONE', #1458 ) ;
#1386 =( NAMED_UNIT ( * ) PLANE_ANGLE_UNIT ( ) SI_UNIT ( $, .RADIAN. ) );
#1387 = CIRCLE ( 'NONE', #1601, 3.800000000000001155 ) ;
#1388 = PRESENTATION_STYLE_ASSIGNMENT (( #332 ) ) ;
#1389 = ORIENTED_EDGE ( 'NONE', *, *, #1427, .F. ) ;
#1390 = LINE ( 'NONE', #334, #1579 ) ;
#1391 = EDGE_CURVE ( 'NONE', #1306, #711, #675, .T. ) ;
#1392 = ORIENTED_EDGE ( 'NONE', *, *, #1301, .F. ) ;
#1393 = DIRECTION ( 'NONE',  ( -1.000000000000000000, 4.928191693115926948E-17, 0.000000000000000000 ) ) ;
#1394 = DIRECTION ( 'NONE',  ( 1.000000000000000000, -2.710505431213759852E-17, 0.000000000000000000 ) ) ;
#1395 = DIRECTION ( 'NONE',  ( 1.000000000000000000, -3.293174969631799092E-17, 0.000000000000000000 ) ) ;
#1396 = CARTESIAN_POINT ( 'NONE',  ( 2.000000000000001332, 10.50000000000000000, -3.464101615137753054 ) ) ;
#1397 = STYLED_ITEM ( 'NONE', ( #442 ), #164 ) ;
#1398 = SURFACE_STYLE_USAGE ( .BOTH. , #1127 ) ;
#1399 = DIRECTION ( 'NONE',  ( -0.000000000000000000, 1.000000000000000000, 0.000000000000000000 ) ) ;
#1400 = DIRECTION ( 'NONE',  ( 1.000000000000000000, -3.293174969631799092E-17, 0.000000000000000000 ) ) ;
#1401 = DIRECTION ( 'NONE',  ( 0.000000000000000000, 0.000000000000000000, 1.000000000000000000 ) ) ;
#1402 = CARTESIAN_POINT ( 'NONE',  ( 0.000000000000000000, 1.100000000000000089, 0.000000000000000000 ) ) ;
#1403 = TOROIDAL_SURFACE ( 'NONE', #4, 4.200000000000000178, 0.3999999999999994116 ) ;
#1404 = CARTESIAN_POINT ( 'NONE',  ( -4.150000000000001243, 0.09999999999999996392, -0.8500000000000000888 ) ) ;
#1405 = AXIS2_PLACEMENT_3D ( 'NONE', #566, #1518, #1401 ) ;
#1406 = CARTESIAN_POINT ( 'NONE',  ( -2.100000000000000089, 0.2999999999999999889, 0.000000000000000000 ) ) ;
#1407 = CARTESIAN_POINT ( 'NONE',  ( 4.000000000000000888, 0.6999999999999998446, 0.000000000000000000 ) ) ;
#1408 = VECTOR ( 'NONE', #752, 1000.000000000000000 ) ;
#1409 = ORIENTED_EDGE ( 'NONE', *, *, #68, .T. ) ;
#1410 = VERTEX_POINT ( 'NONE', #1266 ) ;
#1411 = VECTOR ( 'NONE', #585, 1000.000000000000000 ) ;
#1412 = DIRECTION ( 'NONE',  ( 1.000000000000000000, 0.000000000000000000, -1.224646799147353454E-16 ) ) ;
#1413 = PLANE ( 'NONE',  #983 ) ;
#1414 = LINE ( 'NONE', #229, #1040 ) ;
#1415 = CARTESIAN_POINT ( 'NONE',  ( 4.150000000000001243, 1.500000000000000000, -4.149999999999999467 ) ) ;
#1416 = ORIENTED_EDGE ( 'NONE', *, *, #444, .T. ) ;
#1417 = ORIENTED_EDGE ( 'NONE', *, *, #269, .T. ) ;
#1418 = DIRECTION ( 'NONE',  ( -0.000000000000000000, -1.000000000000000000, -0.000000000000000000 ) ) ;
#1419 = LINE ( 'NONE', #1284, #1061 ) ;
#1420 = ORIENTED_EDGE ( 'NONE', *, *, #993, .T. ) ;
#1421 = CARTESIAN_POINT ( 'NONE',  ( 0.000000000000000000, 1.500000000000000000, 0.000000000000000000 ) ) ;
#1422 = EDGE_CURVE ( 'NONE', #1626, #1006, #49, .T. ) ;
#1423 = CARTESIAN_POINT ( 'NONE',  ( 3.965815604915329486E-17, 1.904252929615439349, 0.000000000000000000 ) ) ;
#1424 = ORIENTED_EDGE ( 'NONE', *, *, #1258, .F. ) ;
#1425 = VECTOR ( 'NONE', #806, 1000.000000000000000 ) ;
#1426 =( NAMED_UNIT ( * ) PLANE_ANGLE_UNIT ( ) SI_UNIT ( $, .RADIAN. ) );
#1427 = EDGE_CURVE ( 'NONE', #468, #1494, #201, .T. ) ;
#1428 = EDGE_CURVE ( 'NONE', #30, #711, #322, .T. ) ;
#1429 = DIRECTION ( 'NONE',  ( 1.000000000000000000, 0.000000000000000000, 0.000000000000000000 ) ) ;
#1430 = LINE ( 'NONE', #1406, #105 ) ;
#1431 = DIRECTION ( 'NONE',  ( 0.000000000000000000, -1.000000000000000000, 0.000000000000000000 ) ) ;
#1432 = VECTOR ( 'NONE', #1094, 1000.000000000000000 ) ;
#1433 = VERTEX_POINT ( 'NONE', #1496 ) ;
#1434 = ADVANCED_FACE ( 'NONE', ( #1100 ), #984, .F. ) ;
#1435 = CARTESIAN_POINT ( 'NONE',  ( 0.000000000000000000, 0.000000000000000000, 0.4500000000000000111 ) ) ;
#1436 = LINE ( 'NONE', #651, #221 ) ;
#1437 = DIRECTION ( 'NONE',  ( 0.000000000000000000, 0.000000000000000000, -1.000000000000000000 ) ) ;
#1438 = CARTESIAN_POINT ( 'NONE',  ( 2.000000000000001332, 10.36826801084657745, -3.418564243619802490 ) ) ;
#1439 = LINE ( 'NONE', #1053, #1477 ) ;
#1440 = LINE ( 'NONE', #259, #534 ) ;
#1441 = FILL_AREA_STYLE ('',( #624 ) ) ;
#1442 = DIRECTION ( 'NONE',  ( 0.000000000000000000, 0.000000000000000000, 1.000000000000000000 ) ) ;
#1443 = VECTOR ( 'NONE', #1487, 1000.000000000000000 ) ;
#1444 = CIRCLE ( 'NONE', #1194, 4.300000000000001599 ) ;
#1445 = DIRECTION ( 'NONE',  ( -0.000000000000000000, -0.000000000000000000, 1.000000000000000000 ) ) ;
#1446 = PLANE ( 'NONE',  #426 ) ;
#1447 = EDGE_CURVE ( 'NONE', #239, #1552, #1118, .T. ) ;
#1448 = DIRECTION ( 'NONE',  ( -4.928191693115926948E-17, -1.000000000000000000, 0.000000000000000000 ) ) ;
#1449 = VECTOR ( 'NONE', #843, 1000.000000000000000 ) ;
#1450 = CLOSED_SHELL ( 'NONE', ( #1486, #646, #1144, #148, #1107, #328, #941, #76, #1068, #880, #1638, #608, #860, #931, #1567, #1609, #1376, #1165, #1076, #54, #1604, #687, #289, #373 ) ) ;
#1451 = AXIS2_PLACEMENT_3D ( 'NONE', #644, #1166, #1 ) ;
#1452 = CARTESIAN_POINT ( 'NONE',  ( -4.150000000000000355, 0.09999999999999996392, 2.649999999999999023 ) ) ;
#1453 = CARTESIAN_POINT ( 'NONE',  ( -2.100000000000000089, 0.2999999999999999889, 0.8500000000000000888 ) ) ;
#1454 = FACE_OUTER_BOUND ( 'NONE', #1573, .T. ) ;
#1455 = EDGE_LOOP ( 'NONE', ( #447, #1506, #772, #189 ) ) ;
#1456 = EDGE_CURVE ( 'NONE', #1222, #13, #1639, .T. ) ;
#1457 = VECTOR ( 'NONE', #1585, 1000.000000000000000 ) ;
#1458 = CARTESIAN_POINT ( 'NONE',  ( 4.150000000000001243, 0.2999999999999999889, 0.8500000000000000888 ) ) ;
#1459 = CARTESIAN_POINT ( 'NONE',  ( -4.150000000000000355, 1.100000000000000089, 1.125833024919773884 ) ) ;
#1460 = LINE ( 'NONE', #42, #240 ) ;
#1461 = ORIENTED_EDGE ( 'NONE', *, *, #1600, .T. ) ;
#1462 = ADVANCED_FACE ( 'NONE', ( #1226 ), #868, .F. ) ;
#1463 = VERTEX_POINT ( 'NONE', #879 ) ;
#1464 = ORIENTED_EDGE ( 'NONE', *, *, #549, .F. ) ;
#1465 = AXIS2_PLACEMENT_3D ( 'NONE', #947, #1211, #550 ) ;
#1466 = EDGE_CURVE ( 'NONE', #484, #809, #298, .T. ) ;
#1467 = CARTESIAN_POINT ( 'NONE',  ( -3.399999999999999467, 1.100000000000000089, 3.399999999999999467 ) ) ;
#1468 = DIRECTION ( 'NONE',  ( -0.000000000000000000, -1.000000000000000000, -0.000000000000000000 ) ) ;
#1469 = ADVANCED_FACE ( 'NONE', ( #842 ), #1257, .F. ) ;
#1470 = DIRECTION ( 'NONE',  ( 1.000000000000000000, 0.000000000000000000, 0.000000000000000000 ) ) ;
#1471 = ORIENTED_EDGE ( 'NONE', *, *, #683, .F. ) ;
#1472 = VECTOR ( 'NONE', #389, 1000.000000000000000 ) ;
#1473 = ORIENTED_EDGE ( 'NONE', *, *, #231, .T. ) ;
#1474 = ORIENTED_EDGE ( 'NONE', *, *, #981, .T. ) ;
#1475 = VECTOR ( 'NONE', #1138, 1000.000000000000000 ) ;
#1476 = EDGE_CURVE ( 'NONE', #484, #170, #857, .T. ) ;
#1477 = VECTOR ( 'NONE', #1174, 1000.000000000000000 ) ;
#1478 = DIRECTION ( 'NONE',  ( 0.000000000000000000, 0.000000000000000000, 1.000000000000000000 ) ) ;
#1479 = CARTESIAN_POINT ( 'NONE',  ( 2.000000000000001332, 10.50000000000000355, 3.197959770622548437 ) ) ;
#1480 = FACE_OUTER_BOUND ( 'NONE', #1637, .T. ) ;
#1481 = FACE_OUTER_BOUND ( 'NONE', #77, .T. ) ;
#1482 = EDGE_LOOP ( 'NONE', ( #99, #982, #966, #933 ) ) ;
#1483 = CARTESIAN_POINT ( 'NONE',  ( 1.125833024919782543, 0.6999999999999999556, 4.150000000000000355 ) ) ;
#1484 = ORIENTED_EDGE ( 'NONE', *, *, #1346, .T. ) ;
#1485 = ORIENTED_EDGE ( 'NONE', *, *, #553, .F. ) ;
#1486 = ADVANCED_FACE ( 'NONE', ( #605 ), #180, .F. ) ;
#1487 = DIRECTION ( 'NONE',  ( -0.000000000000000000, -1.000000000000000000, -0.000000000000000000 ) ) ;
#1488 =( NAMED_UNIT ( * ) SI_UNIT ( $, .STERADIAN. ) SOLID_ANGLE_UNIT ( ) );
#1489 = DIRECTION ( 'NONE',  ( 0.000000000000000000, 0.000000000000000000, -1.000000000000000000 ) ) ;
#1490 = ORIENTED_EDGE ( 'NONE', *, *, #674, .F. ) ;
#1491 = CARTESIAN_POINT ( 'NONE',  ( 3.800000000000001155, 2.351466525115396333, 0.000000000000000000 ) ) ;
#1492 = PLANE ( 'NONE',  #700 ) ;
#1493 = LINE ( 'NONE', #74, #263 ) ;
#1494 = VERTEX_POINT ( 'NONE', #1016 ) ;
#1495 = ORIENTED_EDGE ( 'NONE', *, *, #1536, .F. ) ;
#1496 = CARTESIAN_POINT ( 'NONE',  ( 4.150000000000001243, 1.500000000000000000, 4.150000000000000355 ) ) ;
#1497 =( NAMED_UNIT ( * ) PLANE_ANGLE_UNIT ( ) SI_UNIT ( $, .RADIAN. ) );
#1498 = CIRCLE ( 'NONE', #753, 0.2000000000000005107 ) ;
#1499 = VECTOR ( 'NONE', #655, 1000.000000000000000 ) ;
#1500 = DIRECTION ( 'NONE',  ( 0.000000000000000000, 0.000000000000000000, -1.000000000000000000 ) ) ;
#1501 = VECTOR ( 'NONE', #365, 1000.000000000000000 ) ;
#1502 = CARTESIAN_POINT ( 'NONE',  ( 4.000000000000001776, 2.798680120615355094, 0.000000000000000000 ) ) ;
#1503 = EDGE_LOOP ( 'NONE', ( #430, #166, #817, #290, #174, #1461, #431, #1636, #708, #1273, #1207, #62 ) ) ;
#1504 = CARTESIAN_POINT ( 'NONE',  ( -2.100000000000000089, 0.09999999999999996392, 0.000000000000000000 ) ) ;
#1505 = EDGE_CURVE ( 'NONE', #1028, #706, #1365, .T. ) ;
#1506 = ORIENTED_EDGE ( 'NONE', *, *, #621, .T. ) ;
#1507 = ORIENTED_EDGE ( 'NONE', *, *, #1476, .F. ) ;
#1508 = AXIS2_PLACEMENT_3D ( 'NONE', #648, #1033, #1169 ) ;
#1509 = CARTESIAN_POINT ( 'NONE',  ( -4.000000000000000888, 0.7000000000000000666, 4.898587196589413815E-16 ) ) ;
#1510 = LINE ( 'NONE', #871, #510 ) ;
#1511 = DIRECTION ( 'NONE',  ( -3.293174969631799092E-17, -1.000000000000000000, -0.000000000000000000 ) ) ;
#1512 = ORIENTED_EDGE ( 'NONE', *, *, #28, .F. ) ;
#1513 = DIRECTION ( 'NONE',  ( -3.293174969631799092E-17, -1.000000000000000000, -0.000000000000000000 ) ) ;
#1514 = EDGE_CURVE ( 'NONE', #97, #998, #1133, .T. ) ;
#1515 = DIRECTION ( 'NONE',  ( 1.000000000000000000, 0.000000000000000000, 0.000000000000000000 ) ) ;
#1516 = DIRECTION ( 'NONE',  ( 1.636531581110195656E-16, 0.000000000000000000, 1.000000000000000000 ) ) ;
#1517 = ORIENTED_EDGE ( 'NONE', *, *, #1456, .T. ) ;
#1518 = DIRECTION ( 'NONE',  ( 0.000000000000000000, 1.000000000000000000, -0.000000000000000000 ) ) ;
#1519 = EDGE_CURVE ( 'NONE', #48, #72, #24, .T. ) ;
#1520 = DIRECTION ( 'NONE',  ( 0.000000000000000000, 0.000000000000000000, 1.000000000000000000 ) ) ;
#1521 = CARTESIAN_POINT ( 'NONE',  ( 2.400000000000000355, 0.000000000000000000, -0.4500000000000000111 ) ) ;
#1522 = CARTESIAN_POINT ( 'NONE',  ( -4.150000000000000355, 0.09999999999999996392, 2.649999999999999023 ) ) ;
#1523 = ADVANCED_FACE ( 'NONE', ( #470 ), #1108, .T. ) ;
#1524 = ORIENTED_EDGE ( 'NONE', *, *, #934, .F. ) ;
#1525 = PLANE ( 'NONE',  #347 ) ;
#1526 = VERTEX_POINT ( 'NONE', #1008 ) ;
#1527 = ORIENTED_EDGE ( 'NONE', *, *, #1422, .T. ) ;
#1528 = CARTESIAN_POINT ( 'NONE',  ( 2.400000000000000355, 0.2999999999999999889, -0.4500000000000000111 ) ) ;
#1529 = CARTESIAN_POINT ( 'NONE',  ( -4.150000000000000355, 0.09999999999999996392, 2.649999999999999023 ) ) ;
#1530 = DIRECTION ( 'NONE',  ( 3.293174969631799092E-17, 1.000000000000000000, 0.000000000000000000 ) ) ;
#1531 = AXIS2_PLACEMENT_3D ( 'NONE', #1069, #156, #822 ) ;
#1532 = AXIS2_PLACEMENT_3D ( 'NONE', #456, #1667, #610 ) ;
#1533 = CARTESIAN_POINT ( 'NONE',  ( -4.150000000000001243, 0.09999999999999996392, -2.650000000000000355 ) ) ;
#1534 = CARTESIAN_POINT ( 'NONE',  ( -2.100000000000000089, 0.2999999999999999889, -0.4500000000000000111 ) ) ;
#1535 = EDGE_LOOP ( 'NONE', ( #79, #786, #327, #1384, #855, #311, #745, #977 ) ) ;
#1536 = EDGE_CURVE ( 'NONE', #13, #1494, #271, .T. ) ;
#1537 = CARTESIAN_POINT ( 'NONE',  ( 4.150000000000001243, 1.100000000000000089, 1.125833024919773440 ) ) ;
#1538 = TOROIDAL_SURFACE ( 'NONE', #1587, 3.800000000000001155, 0.2000000000000006217 ) ;
#1539 = CARTESIAN_POINT ( 'NONE',  ( 2.000000000000001332, 10.50000000000000000, -3.112876483254675364 ) ) ;
#1540 = AXIS2_PLACEMENT_3D ( 'NONE', #1402, #1267, #971 ) ;
#1541 = DIRECTION ( 'NONE',  ( 0.7071067811865473507, 0.000000000000000000, 0.7071067811865477948 ) ) ;
#1542 = DIRECTION ( 'NONE',  ( 1.000000000000000000, 0.000000000000000000, 1.275531967630004999E-16 ) ) ;
#1543 = EDGE_LOOP ( 'NONE', ( #205, #1417, #980, #1679 ) ) ;
#1544 = EDGE_CURVE ( 'NONE', #1272, #1295, #1045, .T. ) ;
#1545 = CARTESIAN_POINT ( 'NONE',  ( -2.400000000000000355, 0.000000000000000000, -0.4500000000000000111 ) ) ;
#1546 = CARTESIAN_POINT ( 'NONE',  ( 2.000000000000001332, 10.47428791656037639, -3.283698267243674529 ) ) ;
#1547 = DIRECTION ( 'NONE',  ( 0.000000000000000000, 0.000000000000000000, 1.000000000000000000 ) ) ;
#1548 = CARTESIAN_POINT ( 'NONE',  ( 4.150000000000001243, 0.09999999999999996392, 4.150000000000000355 ) ) ;
#1549 = VECTOR ( 'NONE', #1445, 1000.000000000000000 ) ;
#1550 = ORIENTED_EDGE ( 'NONE', *, *, #411, .T. ) ;
#1551 = EDGE_CURVE ( 'NONE', #885, #969, #734, .T. ) ;
#1552 = VERTEX_POINT ( 'NONE', #1074 ) ;
#1553 = CARTESIAN_POINT ( 'NONE',  ( 0.000000000000000000, 0.6999999999999999556, 0.000000000000000000 ) ) ;
#1554 = CARTESIAN_POINT ( 'NONE',  ( -4.150000000000001243, 0.2999999999999999889, 0.8500000000000000888 ) ) ;
#1555 = CARTESIAN_POINT ( 'NONE',  ( 2.000000000000001332, 10.20000000000000107, -3.464101615137753054 ) ) ;
#1556 = AXIS2_PLACEMENT_3D ( 'NONE', #302, #821, #950 ) ;
#1557 = ADVANCED_BREP_SHAPE_REPRESENTATION ( 'EEV337M016S9MAA', ( #161, #739, #1302, #737, #164, #241 ), #1682 ) ;
#1558 = EDGE_CURVE ( 'NONE', #496, #1095, #597, .T. ) ;
#1559 = VECTOR ( 'NONE', #121, 1000.000000000000000 ) ;
#1560 = EDGE_LOOP ( 'NONE', ( #1216, #1322, #1424, #603 ) ) ;
#1561 = ORIENTED_EDGE ( 'NONE', *, *, #1581, .F. ) ;
#1562 = DIRECTION ( 'NONE',  ( 0.000000000000000000, -1.000000000000000000, 0.000000000000000000 ) ) ;
#1563 = CARTESIAN_POINT ( 'NONE',  ( 3.128516221150209384E-16, 10.20000000000000107, 0.000000000000000000 ) ) ;
#1564 = FACE_OUTER_BOUND ( 'NONE', #918, .T. ) ;
#1565 = CIRCLE ( 'NONE', #513, 4.300000000000001599 ) ;
#1566 = CARTESIAN_POINT ( 'NONE',  ( -4.150000000000000355, 1.100000000000000089, 6.791606061607311836E-16 ) ) ;
#1567 = ADVANCED_FACE ( 'NONE', ( #1603 ), #285, .F. ) ;
#1568 = ORIENTED_EDGE ( 'NONE', *, *, #269, .F. ) ;
#1569 = CARTESIAN_POINT ( 'NONE',  ( 0.000000000000000000, 0.09999999999999996392, 0.000000000000000000 ) ) ;
#1570 = CARTESIAN_POINT ( 'NONE',  ( 3.933333333333334014, 2.053324128115425307, 0.000000000000000000 ) ) ;
#1571 = CARTESIAN_POINT ( 'NONE',  ( 2.100000000000000089, 0.2999999999999999889, 0.8500000000000000888 ) ) ;
#1572 = FACE_OUTER_BOUND ( 'NONE', #784, .T. ) ;
#1573 = EDGE_LOOP ( 'NONE', ( #891, #1561, #139, #1416 ) ) ;
#1574 = DIRECTION ( 'NONE',  ( -1.000000000000000000, 0.000000000000000000, 0.000000000000000000 ) ) ;
#1575 = ORIENTED_EDGE ( 'NONE', *, *, #11, .F. ) ;
#1576 = DIRECTION ( 'NONE',  ( -1.000000000000000000, -0.000000000000000000, -0.000000000000000000 ) ) ;
#1577 = DIRECTION ( 'NONE',  ( -3.293174969631799092E-17, -1.000000000000000000, -0.000000000000000000 ) ) ;
#1578 = DIRECTION ( 'NONE',  ( -0.000000000000000000, -1.000000000000000000, -0.000000000000000000 ) ) ;
#1579 = VECTOR ( 'NONE', #1130, 1000.000000000000000 ) ;
#1580 = VECTOR ( 'NONE', #1177, 1000.000000000000000 ) ;
#1581 = EDGE_CURVE ( 'NONE', #939, #1098, #32, .T. ) ;
#1582 = CARTESIAN_POINT ( 'NONE',  ( 0.000000000000000000, 0.2999999999999999889, 0.4500000000000000111 ) ) ;
#1583 = CARTESIAN_POINT ( 'NONE',  ( -2.100000000000000089, 0.2999999999999999889, -0.8500000000000000888 ) ) ;
#1584 = AXIS2_PLACEMENT_3D ( 'NONE', #974, #340, #1644 ) ;
#1585 = DIRECTION ( 'NONE',  ( 1.636531581110195656E-16, 0.000000000000000000, 1.000000000000000000 ) ) ;
#1586 = EDGE_LOOP ( 'NONE', ( #195, #1234, #304, #1012 ) ) ;
#1587 = AXIS2_PLACEMENT_3D ( 'NONE', #1079, #34, #183 ) ;
#1588 = EDGE_LOOP ( 'NONE', ( #551, #1088, #531, #453 ) ) ;
#1589 = AXIS2_PLACEMENT_3D ( 'NONE', #163, #147, #397 ) ;
#1590 = EDGE_CURVE ( 'NONE', #25, #1095, #1228, .T. ) ;
#1591 = PRESENTATION_LAYER_ASSIGNMENT (  '', '', ( #627 ) ) ;
#1592 = CIRCLE ( 'NONE', #115, 0.8500000000000000888 ) ;
#1593 = ORIENTED_EDGE ( 'NONE', *, *, #541, .F. ) ;
#1594 = DIRECTION ( 'NONE',  ( -0.000000000000000000, -1.000000000000000000, -0.000000000000000000 ) ) ;
#1595 = DIRECTION ( 'NONE',  ( 0.000000000000000000, 0.000000000000000000, -1.000000000000000000 ) ) ;
#1596 = EDGE_CURVE ( 'NONE', #457, #425, #803, .T. ) ;
#1597 = LINE ( 'NONE', #1085, #1305 ) ;
#1598 = VERTEX_POINT ( 'NONE', #526 ) ;
#1599 = CARTESIAN_POINT ( 'NONE',  ( 5.000000000000000000, 0.2999999999999999889, 0.000000000000000000 ) ) ;
#1600 = EDGE_CURVE ( 'NONE', #1646, #1022, #685, .T. ) ;
#1601 = AXIS2_PLACEMENT_3D ( 'NONE', #1690, #1303, #252 ) ;
#1602 = CARTESIAN_POINT ( 'NONE',  ( -3.800000000000001155, 2.798680120615355094, 4.653657836759944702E-16 ) ) ;
#1603 = FACE_OUTER_BOUND ( 'NONE', #318, .T. ) ;
#1604 = ADVANCED_FACE ( 'NONE', ( #1324 ), #814, .F. ) ;
#1605 = CARTESIAN_POINT ( 'NONE',  ( 5.000000000000000000, 0.2999999999999999889, -0.4500000000000000111 ) ) ;
#1606 = AXIS2_PLACEMENT_3D ( 'NONE', #532, #1594, #403 ) ;
#1607 = FACE_OUTER_BOUND ( 'NONE', #917, .T. ) ;
#1608 = DIRECTION ( 'NONE',  ( -0.000000000000000000, -1.000000000000000000, -0.000000000000000000 ) ) ;
#1609 = ADVANCED_FACE ( 'NONE', ( #955 ), #21, .T. ) ;
#1610 = VERTEX_POINT ( 'NONE', #1209 ) ;
#1611 = CIRCLE ( 'NONE', #1013, 4.000000000000001776 ) ;
#1612 = AXIS2_PLACEMENT_3D ( 'NONE', #1077, #686, #973 ) ;
#1613 = VERTEX_POINT ( 'NONE', #676 ) ;
#1614 = CARTESIAN_POINT ( 'NONE',  ( 4.000000000000001776, 0.6999999999999998446, 0.000000000000000000 ) ) ;
#1615 = CARTESIAN_POINT ( 'NONE',  ( 2.000000000000001332, 10.50000000000000000, 3.112876483254674476 ) ) ;
#1616 = DIRECTION ( 'NONE',  ( 0.000000000000000000, 0.000000000000000000, 1.000000000000000000 ) ) ;
#1617 = VERTEX_POINT ( 'NONE', #1583 ) ;
#1618 = ORIENTED_EDGE ( 'NONE', *, *, #1164, .F. ) ;
#1619 = AXIS2_PLACEMENT_3D ( 'NONE', #5, #1178, #522 ) ;
#1620 = ORIENTED_EDGE ( 'NONE', *, *, #1456, .F. ) ;
#1621 = AXIS2_PLACEMENT_3D ( 'NONE', #1246, #574, #1379 ) ;
#1622 = DIRECTION ( 'NONE',  ( 0.000000000000000000, -0.000000000000000000, 1.000000000000000000 ) ) ;
#1623 = SURFACE_STYLE_USAGE ( .BOTH. , #1344 ) ;
#1624 = DIRECTION ( 'NONE',  ( 0.000000000000000000, -0.000000000000000000, 1.000000000000000000 ) ) ;
#1625 = LINE ( 'NONE', #1220, #874 ) ;
#1626 = VERTEX_POINT ( 'NONE', #1067 ) ;
#1627 = CARTESIAN_POINT ( 'NONE',  ( 0.000000000000000000, 0.000000000000000000, 0.000000000000000000 ) ) ;
#1628 = ORIENTED_EDGE ( 'NONE', *, *, #727, .T. ) ;
#1629 = VERTEX_POINT ( 'NONE', #1092 ) ;
#1630 = DIRECTION ( 'NONE',  ( -0.000000000000000000, -1.000000000000000000, -0.000000000000000000 ) ) ;
#1631 =( LENGTH_UNIT ( ) NAMED_UNIT ( * ) SI_UNIT ( .MILLI., .METRE. ) );
#1632 = EDGE_CURVE ( 'NONE', #97, #862, #902, .T. ) ;
#1633 = DIRECTION ( 'NONE',  ( 0.000000000000000000, 0.000000000000000000, -1.000000000000000000 ) ) ;
#1634 = VERTEX_POINT ( 'NONE', #797 ) ;
#1635 = UNCERTAINTY_MEASURE_WITH_UNIT (LENGTH_MEASURE( 1.000000000000000082E-05 ), #1029, 'distance_accuracy_value', 'NONE');
#1636 = ORIENTED_EDGE ( 'NONE', *, *, #1356, .F. ) ;
#1637 = EDGE_LOOP ( 'NONE', ( #1362, #659, #915, #435 ) ) ;
#1638 = ADVANCED_FACE ( 'NONE', ( #172 ), #548, .F. ) ;
#1639 = LINE ( 'NONE', #89, #956 ) ;
#1640 = EDGE_CURVE ( 'NONE', #1240, #1526, #1009, .T. ) ;
#1641 = AXIS2_PLACEMENT_3D ( 'NONE', #222, #203, #742 ) ;
#1642 = CIRCLE ( 'NONE', #261, 3.933333333333334014 ) ;
#1643 = TOROIDAL_SURFACE ( 'NONE', #1532, 3.799999999999999822, 0.2000000000000006217 ) ;
#1644 = DIRECTION ( 'NONE',  ( 1.000000000000000000, -3.293174969631799092E-17, 0.000000000000000000 ) ) ;
#1645 = VECTOR ( 'NONE', #767, 1000.000000000000000 ) ;
#1646 = VERTEX_POINT ( 'NONE', #1184 ) ;
#1647 = CARTESIAN_POINT ( 'NONE',  ( 0.000000000000000000, 1.100000000000000089, 0.000000000000000000 ) ) ;
#1648 = ADVANCED_FACE ( 'NONE', ( #820 ), #1446, .T. ) ;
#1649 = VECTOR ( 'NONE', #498, 1000.000000000000000 ) ;
#1650 = ORIENTED_EDGE ( 'NONE', *, *, #247, .F. ) ;
#1651 = DIRECTION ( 'NONE',  ( 1.000000000000000000, 0.000000000000000000, -1.224646799147353454E-16 ) ) ;
#1652 = DIRECTION ( 'NONE',  ( -1.000000000000000000, 0.000000000000000000, 0.000000000000000000 ) ) ;
#1653 = CARTESIAN_POINT ( 'NONE',  ( 4.338000552243762528E-33, 0.7000000000000000666, 0.000000000000000000 ) ) ;
#1654 = VECTOR ( 'NONE', #460, 1000.000000000000000 ) ;
#1655 = EDGE_CURVE ( 'NONE', #862, #598, #41, .T. ) ;
#1656 = DIRECTION ( 'NONE',  ( -3.293174969631799092E-17, -1.000000000000000000, -0.000000000000000000 ) ) ;
#1657 = ORIENTED_EDGE ( 'NONE', *, *, #1427, .T. ) ;
#1658 = VECTOR ( 'NONE', #717, 1000.000000000000000 ) ;
#1659 = CARTESIAN_POINT ( 'NONE',  ( 0.000000000000000000, 1.100000000000000089, 0.000000000000000000 ) ) ;
#1660 = LINE ( 'NONE', #361, #418 ) ;
#1661 = EDGE_LOOP ( 'NONE', ( #1213, #702, #744, #776 ) ) ;
#1662 = EDGE_LOOP ( 'NONE', ( #1686, #184, #169, #199 ) ) ;
#1663 = ORIENTED_EDGE ( 'NONE', *, *, #1655, .F. ) ;
#1664 = DIRECTION ( 'NONE',  ( 0.000000000000000000, 0.000000000000000000, -1.000000000000000000 ) ) ;
#1665 = CARTESIAN_POINT ( 'NONE',  ( 3.933333333333335347, 2.649608922115368692, 0.000000000000000000 ) ) ;
#1666 = DIRECTION ( 'NONE',  ( 0.000000000000000000, 0.000000000000000000, 1.000000000000000000 ) ) ;
#1667 = DIRECTION ( 'NONE',  ( -3.293174969631799092E-17, -1.000000000000000000, -0.000000000000000000 ) ) ;
#1668 = EDGE_LOOP ( 'NONE', ( #367, #80, #1336, #689 ) ) ;
#1669 = EDGE_CURVE ( 'NONE', #1224, #711, #316, .T. ) ;
#1670 = DIRECTION ( 'NONE',  ( 0.000000000000000000, 1.000000000000000000, -0.000000000000000000 ) ) ;
#1671 = DIRECTION ( 'NONE',  ( -3.293174969631799092E-17, -1.000000000000000000, -0.000000000000000000 ) ) ;
#1672 = DIRECTION ( 'NONE',  ( 1.000000000000000000, -0.000000000000000000, 0.000000000000000000 ) ) ;
#1673 = DIRECTION ( 'NONE',  ( 0.000000000000000000, 0.000000000000000000, 1.000000000000000000 ) ) ;
#1674 = VECTOR ( 'NONE', #826, 1000.000000000000000 ) ;
#1675 = VECTOR ( 'NONE', #1681, 1000.000000000000000 ) ;
#1676 =( NAMED_UNIT ( * ) SI_UNIT ( $, .STERADIAN. ) SOLID_ANGLE_UNIT ( ) );
#1677 = EDGE_LOOP ( 'NONE', ( #1392, #794, #716, #218 ) ) ;
#1678 = EDGE_CURVE ( 'NONE', #1634, #343, #486, .T. ) ;
#1679 = ORIENTED_EDGE ( 'NONE', *, *, #621, .F. ) ;
#1680 = DIRECTION ( 'NONE',  ( 1.000000000000000000, 0.000000000000000000, 0.000000000000000000 ) ) ;
#1681 = DIRECTION ( 'NONE',  ( 1.000000000000000000, -0.000000000000000000, -0.000000000000000000 ) ) ;
#1682 =( GEOMETRIC_REPRESENTATION_CONTEXT ( 3 ) GLOBAL_UNCERTAINTY_ASSIGNED_CONTEXT ( ( #595 ) ) GLOBAL_UNIT_ASSIGNED_CONTEXT ( ( #1631, #1380, #1488 ) ) REPRESENTATION_CONTEXT ( 'NONE', 'WORKASPACE' ) );
#1683 = CARTESIAN_POINT ( 'NONE',  ( 2.000000000000001332, 10.47390221563355617, -3.284146167817656448 ) ) ;
#1684 = PRESENTATION_LAYER_ASSIGNMENT (  '', '', ( #710 ) ) ;
#1685 = ORIENTED_EDGE ( 'NONE', *, *, #1519, .F. ) ;
#1686 = ORIENTED_EDGE ( 'NONE', *, *, #800, .F. ) ;
#1687 = EDGE_LOOP ( 'NONE', ( #761, #1692, #913, #383, #530 ) ) ;
#1688 = PLANE ( 'NONE',  #953 ) ;
#1689 = EDGE_CURVE ( 'NONE', #634, #591, #1227, .T. ) ;
#1690 = CARTESIAN_POINT ( 'NONE',  ( 1.613190474236703550E-33, 2.351466525115396333, 0.000000000000000000 ) ) ;
#1691 = CARTESIAN_POINT ( 'NONE',  ( 0.000000000000000000, 2.798680120615355094, 0.000000000000000000 ) ) ;
#1692 = ORIENTED_EDGE ( 'NONE', *, *, #388, .T. ) ;
#1693 = EDGE_LOOP ( 'NONE', ( #283, #511, #799, #1420 ) ) ;
#1694 = DIRECTION ( 'NONE',  ( -0.7071067811865474617, -0.000000000000000000, -0.7071067811865474617 ) ) ;
#1695 = DIRECTION ( 'NONE',  ( 0.000000000000000000, 0.000000000000000000, -1.000000000000000000 ) ) ;
#1696 = EDGE_CURVE ( 'NONE', #1646, #1613, #1064, .T. ) ;
#1697 = CARTESIAN_POINT ( 'NONE',  ( 2.000000000000001776, 10.49999999999999822, -3.198615172386351624 ) ) ;
#1698 = LINE ( 'NONE', #1566, #1457 ) ;
#1699 = CIRCLE ( 'NONE', #210, 4.000000000000001776 ) ;
#1700 = AXIS2_PLACEMENT_3D ( 'NONE', #488, #1197, #1574 ) ;
ENDSEC;
END-ISO-10303-21;
